
 /----------------------------------------------------------------------------\
 |  yosys -- Yosys Open SYnthesis Suite                                       |
 |  Copyright (C) 2012 - 2025  Claire Xenia Wolf <claire@yosyshq.com>         |
 |  Distributed under an ISC-like license, type "license" to see terms        |
 \----------------------------------------------------------------------------/
 Yosys 0.54 (git sha1 db72ec3bde296a9512b2d1e6fabf81cfb07c2c1b, clang++ 19.1.7 -fPIC -O3)

1. Executing Verilog-2005 frontend: /home/designer/shared/FFT/parallel_fft/runs/RUN_2026-01-23_18-35-33/tmp/1eea3942486146ba87dc3780dfec0330.bb.v
Parsing SystemVerilog input from `/home/designer/shared/FFT/parallel_fft/runs/RUN_2026-01-23_18-35-33/tmp/1eea3942486146ba87dc3780dfec0330.bb.v' to AST representation.
Generating RTLIL representation for module `\sg13g2_a21o_1'.
Generating RTLIL representation for module `\sg13g2_a21o_2'.
Generating RTLIL representation for module `\sg13g2_a21oi_1'.
Generating RTLIL representation for module `\sg13g2_a21oi_2'.
Generating RTLIL representation for module `\sg13g2_a221oi_1'.
Generating RTLIL representation for module `\sg13g2_a22oi_1'.
Generating RTLIL representation for module `\sg13g2_and2_1'.
Generating RTLIL representation for module `\sg13g2_and2_2'.
Generating RTLIL representation for module `\sg13g2_and3_1'.
Generating RTLIL representation for module `\sg13g2_and3_2'.
Generating RTLIL representation for module `\sg13g2_and4_1'.
Generating RTLIL representation for module `\sg13g2_and4_2'.
Generating RTLIL representation for module `\sg13g2_antennanp'.
Generating RTLIL representation for module `\sg13g2_buf_1'.
Generating RTLIL representation for module `\sg13g2_buf_16'.
Generating RTLIL representation for module `\sg13g2_buf_2'.
Generating RTLIL representation for module `\sg13g2_buf_4'.
Generating RTLIL representation for module `\sg13g2_buf_8'.
Generating RTLIL representation for module `\sg13g2_decap_4'.
Generating RTLIL representation for module `\sg13g2_decap_8'.
Generating RTLIL representation for module `\sg13g2_dfrbp_1'.
Generating RTLIL representation for module `\sg13g2_dfrbp_2'.
Generating RTLIL representation for module `\sg13g2_dfrbpq_1'.
Generating RTLIL representation for module `\sg13g2_dfrbpq_2'.
Generating RTLIL representation for module `\sg13g2_dlhq_1'.
Generating RTLIL representation for module `\sg13g2_dlhr_1'.
Generating RTLIL representation for module `\sg13g2_dlhrq_1'.
Generating RTLIL representation for module `\sg13g2_dllr_1'.
Generating RTLIL representation for module `\sg13g2_dllrq_1'.
Generating RTLIL representation for module `\sg13g2_dlygate4sd1_1'.
Generating RTLIL representation for module `\sg13g2_dlygate4sd2_1'.
Generating RTLIL representation for module `\sg13g2_dlygate4sd3_1'.
Generating RTLIL representation for module `\sg13g2_ebufn_2'.
Generating RTLIL representation for module `\sg13g2_ebufn_4'.
Generating RTLIL representation for module `\sg13g2_ebufn_8'.
Generating RTLIL representation for module `\sg13g2_einvn_2'.
Generating RTLIL representation for module `\sg13g2_einvn_4'.
Generating RTLIL representation for module `\sg13g2_einvn_8'.
Generating RTLIL representation for module `\sg13g2_fill_1'.
Generating RTLIL representation for module `\sg13g2_fill_2'.
Generating RTLIL representation for module `\sg13g2_fill_4'.
Generating RTLIL representation for module `\sg13g2_fill_8'.
Generating RTLIL representation for module `\sg13g2_inv_1'.
Generating RTLIL representation for module `\sg13g2_inv_16'.
Generating RTLIL representation for module `\sg13g2_inv_2'.
Generating RTLIL representation for module `\sg13g2_inv_4'.
Generating RTLIL representation for module `\sg13g2_inv_8'.
Generating RTLIL representation for module `\sg13g2_lgcp_1'.
Generating RTLIL representation for module `\sg13g2_mux2_1'.
Generating RTLIL representation for module `\sg13g2_mux2_2'.
Generating RTLIL representation for module `\sg13g2_mux4_1'.
Generating RTLIL representation for module `\sg13g2_nand2_1'.
Generating RTLIL representation for module `\sg13g2_nand2_2'.
Generating RTLIL representation for module `\sg13g2_nand2b_1'.
Generating RTLIL representation for module `\sg13g2_nand2b_2'.
Generating RTLIL representation for module `\sg13g2_nand3_1'.
Generating RTLIL representation for module `\sg13g2_nand3b_1'.
Generating RTLIL representation for module `\sg13g2_nand4_1'.
Generating RTLIL representation for module `\sg13g2_nor2_1'.
Generating RTLIL representation for module `\sg13g2_nor2_2'.
Generating RTLIL representation for module `\sg13g2_nor2b_1'.
Generating RTLIL representation for module `\sg13g2_nor2b_2'.
Generating RTLIL representation for module `\sg13g2_nor3_1'.
Generating RTLIL representation for module `\sg13g2_nor3_2'.
Generating RTLIL representation for module `\sg13g2_nor4_1'.
Generating RTLIL representation for module `\sg13g2_nor4_2'.
Generating RTLIL representation for module `\sg13g2_o21ai_1'.
Generating RTLIL representation for module `\sg13g2_or2_1'.
Generating RTLIL representation for module `\sg13g2_or2_2'.
Generating RTLIL representation for module `\sg13g2_or3_1'.
Generating RTLIL representation for module `\sg13g2_or3_2'.
Generating RTLIL representation for module `\sg13g2_or4_1'.
Generating RTLIL representation for module `\sg13g2_or4_2'.
Generating RTLIL representation for module `\sg13g2_sdfbbp_1'.
Generating RTLIL representation for module `\sg13g2_sdfrbp_1'.
Generating RTLIL representation for module `\sg13g2_sdfrbp_2'.
Generating RTLIL representation for module `\sg13g2_sdfrbpq_1'.
Generating RTLIL representation for module `\sg13g2_sdfrbpq_2'.
Generating RTLIL representation for module `\sg13g2_sighold'.
Generating RTLIL representation for module `\sg13g2_slgcp_1'.
Generating RTLIL representation for module `\sg13g2_tiehi'.
Generating RTLIL representation for module `\sg13g2_tielo'.
Generating RTLIL representation for module `\sg13g2_xnor2_1'.
Generating RTLIL representation for module `\sg13g2_xor2_1'.
Successfully finished Verilog frontend.
wtaf

2. Executing Verilog-2005 frontend: /home/designer/shared/FFT/parallel_fft/design/rtl/top_chip.v
Parsing SystemVerilog input from `/home/designer/shared/FFT/parallel_fft/design/rtl/top_chip.v' to AST representation.
Storing AST representation for module `$abstract\top_chip'.
Successfully finished Verilog frontend.

3. Executing Verilog-2005 frontend: /home/designer/shared/FFT/parallel_fft/design/rtl/fft32.v
Parsing SystemVerilog input from `/home/designer/shared/FFT/parallel_fft/design/rtl/fft32.v' to AST representation.
Storing AST representation for module `$abstract\fft32'.
Successfully finished Verilog frontend.

4. Executing Verilog-2005 frontend: /home/designer/shared/FFT/parallel_fft/design/rtl/fft8.v
Parsing SystemVerilog input from `/home/designer/shared/FFT/parallel_fft/design/rtl/fft8.v' to AST representation.
Storing AST representation for module `$abstract\fft8'.
Successfully finished Verilog frontend.

5. Executing Verilog-2005 frontend: /home/designer/shared/FFT/parallel_fft/design/rtl/fft4.v
Parsing SystemVerilog input from `/home/designer/shared/FFT/parallel_fft/design/rtl/fft4.v' to AST representation.
Storing AST representation for module `$abstract\fft4'.
Successfully finished Verilog frontend.

6. Executing Verilog-2005 frontend: /home/designer/shared/FFT/parallel_fft/design/rtl/buffer_parallel2serial.v
Parsing SystemVerilog input from `/home/designer/shared/FFT/parallel_fft/design/rtl/buffer_parallel2serial.v' to AST representation.
Storing AST representation for module `$abstract\buffer_parallel2serial'.
Successfully finished Verilog frontend.

7. Executing Verilog-2005 frontend: /home/designer/shared/FFT/parallel_fft/design/rtl/clip_round.v
Parsing SystemVerilog input from `/home/designer/shared/FFT/parallel_fft/design/rtl/clip_round.v' to AST representation.
Storing AST representation for module `$abstract\clip_round'.
Successfully finished Verilog frontend.

8. Executing Verilog-2005 frontend: /home/designer/shared/FFT/parallel_fft/design/rtl/round.v
Parsing SystemVerilog input from `/home/designer/shared/FFT/parallel_fft/design/rtl/round.v' to AST representation.
Storing AST representation for module `$abstract\round'.
Successfully finished Verilog frontend.

9. Executing Verilog-2005 frontend: /home/designer/shared/FFT/parallel_fft/design/rtl/shift_r2.v
Parsing SystemVerilog input from `/home/designer/shared/FFT/parallel_fft/design/rtl/shift_r2.v' to AST representation.
Storing AST representation for module `$abstract\shift_r2'.
Successfully finished Verilog frontend.

10. Executing Verilog-2005 frontend: /home/designer/shared/FFT/parallel_fft/design/rtl/shift_r4.v
Parsing SystemVerilog input from `/home/designer/shared/FFT/parallel_fft/design/rtl/shift_r4.v' to AST representation.
Storing AST representation for module `$abstract\shift_r4'.
Successfully finished Verilog frontend.

11. Executing Verilog-2005 frontend: /home/designer/shared/FFT/parallel_fft/design/rtl/fft_mdc_8p/fft_mdc_8p.v
Parsing SystemVerilog input from `/home/designer/shared/FFT/parallel_fft/design/rtl/fft_mdc_8p/fft_mdc_8p.v' to AST representation.
Storing AST representation for module `$abstract\fft_mdc'.
Successfully finished Verilog frontend.

12. Executing Verilog-2005 frontend: /home/designer/shared/FFT/parallel_fft/design/rtl/fft_mdc_8p/ctrl_in/mdc8p_ctrl_in.v
Parsing SystemVerilog input from `/home/designer/shared/FFT/parallel_fft/design/rtl/fft_mdc_8p/ctrl_in/mdc8p_ctrl_in.v' to AST representation.
Storing AST representation for module `$abstract\mdc8p_ctrl_in'.
Successfully finished Verilog frontend.

13. Executing Verilog-2005 frontend: /home/designer/shared/FFT/parallel_fft/design/rtl/fft_mdc_8p/ctrl_out/mdc8p_ctrl_out.v
Parsing SystemVerilog input from `/home/designer/shared/FFT/parallel_fft/design/rtl/fft_mdc_8p/ctrl_out/mdc8p_ctrl_out.v' to AST representation.
Storing AST representation for module `$abstract\mdc8p_ctrl_out'.
Successfully finished Verilog frontend.

14. Executing Verilog-2005 frontend: /home/designer/shared/FFT/parallel_fft/design/rtl/fft_mdc_8p/stages/mdc8p_stage1.v
Parsing SystemVerilog input from `/home/designer/shared/FFT/parallel_fft/design/rtl/fft_mdc_8p/stages/mdc8p_stage1.v' to AST representation.
Storing AST representation for module `$abstract\mdc8p_stage1'.
Successfully finished Verilog frontend.

15. Executing Verilog-2005 frontend: /home/designer/shared/FFT/parallel_fft/design/rtl/fft_mdc_8p/stages/mdc8p_stage2.v
Parsing SystemVerilog input from `/home/designer/shared/FFT/parallel_fft/design/rtl/fft_mdc_8p/stages/mdc8p_stage2.v' to AST representation.
Storing AST representation for module `$abstract\mdc8p_stage2'.
Successfully finished Verilog frontend.

16. Executing Verilog-2005 frontend: /home/designer/shared/FFT/parallel_fft/design/rtl/fft_mdc_8p/stages/mdc8p_stage3.v
Parsing SystemVerilog input from `/home/designer/shared/FFT/parallel_fft/design/rtl/fft_mdc_8p/stages/mdc8p_stage3.v' to AST representation.
Storing AST representation for module `$abstract\mdc8p_stage3'.
Successfully finished Verilog frontend.

17. Executing Verilog-2005 frontend: /home/designer/shared/FFT/parallel_fft/design/rtl/twiddle_interface/twiddle_interface.v
Parsing SystemVerilog input from `/home/designer/shared/FFT/parallel_fft/design/rtl/twiddle_interface/twiddle_interface.v' to AST representation.
Storing AST representation for module `$abstract\twiddle_interface'.
Successfully finished Verilog frontend.

18. Executing Verilog-2005 frontend: /home/designer/shared/FFT/parallel_fft/design/rtl/common_modules/btfly_2.v
Parsing SystemVerilog input from `/home/designer/shared/FFT/parallel_fft/design/rtl/common_modules/btfly_2.v' to AST representation.
Storing AST representation for module `$abstract\btfly_2'.
Successfully finished Verilog frontend.

19. Executing Verilog-2005 frontend: /home/designer/shared/FFT/parallel_fft/design/rtl/common_modules/btfly_4.v
Parsing SystemVerilog input from `/home/designer/shared/FFT/parallel_fft/design/rtl/common_modules/btfly_4.v' to AST representation.
Storing AST representation for module `$abstract\btfly_4'.
Successfully finished Verilog frontend.

20. Executing Verilog-2005 frontend: /home/designer/shared/FFT/parallel_fft/design/rtl/common_modules/btfly_8.v
Parsing SystemVerilog input from `/home/designer/shared/FFT/parallel_fft/design/rtl/common_modules/btfly_8.v' to AST representation.
Storing AST representation for module `$abstract\btfly_8'.
Successfully finished Verilog frontend.

21. Executing Verilog-2005 frontend: /home/designer/shared/FFT/parallel_fft/design/rtl/common_modules/complex_multiplier.v
Parsing SystemVerilog input from `/home/designer/shared/FFT/parallel_fft/design/rtl/common_modules/complex_multiplier.v' to AST representation.
Storing AST representation for module `$abstract\complex_multiplier'.
Successfully finished Verilog frontend.

22. Executing Verilog-2005 frontend: /home/designer/shared/FFT/parallel_fft/design/rtl/common_modules/ds_switch.v
Parsing SystemVerilog input from `/home/designer/shared/FFT/parallel_fft/design/rtl/common_modules/ds_switch.v' to AST representation.
Storing AST representation for module `$abstract\ds_switch'.
Successfully finished Verilog frontend.

23. Executing Verilog-2005 frontend: /home/designer/shared/FFT/parallel_fft/design/rtl/common_modules/rx_serializer.v
Parsing SystemVerilog input from `/home/designer/shared/FFT/parallel_fft/design/rtl/common_modules/rx_serializer.v' to AST representation.
Storing AST representation for module `$abstract\rx_serializer'.
Successfully finished Verilog frontend.

24. Executing Verilog-2005 frontend: /home/designer/shared/FFT/parallel_fft/design/rtl/common_modules/tx_serializer.v
Parsing SystemVerilog input from `/home/designer/shared/FFT/parallel_fft/design/rtl/common_modules/tx_serializer.v' to AST representation.
Storing AST representation for module `$abstract\tx_serializer'.
Successfully finished Verilog frontend.

25. Executing Verilog-2005 frontend: /home/designer/shared/FFT/parallel_fft/design/rtl/common_modules/xfft_cell.v
Parsing SystemVerilog input from `/home/designer/shared/FFT/parallel_fft/design/rtl/common_modules/xfft_cell.v' to AST representation.
Storing AST representation for module `$abstract\xfft_cell'.
Successfully finished Verilog frontend.

26. Executing Verilog-2005 frontend: /home/designer/shared/FFT/parallel_fft/design/rtl/common_modules/signal_generator.v
Parsing SystemVerilog input from `/home/designer/shared/FFT/parallel_fft/design/rtl/common_modules/signal_generator.v' to AST representation.
Storing AST representation for module `$abstract\signal_generator'.
Successfully finished Verilog frontend.

27. Executing Verilog-2005 frontend: /home/designer/shared/FFT/parallel_fft/design/rtl/debug_unit/debug_system.v
Parsing SystemVerilog input from `/home/designer/shared/FFT/parallel_fft/design/rtl/debug_unit/debug_system.v' to AST representation.
Storing AST representation for module `$abstract\debug_system'.
Successfully finished Verilog frontend.

28. Executing Verilog-2005 frontend: /home/designer/shared/FFT/parallel_fft/design/rtl/debug_unit/debug_unit.v
Parsing SystemVerilog input from `/home/designer/shared/FFT/parallel_fft/design/rtl/debug_unit/debug_unit.v' to AST representation.
Storing AST representation for module `$abstract\debug_unit'.
Successfully finished Verilog frontend.

29. Executing Verilog-2005 frontend: /home/designer/shared/FFT/parallel_fft/design/rtl/debug_unit/cdc_snapshot.v
Parsing SystemVerilog input from `/home/designer/shared/FFT/parallel_fft/design/rtl/debug_unit/cdc_snapshot.v' to AST representation.
Storing AST representation for module `$abstract\cdc_snapshot'.
Successfully finished Verilog frontend.

30. Executing Verilog-2005 frontend: /home/designer/shared/FFT/parallel_fft/design/rtl/debug_unit/spi_slave_mode0.v
Parsing SystemVerilog input from `/home/designer/shared/FFT/parallel_fft/design/rtl/debug_unit/spi_slave_mode0.v' to AST representation.
Warning: Yosys has only limited support for tri-state logic at the moment. (/home/designer/shared/FFT/parallel_fft/design/rtl/debug_unit/spi_slave_mode0.v:53)
Storing AST representation for module `$abstract\spi_slave_mode0'.
Successfully finished Verilog frontend.

31. Executing HIERARCHY pass (managing design hierarchy).

32. Executing AST frontend in derive mode using pre-parsed AST for module `\top_chip'.
Generating RTLIL representation for module `\top_chip'.

32.1. Analyzing design hierarchy..
Top module:  \top_chip

32.2. Executing AST frontend in derive mode using pre-parsed AST for module `\debug_system'.
Generating RTLIL representation for module `\debug_system'.
Parameter \NB_DATA = 8

32.3. Executing AST frontend in derive mode using pre-parsed AST for module `\tx_serializer'.
Parameter \NB_DATA = 8
Generating RTLIL representation for module `$paramod\tx_serializer\NB_DATA=s32'00000000000000000000000000001000'.
Parameter \NB_DATA = 8

32.4. Executing AST frontend in derive mode using pre-parsed AST for module `\fft32'.
Parameter \NB_DATA = 8
Generating RTLIL representation for module `$paramod\fft32\NB_DATA=s32'00000000000000000000000000001000'.
Parameter \NB_DATA = 8

32.5. Executing AST frontend in derive mode using pre-parsed AST for module `\rx_serializer'.
Parameter \NB_DATA = 8
Generating RTLIL representation for module `$paramod\rx_serializer\NB_DATA=s32'00000000000000000000000000001000'.

32.6. Analyzing design hierarchy..
Top module:  \top_chip
Used module:     \debug_system
Used module:     $paramod\tx_serializer\NB_DATA=s32'00000000000000000000000000001000
Used module:     $paramod\fft32\NB_DATA=s32'00000000000000000000000000001000
Used module:     $paramod\rx_serializer\NB_DATA=s32'00000000000000000000000000001000
Parameter \NB_DATA = 8

32.7. Executing AST frontend in derive mode using pre-parsed AST for module `\buffer_parallel2serial'.
Parameter \NB_DATA = 8
Generating RTLIL representation for module `$paramod\buffer_parallel2serial\NB_DATA=s32'00000000000000000000000000001000'.
Parameter \NB_INPUT = 8
Parameter \NBF_INPUT = 7
Parameter \NB_OUTPUT = 8
Parameter \NBF_OUTPUT = 7

32.8. Executing AST frontend in derive mode using pre-parsed AST for module `\fft8'.
Parameter \NB_INPUT = 8
Parameter \NBF_INPUT = 7
Parameter \NB_OUTPUT = 8
Parameter \NBF_OUTPUT = 7
Generating RTLIL representation for module `$paramod$822bb578bad106d066af788502e6b7c8175f5771\fft8'.
Parameter \NB_INPUT = 8
Parameter \NBF_INPUT = 7
Parameter \NB_OUTPUT = 8
Parameter \NBF_OUTPUT = 7
Found cached RTLIL representation for module `$paramod$822bb578bad106d066af788502e6b7c8175f5771\fft8'.
Parameter \NB_INPUT = 8
Parameter \NBF_INPUT = 7
Parameter \NB_OUTPUT = 8
Parameter \NBF_OUTPUT = 7
Found cached RTLIL representation for module `$paramod$822bb578bad106d066af788502e6b7c8175f5771\fft8'.
Parameter \NB_INPUT = 8
Parameter \NBF_INPUT = 7
Parameter \NB_OUTPUT = 8
Parameter \NBF_OUTPUT = 7
Found cached RTLIL representation for module `$paramod$822bb578bad106d066af788502e6b7c8175f5771\fft8'.
Parameter \NB_DATA = 8

32.9. Executing AST frontend in derive mode using pre-parsed AST for module `\shift_r2'.
Parameter \NB_DATA = 8
Generating RTLIL representation for module `$paramod\shift_r2\NB_DATA=s32'00000000000000000000000000001000'.
Parameter \NB_DATA = 8
Found cached RTLIL representation for module `$paramod\shift_r2\NB_DATA=s32'00000000000000000000000000001000'.
Parameter \NB_DATA = 8
Found cached RTLIL representation for module `$paramod\shift_r2\NB_DATA=s32'00000000000000000000000000001000'.
Parameter \NB_DATA = 8
Found cached RTLIL representation for module `$paramod\shift_r2\NB_DATA=s32'00000000000000000000000000001000'.
Parameter \NB_DATA = 8
Parameter \NBF_DATA = 7

32.10. Executing AST frontend in derive mode using pre-parsed AST for module `\twiddle_interface'.
Parameter \NB_DATA = 8
Parameter \NBF_DATA = 7
Generating RTLIL representation for module `$paramod$55e188ae133e8a9a9b845f543e216dcb7898452c\twiddle_interface'.
Parameter \NB_INPUT = 8
Parameter \NBF_INPUT = 7
Parameter \NB_OUTPUT = 8
Parameter \NBF_OUTPUT = 7

32.11. Executing AST frontend in derive mode using pre-parsed AST for module `\fft4'.
Parameter \NB_INPUT = 8
Parameter \NBF_INPUT = 7
Parameter \NB_OUTPUT = 8
Parameter \NBF_OUTPUT = 7
Generating RTLIL representation for module `$paramod$822bb578bad106d066af788502e6b7c8175f5771\fft4'.
Parameter \NB_DATA = 8

32.12. Executing AST frontend in derive mode using pre-parsed AST for module `\shift_r4'.
Parameter \NB_DATA = 8
Generating RTLIL representation for module `$paramod\shift_r4\NB_DATA=s32'00000000000000000000000000001000'.
Parameter \NB_ADDR = 7
Parameter \NB_DATA = 8

32.13. Executing AST frontend in derive mode using pre-parsed AST for module `\debug_unit'.
Parameter \NB_ADDR = 7
Parameter \NB_DATA = 8
Generating RTLIL representation for module `$paramod$9d48a4856d550f9261444b1c4abfe084c1906f00\debug_unit'.
Parameter \FRAME_BITS = 16
Parameter \ADDR_BITS = 7
Parameter \DATA_BITS = 8

32.14. Executing AST frontend in derive mode using pre-parsed AST for module `\spi_slave_mode0'.
Parameter \FRAME_BITS = 16
Parameter \ADDR_BITS = 7
Parameter \DATA_BITS = 8
Generating RTLIL representation for module `$paramod$86c3a2406c43d36f373e6f546f8eb44128c55483\spi_slave_mode0'.

32.15. Analyzing design hierarchy..
Top module:  \top_chip
Used module:     \debug_system
Used module:         $paramod$9d48a4856d550f9261444b1c4abfe084c1906f00\debug_unit
Used module:         $paramod$86c3a2406c43d36f373e6f546f8eb44128c55483\spi_slave_mode0
Used module:     $paramod\tx_serializer\NB_DATA=s32'00000000000000000000000000001000
Used module:     $paramod\fft32\NB_DATA=s32'00000000000000000000000000001000
Used module:         $paramod\buffer_parallel2serial\NB_DATA=s32'00000000000000000000000000001000
Used module:         $paramod$822bb578bad106d066af788502e6b7c8175f5771\fft8
Used module:         $paramod\shift_r2\NB_DATA=s32'00000000000000000000000000001000
Used module:         $paramod$55e188ae133e8a9a9b845f543e216dcb7898452c\twiddle_interface
Used module:         $paramod$822bb578bad106d066af788502e6b7c8175f5771\fft4
Used module:         $paramod\shift_r4\NB_DATA=s32'00000000000000000000000000001000
Used module:     $paramod\rx_serializer\NB_DATA=s32'00000000000000000000000000001000
Parameter \DATA_WIDTH = 8

32.16. Executing AST frontend in derive mode using pre-parsed AST for module `\cdc_snapshot'.
Parameter \DATA_WIDTH = 8
Generating RTLIL representation for module `$paramod\cdc_snapshot\DATA_WIDTH=s32'00000000000000000000000000001000'.
Parameter \DATA_WIDTH = 8
Found cached RTLIL representation for module `$paramod\cdc_snapshot\DATA_WIDTH=s32'00000000000000000000000000001000'.
Parameter \DATA_WIDTH = 8
Found cached RTLIL representation for module `$paramod\cdc_snapshot\DATA_WIDTH=s32'00000000000000000000000000001000'.
Parameter \DATA_WIDTH = 8
Found cached RTLIL representation for module `$paramod\cdc_snapshot\DATA_WIDTH=s32'00000000000000000000000000001000'.
Parameter \DATA_WIDTH = 8
Found cached RTLIL representation for module `$paramod\cdc_snapshot\DATA_WIDTH=s32'00000000000000000000000000001000'.
Parameter \DATA_WIDTH = 8
Found cached RTLIL representation for module `$paramod\cdc_snapshot\DATA_WIDTH=s32'00000000000000000000000000001000'.
Parameter \DATA_WIDTH = 8
Found cached RTLIL representation for module `$paramod\cdc_snapshot\DATA_WIDTH=s32'00000000000000000000000000001000'.
Parameter \NB_INP = 10
Parameter \NBF_INP = 7
Parameter \NB_OUT = 8
Parameter \NBF_OUT = 7
Parameter \RND_MD = 0

32.17. Executing AST frontend in derive mode using pre-parsed AST for module `\clip_round'.
Parameter \NB_INP = 10
Parameter \NBF_INP = 7
Parameter \NB_OUT = 8
Parameter \NBF_OUT = 7
Parameter \RND_MD = 0
Generating RTLIL representation for module `$paramod$4b888baed3c80e165e67efcc55e29a2746c95ac5\clip_round'.
Parameter \NB_INP = 10
Parameter \NBF_INP = 7
Parameter \NB_OUT = 8
Parameter \NBF_OUT = 7
Parameter \RND_MD = 0
Found cached RTLIL representation for module `$paramod$4b888baed3c80e165e67efcc55e29a2746c95ac5\clip_round'.
Parameter \NB_INP = 10
Parameter \NBF_INP = 7
Parameter \NB_OUT = 8
Parameter \NBF_OUT = 7
Parameter \RND_MD = 0
Found cached RTLIL representation for module `$paramod$4b888baed3c80e165e67efcc55e29a2746c95ac5\clip_round'.
Parameter \NB_INP = 10
Parameter \NBF_INP = 7
Parameter \NB_OUT = 8
Parameter \NBF_OUT = 7
Parameter \RND_MD = 0
Found cached RTLIL representation for module `$paramod$4b888baed3c80e165e67efcc55e29a2746c95ac5\clip_round'.
Parameter \NB_INPUT = 8
Parameter \NBF_INPUT = 7
Parameter \NB_OUTPUT = 8
Parameter \NBF_OUTPUT = 7

32.18. Executing AST frontend in derive mode using pre-parsed AST for module `\complex_multiplier'.
Parameter \NB_INPUT = 8
Parameter \NBF_INPUT = 7
Parameter \NB_OUTPUT = 8
Parameter \NBF_OUTPUT = 7
Generating RTLIL representation for module `$paramod$822bb578bad106d066af788502e6b7c8175f5771\complex_multiplier'.
Parameter \NB_INPUT = 8
Parameter \NBF_INPUT = 7
Parameter \NB_OUTPUT = 8
Parameter \NBF_OUTPUT = 7
Found cached RTLIL representation for module `$paramod$822bb578bad106d066af788502e6b7c8175f5771\complex_multiplier'.
Parameter \NB_INPUT = 8
Parameter \NBF_INPUT = 7
Parameter \NB_OUTPUT = 8
Parameter \NBF_OUTPUT = 7
Found cached RTLIL representation for module `$paramod$822bb578bad106d066af788502e6b7c8175f5771\complex_multiplier'.
Parameter \NB_INPUT = 11
Parameter \NB_OUTPUT = 8

32.19. Executing AST frontend in derive mode using pre-parsed AST for module `\mdc8p_stage3'.
Parameter \NB_INPUT = 11
Parameter \NB_OUTPUT = 8
Generating RTLIL representation for module `$paramod$15976f97eff3e7efba67231cdea386a8faf17143\mdc8p_stage3'.
Parameter \NB_INPUT = 10
Parameter \NB_OUTPUT = 11

32.20. Executing AST frontend in derive mode using pre-parsed AST for module `\mdc8p_stage2'.
Parameter \NB_INPUT = 10
Parameter \NB_OUTPUT = 11
Generating RTLIL representation for module `$paramod$0412e2692e4fb416d489fd1dda7f407e3f363dcc\mdc8p_stage2'.
Parameter \NB_INPUT = 8
Parameter \NBF_INPUT = 7
Parameter \NB_OUTPUT = 10
Parameter \NBF_OUTPUT = 7
Parameter \NB_TW = 10
Parameter \NBF_TW = 9

32.21. Executing AST frontend in derive mode using pre-parsed AST for module `\mdc8p_stage1'.
Parameter \NB_INPUT = 8
Parameter \NBF_INPUT = 7
Parameter \NB_OUTPUT = 10
Parameter \NBF_OUTPUT = 7
Parameter \NB_TW = 10
Parameter \NBF_TW = 9
Generating RTLIL representation for module `$paramod$ed12c0bd15db7b134ad06ea575abb269e0ee74ce\mdc8p_stage1'.
Warning: Replacing memory \r_bt0_i with list of registers. See /home/designer/shared/FFT/parallel_fft/design/rtl/fft_mdc_8p/stages/mdc8p_stage1.v:128
Warning: Replacing memory \r_bt0_r with list of registers. See /home/designer/shared/FFT/parallel_fft/design/rtl/fft_mdc_8p/stages/mdc8p_stage1.v:124

32.22. Analyzing design hierarchy..
Top module:  \top_chip
Used module:     \debug_system
Used module:         $paramod$9d48a4856d550f9261444b1c4abfe084c1906f00\debug_unit
Used module:             $paramod\cdc_snapshot\DATA_WIDTH=s32'00000000000000000000000000001000
Used module:         $paramod$86c3a2406c43d36f373e6f546f8eb44128c55483\spi_slave_mode0
Used module:     $paramod\tx_serializer\NB_DATA=s32'00000000000000000000000000001000
Used module:     $paramod\fft32\NB_DATA=s32'00000000000000000000000000001000
Used module:         $paramod\buffer_parallel2serial\NB_DATA=s32'00000000000000000000000000001000
Used module:         $paramod$822bb578bad106d066af788502e6b7c8175f5771\fft8
Used module:             $paramod$15976f97eff3e7efba67231cdea386a8faf17143\mdc8p_stage3
Used module:             $paramod$0412e2692e4fb416d489fd1dda7f407e3f363dcc\mdc8p_stage2
Used module:             $paramod$ed12c0bd15db7b134ad06ea575abb269e0ee74ce\mdc8p_stage1
Used module:         $paramod\shift_r2\NB_DATA=s32'00000000000000000000000000001000
Used module:         $paramod$55e188ae133e8a9a9b845f543e216dcb7898452c\twiddle_interface
Used module:             $paramod$822bb578bad106d066af788502e6b7c8175f5771\complex_multiplier
Used module:         $paramod$822bb578bad106d066af788502e6b7c8175f5771\fft4
Used module:             $paramod$4b888baed3c80e165e67efcc55e29a2746c95ac5\clip_round
Used module:         $paramod\shift_r4\NB_DATA=s32'00000000000000000000000000001000
Used module:     $paramod\rx_serializer\NB_DATA=s32'00000000000000000000000000001000
Parameter \NB = 10
Parameter \N = 4
Parameter \L = 2

32.23. Executing AST frontend in derive mode using pre-parsed AST for module `\ds_switch'.
Parameter \NB = 10
Parameter \N = 4
Parameter \L = 2
Generating RTLIL representation for module `$paramod$37c44c8171ec20227f00ac25948f2e851df399c9\ds_switch'.
Warning: Replacing memory \r_odata_i with list of registers. See /home/designer/shared/FFT/parallel_fft/design/rtl/common_modules/ds_switch.v:165
Warning: Replacing memory \r_odata_r with list of registers. See /home/designer/shared/FFT/parallel_fft/design/rtl/common_modules/ds_switch.v:164
Warning: Replacing memory \r_idata_i with list of registers. See /home/designer/shared/FFT/parallel_fft/design/rtl/common_modules/ds_switch.v:163
Warning: Replacing memory \r_idata_r with list of registers. See /home/designer/shared/FFT/parallel_fft/design/rtl/common_modules/ds_switch.v:162
Parameter \NB_I = 9
Parameter \NBF_I = 7
Parameter \NB_T = 10
Parameter \NBF_T = 9
Parameter \NB_O = 10
Parameter \NBF_O = 7

32.24. Executing AST frontend in derive mode using pre-parsed AST for module `\xfft_cell'.
Parameter \NB_I = 9
Parameter \NBF_I = 7
Parameter \NB_T = 10
Parameter \NBF_T = 9
Parameter \NB_O = 10
Parameter \NBF_O = 7
Generating RTLIL representation for module `$paramod$adef7b7f071f262d011b8eff237fe1297a531d6a\xfft_cell'.
Warning: Replacing memory \r_pp2_mult_i with list of registers. See /home/designer/shared/FFT/parallel_fft/design/rtl/common_modules/xfft_cell.v:105
Warning: Replacing memory \r_pp2_mult_r with list of registers. See /home/designer/shared/FFT/parallel_fft/design/rtl/common_modules/xfft_cell.v:103
Parameter \NB_INPUT = 8
Parameter \NB_OUTPUT = 9

32.25. Executing AST frontend in derive mode using pre-parsed AST for module `\btfly_2'.
Parameter \NB_INPUT = 8
Parameter \NB_OUTPUT = 9
Generating RTLIL representation for module `$paramod$ee998c48d291f24165178e86db53e4d6f2541c31\btfly_2'.
Parameter \NB = 11
Parameter \N = 4
Parameter \L = 1

32.26. Executing AST frontend in derive mode using pre-parsed AST for module `\ds_switch'.
Parameter \NB = 11
Parameter \N = 4
Parameter \L = 1
Generating RTLIL representation for module `$paramod$e825517e76a6abfe988a8af00874d6681f9a4907\ds_switch'.
Warning: Replacing memory \r_odata_i with list of registers. See /home/designer/shared/FFT/parallel_fft/design/rtl/common_modules/ds_switch.v:165
Warning: Replacing memory \r_odata_r with list of registers. See /home/designer/shared/FFT/parallel_fft/design/rtl/common_modules/ds_switch.v:164
Warning: Replacing memory \r_idata_i with list of registers. See /home/designer/shared/FFT/parallel_fft/design/rtl/common_modules/ds_switch.v:163
Warning: Replacing memory \r_idata_r with list of registers. See /home/designer/shared/FFT/parallel_fft/design/rtl/common_modules/ds_switch.v:162
Parameter \NB_INPUT = 10
Parameter \NB_OUTPUT = 11

32.27. Executing AST frontend in derive mode using pre-parsed AST for module `\btfly_2'.
Parameter \NB_INPUT = 10
Parameter \NB_OUTPUT = 11
Generating RTLIL representation for module `$paramod$0412e2692e4fb416d489fd1dda7f407e3f363dcc\btfly_2'.
Parameter \NB_INPUT = 11
Parameter \NB_OUTPUT = 12

32.28. Executing AST frontend in derive mode using pre-parsed AST for module `\btfly_2'.
Parameter \NB_INPUT = 11
Parameter \NB_OUTPUT = 12
Generating RTLIL representation for module `$paramod$edddbe87b6cfd6e80118c6397b48a457ce4f4cb3\btfly_2'.
Parameter \NB_INP = 17
Parameter \NBF_INP = 14
Parameter \NB_OUT = 8
Parameter \NBF_OUT = 7
Parameter \RND_MD = 0

32.29. Executing AST frontend in derive mode using pre-parsed AST for module `\clip_round'.
Parameter \NB_INP = 17
Parameter \NBF_INP = 14
Parameter \NB_OUT = 8
Parameter \NBF_OUT = 7
Parameter \RND_MD = 0
Generating RTLIL representation for module `$paramod$833ab97d3a5a7beaf1c79fa714ad51a2af6d5400\clip_round'.

32.30. Analyzing design hierarchy..
Top module:  \top_chip
Used module:     \debug_system
Used module:         $paramod$9d48a4856d550f9261444b1c4abfe084c1906f00\debug_unit
Used module:             $paramod\cdc_snapshot\DATA_WIDTH=s32'00000000000000000000000000001000
Used module:         $paramod$86c3a2406c43d36f373e6f546f8eb44128c55483\spi_slave_mode0
Used module:     $paramod\tx_serializer\NB_DATA=s32'00000000000000000000000000001000
Used module:     $paramod\fft32\NB_DATA=s32'00000000000000000000000000001000
Used module:         $paramod\buffer_parallel2serial\NB_DATA=s32'00000000000000000000000000001000
Used module:         $paramod$822bb578bad106d066af788502e6b7c8175f5771\fft8
Used module:             $paramod$15976f97eff3e7efba67231cdea386a8faf17143\mdc8p_stage3
Used module:                 $paramod$edddbe87b6cfd6e80118c6397b48a457ce4f4cb3\btfly_2
Used module:             $paramod$0412e2692e4fb416d489fd1dda7f407e3f363dcc\mdc8p_stage2
Used module:                 $paramod$e825517e76a6abfe988a8af00874d6681f9a4907\ds_switch
Used module:                 $paramod$0412e2692e4fb416d489fd1dda7f407e3f363dcc\btfly_2
Used module:             $paramod$ed12c0bd15db7b134ad06ea575abb269e0ee74ce\mdc8p_stage1
Used module:                 $paramod$37c44c8171ec20227f00ac25948f2e851df399c9\ds_switch
Used module:                 $paramod$adef7b7f071f262d011b8eff237fe1297a531d6a\xfft_cell
Used module:                 $paramod$ee998c48d291f24165178e86db53e4d6f2541c31\btfly_2
Used module:         $paramod\shift_r2\NB_DATA=s32'00000000000000000000000000001000
Used module:         $paramod$55e188ae133e8a9a9b845f543e216dcb7898452c\twiddle_interface
Used module:             $paramod$822bb578bad106d066af788502e6b7c8175f5771\complex_multiplier
Used module:                 $paramod$833ab97d3a5a7beaf1c79fa714ad51a2af6d5400\clip_round
Used module:         $paramod$822bb578bad106d066af788502e6b7c8175f5771\fft4
Used module:             $paramod$4b888baed3c80e165e67efcc55e29a2746c95ac5\clip_round
Used module:         $paramod\shift_r4\NB_DATA=s32'00000000000000000000000000001000
Used module:     $paramod\rx_serializer\NB_DATA=s32'00000000000000000000000000001000

32.31. Analyzing design hierarchy..
Top module:  \top_chip
Used module:     \debug_system
Used module:         $paramod$9d48a4856d550f9261444b1c4abfe084c1906f00\debug_unit
Used module:             $paramod\cdc_snapshot\DATA_WIDTH=s32'00000000000000000000000000001000
Used module:         $paramod$86c3a2406c43d36f373e6f546f8eb44128c55483\spi_slave_mode0
Used module:     $paramod\tx_serializer\NB_DATA=s32'00000000000000000000000000001000
Used module:     $paramod\fft32\NB_DATA=s32'00000000000000000000000000001000
Used module:         $paramod\buffer_parallel2serial\NB_DATA=s32'00000000000000000000000000001000
Used module:         $paramod$822bb578bad106d066af788502e6b7c8175f5771\fft8
Used module:             $paramod$15976f97eff3e7efba67231cdea386a8faf17143\mdc8p_stage3
Used module:                 $paramod$edddbe87b6cfd6e80118c6397b48a457ce4f4cb3\btfly_2
Used module:             $paramod$0412e2692e4fb416d489fd1dda7f407e3f363dcc\mdc8p_stage2
Used module:                 $paramod$e825517e76a6abfe988a8af00874d6681f9a4907\ds_switch
Used module:                 $paramod$0412e2692e4fb416d489fd1dda7f407e3f363dcc\btfly_2
Used module:             $paramod$ed12c0bd15db7b134ad06ea575abb269e0ee74ce\mdc8p_stage1
Used module:                 $paramod$37c44c8171ec20227f00ac25948f2e851df399c9\ds_switch
Used module:                 $paramod$adef7b7f071f262d011b8eff237fe1297a531d6a\xfft_cell
Used module:                 $paramod$ee998c48d291f24165178e86db53e4d6f2541c31\btfly_2
Used module:         $paramod\shift_r2\NB_DATA=s32'00000000000000000000000000001000
Used module:         $paramod$55e188ae133e8a9a9b845f543e216dcb7898452c\twiddle_interface
Used module:             $paramod$822bb578bad106d066af788502e6b7c8175f5771\complex_multiplier
Used module:                 $paramod$833ab97d3a5a7beaf1c79fa714ad51a2af6d5400\clip_round
Used module:         $paramod$822bb578bad106d066af788502e6b7c8175f5771\fft4
Used module:             $paramod$4b888baed3c80e165e67efcc55e29a2746c95ac5\clip_round
Used module:         $paramod\shift_r4\NB_DATA=s32'00000000000000000000000000001000
Used module:     $paramod\rx_serializer\NB_DATA=s32'00000000000000000000000000001000
Removing unused module `$abstract\spi_slave_mode0'.
Removing unused module `$abstract\cdc_snapshot'.
Removing unused module `$abstract\debug_unit'.
Removing unused module `$abstract\debug_system'.
Removing unused module `$abstract\signal_generator'.
Removing unused module `$abstract\xfft_cell'.
Removing unused module `$abstract\tx_serializer'.
Removing unused module `$abstract\rx_serializer'.
Removing unused module `$abstract\ds_switch'.
Removing unused module `$abstract\complex_multiplier'.
Removing unused module `$abstract\btfly_8'.
Removing unused module `$abstract\btfly_4'.
Removing unused module `$abstract\btfly_2'.
Removing unused module `$abstract\twiddle_interface'.
Removing unused module `$abstract\mdc8p_stage3'.
Removing unused module `$abstract\mdc8p_stage2'.
Removing unused module `$abstract\mdc8p_stage1'.
Removing unused module `$abstract\mdc8p_ctrl_out'.
Removing unused module `$abstract\mdc8p_ctrl_in'.
Removing unused module `$abstract\fft_mdc'.
Removing unused module `$abstract\shift_r4'.
Removing unused module `$abstract\shift_r2'.
Removing unused module `$abstract\round'.
Removing unused module `$abstract\clip_round'.
Removing unused module `$abstract\buffer_parallel2serial'.
Removing unused module `$abstract\fft4'.
Removing unused module `$abstract\fft8'.
Removing unused module `$abstract\fft32'.
Removing unused module `$abstract\top_chip'.
Removed 29 unused modules.
Renaming module top_chip to top_chip.

33. Executing PROC pass (convert processes to netlists).

33.1. Executing PROC_CLEAN pass (remove empty switches from decision trees).
Found and cleaned up 2 empty switches in `$paramod$37c44c8171ec20227f00ac25948f2e851df399c9\ds_switch.$proc$/home/designer/shared/FFT/parallel_fft/design/rtl/common_modules/ds_switch.v:159$536'.
Found and cleaned up 1 empty switch in `$paramod$e825517e76a6abfe988a8af00874d6681f9a4907\ds_switch.$proc$/home/designer/shared/FFT/parallel_fft/design/rtl/common_modules/ds_switch.v:159$586'.
Cleaned up 3 empty switches.

33.2. Executing PROC_RMDEAD pass (remove dead branches from decision trees).
Marked 1 switch rules as full_case in process $proc$/home/designer/shared/FFT/parallel_fft/design/rtl/top_chip.v:102$20 in module top_chip.
Marked 1 switch rules as full_case in process $proc$/home/designer/shared/FFT/parallel_fft/design/rtl/top_chip.v:90$17 in module top_chip.
Marked 1 switch rules as full_case in process $proc$/home/designer/shared/FFT/parallel_fft/design/rtl/top_chip.v:70$6 in module top_chip.
Removed 1 dead cases from process $proc$/home/designer/shared/FFT/parallel_fft/design/rtl/common_modules/ds_switch.v:131$532 in module $paramod$37c44c8171ec20227f00ac25948f2e851df399c9\ds_switch.
Marked 4 switch rules as full_case in process $proc$/home/designer/shared/FFT/parallel_fft/design/rtl/common_modules/ds_switch.v:131$532 in module $paramod$37c44c8171ec20227f00ac25948f2e851df399c9\ds_switch.
Removed 1 dead cases from process $proc$/home/designer/shared/FFT/parallel_fft/design/rtl/common_modules/ds_switch.v:109$529 in module $paramod$37c44c8171ec20227f00ac25948f2e851df399c9\ds_switch.
Marked 3 switch rules as full_case in process $proc$/home/designer/shared/FFT/parallel_fft/design/rtl/common_modules/ds_switch.v:109$529 in module $paramod$37c44c8171ec20227f00ac25948f2e851df399c9\ds_switch.
Removed 1 dead cases from process $proc$/home/designer/shared/FFT/parallel_fft/design/rtl/common_modules/ds_switch.v:83$525 in module $paramod$37c44c8171ec20227f00ac25948f2e851df399c9\ds_switch.
Marked 3 switch rules as full_case in process $proc$/home/designer/shared/FFT/parallel_fft/design/rtl/common_modules/ds_switch.v:83$525 in module $paramod$37c44c8171ec20227f00ac25948f2e851df399c9\ds_switch.
Removed 1 dead cases from process $proc$/home/designer/shared/FFT/parallel_fft/design/rtl/common_modules/ds_switch.v:54$520 in module $paramod$37c44c8171ec20227f00ac25948f2e851df399c9\ds_switch.
Marked 5 switch rules as full_case in process $proc$/home/designer/shared/FFT/parallel_fft/design/rtl/common_modules/ds_switch.v:54$520 in module $paramod$37c44c8171ec20227f00ac25948f2e851df399c9\ds_switch.
Removed 1 dead cases from process $proc$/home/designer/shared/FFT/parallel_fft/design/rtl/fft_mdc_8p/stages/mdc8p_stage1.v:0$517 in module $paramod$ed12c0bd15db7b134ad06ea575abb269e0ee74ce\mdc8p_stage1.
Marked 1 switch rules as full_case in process $proc$/home/designer/shared/FFT/parallel_fft/design/rtl/fft_mdc_8p/stages/mdc8p_stage1.v:0$517 in module $paramod$ed12c0bd15db7b134ad06ea575abb269e0ee74ce\mdc8p_stage1.
Removed 1 dead cases from process $proc$/home/designer/shared/FFT/parallel_fft/design/rtl/fft_mdc_8p/stages/mdc8p_stage1.v:0$514 in module $paramod$ed12c0bd15db7b134ad06ea575abb269e0ee74ce\mdc8p_stage1.
Marked 1 switch rules as full_case in process $proc$/home/designer/shared/FFT/parallel_fft/design/rtl/fft_mdc_8p/stages/mdc8p_stage1.v:0$514 in module $paramod$ed12c0bd15db7b134ad06ea575abb269e0ee74ce\mdc8p_stage1.
Marked 3 switch rules as full_case in process $proc$/home/designer/shared/FFT/parallel_fft/design/rtl/fft_mdc_8p/stages/mdc8p_stage1.v:81$504 in module $paramod$ed12c0bd15db7b134ad06ea575abb269e0ee74ce\mdc8p_stage1.
Marked 2 switch rules as full_case in process $proc$/home/designer/shared/FFT/parallel_fft/design/rtl/fft_mdc_8p/stages/mdc8p_stage2.v:56$489 in module $paramod$0412e2692e4fb416d489fd1dda7f407e3f363dcc\mdc8p_stage2.
Marked 1 switch rules as full_case in process $proc$/home/designer/shared/FFT/parallel_fft/design/rtl/fft_mdc_8p/stages/mdc8p_stage3.v:44$487 in module $paramod$15976f97eff3e7efba67231cdea386a8faf17143\mdc8p_stage3.
Marked 1 switch rules as full_case in process $proc$/home/designer/shared/FFT/parallel_fft/design/rtl/debug_unit/cdc_snapshot.v:31$466 in module $paramod\cdc_snapshot\DATA_WIDTH=s32'00000000000000000000000000001000.
Marked 1 switch rules as full_case in process $proc$/home/designer/shared/FFT/parallel_fft/design/rtl/debug_unit/cdc_snapshot.v:17$461 in module $paramod\cdc_snapshot\DATA_WIDTH=s32'00000000000000000000000000001000.
Marked 4 switch rules as full_case in process $proc$/home/designer/shared/FFT/parallel_fft/design/rtl/debug_unit/spi_slave_mode0.v:119$456 in module $paramod$86c3a2406c43d36f373e6f546f8eb44128c55483\spi_slave_mode0.
Marked 3 switch rules as full_case in process $proc$/home/designer/shared/FFT/parallel_fft/design/rtl/debug_unit/spi_slave_mode0.v:60$448 in module $paramod$86c3a2406c43d36f373e6f546f8eb44128c55483\spi_slave_mode0.
Marked 1 switch rules as full_case in process $proc$/home/designer/shared/FFT/parallel_fft/design/rtl/debug_unit/debug_unit.v:118$445 in module $paramod$9d48a4856d550f9261444b1c4abfe084c1906f00\debug_unit.
Marked 2 switch rules as full_case in process $proc$/home/designer/shared/FFT/parallel_fft/design/rtl/debug_unit/debug_unit.v:102$443 in module $paramod$9d48a4856d550f9261444b1c4abfe084c1906f00\debug_unit.
Marked 1 switch rules as full_case in process $proc$/home/designer/shared/FFT/parallel_fft/design/rtl/shift_r4.v:38$442 in module $paramod\shift_r4\NB_DATA=s32'00000000000000000000000000001000.
Marked 1 switch rules as full_case in process $proc$/home/designer/shared/FFT/parallel_fft/design/rtl/fft4.v:146$440 in module $paramod$822bb578bad106d066af788502e6b7c8175f5771\fft4.
Marked 1 switch rules as full_case in process $proc$/home/designer/shared/FFT/parallel_fft/design/rtl/fft4.v:116$426 in module $paramod$822bb578bad106d066af788502e6b7c8175f5771\fft4.
Marked 1 switch rules as full_case in process $proc$/home/designer/shared/FFT/parallel_fft/design/rtl/fft4.v:73$413 in module $paramod$822bb578bad106d066af788502e6b7c8175f5771\fft4.
Marked 1 switch rules as full_case in process $proc$/home/designer/shared/FFT/parallel_fft/design/rtl/twiddle_interface/twiddle_interface.v:175$412 in module $paramod$55e188ae133e8a9a9b845f543e216dcb7898452c\twiddle_interface.
Marked 2 switch rules as full_case in process $proc$/home/designer/shared/FFT/parallel_fft/design/rtl/twiddle_interface/twiddle_interface.v:106$407 in module $paramod$55e188ae133e8a9a9b845f543e216dcb7898452c\twiddle_interface.
Removed 1 dead cases from process $proc$/home/designer/shared/FFT/parallel_fft/design/rtl/buffer_parallel2serial.v:54$59 in module $paramod\buffer_parallel2serial\NB_DATA=s32'00000000000000000000000000001000.
Marked 6 switch rules as full_case in process $proc$/home/designer/shared/FFT/parallel_fft/design/rtl/buffer_parallel2serial.v:54$59 in module $paramod\buffer_parallel2serial\NB_DATA=s32'00000000000000000000000000001000.
Marked 3 switch rules as full_case in process $proc$/home/designer/shared/FFT/parallel_fft/design/rtl/common_modules/rx_serializer.v:70$40 in module $paramod\rx_serializer\NB_DATA=s32'00000000000000000000000000001000.
Marked 2 switch rules as full_case in process $proc$/home/designer/shared/FFT/parallel_fft/design/rtl/common_modules/rx_serializer.v:46$37 in module $paramod\rx_serializer\NB_DATA=s32'00000000000000000000000000001000.
Marked 1 switch rules as full_case in process $proc$/home/designer/shared/FFT/parallel_fft/design/rtl/common_modules/rx_serializer.v:39$33 in module $paramod\rx_serializer\NB_DATA=s32'00000000000000000000000000001000.
Marked 3 switch rules as full_case in process $proc$/home/designer/shared/FFT/parallel_fft/design/rtl/common_modules/tx_serializer.v:59$27 in module $paramod\tx_serializer\NB_DATA=s32'00000000000000000000000000001000.
Marked 1 switch rules as full_case in process $proc$/home/designer/shared/FFT/parallel_fft/design/rtl/common_modules/tx_serializer.v:44$25 in module $paramod\tx_serializer\NB_DATA=s32'00000000000000000000000000001000.
Removed 1 dead cases from process $proc$/home/designer/shared/FFT/parallel_fft/design/rtl/common_modules/ds_switch.v:131$582 in module $paramod$e825517e76a6abfe988a8af00874d6681f9a4907\ds_switch.
Marked 4 switch rules as full_case in process $proc$/home/designer/shared/FFT/parallel_fft/design/rtl/common_modules/ds_switch.v:131$582 in module $paramod$e825517e76a6abfe988a8af00874d6681f9a4907\ds_switch.
Removed 1 dead cases from process $proc$/home/designer/shared/FFT/parallel_fft/design/rtl/common_modules/ds_switch.v:109$579 in module $paramod$e825517e76a6abfe988a8af00874d6681f9a4907\ds_switch.
Marked 3 switch rules as full_case in process $proc$/home/designer/shared/FFT/parallel_fft/design/rtl/common_modules/ds_switch.v:109$579 in module $paramod$e825517e76a6abfe988a8af00874d6681f9a4907\ds_switch.
Removed 1 dead cases from process $proc$/home/designer/shared/FFT/parallel_fft/design/rtl/common_modules/ds_switch.v:83$575 in module $paramod$e825517e76a6abfe988a8af00874d6681f9a4907\ds_switch.
Marked 3 switch rules as full_case in process $proc$/home/designer/shared/FFT/parallel_fft/design/rtl/common_modules/ds_switch.v:83$575 in module $paramod$e825517e76a6abfe988a8af00874d6681f9a4907\ds_switch.
Removed 1 dead cases from process $proc$/home/designer/shared/FFT/parallel_fft/design/rtl/common_modules/ds_switch.v:54$570 in module $paramod$e825517e76a6abfe988a8af00874d6681f9a4907\ds_switch.
Marked 5 switch rules as full_case in process $proc$/home/designer/shared/FFT/parallel_fft/design/rtl/common_modules/ds_switch.v:54$570 in module $paramod$e825517e76a6abfe988a8af00874d6681f9a4907\ds_switch.
Removed a total of 11 dead cases.

33.3. Executing PROC_PRUNE pass (remove redundant assignments in processes).
Removed 39 redundant assignments.
Promoted 136 assignments to connections.

33.4. Executing PROC_INIT pass (extract init attributes).

33.5. Executing PROC_ARST pass (detect async resets in processes).
Found async reset \internal_rst_n in `\top_chip.$proc$/home/designer/shared/FFT/parallel_fft/design/rtl/top_chip.v:102$20'.
Found async reset \internal_rst_n in `\top_chip.$proc$/home/designer/shared/FFT/parallel_fft/design/rtl/top_chip.v:90$17'.
Found async reset \internal_rst_n in `\top_chip.$proc$/home/designer/shared/FFT/parallel_fft/design/rtl/top_chip.v:70$6'.
Found async reset \i_rst in `$paramod$37c44c8171ec20227f00ac25948f2e851df399c9\ds_switch.$proc$/home/designer/shared/FFT/parallel_fft/design/rtl/common_modules/ds_switch.v:109$529'.
Found async reset \i_rst in `$paramod$37c44c8171ec20227f00ac25948f2e851df399c9\ds_switch.$proc$/home/designer/shared/FFT/parallel_fft/design/rtl/common_modules/ds_switch.v:54$520'.
Found async reset \i_rst in `$paramod$0412e2692e4fb416d489fd1dda7f407e3f363dcc\mdc8p_stage2.$proc$/home/designer/shared/FFT/parallel_fft/design/rtl/fft_mdc_8p/stages/mdc8p_stage2.v:56$489'.
Found async reset \rst_n in `$paramod\cdc_snapshot\DATA_WIDTH=s32'00000000000000000000000000001000.$proc$/home/designer/shared/FFT/parallel_fft/design/rtl/debug_unit/cdc_snapshot.v:31$466'.
Found async reset \rst_n in `$paramod\cdc_snapshot\DATA_WIDTH=s32'00000000000000000000000000001000.$proc$/home/designer/shared/FFT/parallel_fft/design/rtl/debug_unit/cdc_snapshot.v:17$461'.
Found async reset \rst_n in `$paramod$86c3a2406c43d36f373e6f546f8eb44128c55483\spi_slave_mode0.$proc$/home/designer/shared/FFT/parallel_fft/design/rtl/debug_unit/spi_slave_mode0.v:119$456'.
Found async reset \rst_n in `$paramod$86c3a2406c43d36f373e6f546f8eb44128c55483\spi_slave_mode0.$proc$/home/designer/shared/FFT/parallel_fft/design/rtl/debug_unit/spi_slave_mode0.v:60$448'.
Found async reset \rst_n in `$paramod$9d48a4856d550f9261444b1c4abfe084c1906f00\debug_unit.$proc$/home/designer/shared/FFT/parallel_fft/design/rtl/debug_unit/debug_unit.v:102$443'.
Found async reset \i_rst_n in `$paramod\rx_serializer\NB_DATA=s32'00000000000000000000000000001000.$proc$/home/designer/shared/FFT/parallel_fft/design/rtl/common_modules/rx_serializer.v:46$37'.
Found async reset \i_rst_n in `$paramod\rx_serializer\NB_DATA=s32'00000000000000000000000000001000.$proc$/home/designer/shared/FFT/parallel_fft/design/rtl/common_modules/rx_serializer.v:39$33'.
Found async reset \i_rst_n in `$paramod\tx_serializer\NB_DATA=s32'00000000000000000000000000001000.$proc$/home/designer/shared/FFT/parallel_fft/design/rtl/common_modules/tx_serializer.v:44$25'.
Found async reset \i_rst in `$paramod$e825517e76a6abfe988a8af00874d6681f9a4907\ds_switch.$proc$/home/designer/shared/FFT/parallel_fft/design/rtl/common_modules/ds_switch.v:109$579'.
Found async reset \i_rst in `$paramod$e825517e76a6abfe988a8af00874d6681f9a4907\ds_switch.$proc$/home/designer/shared/FFT/parallel_fft/design/rtl/common_modules/ds_switch.v:54$570'.

33.6. Executing PROC_ROM pass (convert switches to ROMs).
Converted 0 switches.
<suppressed ~82 debug messages>

33.7. Executing PROC_MUX pass (convert decision trees to multiplexers).
Creating decoders for process `\top_chip.$proc$/home/designer/shared/FFT/parallel_fft/design/rtl/top_chip.v:102$20'.
     1/2: $0\last_out_im[7:0]
     2/2: $0\last_out_re[7:0]
Creating decoders for process `\top_chip.$proc$/home/designer/shared/FFT/parallel_fft/design/rtl/top_chip.v:90$17'.
     1/2: $0\error_flags[7:0] [7:1]
     2/2: $0\error_flags[7:0] [0]
Creating decoders for process `\top_chip.$proc$/home/designer/shared/FFT/parallel_fft/design/rtl/top_chip.v:70$6'.
     1/2: $0\cnt_outputs[7:0]
     2/2: $0\cnt_inputs[7:0]
Creating decoders for process `$paramod$adef7b7f071f262d011b8eff237fe1297a531d6a\xfft_cell.$proc$/home/designer/shared/FFT/parallel_fft/design/rtl/common_modules/xfft_cell.v:0$557'.
Creating decoders for process `$paramod$adef7b7f071f262d011b8eff237fe1297a531d6a\xfft_cell.$proc$/home/designer/shared/FFT/parallel_fft/design/rtl/common_modules/xfft_cell.v:102$542'.
Creating decoders for process `$paramod$adef7b7f071f262d011b8eff237fe1297a531d6a\xfft_cell.$proc$/home/designer/shared/FFT/parallel_fft/design/rtl/common_modules/xfft_cell.v:71$541'.
Creating decoders for process `$paramod$37c44c8171ec20227f00ac25948f2e851df399c9\ds_switch.$proc$/home/designer/shared/FFT/parallel_fft/design/rtl/common_modules/ds_switch.v:159$536'.
Creating decoders for process `$paramod$37c44c8171ec20227f00ac25948f2e851df399c9\ds_switch.$proc$/home/designer/shared/FFT/parallel_fft/design/rtl/common_modules/ds_switch.v:131$532'.
     1/5: $4\valid_nstate[0:0]
     2/5: $3\valid_nstate[0:0]
     3/5: $2\valid_nstate[0:0]
     4/5: $1\valid_nstate[0:0]
     5/5: $1\valid[0:0]
Creating decoders for process `$paramod$37c44c8171ec20227f00ac25948f2e851df399c9\ds_switch.$proc$/home/designer/shared/FFT/parallel_fft/design/rtl/common_modules/ds_switch.v:109$529'.
     1/2: $0\valid_count[3:0]
     2/2: $0\valid_cstate[0:0]
Creating decoders for process `$paramod$37c44c8171ec20227f00ac25948f2e851df399c9\ds_switch.$proc$/home/designer/shared/FFT/parallel_fft/design/rtl/common_modules/ds_switch.v:83$525'.
     1/4: $3\next_state[0:0]
     2/4: $2\next_state[0:0]
     3/4: $1\next_state[0:0]
     4/4: $1\r_sel[0:0]
Creating decoders for process `$paramod$37c44c8171ec20227f00ac25948f2e851df399c9\ds_switch.$proc$/home/designer/shared/FFT/parallel_fft/design/rtl/common_modules/ds_switch.v:54$520'.
     1/2: $0\flag[1:0]
     2/2: $0\current_state[0:0]
Creating decoders for process `$paramod$ed12c0bd15db7b134ad06ea575abb269e0ee74ce\mdc8p_stage1.$proc$/home/designer/shared/FFT/parallel_fft/design/rtl/fft_mdc_8p/stages/mdc8p_stage1.v:0$517'.
     1/1: $1$mem2reg_rd$\w_twiddle_i$/home/designer/shared/FFT/parallel_fft/design/rtl/fft_mdc_8p/stages/mdc8p_stage1.v:79$503_DATA[9:0]$519
Creating decoders for process `$paramod$ed12c0bd15db7b134ad06ea575abb269e0ee74ce\mdc8p_stage1.$proc$/home/designer/shared/FFT/parallel_fft/design/rtl/fft_mdc_8p/stages/mdc8p_stage1.v:0$514'.
     1/1: $1$mem2reg_rd$\w_twiddle_r$/home/designer/shared/FFT/parallel_fft/design/rtl/fft_mdc_8p/stages/mdc8p_stage1.v:78$502_DATA[9:0]$516
Creating decoders for process `$paramod$ed12c0bd15db7b134ad06ea575abb269e0ee74ce\mdc8p_stage1.$proc$/home/designer/shared/FFT/parallel_fft/design/rtl/fft_mdc_8p/stages/mdc8p_stage1.v:0$509'.
Creating decoders for process `$paramod$ed12c0bd15db7b134ad06ea575abb269e0ee74ce\mdc8p_stage1.$proc$/home/designer/shared/FFT/parallel_fft/design/rtl/fft_mdc_8p/stages/mdc8p_stage1.v:123$508'.
Creating decoders for process `$paramod$ed12c0bd15db7b134ad06ea575abb269e0ee74ce\mdc8p_stage1.$proc$/home/designer/shared/FFT/parallel_fft/design/rtl/fft_mdc_8p/stages/mdc8p_stage1.v:98$507'.
Creating decoders for process `$paramod$ed12c0bd15db7b134ad06ea575abb269e0ee74ce\mdc8p_stage1.$proc$/home/designer/shared/FFT/parallel_fft/design/rtl/fft_mdc_8p/stages/mdc8p_stage1.v:81$504'.
     1/1: $0\r_count[1:0]
Creating decoders for process `$paramod$0412e2692e4fb416d489fd1dda7f407e3f363dcc\mdc8p_stage2.$proc$/home/designer/shared/FFT/parallel_fft/design/rtl/fft_mdc_8p/stages/mdc8p_stage2.v:72$491'.
Creating decoders for process `$paramod$0412e2692e4fb416d489fd1dda7f407e3f363dcc\mdc8p_stage2.$proc$/home/designer/shared/FFT/parallel_fft/design/rtl/fft_mdc_8p/stages/mdc8p_stage2.v:56$489'.
     1/1: $0\r_count[0:0]
Creating decoders for process `$paramod$15976f97eff3e7efba67231cdea386a8faf17143\mdc8p_stage3.$proc$/home/designer/shared/FFT/parallel_fft/design/rtl/fft_mdc_8p/stages/mdc8p_stage3.v:59$488'.
Creating decoders for process `$paramod$15976f97eff3e7efba67231cdea386a8faf17143\mdc8p_stage3.$proc$/home/designer/shared/FFT/parallel_fft/design/rtl/fft_mdc_8p/stages/mdc8p_stage3.v:44$487'.
     1/4: $1\next_data1_i[7:0]
     2/4: $1\next_data1_r[7:0]
     3/4: $1\next_data0_i[7:0]
     4/4: $1\next_data0_r[7:0]
Creating decoders for process `$paramod$822bb578bad106d066af788502e6b7c8175f5771\complex_multiplier.$proc$/home/designer/shared/FFT/parallel_fft/design/rtl/common_modules/complex_multiplier.v:53$486'.
Creating decoders for process `$paramod\cdc_snapshot\DATA_WIDTH=s32'00000000000000000000000000001000.$proc$/home/designer/shared/FFT/parallel_fft/design/rtl/debug_unit/cdc_snapshot.v:31$466'.
     1/1: $0\data_out[7:0]
Creating decoders for process `$paramod\cdc_snapshot\DATA_WIDTH=s32'00000000000000000000000000001000.$proc$/home/designer/shared/FFT/parallel_fft/design/rtl/debug_unit/cdc_snapshot.v:17$461'.
     1/1: $0\trig_sync[2:0]
Creating decoders for process `$paramod$86c3a2406c43d36f373e6f546f8eb44128c55483\spi_slave_mode0.$proc$/home/designer/shared/FFT/parallel_fft/design/rtl/debug_unit/spi_slave_mode0.v:119$456'.
     1/4: $0\rd_toggle_q[0:0]
     2/4: $0\tx_active[0:0]
     3/4: $0\tx_cnt[2:0]
     4/4: $0\tx_shift[15:0]
Creating decoders for process `$paramod$86c3a2406c43d36f373e6f546f8eb44128c55483\spi_slave_mode0.$proc$/home/designer/shared/FFT/parallel_fft/design/rtl/debug_unit/spi_slave_mode0.v:60$448'.
     1/11: $0\bit_cnt[3:0]
     2/11: $0\rx_shift[15:0]
     3/11: $0\done[0:0]
     4/11: $0\write_enable[0:0]
     5/11: $0\next_rx[15:0]
     6/11: $0\rd_toggle[0:0]
     7/11: $0\addr_latched[6:0]
     8/11: $0\rw_latched[0:0]
     9/11: $0\rx_frame[15:0]
    10/11: $0\data_out[7:0]
    11/11: $0\addr_out[6:0]
Creating decoders for process `$paramod$9d48a4856d550f9261444b1c4abfe084c1906f00\debug_unit.$proc$/home/designer/shared/FFT/parallel_fft/design/rtl/debug_unit/debug_unit.v:118$445'.
     1/1: $1\spi_rdata[7:0]
Creating decoders for process `$paramod$9d48a4856d550f9261444b1c4abfe084c1906f00\debug_unit.$proc$/home/designer/shared/FFT/parallel_fft/design/rtl/debug_unit/debug_unit.v:102$443'.
     1/1: $0\sys_config[2:0]
Creating decoders for process `$paramod\shift_r4\NB_DATA=s32'00000000000000000000000000001000.$proc$/home/designer/shared/FFT/parallel_fft/design/rtl/shift_r4.v:38$442'.
     1/76: $1\k[31:0]
     2/76: $0\valid_q[24:0] [24]
     3/76: $0\valid_q[24:0] [23]
     4/76: $0\data_im_q[199:0] [191:184]
     5/76: $0\data_re_q[199:0] [191:184]
     6/76: $0\valid_q[24:0] [22]
     7/76: $0\data_im_q[199:0] [183:176]
     8/76: $0\data_re_q[199:0] [183:176]
     9/76: $0\valid_q[24:0] [21]
    10/76: $0\data_im_q[199:0] [175:168]
    11/76: $0\data_re_q[199:0] [175:168]
    12/76: $0\valid_q[24:0] [20]
    13/76: $0\data_im_q[199:0] [167:160]
    14/76: $0\data_re_q[199:0] [167:160]
    15/76: $0\valid_q[24:0] [19]
    16/76: $0\data_im_q[199:0] [159:152]
    17/76: $0\data_re_q[199:0] [159:152]
    18/76: $0\valid_q[24:0] [18]
    19/76: $0\data_im_q[199:0] [151:144]
    20/76: $0\data_re_q[199:0] [151:144]
    21/76: $0\valid_q[24:0] [17]
    22/76: $0\data_im_q[199:0] [143:136]
    23/76: $0\data_re_q[199:0] [143:136]
    24/76: $0\valid_q[24:0] [16]
    25/76: $0\data_im_q[199:0] [135:128]
    26/76: $0\data_re_q[199:0] [135:128]
    27/76: $0\valid_q[24:0] [15]
    28/76: $0\data_im_q[199:0] [127:120]
    29/76: $0\data_re_q[199:0] [127:120]
    30/76: $0\valid_q[24:0] [14]
    31/76: $0\data_im_q[199:0] [119:112]
    32/76: $0\data_re_q[199:0] [119:112]
    33/76: $0\valid_q[24:0] [13]
    34/76: $0\data_im_q[199:0] [111:104]
    35/76: $0\data_re_q[199:0] [111:104]
    36/76: $0\valid_q[24:0] [12]
    37/76: $0\data_im_q[199:0] [103:96]
    38/76: $0\data_re_q[199:0] [103:96]
    39/76: $0\valid_q[24:0] [11]
    40/76: $0\data_im_q[199:0] [95:88]
    41/76: $0\data_re_q[199:0] [95:88]
    42/76: $0\valid_q[24:0] [10]
    43/76: $0\data_im_q[199:0] [87:80]
    44/76: $0\data_re_q[199:0] [87:80]
    45/76: $0\valid_q[24:0] [9]
    46/76: $0\data_im_q[199:0] [79:72]
    47/76: $0\data_re_q[199:0] [79:72]
    48/76: $0\valid_q[24:0] [8]
    49/76: $0\data_im_q[199:0] [71:64]
    50/76: $0\data_re_q[199:0] [71:64]
    51/76: $0\valid_q[24:0] [7]
    52/76: $0\data_im_q[199:0] [63:56]
    53/76: $0\data_re_q[199:0] [63:56]
    54/76: $0\valid_q[24:0] [6]
    55/76: $0\data_im_q[199:0] [55:48]
    56/76: $0\data_re_q[199:0] [55:48]
    57/76: $0\valid_q[24:0] [5]
    58/76: $0\data_im_q[199:0] [47:40]
    59/76: $0\data_re_q[199:0] [47:40]
    60/76: $0\valid_q[24:0] [4]
    61/76: $0\data_im_q[199:0] [39:32]
    62/76: $0\data_re_q[199:0] [39:32]
    63/76: $0\valid_q[24:0] [3]
    64/76: $0\data_im_q[199:0] [31:24]
    65/76: $0\data_re_q[199:0] [31:24]
    66/76: $0\valid_q[24:0] [2]
    67/76: $0\data_im_q[199:0] [23:16]
    68/76: $0\data_re_q[199:0] [23:16]
    69/76: $0\valid_q[24:0] [1]
    70/76: $0\data_im_q[199:0] [15:8]
    71/76: $0\data_re_q[199:0] [15:8]
    72/76: $0\valid_q[24:0] [0]
    73/76: $0\data_im_q[199:0] [7:0]
    74/76: $0\data_re_q[199:0] [7:0]
    75/76: $0\data_im_q[199:0] [199:192]
    76/76: $0\data_re_q[199:0] [199:192]
Creating decoders for process `$paramod$822bb578bad106d066af788502e6b7c8175f5771\fft4.$proc$/home/designer/shared/FFT/parallel_fft/design/rtl/fft4.v:146$440'.
     1/8: $0\o_data3_im[7:0]
     2/8: $0\o_data3_re[7:0]
     3/8: $0\o_data2_im[7:0]
     4/8: $0\o_data2_re[7:0]
     5/8: $0\o_data1_im[7:0]
     6/8: $0\o_data1_re[7:0]
     7/8: $0\o_data0_im[7:0]
     8/8: $0\o_data0_re[7:0]
Creating decoders for process `$paramod$822bb578bad106d066af788502e6b7c8175f5771\fft4.$proc$/home/designer/shared/FFT/parallel_fft/design/rtl/fft4.v:116$426'.
     1/8: $0\s2_x3_im[9:0]
     2/8: $0\s2_x3_re[9:0]
     3/8: $0\s2_x2_im[9:0]
     4/8: $0\s2_x2_re[9:0]
     5/8: $0\s2_x1_im[9:0]
     6/8: $0\s2_x1_re[9:0]
     7/8: $0\s2_x0_im[9:0]
     8/8: $0\s2_x0_re[9:0]
Creating decoders for process `$paramod$822bb578bad106d066af788502e6b7c8175f5771\fft4.$proc$/home/designer/shared/FFT/parallel_fft/design/rtl/fft4.v:101$416'.
     1/8: $0\s1_od_sub_im[8:0]
     2/8: $0\s1_od_sub_re[8:0]
     3/8: $0\s1_od_sum_im[8:0]
     4/8: $0\s1_od_sum_re[8:0]
     5/8: $0\s1_ev_sub_im[8:0]
     6/8: $0\s1_ev_sub_re[8:0]
     7/8: $0\s1_ev_sum_im[8:0]
     8/8: $0\s1_ev_sum_re[8:0]
Creating decoders for process `$paramod$822bb578bad106d066af788502e6b7c8175f5771\fft4.$proc$/home/designer/shared/FFT/parallel_fft/design/rtl/fft4.v:92$414'.
     1/8: $0\r_x3_im[7:0]
     2/8: $0\r_x3_re[7:0]
     3/8: $0\r_x2_im[7:0]
     4/8: $0\r_x2_re[7:0]
     5/8: $0\r_x1_im[7:0]
     6/8: $0\r_x1_re[7:0]
     7/8: $0\r_x0_im[7:0]
     8/8: $0\r_x0_re[7:0]
Creating decoders for process `$paramod$822bb578bad106d066af788502e6b7c8175f5771\fft4.$proc$/home/designer/shared/FFT/parallel_fft/design/rtl/fft4.v:73$413'.
     1/6: $0\inv_2q[0:0]
     2/6: $0\valid_4q[0:0]
     3/6: $0\valid_3q[0:0]
     4/6: $0\valid_2q[0:0]
     5/6: $0\inv_q[0:0]
     6/6: $0\valid_q[0:0]
Creating decoders for process `$paramod$55e188ae133e8a9a9b845f543e216dcb7898452c\twiddle_interface.$proc$/home/designer/shared/FFT/parallel_fft/design/rtl/twiddle_interface/twiddle_interface.v:175$412'.
     1/9: $0\o_valid[0:0]
     2/9: $0\o_data3_im[7:0]
     3/9: $0\o_data3_re[7:0]
     4/9: $0\o_data2_im[7:0]
     5/9: $0\o_data2_re[7:0]
     6/9: $0\o_data1_im[7:0]
     7/9: $0\o_data1_re[7:0]
     8/9: $0\o_data0_im[7:0]
     9/9: $0\o_data0_re[7:0]
Creating decoders for process `$paramod$55e188ae133e8a9a9b845f543e216dcb7898452c\twiddle_interface.$proc$/home/designer/shared/FFT/parallel_fft/design/rtl/twiddle_interface/twiddle_interface.v:133$411'.
Creating decoders for process `$paramod$55e188ae133e8a9a9b845f543e216dcb7898452c\twiddle_interface.$proc$/home/designer/shared/FFT/parallel_fft/design/rtl/twiddle_interface/twiddle_interface.v:124$410'.
     1/8: $0\data3_im_q[7:0]
     2/8: $0\data3_re_q[7:0]
     3/8: $0\data2_im_q[7:0]
     4/8: $0\data2_re_q[7:0]
     5/8: $0\data1_im_q[7:0]
     6/8: $0\data1_re_q[7:0]
     7/8: $0\data0_im_q[7:0]
     8/8: $0\data0_re_q[7:0]
Creating decoders for process `$paramod$55e188ae133e8a9a9b845f543e216dcb7898452c\twiddle_interface.$proc$/home/designer/shared/FFT/parallel_fft/design/rtl/twiddle_interface/twiddle_interface.v:106$407'.
     1/4: $0\val_2q[0:0]
     2/4: $0\val_q[0:0]
     3/4: $0\inv_q[0:0]
     4/4: $0\cnt_q[2:0]
Creating decoders for process `$paramod\shift_r2\NB_DATA=s32'00000000000000000000000000001000.$proc$/home/designer/shared/FFT/parallel_fft/design/rtl/shift_r2.v:32$307'.
     1/6: $0\valid_q[4:0] [4:1]
     2/6: $0\valid_q[4:0] [0]
     3/6: $0\data_im_q[39:0] [7:0]
     4/6: $0\data_re_q[39:0] [7:0]
     5/6: $0\data_re_q[39:0] [39:8]
     6/6: $0\data_im_q[39:0] [39:8]
Creating decoders for process `$paramod\buffer_parallel2serial\NB_DATA=s32'00000000000000000000000000001000.$proc$/home/designer/shared/FFT/parallel_fft/design/rtl/buffer_parallel2serial.v:54$59'.
     1/198: $4$memwr$\mem_im$/home/designer/shared/FFT/parallel_fft/design/rtl/buffer_parallel2serial.v:73$58_EN[7:0]$299
     2/198: $4$memwr$\mem_im$/home/designer/shared/FFT/parallel_fft/design/rtl/buffer_parallel2serial.v:73$58_DATA[7:0]$298
     3/198: $4$memwr$\mem_im$/home/designer/shared/FFT/parallel_fft/design/rtl/buffer_parallel2serial.v:73$58_ADDR[4:0]$297
     4/198: $4$memwr$\mem_re$/home/designer/shared/FFT/parallel_fft/design/rtl/buffer_parallel2serial.v:73$57_EN[7:0]$296
     5/198: $4$memwr$\mem_re$/home/designer/shared/FFT/parallel_fft/design/rtl/buffer_parallel2serial.v:73$57_DATA[7:0]$295
     6/198: $4$memwr$\mem_re$/home/designer/shared/FFT/parallel_fft/design/rtl/buffer_parallel2serial.v:73$57_ADDR[4:0]$294
     7/198: $4$memwr$\mem_im$/home/designer/shared/FFT/parallel_fft/design/rtl/buffer_parallel2serial.v:72$56_EN[7:0]$293
     8/198: $4$memwr$\mem_im$/home/designer/shared/FFT/parallel_fft/design/rtl/buffer_parallel2serial.v:72$56_DATA[7:0]$292
     9/198: $4$memwr$\mem_im$/home/designer/shared/FFT/parallel_fft/design/rtl/buffer_parallel2serial.v:72$56_ADDR[4:0]$291
    10/198: $4$memwr$\mem_re$/home/designer/shared/FFT/parallel_fft/design/rtl/buffer_parallel2serial.v:72$55_EN[7:0]$290
    11/198: $4$memwr$\mem_re$/home/designer/shared/FFT/parallel_fft/design/rtl/buffer_parallel2serial.v:72$55_DATA[7:0]$289
    12/198: $4$memwr$\mem_re$/home/designer/shared/FFT/parallel_fft/design/rtl/buffer_parallel2serial.v:72$55_ADDR[4:0]$288
    13/198: $4$memwr$\mem_im$/home/designer/shared/FFT/parallel_fft/design/rtl/buffer_parallel2serial.v:71$54_EN[7:0]$287
    14/198: $4$memwr$\mem_im$/home/designer/shared/FFT/parallel_fft/design/rtl/buffer_parallel2serial.v:71$54_DATA[7:0]$286
    15/198: $4$memwr$\mem_im$/home/designer/shared/FFT/parallel_fft/design/rtl/buffer_parallel2serial.v:71$54_ADDR[4:0]$285
    16/198: $4$memwr$\mem_re$/home/designer/shared/FFT/parallel_fft/design/rtl/buffer_parallel2serial.v:71$53_EN[7:0]$284
    17/198: $4$memwr$\mem_re$/home/designer/shared/FFT/parallel_fft/design/rtl/buffer_parallel2serial.v:71$53_DATA[7:0]$283
    18/198: $4$memwr$\mem_re$/home/designer/shared/FFT/parallel_fft/design/rtl/buffer_parallel2serial.v:71$53_ADDR[4:0]$282
    19/198: $4$memwr$\mem_im$/home/designer/shared/FFT/parallel_fft/design/rtl/buffer_parallel2serial.v:70$52_EN[7:0]$281
    20/198: $4$memwr$\mem_im$/home/designer/shared/FFT/parallel_fft/design/rtl/buffer_parallel2serial.v:70$52_DATA[7:0]$280
    21/198: $4$memwr$\mem_im$/home/designer/shared/FFT/parallel_fft/design/rtl/buffer_parallel2serial.v:70$52_ADDR[4:0]$279
    22/198: $4$memwr$\mem_re$/home/designer/shared/FFT/parallel_fft/design/rtl/buffer_parallel2serial.v:70$51_EN[7:0]$278
    23/198: $4$memwr$\mem_re$/home/designer/shared/FFT/parallel_fft/design/rtl/buffer_parallel2serial.v:70$51_DATA[7:0]$277
    24/198: $4$memwr$\mem_re$/home/designer/shared/FFT/parallel_fft/design/rtl/buffer_parallel2serial.v:70$51_ADDR[4:0]$276
    25/198: $4$memwr$\mem_im$/home/designer/shared/FFT/parallel_fft/design/rtl/buffer_parallel2serial.v:69$50_EN[7:0]$275
    26/198: $4$memwr$\mem_im$/home/designer/shared/FFT/parallel_fft/design/rtl/buffer_parallel2serial.v:69$50_DATA[7:0]$274
    27/198: $4$memwr$\mem_im$/home/designer/shared/FFT/parallel_fft/design/rtl/buffer_parallel2serial.v:69$50_ADDR[4:0]$273
    28/198: $4$memwr$\mem_re$/home/designer/shared/FFT/parallel_fft/design/rtl/buffer_parallel2serial.v:69$49_EN[7:0]$272
    29/198: $4$memwr$\mem_re$/home/designer/shared/FFT/parallel_fft/design/rtl/buffer_parallel2serial.v:69$49_DATA[7:0]$271
    30/198: $4$memwr$\mem_re$/home/designer/shared/FFT/parallel_fft/design/rtl/buffer_parallel2serial.v:69$49_ADDR[4:0]$270
    31/198: $4$memwr$\mem_im$/home/designer/shared/FFT/parallel_fft/design/rtl/buffer_parallel2serial.v:68$48_EN[7:0]$269
    32/198: $4$memwr$\mem_im$/home/designer/shared/FFT/parallel_fft/design/rtl/buffer_parallel2serial.v:68$48_DATA[7:0]$268
    33/198: $4$memwr$\mem_im$/home/designer/shared/FFT/parallel_fft/design/rtl/buffer_parallel2serial.v:68$48_ADDR[4:0]$267
    34/198: $4$memwr$\mem_re$/home/designer/shared/FFT/parallel_fft/design/rtl/buffer_parallel2serial.v:68$47_EN[7:0]$266
    35/198: $4$memwr$\mem_re$/home/designer/shared/FFT/parallel_fft/design/rtl/buffer_parallel2serial.v:68$47_DATA[7:0]$265
    36/198: $4$memwr$\mem_re$/home/designer/shared/FFT/parallel_fft/design/rtl/buffer_parallel2serial.v:68$47_ADDR[4:0]$264
    37/198: $4$memwr$\mem_im$/home/designer/shared/FFT/parallel_fft/design/rtl/buffer_parallel2serial.v:67$46_EN[7:0]$263
    38/198: $4$memwr$\mem_im$/home/designer/shared/FFT/parallel_fft/design/rtl/buffer_parallel2serial.v:67$46_DATA[7:0]$262
    39/198: $4$memwr$\mem_im$/home/designer/shared/FFT/parallel_fft/design/rtl/buffer_parallel2serial.v:67$46_ADDR[4:0]$261
    40/198: $4$memwr$\mem_re$/home/designer/shared/FFT/parallel_fft/design/rtl/buffer_parallel2serial.v:67$45_EN[7:0]$260
    41/198: $4$memwr$\mem_re$/home/designer/shared/FFT/parallel_fft/design/rtl/buffer_parallel2serial.v:67$45_DATA[7:0]$259
    42/198: $4$memwr$\mem_re$/home/designer/shared/FFT/parallel_fft/design/rtl/buffer_parallel2serial.v:67$45_ADDR[4:0]$258
    43/198: $4$memwr$\mem_im$/home/designer/shared/FFT/parallel_fft/design/rtl/buffer_parallel2serial.v:66$44_EN[7:0]$257
    44/198: $4$memwr$\mem_im$/home/designer/shared/FFT/parallel_fft/design/rtl/buffer_parallel2serial.v:66$44_DATA[7:0]$256
    45/198: $4$memwr$\mem_im$/home/designer/shared/FFT/parallel_fft/design/rtl/buffer_parallel2serial.v:66$44_ADDR[4:0]$255
    46/198: $4$memwr$\mem_re$/home/designer/shared/FFT/parallel_fft/design/rtl/buffer_parallel2serial.v:66$43_EN[7:0]$254
    47/198: $4$memwr$\mem_re$/home/designer/shared/FFT/parallel_fft/design/rtl/buffer_parallel2serial.v:66$43_DATA[7:0]$253
    48/198: $4$memwr$\mem_re$/home/designer/shared/FFT/parallel_fft/design/rtl/buffer_parallel2serial.v:66$43_ADDR[4:0]$252
    49/198: $3$memwr$\mem_im$/home/designer/shared/FFT/parallel_fft/design/rtl/buffer_parallel2serial.v:73$58_EN[7:0]$251
    50/198: $3$memwr$\mem_im$/home/designer/shared/FFT/parallel_fft/design/rtl/buffer_parallel2serial.v:73$58_DATA[7:0]$250
    51/198: $3$memwr$\mem_im$/home/designer/shared/FFT/parallel_fft/design/rtl/buffer_parallel2serial.v:73$58_ADDR[4:0]$249
    52/198: $3$memwr$\mem_re$/home/designer/shared/FFT/parallel_fft/design/rtl/buffer_parallel2serial.v:73$57_EN[7:0]$248
    53/198: $3$memwr$\mem_re$/home/designer/shared/FFT/parallel_fft/design/rtl/buffer_parallel2serial.v:73$57_DATA[7:0]$247
    54/198: $3$memwr$\mem_re$/home/designer/shared/FFT/parallel_fft/design/rtl/buffer_parallel2serial.v:73$57_ADDR[4:0]$246
    55/198: $3$memwr$\mem_im$/home/designer/shared/FFT/parallel_fft/design/rtl/buffer_parallel2serial.v:72$56_EN[7:0]$245
    56/198: $3$memwr$\mem_im$/home/designer/shared/FFT/parallel_fft/design/rtl/buffer_parallel2serial.v:72$56_DATA[7:0]$244
    57/198: $3$memwr$\mem_im$/home/designer/shared/FFT/parallel_fft/design/rtl/buffer_parallel2serial.v:72$56_ADDR[4:0]$243
    58/198: $3$memwr$\mem_re$/home/designer/shared/FFT/parallel_fft/design/rtl/buffer_parallel2serial.v:72$55_EN[7:0]$242
    59/198: $3$memwr$\mem_re$/home/designer/shared/FFT/parallel_fft/design/rtl/buffer_parallel2serial.v:72$55_DATA[7:0]$241
    60/198: $3$memwr$\mem_re$/home/designer/shared/FFT/parallel_fft/design/rtl/buffer_parallel2serial.v:72$55_ADDR[4:0]$240
    61/198: $3$memwr$\mem_im$/home/designer/shared/FFT/parallel_fft/design/rtl/buffer_parallel2serial.v:71$54_EN[7:0]$239
    62/198: $3$memwr$\mem_im$/home/designer/shared/FFT/parallel_fft/design/rtl/buffer_parallel2serial.v:71$54_DATA[7:0]$238
    63/198: $3$memwr$\mem_im$/home/designer/shared/FFT/parallel_fft/design/rtl/buffer_parallel2serial.v:71$54_ADDR[4:0]$237
    64/198: $3$memwr$\mem_re$/home/designer/shared/FFT/parallel_fft/design/rtl/buffer_parallel2serial.v:71$53_EN[7:0]$236
    65/198: $3$memwr$\mem_re$/home/designer/shared/FFT/parallel_fft/design/rtl/buffer_parallel2serial.v:71$53_DATA[7:0]$235
    66/198: $3$memwr$\mem_re$/home/designer/shared/FFT/parallel_fft/design/rtl/buffer_parallel2serial.v:71$53_ADDR[4:0]$234
    67/198: $3$memwr$\mem_im$/home/designer/shared/FFT/parallel_fft/design/rtl/buffer_parallel2serial.v:70$52_EN[7:0]$233
    68/198: $3$memwr$\mem_im$/home/designer/shared/FFT/parallel_fft/design/rtl/buffer_parallel2serial.v:70$52_DATA[7:0]$232
    69/198: $3$memwr$\mem_im$/home/designer/shared/FFT/parallel_fft/design/rtl/buffer_parallel2serial.v:70$52_ADDR[4:0]$231
    70/198: $3$memwr$\mem_re$/home/designer/shared/FFT/parallel_fft/design/rtl/buffer_parallel2serial.v:70$51_EN[7:0]$230
    71/198: $3$memwr$\mem_re$/home/designer/shared/FFT/parallel_fft/design/rtl/buffer_parallel2serial.v:70$51_DATA[7:0]$229
    72/198: $3$memwr$\mem_re$/home/designer/shared/FFT/parallel_fft/design/rtl/buffer_parallel2serial.v:70$51_ADDR[4:0]$228
    73/198: $3$memwr$\mem_im$/home/designer/shared/FFT/parallel_fft/design/rtl/buffer_parallel2serial.v:69$50_EN[7:0]$227
    74/198: $3$memwr$\mem_im$/home/designer/shared/FFT/parallel_fft/design/rtl/buffer_parallel2serial.v:69$50_DATA[7:0]$226
    75/198: $3$memwr$\mem_im$/home/designer/shared/FFT/parallel_fft/design/rtl/buffer_parallel2serial.v:69$50_ADDR[4:0]$225
    76/198: $3$memwr$\mem_re$/home/designer/shared/FFT/parallel_fft/design/rtl/buffer_parallel2serial.v:69$49_EN[7:0]$224
    77/198: $3$memwr$\mem_re$/home/designer/shared/FFT/parallel_fft/design/rtl/buffer_parallel2serial.v:69$49_DATA[7:0]$223
    78/198: $3$memwr$\mem_re$/home/designer/shared/FFT/parallel_fft/design/rtl/buffer_parallel2serial.v:69$49_ADDR[4:0]$222
    79/198: $3$memwr$\mem_im$/home/designer/shared/FFT/parallel_fft/design/rtl/buffer_parallel2serial.v:68$48_EN[7:0]$221
    80/198: $3$memwr$\mem_im$/home/designer/shared/FFT/parallel_fft/design/rtl/buffer_parallel2serial.v:68$48_DATA[7:0]$220
    81/198: $3$memwr$\mem_im$/home/designer/shared/FFT/parallel_fft/design/rtl/buffer_parallel2serial.v:68$48_ADDR[4:0]$219
    82/198: $3$memwr$\mem_re$/home/designer/shared/FFT/parallel_fft/design/rtl/buffer_parallel2serial.v:68$47_EN[7:0]$218
    83/198: $3$memwr$\mem_re$/home/designer/shared/FFT/parallel_fft/design/rtl/buffer_parallel2serial.v:68$47_DATA[7:0]$217
    84/198: $3$memwr$\mem_re$/home/designer/shared/FFT/parallel_fft/design/rtl/buffer_parallel2serial.v:68$47_ADDR[4:0]$216
    85/198: $3$memwr$\mem_im$/home/designer/shared/FFT/parallel_fft/design/rtl/buffer_parallel2serial.v:67$46_EN[7:0]$215
    86/198: $3$memwr$\mem_im$/home/designer/shared/FFT/parallel_fft/design/rtl/buffer_parallel2serial.v:67$46_DATA[7:0]$214
    87/198: $3$memwr$\mem_im$/home/designer/shared/FFT/parallel_fft/design/rtl/buffer_parallel2serial.v:67$46_ADDR[4:0]$213
    88/198: $3$memwr$\mem_re$/home/designer/shared/FFT/parallel_fft/design/rtl/buffer_parallel2serial.v:67$45_EN[7:0]$212
    89/198: $3$memwr$\mem_re$/home/designer/shared/FFT/parallel_fft/design/rtl/buffer_parallel2serial.v:67$45_DATA[7:0]$211
    90/198: $3$memwr$\mem_re$/home/designer/shared/FFT/parallel_fft/design/rtl/buffer_parallel2serial.v:67$45_ADDR[4:0]$210
    91/198: $3$memwr$\mem_im$/home/designer/shared/FFT/parallel_fft/design/rtl/buffer_parallel2serial.v:66$44_EN[7:0]$209
    92/198: $3$memwr$\mem_im$/home/designer/shared/FFT/parallel_fft/design/rtl/buffer_parallel2serial.v:66$44_DATA[7:0]$208
    93/198: $3$memwr$\mem_im$/home/designer/shared/FFT/parallel_fft/design/rtl/buffer_parallel2serial.v:66$44_ADDR[4:0]$207
    94/198: $3$memwr$\mem_re$/home/designer/shared/FFT/parallel_fft/design/rtl/buffer_parallel2serial.v:66$43_EN[7:0]$206
    95/198: $3$memwr$\mem_re$/home/designer/shared/FFT/parallel_fft/design/rtl/buffer_parallel2serial.v:66$43_DATA[7:0]$205
    96/198: $3$memwr$\mem_re$/home/designer/shared/FFT/parallel_fft/design/rtl/buffer_parallel2serial.v:66$43_ADDR[4:0]$204
    97/198: $2$memwr$\mem_im$/home/designer/shared/FFT/parallel_fft/design/rtl/buffer_parallel2serial.v:73$58_EN[7:0]$203
    98/198: $2$memwr$\mem_im$/home/designer/shared/FFT/parallel_fft/design/rtl/buffer_parallel2serial.v:73$58_DATA[7:0]$202
    99/198: $2$memwr$\mem_im$/home/designer/shared/FFT/parallel_fft/design/rtl/buffer_parallel2serial.v:73$58_ADDR[4:0]$201
   100/198: $2$memwr$\mem_re$/home/designer/shared/FFT/parallel_fft/design/rtl/buffer_parallel2serial.v:73$57_EN[7:0]$200
   101/198: $2$memwr$\mem_re$/home/designer/shared/FFT/parallel_fft/design/rtl/buffer_parallel2serial.v:73$57_DATA[7:0]$199
   102/198: $2$memwr$\mem_re$/home/designer/shared/FFT/parallel_fft/design/rtl/buffer_parallel2serial.v:73$57_ADDR[4:0]$198
   103/198: $2$memwr$\mem_im$/home/designer/shared/FFT/parallel_fft/design/rtl/buffer_parallel2serial.v:72$56_EN[7:0]$197
   104/198: $2$memwr$\mem_im$/home/designer/shared/FFT/parallel_fft/design/rtl/buffer_parallel2serial.v:72$56_DATA[7:0]$196
   105/198: $2$memwr$\mem_im$/home/designer/shared/FFT/parallel_fft/design/rtl/buffer_parallel2serial.v:72$56_ADDR[4:0]$195
   106/198: $2$memwr$\mem_re$/home/designer/shared/FFT/parallel_fft/design/rtl/buffer_parallel2serial.v:72$55_EN[7:0]$194
   107/198: $2$memwr$\mem_re$/home/designer/shared/FFT/parallel_fft/design/rtl/buffer_parallel2serial.v:72$55_DATA[7:0]$193
   108/198: $2$memwr$\mem_re$/home/designer/shared/FFT/parallel_fft/design/rtl/buffer_parallel2serial.v:72$55_ADDR[4:0]$192
   109/198: $2$memwr$\mem_im$/home/designer/shared/FFT/parallel_fft/design/rtl/buffer_parallel2serial.v:71$54_EN[7:0]$191
   110/198: $2$memwr$\mem_im$/home/designer/shared/FFT/parallel_fft/design/rtl/buffer_parallel2serial.v:71$54_DATA[7:0]$190
   111/198: $2$memwr$\mem_im$/home/designer/shared/FFT/parallel_fft/design/rtl/buffer_parallel2serial.v:71$54_ADDR[4:0]$189
   112/198: $2$memwr$\mem_re$/home/designer/shared/FFT/parallel_fft/design/rtl/buffer_parallel2serial.v:71$53_EN[7:0]$188
   113/198: $2$memwr$\mem_re$/home/designer/shared/FFT/parallel_fft/design/rtl/buffer_parallel2serial.v:71$53_DATA[7:0]$187
   114/198: $2$memwr$\mem_re$/home/designer/shared/FFT/parallel_fft/design/rtl/buffer_parallel2serial.v:71$53_ADDR[4:0]$186
   115/198: $2$memwr$\mem_im$/home/designer/shared/FFT/parallel_fft/design/rtl/buffer_parallel2serial.v:70$52_EN[7:0]$185
   116/198: $2$memwr$\mem_im$/home/designer/shared/FFT/parallel_fft/design/rtl/buffer_parallel2serial.v:70$52_DATA[7:0]$184
   117/198: $2$memwr$\mem_im$/home/designer/shared/FFT/parallel_fft/design/rtl/buffer_parallel2serial.v:70$52_ADDR[4:0]$183
   118/198: $2$memwr$\mem_re$/home/designer/shared/FFT/parallel_fft/design/rtl/buffer_parallel2serial.v:70$51_EN[7:0]$182
   119/198: $2$memwr$\mem_re$/home/designer/shared/FFT/parallel_fft/design/rtl/buffer_parallel2serial.v:70$51_DATA[7:0]$181
   120/198: $2$memwr$\mem_re$/home/designer/shared/FFT/parallel_fft/design/rtl/buffer_parallel2serial.v:70$51_ADDR[4:0]$180
   121/198: $2$memwr$\mem_im$/home/designer/shared/FFT/parallel_fft/design/rtl/buffer_parallel2serial.v:69$50_EN[7:0]$179
   122/198: $2$memwr$\mem_im$/home/designer/shared/FFT/parallel_fft/design/rtl/buffer_parallel2serial.v:69$50_DATA[7:0]$178
   123/198: $2$memwr$\mem_im$/home/designer/shared/FFT/parallel_fft/design/rtl/buffer_parallel2serial.v:69$50_ADDR[4:0]$177
   124/198: $2$memwr$\mem_re$/home/designer/shared/FFT/parallel_fft/design/rtl/buffer_parallel2serial.v:69$49_EN[7:0]$176
   125/198: $2$memwr$\mem_re$/home/designer/shared/FFT/parallel_fft/design/rtl/buffer_parallel2serial.v:69$49_DATA[7:0]$175
   126/198: $2$memwr$\mem_re$/home/designer/shared/FFT/parallel_fft/design/rtl/buffer_parallel2serial.v:69$49_ADDR[4:0]$174
   127/198: $2$memwr$\mem_im$/home/designer/shared/FFT/parallel_fft/design/rtl/buffer_parallel2serial.v:68$48_EN[7:0]$173
   128/198: $2$memwr$\mem_im$/home/designer/shared/FFT/parallel_fft/design/rtl/buffer_parallel2serial.v:68$48_DATA[7:0]$172
   129/198: $2$memwr$\mem_im$/home/designer/shared/FFT/parallel_fft/design/rtl/buffer_parallel2serial.v:68$48_ADDR[4:0]$171
   130/198: $2$memwr$\mem_re$/home/designer/shared/FFT/parallel_fft/design/rtl/buffer_parallel2serial.v:68$47_EN[7:0]$170
   131/198: $2$memwr$\mem_re$/home/designer/shared/FFT/parallel_fft/design/rtl/buffer_parallel2serial.v:68$47_DATA[7:0]$169
   132/198: $2$memwr$\mem_re$/home/designer/shared/FFT/parallel_fft/design/rtl/buffer_parallel2serial.v:68$47_ADDR[4:0]$168
   133/198: $2$memwr$\mem_im$/home/designer/shared/FFT/parallel_fft/design/rtl/buffer_parallel2serial.v:67$46_EN[7:0]$167
   134/198: $2$memwr$\mem_im$/home/designer/shared/FFT/parallel_fft/design/rtl/buffer_parallel2serial.v:67$46_DATA[7:0]$166
   135/198: $2$memwr$\mem_im$/home/designer/shared/FFT/parallel_fft/design/rtl/buffer_parallel2serial.v:67$46_ADDR[4:0]$165
   136/198: $2$memwr$\mem_re$/home/designer/shared/FFT/parallel_fft/design/rtl/buffer_parallel2serial.v:67$45_EN[7:0]$164
   137/198: $2$memwr$\mem_re$/home/designer/shared/FFT/parallel_fft/design/rtl/buffer_parallel2serial.v:67$45_DATA[7:0]$163
   138/198: $2$memwr$\mem_re$/home/designer/shared/FFT/parallel_fft/design/rtl/buffer_parallel2serial.v:67$45_ADDR[4:0]$162
   139/198: $2$memwr$\mem_im$/home/designer/shared/FFT/parallel_fft/design/rtl/buffer_parallel2serial.v:66$44_EN[7:0]$161
   140/198: $2$memwr$\mem_im$/home/designer/shared/FFT/parallel_fft/design/rtl/buffer_parallel2serial.v:66$44_DATA[7:0]$160
   141/198: $2$memwr$\mem_im$/home/designer/shared/FFT/parallel_fft/design/rtl/buffer_parallel2serial.v:66$44_ADDR[4:0]$159
   142/198: $2$memwr$\mem_re$/home/designer/shared/FFT/parallel_fft/design/rtl/buffer_parallel2serial.v:66$43_EN[7:0]$158
   143/198: $2$memwr$\mem_re$/home/designer/shared/FFT/parallel_fft/design/rtl/buffer_parallel2serial.v:66$43_DATA[7:0]$157
   144/198: $2$memwr$\mem_re$/home/designer/shared/FFT/parallel_fft/design/rtl/buffer_parallel2serial.v:66$43_ADDR[4:0]$156
   145/198: $1$memwr$\mem_im$/home/designer/shared/FFT/parallel_fft/design/rtl/buffer_parallel2serial.v:73$58_EN[7:0]$155
   146/198: $1$memwr$\mem_im$/home/designer/shared/FFT/parallel_fft/design/rtl/buffer_parallel2serial.v:73$58_DATA[7:0]$154
   147/198: $1$memwr$\mem_im$/home/designer/shared/FFT/parallel_fft/design/rtl/buffer_parallel2serial.v:73$58_ADDR[4:0]$153
   148/198: $1$memwr$\mem_re$/home/designer/shared/FFT/parallel_fft/design/rtl/buffer_parallel2serial.v:73$57_EN[7:0]$152
   149/198: $1$memwr$\mem_re$/home/designer/shared/FFT/parallel_fft/design/rtl/buffer_parallel2serial.v:73$57_DATA[7:0]$151
   150/198: $1$memwr$\mem_re$/home/designer/shared/FFT/parallel_fft/design/rtl/buffer_parallel2serial.v:73$57_ADDR[4:0]$150
   151/198: $1$memwr$\mem_im$/home/designer/shared/FFT/parallel_fft/design/rtl/buffer_parallel2serial.v:72$56_EN[7:0]$149
   152/198: $1$memwr$\mem_im$/home/designer/shared/FFT/parallel_fft/design/rtl/buffer_parallel2serial.v:72$56_DATA[7:0]$148
   153/198: $1$memwr$\mem_im$/home/designer/shared/FFT/parallel_fft/design/rtl/buffer_parallel2serial.v:72$56_ADDR[4:0]$147
   154/198: $1$memwr$\mem_re$/home/designer/shared/FFT/parallel_fft/design/rtl/buffer_parallel2serial.v:72$55_EN[7:0]$146
   155/198: $1$memwr$\mem_re$/home/designer/shared/FFT/parallel_fft/design/rtl/buffer_parallel2serial.v:72$55_DATA[7:0]$145
   156/198: $1$memwr$\mem_re$/home/designer/shared/FFT/parallel_fft/design/rtl/buffer_parallel2serial.v:72$55_ADDR[4:0]$144
   157/198: $1$memwr$\mem_im$/home/designer/shared/FFT/parallel_fft/design/rtl/buffer_parallel2serial.v:71$54_EN[7:0]$143
   158/198: $1$memwr$\mem_im$/home/designer/shared/FFT/parallel_fft/design/rtl/buffer_parallel2serial.v:71$54_DATA[7:0]$142
   159/198: $1$memwr$\mem_im$/home/designer/shared/FFT/parallel_fft/design/rtl/buffer_parallel2serial.v:71$54_ADDR[4:0]$141
   160/198: $1$memwr$\mem_re$/home/designer/shared/FFT/parallel_fft/design/rtl/buffer_parallel2serial.v:71$53_EN[7:0]$140
   161/198: $1$memwr$\mem_re$/home/designer/shared/FFT/parallel_fft/design/rtl/buffer_parallel2serial.v:71$53_DATA[7:0]$139
   162/198: $1$memwr$\mem_re$/home/designer/shared/FFT/parallel_fft/design/rtl/buffer_parallel2serial.v:71$53_ADDR[4:0]$138
   163/198: $1$memwr$\mem_im$/home/designer/shared/FFT/parallel_fft/design/rtl/buffer_parallel2serial.v:70$52_EN[7:0]$137
   164/198: $1$memwr$\mem_im$/home/designer/shared/FFT/parallel_fft/design/rtl/buffer_parallel2serial.v:70$52_DATA[7:0]$136
   165/198: $1$memwr$\mem_im$/home/designer/shared/FFT/parallel_fft/design/rtl/buffer_parallel2serial.v:70$52_ADDR[4:0]$135
   166/198: $1$memwr$\mem_re$/home/designer/shared/FFT/parallel_fft/design/rtl/buffer_parallel2serial.v:70$51_EN[7:0]$134
   167/198: $1$memwr$\mem_re$/home/designer/shared/FFT/parallel_fft/design/rtl/buffer_parallel2serial.v:70$51_DATA[7:0]$133
   168/198: $1$memwr$\mem_re$/home/designer/shared/FFT/parallel_fft/design/rtl/buffer_parallel2serial.v:70$51_ADDR[4:0]$132
   169/198: $1$memwr$\mem_im$/home/designer/shared/FFT/parallel_fft/design/rtl/buffer_parallel2serial.v:69$50_EN[7:0]$131
   170/198: $1$memwr$\mem_im$/home/designer/shared/FFT/parallel_fft/design/rtl/buffer_parallel2serial.v:69$50_DATA[7:0]$130
   171/198: $1$memwr$\mem_im$/home/designer/shared/FFT/parallel_fft/design/rtl/buffer_parallel2serial.v:69$50_ADDR[4:0]$129
   172/198: $1$memwr$\mem_re$/home/designer/shared/FFT/parallel_fft/design/rtl/buffer_parallel2serial.v:69$49_EN[7:0]$128
   173/198: $1$memwr$\mem_re$/home/designer/shared/FFT/parallel_fft/design/rtl/buffer_parallel2serial.v:69$49_DATA[7:0]$127
   174/198: $1$memwr$\mem_re$/home/designer/shared/FFT/parallel_fft/design/rtl/buffer_parallel2serial.v:69$49_ADDR[4:0]$126
   175/198: $1$memwr$\mem_im$/home/designer/shared/FFT/parallel_fft/design/rtl/buffer_parallel2serial.v:68$48_EN[7:0]$125
   176/198: $1$memwr$\mem_im$/home/designer/shared/FFT/parallel_fft/design/rtl/buffer_parallel2serial.v:68$48_DATA[7:0]$124
   177/198: $1$memwr$\mem_im$/home/designer/shared/FFT/parallel_fft/design/rtl/buffer_parallel2serial.v:68$48_ADDR[4:0]$123
   178/198: $1$memwr$\mem_re$/home/designer/shared/FFT/parallel_fft/design/rtl/buffer_parallel2serial.v:68$47_EN[7:0]$122
   179/198: $1$memwr$\mem_re$/home/designer/shared/FFT/parallel_fft/design/rtl/buffer_parallel2serial.v:68$47_DATA[7:0]$121
   180/198: $1$memwr$\mem_re$/home/designer/shared/FFT/parallel_fft/design/rtl/buffer_parallel2serial.v:68$47_ADDR[4:0]$120
   181/198: $1$memwr$\mem_im$/home/designer/shared/FFT/parallel_fft/design/rtl/buffer_parallel2serial.v:67$46_EN[7:0]$119
   182/198: $1$memwr$\mem_im$/home/designer/shared/FFT/parallel_fft/design/rtl/buffer_parallel2serial.v:67$46_DATA[7:0]$118
   183/198: $1$memwr$\mem_im$/home/designer/shared/FFT/parallel_fft/design/rtl/buffer_parallel2serial.v:67$46_ADDR[4:0]$117
   184/198: $1$memwr$\mem_re$/home/designer/shared/FFT/parallel_fft/design/rtl/buffer_parallel2serial.v:67$45_EN[7:0]$116
   185/198: $1$memwr$\mem_re$/home/designer/shared/FFT/parallel_fft/design/rtl/buffer_parallel2serial.v:67$45_DATA[7:0]$115
   186/198: $1$memwr$\mem_re$/home/designer/shared/FFT/parallel_fft/design/rtl/buffer_parallel2serial.v:67$45_ADDR[4:0]$114
   187/198: $1$memwr$\mem_im$/home/designer/shared/FFT/parallel_fft/design/rtl/buffer_parallel2serial.v:66$44_EN[7:0]$113
   188/198: $1$memwr$\mem_im$/home/designer/shared/FFT/parallel_fft/design/rtl/buffer_parallel2serial.v:66$44_DATA[7:0]$112
   189/198: $1$memwr$\mem_im$/home/designer/shared/FFT/parallel_fft/design/rtl/buffer_parallel2serial.v:66$44_ADDR[4:0]$111
   190/198: $1$memwr$\mem_re$/home/designer/shared/FFT/parallel_fft/design/rtl/buffer_parallel2serial.v:66$43_EN[7:0]$110
   191/198: $1$memwr$\mem_re$/home/designer/shared/FFT/parallel_fft/design/rtl/buffer_parallel2serial.v:66$43_DATA[7:0]$109
   192/198: $1$memwr$\mem_re$/home/designer/shared/FFT/parallel_fft/design/rtl/buffer_parallel2serial.v:66$43_ADDR[4:0]$108
   193/198: $0\read_ptr[4:0]
   194/198: $0\batch_count[1:0]
   195/198: $0\state[1:0]
   196/198: $0\o_valid[0:0]
   197/198: $0\o_data_im[7:0]
   198/198: $0\o_data_re[7:0]
Creating decoders for process `$paramod\rx_serializer\NB_DATA=s32'00000000000000000000000000001000.$proc$/home/designer/shared/FFT/parallel_fft/design/rtl/common_modules/rx_serializer.v:70$40'.
     1/6: $3\next_state[1:0]
     2/6: $2\next_cnt[4:0]
     3/6: $2\next_state[1:0]
     4/6: $1\next_state[1:0]
     5/6: $1\next_cnt[4:0]
     6/6: $1\next_shift[15:0]
Creating decoders for process `$paramod\rx_serializer\NB_DATA=s32'00000000000000000000000000001000.$proc$/home/designer/shared/FFT/parallel_fft/design/rtl/common_modules/rx_serializer.v:46$37'.
     1/6: $0\o_valid[0:0]
     2/6: $0\current_shift[15:0]
     3/6: $0\current_cnt[4:0]
     4/6: $0\current_state[1:0]
     5/6: $0\o_data_im[7:0]
     6/6: $0\o_data_re[7:0]
Creating decoders for process `$paramod\rx_serializer\NB_DATA=s32'00000000000000000000000000001000.$proc$/home/designer/shared/FFT/parallel_fft/design/rtl/common_modules/rx_serializer.v:39$33'.
     1/1: $0\data_d[0:0]
Creating decoders for process `$paramod\tx_serializer\NB_DATA=s32'00000000000000000000000000001000.$proc$/home/designer/shared/FFT/parallel_fft/design/rtl/common_modules/tx_serializer.v:59$27'.
     1/8: $3\next_state[1:0]
     2/8: $2\next_cnt[4:0]
     3/8: $2\next_state[1:0]
     4/8: $2\next_shift[15:0]
     5/8: $1\next_shift[15:0]
     6/8: $1\next_state[1:0]
     7/8: $1\data[0:0]
     8/8: $1\next_cnt[4:0]
Creating decoders for process `$paramod\tx_serializer\NB_DATA=s32'00000000000000000000000000001000.$proc$/home/designer/shared/FFT/parallel_fft/design/rtl/common_modules/tx_serializer.v:44$25'.
     1/4: $0\o_data[0:0]
     2/4: $0\current_shift[15:0]
     3/4: $0\current_cnt[4:0]
     4/4: $0\current_state[1:0]
Creating decoders for process `$paramod$e825517e76a6abfe988a8af00874d6681f9a4907\ds_switch.$proc$/home/designer/shared/FFT/parallel_fft/design/rtl/common_modules/ds_switch.v:159$586'.
Creating decoders for process `$paramod$e825517e76a6abfe988a8af00874d6681f9a4907\ds_switch.$proc$/home/designer/shared/FFT/parallel_fft/design/rtl/common_modules/ds_switch.v:131$582'.
     1/5: $4\valid_nstate[0:0]
     2/5: $3\valid_nstate[0:0]
     3/5: $2\valid_nstate[0:0]
     4/5: $1\valid_nstate[0:0]
     5/5: $1\valid[0:0]
Creating decoders for process `$paramod$e825517e76a6abfe988a8af00874d6681f9a4907\ds_switch.$proc$/home/designer/shared/FFT/parallel_fft/design/rtl/common_modules/ds_switch.v:109$579'.
     1/2: $0\valid_count[3:0]
     2/2: $0\valid_cstate[0:0]
Creating decoders for process `$paramod$e825517e76a6abfe988a8af00874d6681f9a4907\ds_switch.$proc$/home/designer/shared/FFT/parallel_fft/design/rtl/common_modules/ds_switch.v:83$575'.
     1/4: $3\next_state[0:0]
     2/4: $2\next_state[0:0]
     3/4: $1\next_state[0:0]
     4/4: $1\r_sel[0:0]
Creating decoders for process `$paramod$e825517e76a6abfe988a8af00874d6681f9a4907\ds_switch.$proc$/home/designer/shared/FFT/parallel_fft/design/rtl/common_modules/ds_switch.v:54$570'.
     1/2: $0\flag[0:0]
     2/2: $0\current_state[0:0]

33.8. Executing PROC_DLATCH pass (convert process syncs to latches).
No latch inferred for signal `$paramod$adef7b7f071f262d011b8eff237fe1297a531d6a\xfft_cell.\w_mult_r[0]' from process `$paramod$adef7b7f071f262d011b8eff237fe1297a531d6a\xfft_cell.$proc$/home/designer/shared/FFT/parallel_fft/design/rtl/common_modules/xfft_cell.v:0$557'.
No latch inferred for signal `$paramod$adef7b7f071f262d011b8eff237fe1297a531d6a\xfft_cell.\w_mult_r[1]' from process `$paramod$adef7b7f071f262d011b8eff237fe1297a531d6a\xfft_cell.$proc$/home/designer/shared/FFT/parallel_fft/design/rtl/common_modules/xfft_cell.v:0$557'.
No latch inferred for signal `$paramod$adef7b7f071f262d011b8eff237fe1297a531d6a\xfft_cell.\w_mult_i[0]' from process `$paramod$adef7b7f071f262d011b8eff237fe1297a531d6a\xfft_cell.$proc$/home/designer/shared/FFT/parallel_fft/design/rtl/common_modules/xfft_cell.v:0$557'.
No latch inferred for signal `$paramod$adef7b7f071f262d011b8eff237fe1297a531d6a\xfft_cell.\w_mult_i[1]' from process `$paramod$adef7b7f071f262d011b8eff237fe1297a531d6a\xfft_cell.$proc$/home/designer/shared/FFT/parallel_fft/design/rtl/common_modules/xfft_cell.v:0$557'.
No latch inferred for signal `$paramod$adef7b7f071f262d011b8eff237fe1297a531d6a\xfft_cell.\w_st2_data_r[0]' from process `$paramod$adef7b7f071f262d011b8eff237fe1297a531d6a\xfft_cell.$proc$/home/designer/shared/FFT/parallel_fft/design/rtl/common_modules/xfft_cell.v:0$557'.
No latch inferred for signal `$paramod$adef7b7f071f262d011b8eff237fe1297a531d6a\xfft_cell.\w_st2_data_r[1]' from process `$paramod$adef7b7f071f262d011b8eff237fe1297a531d6a\xfft_cell.$proc$/home/designer/shared/FFT/parallel_fft/design/rtl/common_modules/xfft_cell.v:0$557'.
No latch inferred for signal `$paramod$adef7b7f071f262d011b8eff237fe1297a531d6a\xfft_cell.\w_st2_data_i[0]' from process `$paramod$adef7b7f071f262d011b8eff237fe1297a531d6a\xfft_cell.$proc$/home/designer/shared/FFT/parallel_fft/design/rtl/common_modules/xfft_cell.v:0$557'.
No latch inferred for signal `$paramod$adef7b7f071f262d011b8eff237fe1297a531d6a\xfft_cell.\w_st2_data_i[1]' from process `$paramod$adef7b7f071f262d011b8eff237fe1297a531d6a\xfft_cell.$proc$/home/designer/shared/FFT/parallel_fft/design/rtl/common_modules/xfft_cell.v:0$557'.
No latch inferred for signal `$paramod$37c44c8171ec20227f00ac25948f2e851df399c9\ds_switch.\valid_nstate' from process `$paramod$37c44c8171ec20227f00ac25948f2e851df399c9\ds_switch.$proc$/home/designer/shared/FFT/parallel_fft/design/rtl/common_modules/ds_switch.v:131$532'.
No latch inferred for signal `$paramod$37c44c8171ec20227f00ac25948f2e851df399c9\ds_switch.\valid' from process `$paramod$37c44c8171ec20227f00ac25948f2e851df399c9\ds_switch.$proc$/home/designer/shared/FFT/parallel_fft/design/rtl/common_modules/ds_switch.v:131$532'.
No latch inferred for signal `$paramod$37c44c8171ec20227f00ac25948f2e851df399c9\ds_switch.\next_state' from process `$paramod$37c44c8171ec20227f00ac25948f2e851df399c9\ds_switch.$proc$/home/designer/shared/FFT/parallel_fft/design/rtl/common_modules/ds_switch.v:83$525'.
No latch inferred for signal `$paramod$37c44c8171ec20227f00ac25948f2e851df399c9\ds_switch.\r_sel' from process `$paramod$37c44c8171ec20227f00ac25948f2e851df399c9\ds_switch.$proc$/home/designer/shared/FFT/parallel_fft/design/rtl/common_modules/ds_switch.v:83$525'.
No latch inferred for signal `$paramod$ed12c0bd15db7b134ad06ea575abb269e0ee74ce\mdc8p_stage1.$mem2reg_rd$\w_twiddle_i$/home/designer/shared/FFT/parallel_fft/design/rtl/fft_mdc_8p/stages/mdc8p_stage1.v:79$503_DATA' from process `$paramod$ed12c0bd15db7b134ad06ea575abb269e0ee74ce\mdc8p_stage1.$proc$/home/designer/shared/FFT/parallel_fft/design/rtl/fft_mdc_8p/stages/mdc8p_stage1.v:0$517'.
No latch inferred for signal `$paramod$ed12c0bd15db7b134ad06ea575abb269e0ee74ce\mdc8p_stage1.$mem2reg_rd$\w_twiddle_r$/home/designer/shared/FFT/parallel_fft/design/rtl/fft_mdc_8p/stages/mdc8p_stage1.v:78$502_DATA' from process `$paramod$ed12c0bd15db7b134ad06ea575abb269e0ee74ce\mdc8p_stage1.$proc$/home/designer/shared/FFT/parallel_fft/design/rtl/fft_mdc_8p/stages/mdc8p_stage1.v:0$514'.
No latch inferred for signal `$paramod$ed12c0bd15db7b134ad06ea575abb269e0ee74ce\mdc8p_stage1.\w_twiddle_r[0]' from process `$paramod$ed12c0bd15db7b134ad06ea575abb269e0ee74ce\mdc8p_stage1.$proc$/home/designer/shared/FFT/parallel_fft/design/rtl/fft_mdc_8p/stages/mdc8p_stage1.v:0$509'.
No latch inferred for signal `$paramod$ed12c0bd15db7b134ad06ea575abb269e0ee74ce\mdc8p_stage1.\w_twiddle_r[1]' from process `$paramod$ed12c0bd15db7b134ad06ea575abb269e0ee74ce\mdc8p_stage1.$proc$/home/designer/shared/FFT/parallel_fft/design/rtl/fft_mdc_8p/stages/mdc8p_stage1.v:0$509'.
No latch inferred for signal `$paramod$ed12c0bd15db7b134ad06ea575abb269e0ee74ce\mdc8p_stage1.\w_twiddle_r[2]' from process `$paramod$ed12c0bd15db7b134ad06ea575abb269e0ee74ce\mdc8p_stage1.$proc$/home/designer/shared/FFT/parallel_fft/design/rtl/fft_mdc_8p/stages/mdc8p_stage1.v:0$509'.
No latch inferred for signal `$paramod$ed12c0bd15db7b134ad06ea575abb269e0ee74ce\mdc8p_stage1.\w_twiddle_r[3]' from process `$paramod$ed12c0bd15db7b134ad06ea575abb269e0ee74ce\mdc8p_stage1.$proc$/home/designer/shared/FFT/parallel_fft/design/rtl/fft_mdc_8p/stages/mdc8p_stage1.v:0$509'.
No latch inferred for signal `$paramod$ed12c0bd15db7b134ad06ea575abb269e0ee74ce\mdc8p_stage1.\w_twiddle_i[0]' from process `$paramod$ed12c0bd15db7b134ad06ea575abb269e0ee74ce\mdc8p_stage1.$proc$/home/designer/shared/FFT/parallel_fft/design/rtl/fft_mdc_8p/stages/mdc8p_stage1.v:0$509'.
No latch inferred for signal `$paramod$ed12c0bd15db7b134ad06ea575abb269e0ee74ce\mdc8p_stage1.\w_twiddle_i[1]' from process `$paramod$ed12c0bd15db7b134ad06ea575abb269e0ee74ce\mdc8p_stage1.$proc$/home/designer/shared/FFT/parallel_fft/design/rtl/fft_mdc_8p/stages/mdc8p_stage1.v:0$509'.
No latch inferred for signal `$paramod$ed12c0bd15db7b134ad06ea575abb269e0ee74ce\mdc8p_stage1.\w_twiddle_i[2]' from process `$paramod$ed12c0bd15db7b134ad06ea575abb269e0ee74ce\mdc8p_stage1.$proc$/home/designer/shared/FFT/parallel_fft/design/rtl/fft_mdc_8p/stages/mdc8p_stage1.v:0$509'.
No latch inferred for signal `$paramod$ed12c0bd15db7b134ad06ea575abb269e0ee74ce\mdc8p_stage1.\w_twiddle_i[3]' from process `$paramod$ed12c0bd15db7b134ad06ea575abb269e0ee74ce\mdc8p_stage1.$proc$/home/designer/shared/FFT/parallel_fft/design/rtl/fft_mdc_8p/stages/mdc8p_stage1.v:0$509'.
No latch inferred for signal `$paramod$15976f97eff3e7efba67231cdea386a8faf17143\mdc8p_stage3.\next_data0_r' from process `$paramod$15976f97eff3e7efba67231cdea386a8faf17143\mdc8p_stage3.$proc$/home/designer/shared/FFT/parallel_fft/design/rtl/fft_mdc_8p/stages/mdc8p_stage3.v:44$487'.
No latch inferred for signal `$paramod$15976f97eff3e7efba67231cdea386a8faf17143\mdc8p_stage3.\next_data0_i' from process `$paramod$15976f97eff3e7efba67231cdea386a8faf17143\mdc8p_stage3.$proc$/home/designer/shared/FFT/parallel_fft/design/rtl/fft_mdc_8p/stages/mdc8p_stage3.v:44$487'.
No latch inferred for signal `$paramod$15976f97eff3e7efba67231cdea386a8faf17143\mdc8p_stage3.\next_data1_r' from process `$paramod$15976f97eff3e7efba67231cdea386a8faf17143\mdc8p_stage3.$proc$/home/designer/shared/FFT/parallel_fft/design/rtl/fft_mdc_8p/stages/mdc8p_stage3.v:44$487'.
No latch inferred for signal `$paramod$15976f97eff3e7efba67231cdea386a8faf17143\mdc8p_stage3.\next_data1_i' from process `$paramod$15976f97eff3e7efba67231cdea386a8faf17143\mdc8p_stage3.$proc$/home/designer/shared/FFT/parallel_fft/design/rtl/fft_mdc_8p/stages/mdc8p_stage3.v:44$487'.
No latch inferred for signal `$paramod$9d48a4856d550f9261444b1c4abfe084c1906f00\debug_unit.\spi_rdata' from process `$paramod$9d48a4856d550f9261444b1c4abfe084c1906f00\debug_unit.$proc$/home/designer/shared/FFT/parallel_fft/design/rtl/debug_unit/debug_unit.v:118$445'.
No latch inferred for signal `$paramod\rx_serializer\NB_DATA=s32'00000000000000000000000000001000.\next_state' from process `$paramod\rx_serializer\NB_DATA=s32'00000000000000000000000000001000.$proc$/home/designer/shared/FFT/parallel_fft/design/rtl/common_modules/rx_serializer.v:70$40'.
No latch inferred for signal `$paramod\rx_serializer\NB_DATA=s32'00000000000000000000000000001000.\next_cnt' from process `$paramod\rx_serializer\NB_DATA=s32'00000000000000000000000000001000.$proc$/home/designer/shared/FFT/parallel_fft/design/rtl/common_modules/rx_serializer.v:70$40'.
No latch inferred for signal `$paramod\rx_serializer\NB_DATA=s32'00000000000000000000000000001000.\next_shift' from process `$paramod\rx_serializer\NB_DATA=s32'00000000000000000000000000001000.$proc$/home/designer/shared/FFT/parallel_fft/design/rtl/common_modules/rx_serializer.v:70$40'.
No latch inferred for signal `$paramod\tx_serializer\NB_DATA=s32'00000000000000000000000000001000.\next_state' from process `$paramod\tx_serializer\NB_DATA=s32'00000000000000000000000000001000.$proc$/home/designer/shared/FFT/parallel_fft/design/rtl/common_modules/tx_serializer.v:59$27'.
No latch inferred for signal `$paramod\tx_serializer\NB_DATA=s32'00000000000000000000000000001000.\next_cnt' from process `$paramod\tx_serializer\NB_DATA=s32'00000000000000000000000000001000.$proc$/home/designer/shared/FFT/parallel_fft/design/rtl/common_modules/tx_serializer.v:59$27'.
No latch inferred for signal `$paramod\tx_serializer\NB_DATA=s32'00000000000000000000000000001000.\next_shift' from process `$paramod\tx_serializer\NB_DATA=s32'00000000000000000000000000001000.$proc$/home/designer/shared/FFT/parallel_fft/design/rtl/common_modules/tx_serializer.v:59$27'.
No latch inferred for signal `$paramod\tx_serializer\NB_DATA=s32'00000000000000000000000000001000.\data' from process `$paramod\tx_serializer\NB_DATA=s32'00000000000000000000000000001000.$proc$/home/designer/shared/FFT/parallel_fft/design/rtl/common_modules/tx_serializer.v:59$27'.
No latch inferred for signal `$paramod$e825517e76a6abfe988a8af00874d6681f9a4907\ds_switch.\valid_nstate' from process `$paramod$e825517e76a6abfe988a8af00874d6681f9a4907\ds_switch.$proc$/home/designer/shared/FFT/parallel_fft/design/rtl/common_modules/ds_switch.v:131$582'.
No latch inferred for signal `$paramod$e825517e76a6abfe988a8af00874d6681f9a4907\ds_switch.\valid' from process `$paramod$e825517e76a6abfe988a8af00874d6681f9a4907\ds_switch.$proc$/home/designer/shared/FFT/parallel_fft/design/rtl/common_modules/ds_switch.v:131$582'.
No latch inferred for signal `$paramod$e825517e76a6abfe988a8af00874d6681f9a4907\ds_switch.\next_state' from process `$paramod$e825517e76a6abfe988a8af00874d6681f9a4907\ds_switch.$proc$/home/designer/shared/FFT/parallel_fft/design/rtl/common_modules/ds_switch.v:83$575'.
No latch inferred for signal `$paramod$e825517e76a6abfe988a8af00874d6681f9a4907\ds_switch.\r_sel' from process `$paramod$e825517e76a6abfe988a8af00874d6681f9a4907\ds_switch.$proc$/home/designer/shared/FFT/parallel_fft/design/rtl/common_modules/ds_switch.v:83$575'.

33.9. Executing PROC_DFF pass (convert process syncs to FFs).
Creating register for signal `\top_chip.\last_out_re' using process `\top_chip.$proc$/home/designer/shared/FFT/parallel_fft/design/rtl/top_chip.v:102$20'.
  created $adff cell `$procdff$3166' with positive edge clock and positive level reset.
Creating register for signal `\top_chip.\last_out_im' using process `\top_chip.$proc$/home/designer/shared/FFT/parallel_fft/design/rtl/top_chip.v:102$20'.
  created $adff cell `$procdff$3171' with positive edge clock and positive level reset.
Creating register for signal `\top_chip.\error_flags' using process `\top_chip.$proc$/home/designer/shared/FFT/parallel_fft/design/rtl/top_chip.v:90$17'.
  created $adff cell `$procdff$3176' with positive edge clock and positive level reset.
Creating register for signal `\top_chip.\cnt_inputs' using process `\top_chip.$proc$/home/designer/shared/FFT/parallel_fft/design/rtl/top_chip.v:70$6'.
  created $adff cell `$procdff$3181' with positive edge clock and positive level reset.
Creating register for signal `\top_chip.\cnt_outputs' using process `\top_chip.$proc$/home/designer/shared/FFT/parallel_fft/design/rtl/top_chip.v:70$6'.
  created $adff cell `$procdff$3186' with positive edge clock and positive level reset.
Creating register for signal `$paramod$adef7b7f071f262d011b8eff237fe1297a531d6a\xfft_cell.\r_pp2_valid' using process `$paramod$adef7b7f071f262d011b8eff237fe1297a531d6a\xfft_cell.$proc$/home/designer/shared/FFT/parallel_fft/design/rtl/common_modules/xfft_cell.v:102$542'.
  created $dff cell `$procdff$3187' with positive edge clock.
Creating register for signal `$paramod$adef7b7f071f262d011b8eff237fe1297a531d6a\xfft_cell.\r_pp2_mult_r[0]' using process `$paramod$adef7b7f071f262d011b8eff237fe1297a531d6a\xfft_cell.$proc$/home/designer/shared/FFT/parallel_fft/design/rtl/common_modules/xfft_cell.v:102$542'.
  created $dff cell `$procdff$3188' with positive edge clock.
Creating register for signal `$paramod$adef7b7f071f262d011b8eff237fe1297a531d6a\xfft_cell.\r_pp2_mult_r[1]' using process `$paramod$adef7b7f071f262d011b8eff237fe1297a531d6a\xfft_cell.$proc$/home/designer/shared/FFT/parallel_fft/design/rtl/common_modules/xfft_cell.v:102$542'.
  created $dff cell `$procdff$3189' with positive edge clock.
Creating register for signal `$paramod$adef7b7f071f262d011b8eff237fe1297a531d6a\xfft_cell.\r_pp2_mult_i[0]' using process `$paramod$adef7b7f071f262d011b8eff237fe1297a531d6a\xfft_cell.$proc$/home/designer/shared/FFT/parallel_fft/design/rtl/common_modules/xfft_cell.v:102$542'.
  created $dff cell `$procdff$3190' with positive edge clock.
Creating register for signal `$paramod$adef7b7f071f262d011b8eff237fe1297a531d6a\xfft_cell.\r_pp2_mult_i[1]' using process `$paramod$adef7b7f071f262d011b8eff237fe1297a531d6a\xfft_cell.$proc$/home/designer/shared/FFT/parallel_fft/design/rtl/common_modules/xfft_cell.v:102$542'.
  created $dff cell `$procdff$3191' with positive edge clock.
Creating register for signal `$paramod$adef7b7f071f262d011b8eff237fe1297a531d6a\xfft_cell.\r_pp1_data_r' using process `$paramod$adef7b7f071f262d011b8eff237fe1297a531d6a\xfft_cell.$proc$/home/designer/shared/FFT/parallel_fft/design/rtl/common_modules/xfft_cell.v:71$541'.
  created $dff cell `$procdff$3192' with positive edge clock.
Creating register for signal `$paramod$adef7b7f071f262d011b8eff237fe1297a531d6a\xfft_cell.\r_pp1_data_i' using process `$paramod$adef7b7f071f262d011b8eff237fe1297a531d6a\xfft_cell.$proc$/home/designer/shared/FFT/parallel_fft/design/rtl/common_modules/xfft_cell.v:71$541'.
  created $dff cell `$procdff$3193' with positive edge clock.
Creating register for signal `$paramod$adef7b7f071f262d011b8eff237fe1297a531d6a\xfft_cell.\r_pp1_tw_r' using process `$paramod$adef7b7f071f262d011b8eff237fe1297a531d6a\xfft_cell.$proc$/home/designer/shared/FFT/parallel_fft/design/rtl/common_modules/xfft_cell.v:71$541'.
  created $dff cell `$procdff$3194' with positive edge clock.
Creating register for signal `$paramod$adef7b7f071f262d011b8eff237fe1297a531d6a\xfft_cell.\r_pp1_tw_i' using process `$paramod$adef7b7f071f262d011b8eff237fe1297a531d6a\xfft_cell.$proc$/home/designer/shared/FFT/parallel_fft/design/rtl/common_modules/xfft_cell.v:71$541'.
  created $dff cell `$procdff$3195' with positive edge clock.
Creating register for signal `$paramod$adef7b7f071f262d011b8eff237fe1297a531d6a\xfft_cell.\r_pp1_valid' using process `$paramod$adef7b7f071f262d011b8eff237fe1297a531d6a\xfft_cell.$proc$/home/designer/shared/FFT/parallel_fft/design/rtl/common_modules/xfft_cell.v:71$541'.
  created $dff cell `$procdff$3196' with positive edge clock.
Creating register for signal `$paramod$37c44c8171ec20227f00ac25948f2e851df399c9\ds_switch.\ptr' using process `$paramod$37c44c8171ec20227f00ac25948f2e851df399c9\ds_switch.$proc$/home/designer/shared/FFT/parallel_fft/design/rtl/common_modules/ds_switch.v:159$536'.
  created $dff cell `$procdff$3197' with positive edge clock.
Creating register for signal `$paramod$37c44c8171ec20227f00ac25948f2e851df399c9\ds_switch.\r_idata_r[0]' using process `$paramod$37c44c8171ec20227f00ac25948f2e851df399c9\ds_switch.$proc$/home/designer/shared/FFT/parallel_fft/design/rtl/common_modules/ds_switch.v:159$536'.
  created $dff cell `$procdff$3198' with positive edge clock.
Creating register for signal `$paramod$37c44c8171ec20227f00ac25948f2e851df399c9\ds_switch.\r_idata_r[1]' using process `$paramod$37c44c8171ec20227f00ac25948f2e851df399c9\ds_switch.$proc$/home/designer/shared/FFT/parallel_fft/design/rtl/common_modules/ds_switch.v:159$536'.
  created $dff cell `$procdff$3199' with positive edge clock.
Creating register for signal `$paramod$37c44c8171ec20227f00ac25948f2e851df399c9\ds_switch.\r_idata_i[0]' using process `$paramod$37c44c8171ec20227f00ac25948f2e851df399c9\ds_switch.$proc$/home/designer/shared/FFT/parallel_fft/design/rtl/common_modules/ds_switch.v:159$536'.
  created $dff cell `$procdff$3200' with positive edge clock.
Creating register for signal `$paramod$37c44c8171ec20227f00ac25948f2e851df399c9\ds_switch.\r_idata_i[1]' using process `$paramod$37c44c8171ec20227f00ac25948f2e851df399c9\ds_switch.$proc$/home/designer/shared/FFT/parallel_fft/design/rtl/common_modules/ds_switch.v:159$536'.
  created $dff cell `$procdff$3201' with positive edge clock.
Creating register for signal `$paramod$37c44c8171ec20227f00ac25948f2e851df399c9\ds_switch.\r_odata_r[0]' using process `$paramod$37c44c8171ec20227f00ac25948f2e851df399c9\ds_switch.$proc$/home/designer/shared/FFT/parallel_fft/design/rtl/common_modules/ds_switch.v:159$536'.
  created $dff cell `$procdff$3202' with positive edge clock.
Creating register for signal `$paramod$37c44c8171ec20227f00ac25948f2e851df399c9\ds_switch.\r_odata_r[1]' using process `$paramod$37c44c8171ec20227f00ac25948f2e851df399c9\ds_switch.$proc$/home/designer/shared/FFT/parallel_fft/design/rtl/common_modules/ds_switch.v:159$536'.
  created $dff cell `$procdff$3203' with positive edge clock.
Creating register for signal `$paramod$37c44c8171ec20227f00ac25948f2e851df399c9\ds_switch.\r_odata_i[0]' using process `$paramod$37c44c8171ec20227f00ac25948f2e851df399c9\ds_switch.$proc$/home/designer/shared/FFT/parallel_fft/design/rtl/common_modules/ds_switch.v:159$536'.
  created $dff cell `$procdff$3204' with positive edge clock.
Creating register for signal `$paramod$37c44c8171ec20227f00ac25948f2e851df399c9\ds_switch.\r_odata_i[1]' using process `$paramod$37c44c8171ec20227f00ac25948f2e851df399c9\ds_switch.$proc$/home/designer/shared/FFT/parallel_fft/design/rtl/common_modules/ds_switch.v:159$536'.
  created $dff cell `$procdff$3205' with positive edge clock.
Creating register for signal `$paramod$37c44c8171ec20227f00ac25948f2e851df399c9\ds_switch.\valid_cstate' using process `$paramod$37c44c8171ec20227f00ac25948f2e851df399c9\ds_switch.$proc$/home/designer/shared/FFT/parallel_fft/design/rtl/common_modules/ds_switch.v:109$529'.
  created $adff cell `$procdff$3208' with positive edge clock and positive level reset.
Creating register for signal `$paramod$37c44c8171ec20227f00ac25948f2e851df399c9\ds_switch.\valid_count' using process `$paramod$37c44c8171ec20227f00ac25948f2e851df399c9\ds_switch.$proc$/home/designer/shared/FFT/parallel_fft/design/rtl/common_modules/ds_switch.v:109$529'.
  created $adff cell `$procdff$3211' with positive edge clock and positive level reset.
Creating register for signal `$paramod$37c44c8171ec20227f00ac25948f2e851df399c9\ds_switch.\current_state' using process `$paramod$37c44c8171ec20227f00ac25948f2e851df399c9\ds_switch.$proc$/home/designer/shared/FFT/parallel_fft/design/rtl/common_modules/ds_switch.v:54$520'.
  created $adff cell `$procdff$3214' with positive edge clock and positive level reset.
Creating register for signal `$paramod$37c44c8171ec20227f00ac25948f2e851df399c9\ds_switch.\flag' using process `$paramod$37c44c8171ec20227f00ac25948f2e851df399c9\ds_switch.$proc$/home/designer/shared/FFT/parallel_fft/design/rtl/common_modules/ds_switch.v:54$520'.
  created $adff cell `$procdff$3217' with positive edge clock and positive level reset.
Creating register for signal `$paramod$ed12c0bd15db7b134ad06ea575abb269e0ee74ce\mdc8p_stage1.\r_bt0_r[0]' using process `$paramod$ed12c0bd15db7b134ad06ea575abb269e0ee74ce\mdc8p_stage1.$proc$/home/designer/shared/FFT/parallel_fft/design/rtl/fft_mdc_8p/stages/mdc8p_stage1.v:123$508'.
  created $dff cell `$procdff$3218' with positive edge clock.
Creating register for signal `$paramod$ed12c0bd15db7b134ad06ea575abb269e0ee74ce\mdc8p_stage1.\r_bt0_r[1]' using process `$paramod$ed12c0bd15db7b134ad06ea575abb269e0ee74ce\mdc8p_stage1.$proc$/home/designer/shared/FFT/parallel_fft/design/rtl/fft_mdc_8p/stages/mdc8p_stage1.v:123$508'.
  created $dff cell `$procdff$3219' with positive edge clock.
Creating register for signal `$paramod$ed12c0bd15db7b134ad06ea575abb269e0ee74ce\mdc8p_stage1.\r_bt0_r[2]' using process `$paramod$ed12c0bd15db7b134ad06ea575abb269e0ee74ce\mdc8p_stage1.$proc$/home/designer/shared/FFT/parallel_fft/design/rtl/fft_mdc_8p/stages/mdc8p_stage1.v:123$508'.
  created $dff cell `$procdff$3220' with positive edge clock.
Creating register for signal `$paramod$ed12c0bd15db7b134ad06ea575abb269e0ee74ce\mdc8p_stage1.\r_bt0_i[0]' using process `$paramod$ed12c0bd15db7b134ad06ea575abb269e0ee74ce\mdc8p_stage1.$proc$/home/designer/shared/FFT/parallel_fft/design/rtl/fft_mdc_8p/stages/mdc8p_stage1.v:123$508'.
  created $dff cell `$procdff$3221' with positive edge clock.
Creating register for signal `$paramod$ed12c0bd15db7b134ad06ea575abb269e0ee74ce\mdc8p_stage1.\r_bt0_i[1]' using process `$paramod$ed12c0bd15db7b134ad06ea575abb269e0ee74ce\mdc8p_stage1.$proc$/home/designer/shared/FFT/parallel_fft/design/rtl/fft_mdc_8p/stages/mdc8p_stage1.v:123$508'.
  created $dff cell `$procdff$3222' with positive edge clock.
Creating register for signal `$paramod$ed12c0bd15db7b134ad06ea575abb269e0ee74ce\mdc8p_stage1.\r_bt0_i[2]' using process `$paramod$ed12c0bd15db7b134ad06ea575abb269e0ee74ce\mdc8p_stage1.$proc$/home/designer/shared/FFT/parallel_fft/design/rtl/fft_mdc_8p/stages/mdc8p_stage1.v:123$508'.
  created $dff cell `$procdff$3223' with positive edge clock.
Creating register for signal `$paramod$ed12c0bd15db7b134ad06ea575abb269e0ee74ce\mdc8p_stage1.\r_data0_r' using process `$paramod$ed12c0bd15db7b134ad06ea575abb269e0ee74ce\mdc8p_stage1.$proc$/home/designer/shared/FFT/parallel_fft/design/rtl/fft_mdc_8p/stages/mdc8p_stage1.v:98$507'.
  created $dff cell `$procdff$3224' with positive edge clock.
Creating register for signal `$paramod$ed12c0bd15db7b134ad06ea575abb269e0ee74ce\mdc8p_stage1.\r_data0_i' using process `$paramod$ed12c0bd15db7b134ad06ea575abb269e0ee74ce\mdc8p_stage1.$proc$/home/designer/shared/FFT/parallel_fft/design/rtl/fft_mdc_8p/stages/mdc8p_stage1.v:98$507'.
  created $dff cell `$procdff$3225' with positive edge clock.
Creating register for signal `$paramod$ed12c0bd15db7b134ad06ea575abb269e0ee74ce\mdc8p_stage1.\r_data1_r' using process `$paramod$ed12c0bd15db7b134ad06ea575abb269e0ee74ce\mdc8p_stage1.$proc$/home/designer/shared/FFT/parallel_fft/design/rtl/fft_mdc_8p/stages/mdc8p_stage1.v:98$507'.
  created $dff cell `$procdff$3226' with positive edge clock.
Creating register for signal `$paramod$ed12c0bd15db7b134ad06ea575abb269e0ee74ce\mdc8p_stage1.\r_data1_i' using process `$paramod$ed12c0bd15db7b134ad06ea575abb269e0ee74ce\mdc8p_stage1.$proc$/home/designer/shared/FFT/parallel_fft/design/rtl/fft_mdc_8p/stages/mdc8p_stage1.v:98$507'.
  created $dff cell `$procdff$3227' with positive edge clock.
Creating register for signal `$paramod$ed12c0bd15db7b134ad06ea575abb269e0ee74ce\mdc8p_stage1.\r_data_valid' using process `$paramod$ed12c0bd15db7b134ad06ea575abb269e0ee74ce\mdc8p_stage1.$proc$/home/designer/shared/FFT/parallel_fft/design/rtl/fft_mdc_8p/stages/mdc8p_stage1.v:98$507'.
  created $dff cell `$procdff$3228' with positive edge clock.
Creating register for signal `$paramod$ed12c0bd15db7b134ad06ea575abb269e0ee74ce\mdc8p_stage1.\r_count' using process `$paramod$ed12c0bd15db7b134ad06ea575abb269e0ee74ce\mdc8p_stage1.$proc$/home/designer/shared/FFT/parallel_fft/design/rtl/fft_mdc_8p/stages/mdc8p_stage1.v:81$504'.
  created $dff cell `$procdff$3229' with positive edge clock.
Creating register for signal `$paramod$0412e2692e4fb416d489fd1dda7f407e3f363dcc\mdc8p_stage2.\r_data0_r' using process `$paramod$0412e2692e4fb416d489fd1dda7f407e3f363dcc\mdc8p_stage2.$proc$/home/designer/shared/FFT/parallel_fft/design/rtl/fft_mdc_8p/stages/mdc8p_stage2.v:72$491'.
  created $dff cell `$procdff$3230' with positive edge clock.
Creating register for signal `$paramod$0412e2692e4fb416d489fd1dda7f407e3f363dcc\mdc8p_stage2.\r_data0_i' using process `$paramod$0412e2692e4fb416d489fd1dda7f407e3f363dcc\mdc8p_stage2.$proc$/home/designer/shared/FFT/parallel_fft/design/rtl/fft_mdc_8p/stages/mdc8p_stage2.v:72$491'.
  created $dff cell `$procdff$3231' with positive edge clock.
Creating register for signal `$paramod$0412e2692e4fb416d489fd1dda7f407e3f363dcc\mdc8p_stage2.\r_data1_r' using process `$paramod$0412e2692e4fb416d489fd1dda7f407e3f363dcc\mdc8p_stage2.$proc$/home/designer/shared/FFT/parallel_fft/design/rtl/fft_mdc_8p/stages/mdc8p_stage2.v:72$491'.
  created $dff cell `$procdff$3232' with positive edge clock.
Creating register for signal `$paramod$0412e2692e4fb416d489fd1dda7f407e3f363dcc\mdc8p_stage2.\r_data1_i' using process `$paramod$0412e2692e4fb416d489fd1dda7f407e3f363dcc\mdc8p_stage2.$proc$/home/designer/shared/FFT/parallel_fft/design/rtl/fft_mdc_8p/stages/mdc8p_stage2.v:72$491'.
  created $dff cell `$procdff$3233' with positive edge clock.
Creating register for signal `$paramod$0412e2692e4fb416d489fd1dda7f407e3f363dcc\mdc8p_stage2.\r_data_valid' using process `$paramod$0412e2692e4fb416d489fd1dda7f407e3f363dcc\mdc8p_stage2.$proc$/home/designer/shared/FFT/parallel_fft/design/rtl/fft_mdc_8p/stages/mdc8p_stage2.v:72$491'.
  created $dff cell `$procdff$3234' with positive edge clock.
Creating register for signal `$paramod$0412e2692e4fb416d489fd1dda7f407e3f363dcc\mdc8p_stage2.\r_count' using process `$paramod$0412e2692e4fb416d489fd1dda7f407e3f363dcc\mdc8p_stage2.$proc$/home/designer/shared/FFT/parallel_fft/design/rtl/fft_mdc_8p/stages/mdc8p_stage2.v:56$489'.
  created $adff cell `$procdff$3237' with positive edge clock and positive level reset.
Creating register for signal `$paramod$15976f97eff3e7efba67231cdea386a8faf17143\mdc8p_stage3.\o_valid' using process `$paramod$15976f97eff3e7efba67231cdea386a8faf17143\mdc8p_stage3.$proc$/home/designer/shared/FFT/parallel_fft/design/rtl/fft_mdc_8p/stages/mdc8p_stage3.v:59$488'.
  created $dff cell `$procdff$3238' with positive edge clock.
Creating register for signal `$paramod$15976f97eff3e7efba67231cdea386a8faf17143\mdc8p_stage3.\o_data1_r' using process `$paramod$15976f97eff3e7efba67231cdea386a8faf17143\mdc8p_stage3.$proc$/home/designer/shared/FFT/parallel_fft/design/rtl/fft_mdc_8p/stages/mdc8p_stage3.v:59$488'.
  created $dff cell `$procdff$3239' with positive edge clock.
Creating register for signal `$paramod$15976f97eff3e7efba67231cdea386a8faf17143\mdc8p_stage3.\o_data1_i' using process `$paramod$15976f97eff3e7efba67231cdea386a8faf17143\mdc8p_stage3.$proc$/home/designer/shared/FFT/parallel_fft/design/rtl/fft_mdc_8p/stages/mdc8p_stage3.v:59$488'.
  created $dff cell `$procdff$3240' with positive edge clock.
Creating register for signal `$paramod$15976f97eff3e7efba67231cdea386a8faf17143\mdc8p_stage3.\o_data2_r' using process `$paramod$15976f97eff3e7efba67231cdea386a8faf17143\mdc8p_stage3.$proc$/home/designer/shared/FFT/parallel_fft/design/rtl/fft_mdc_8p/stages/mdc8p_stage3.v:59$488'.
  created $dff cell `$procdff$3241' with positive edge clock.
Creating register for signal `$paramod$15976f97eff3e7efba67231cdea386a8faf17143\mdc8p_stage3.\o_data2_i' using process `$paramod$15976f97eff3e7efba67231cdea386a8faf17143\mdc8p_stage3.$proc$/home/designer/shared/FFT/parallel_fft/design/rtl/fft_mdc_8p/stages/mdc8p_stage3.v:59$488'.
  created $dff cell `$procdff$3242' with positive edge clock.
Creating register for signal `$paramod$822bb578bad106d066af788502e6b7c8175f5771\complex_multiplier.\o_real' using process `$paramod$822bb578bad106d066af788502e6b7c8175f5771\complex_multiplier.$proc$/home/designer/shared/FFT/parallel_fft/design/rtl/common_modules/complex_multiplier.v:53$486'.
  created $dff cell `$procdff$3243' with positive edge clock.
Creating register for signal `$paramod$822bb578bad106d066af788502e6b7c8175f5771\complex_multiplier.\o_imag' using process `$paramod$822bb578bad106d066af788502e6b7c8175f5771\complex_multiplier.$proc$/home/designer/shared/FFT/parallel_fft/design/rtl/common_modules/complex_multiplier.v:53$486'.
  created $dff cell `$procdff$3244' with positive edge clock.
Creating register for signal `$paramod\cdc_snapshot\DATA_WIDTH=s32'00000000000000000000000000001000.\data_out' using process `$paramod\cdc_snapshot\DATA_WIDTH=s32'00000000000000000000000000001000.$proc$/home/designer/shared/FFT/parallel_fft/design/rtl/debug_unit/cdc_snapshot.v:31$466'.
  created $adff cell `$procdff$3249' with positive edge clock and positive level reset.
Creating register for signal `$paramod\cdc_snapshot\DATA_WIDTH=s32'00000000000000000000000000001000.\trig_sync' using process `$paramod\cdc_snapshot\DATA_WIDTH=s32'00000000000000000000000000001000.$proc$/home/designer/shared/FFT/parallel_fft/design/rtl/debug_unit/cdc_snapshot.v:17$461'.
  created $adff cell `$procdff$3254' with positive edge clock and positive level reset.
Creating register for signal `$paramod$86c3a2406c43d36f373e6f546f8eb44128c55483\spi_slave_mode0.\tx_shift' using process `$paramod$86c3a2406c43d36f373e6f546f8eb44128c55483\spi_slave_mode0.$proc$/home/designer/shared/FFT/parallel_fft/design/rtl/debug_unit/spi_slave_mode0.v:119$456'.
  created $adff cell `$procdff$3259' with negative edge clock and positive level reset.
Creating register for signal `$paramod$86c3a2406c43d36f373e6f546f8eb44128c55483\spi_slave_mode0.\tx_cnt' using process `$paramod$86c3a2406c43d36f373e6f546f8eb44128c55483\spi_slave_mode0.$proc$/home/designer/shared/FFT/parallel_fft/design/rtl/debug_unit/spi_slave_mode0.v:119$456'.
  created $adff cell `$procdff$3264' with negative edge clock and positive level reset.
Creating register for signal `$paramod$86c3a2406c43d36f373e6f546f8eb44128c55483\spi_slave_mode0.\tx_active' using process `$paramod$86c3a2406c43d36f373e6f546f8eb44128c55483\spi_slave_mode0.$proc$/home/designer/shared/FFT/parallel_fft/design/rtl/debug_unit/spi_slave_mode0.v:119$456'.
  created $adff cell `$procdff$3269' with negative edge clock and positive level reset.
Creating register for signal `$paramod$86c3a2406c43d36f373e6f546f8eb44128c55483\spi_slave_mode0.\rd_toggle_q' using process `$paramod$86c3a2406c43d36f373e6f546f8eb44128c55483\spi_slave_mode0.$proc$/home/designer/shared/FFT/parallel_fft/design/rtl/debug_unit/spi_slave_mode0.v:119$456'.
  created $adff cell `$procdff$3274' with negative edge clock and positive level reset.
Creating register for signal `$paramod$86c3a2406c43d36f373e6f546f8eb44128c55483\spi_slave_mode0.\addr_out' using process `$paramod$86c3a2406c43d36f373e6f546f8eb44128c55483\spi_slave_mode0.$proc$/home/designer/shared/FFT/parallel_fft/design/rtl/debug_unit/spi_slave_mode0.v:60$448'.
  created $adff cell `$procdff$3279' with positive edge clock and positive level reset.
Creating register for signal `$paramod$86c3a2406c43d36f373e6f546f8eb44128c55483\spi_slave_mode0.\data_out' using process `$paramod$86c3a2406c43d36f373e6f546f8eb44128c55483\spi_slave_mode0.$proc$/home/designer/shared/FFT/parallel_fft/design/rtl/debug_unit/spi_slave_mode0.v:60$448'.
  created $adff cell `$procdff$3284' with positive edge clock and positive level reset.
Creating register for signal `$paramod$86c3a2406c43d36f373e6f546f8eb44128c55483\spi_slave_mode0.\write_enable' using process `$paramod$86c3a2406c43d36f373e6f546f8eb44128c55483\spi_slave_mode0.$proc$/home/designer/shared/FFT/parallel_fft/design/rtl/debug_unit/spi_slave_mode0.v:60$448'.
  created $adff cell `$procdff$3289' with positive edge clock and positive level reset.
Creating register for signal `$paramod$86c3a2406c43d36f373e6f546f8eb44128c55483\spi_slave_mode0.\done' using process `$paramod$86c3a2406c43d36f373e6f546f8eb44128c55483\spi_slave_mode0.$proc$/home/designer/shared/FFT/parallel_fft/design/rtl/debug_unit/spi_slave_mode0.v:60$448'.
  created $adff cell `$procdff$3294' with positive edge clock and positive level reset.
Creating register for signal `$paramod$86c3a2406c43d36f373e6f546f8eb44128c55483\spi_slave_mode0.\rx_frame' using process `$paramod$86c3a2406c43d36f373e6f546f8eb44128c55483\spi_slave_mode0.$proc$/home/designer/shared/FFT/parallel_fft/design/rtl/debug_unit/spi_slave_mode0.v:60$448'.
  created $adff cell `$procdff$3299' with positive edge clock and positive level reset.
Creating register for signal `$paramod$86c3a2406c43d36f373e6f546f8eb44128c55483\spi_slave_mode0.\rx_shift' using process `$paramod$86c3a2406c43d36f373e6f546f8eb44128c55483\spi_slave_mode0.$proc$/home/designer/shared/FFT/parallel_fft/design/rtl/debug_unit/spi_slave_mode0.v:60$448'.
  created $adff cell `$procdff$3304' with positive edge clock and positive level reset.
Creating register for signal `$paramod$86c3a2406c43d36f373e6f546f8eb44128c55483\spi_slave_mode0.\bit_cnt' using process `$paramod$86c3a2406c43d36f373e6f546f8eb44128c55483\spi_slave_mode0.$proc$/home/designer/shared/FFT/parallel_fft/design/rtl/debug_unit/spi_slave_mode0.v:60$448'.
  created $adff cell `$procdff$3309' with positive edge clock and positive level reset.
Creating register for signal `$paramod$86c3a2406c43d36f373e6f546f8eb44128c55483\spi_slave_mode0.\rw_latched' using process `$paramod$86c3a2406c43d36f373e6f546f8eb44128c55483\spi_slave_mode0.$proc$/home/designer/shared/FFT/parallel_fft/design/rtl/debug_unit/spi_slave_mode0.v:60$448'.
  created $adff cell `$procdff$3314' with positive edge clock and positive level reset.
Creating register for signal `$paramod$86c3a2406c43d36f373e6f546f8eb44128c55483\spi_slave_mode0.\addr_latched' using process `$paramod$86c3a2406c43d36f373e6f546f8eb44128c55483\spi_slave_mode0.$proc$/home/designer/shared/FFT/parallel_fft/design/rtl/debug_unit/spi_slave_mode0.v:60$448'.
  created $adff cell `$procdff$3319' with positive edge clock and positive level reset.
Creating register for signal `$paramod$86c3a2406c43d36f373e6f546f8eb44128c55483\spi_slave_mode0.\rd_toggle' using process `$paramod$86c3a2406c43d36f373e6f546f8eb44128c55483\spi_slave_mode0.$proc$/home/designer/shared/FFT/parallel_fft/design/rtl/debug_unit/spi_slave_mode0.v:60$448'.
  created $adff cell `$procdff$3324' with positive edge clock and positive level reset.
Creating register for signal `$paramod$86c3a2406c43d36f373e6f546f8eb44128c55483\spi_slave_mode0.\next_rx' using process `$paramod$86c3a2406c43d36f373e6f546f8eb44128c55483\spi_slave_mode0.$proc$/home/designer/shared/FFT/parallel_fft/design/rtl/debug_unit/spi_slave_mode0.v:60$448'.
  created $dff cell `$procdff$3331' with positive edge clock.
Creating register for signal `$paramod$9d48a4856d550f9261444b1c4abfe084c1906f00\debug_unit.\sys_config' using process `$paramod$9d48a4856d550f9261444b1c4abfe084c1906f00\debug_unit.$proc$/home/designer/shared/FFT/parallel_fft/design/rtl/debug_unit/debug_unit.v:102$443'.
  created $adff cell `$procdff$3336' with positive edge clock and positive level reset.
Creating register for signal `$paramod\shift_r4\NB_DATA=s32'00000000000000000000000000001000.\data_re_q' using process `$paramod\shift_r4\NB_DATA=s32'00000000000000000000000000001000.$proc$/home/designer/shared/FFT/parallel_fft/design/rtl/shift_r4.v:38$442'.
  created $dff cell `$procdff$3337' with positive edge clock.
Creating register for signal `$paramod\shift_r4\NB_DATA=s32'00000000000000000000000000001000.\data_im_q' using process `$paramod\shift_r4\NB_DATA=s32'00000000000000000000000000001000.$proc$/home/designer/shared/FFT/parallel_fft/design/rtl/shift_r4.v:38$442'.
  created $dff cell `$procdff$3338' with positive edge clock.
Creating register for signal `$paramod\shift_r4\NB_DATA=s32'00000000000000000000000000001000.\valid_q' using process `$paramod\shift_r4\NB_DATA=s32'00000000000000000000000000001000.$proc$/home/designer/shared/FFT/parallel_fft/design/rtl/shift_r4.v:38$442'.
  created $dff cell `$procdff$3339' with positive edge clock.
Creating register for signal `$paramod\shift_r4\NB_DATA=s32'00000000000000000000000000001000.\k' using process `$paramod\shift_r4\NB_DATA=s32'00000000000000000000000000001000.$proc$/home/designer/shared/FFT/parallel_fft/design/rtl/shift_r4.v:38$442'.
  created $dff cell `$procdff$3340' with positive edge clock.
Creating register for signal `$paramod$822bb578bad106d066af788502e6b7c8175f5771\fft4.\o_data0_re' using process `$paramod$822bb578bad106d066af788502e6b7c8175f5771\fft4.$proc$/home/designer/shared/FFT/parallel_fft/design/rtl/fft4.v:146$440'.
  created $dff cell `$procdff$3341' with positive edge clock.
Creating register for signal `$paramod$822bb578bad106d066af788502e6b7c8175f5771\fft4.\o_data0_im' using process `$paramod$822bb578bad106d066af788502e6b7c8175f5771\fft4.$proc$/home/designer/shared/FFT/parallel_fft/design/rtl/fft4.v:146$440'.
  created $dff cell `$procdff$3342' with positive edge clock.
Creating register for signal `$paramod$822bb578bad106d066af788502e6b7c8175f5771\fft4.\o_data1_re' using process `$paramod$822bb578bad106d066af788502e6b7c8175f5771\fft4.$proc$/home/designer/shared/FFT/parallel_fft/design/rtl/fft4.v:146$440'.
  created $dff cell `$procdff$3343' with positive edge clock.
Creating register for signal `$paramod$822bb578bad106d066af788502e6b7c8175f5771\fft4.\o_data1_im' using process `$paramod$822bb578bad106d066af788502e6b7c8175f5771\fft4.$proc$/home/designer/shared/FFT/parallel_fft/design/rtl/fft4.v:146$440'.
  created $dff cell `$procdff$3344' with positive edge clock.
Creating register for signal `$paramod$822bb578bad106d066af788502e6b7c8175f5771\fft4.\o_data2_re' using process `$paramod$822bb578bad106d066af788502e6b7c8175f5771\fft4.$proc$/home/designer/shared/FFT/parallel_fft/design/rtl/fft4.v:146$440'.
  created $dff cell `$procdff$3345' with positive edge clock.
Creating register for signal `$paramod$822bb578bad106d066af788502e6b7c8175f5771\fft4.\o_data2_im' using process `$paramod$822bb578bad106d066af788502e6b7c8175f5771\fft4.$proc$/home/designer/shared/FFT/parallel_fft/design/rtl/fft4.v:146$440'.
  created $dff cell `$procdff$3346' with positive edge clock.
Creating register for signal `$paramod$822bb578bad106d066af788502e6b7c8175f5771\fft4.\o_data3_re' using process `$paramod$822bb578bad106d066af788502e6b7c8175f5771\fft4.$proc$/home/designer/shared/FFT/parallel_fft/design/rtl/fft4.v:146$440'.
  created $dff cell `$procdff$3347' with positive edge clock.
Creating register for signal `$paramod$822bb578bad106d066af788502e6b7c8175f5771\fft4.\o_data3_im' using process `$paramod$822bb578bad106d066af788502e6b7c8175f5771\fft4.$proc$/home/designer/shared/FFT/parallel_fft/design/rtl/fft4.v:146$440'.
  created $dff cell `$procdff$3348' with positive edge clock.
Creating register for signal `$paramod$822bb578bad106d066af788502e6b7c8175f5771\fft4.\s2_x0_re' using process `$paramod$822bb578bad106d066af788502e6b7c8175f5771\fft4.$proc$/home/designer/shared/FFT/parallel_fft/design/rtl/fft4.v:116$426'.
  created $dff cell `$procdff$3349' with positive edge clock.
Creating register for signal `$paramod$822bb578bad106d066af788502e6b7c8175f5771\fft4.\s2_x0_im' using process `$paramod$822bb578bad106d066af788502e6b7c8175f5771\fft4.$proc$/home/designer/shared/FFT/parallel_fft/design/rtl/fft4.v:116$426'.
  created $dff cell `$procdff$3350' with positive edge clock.
Creating register for signal `$paramod$822bb578bad106d066af788502e6b7c8175f5771\fft4.\s2_x1_re' using process `$paramod$822bb578bad106d066af788502e6b7c8175f5771\fft4.$proc$/home/designer/shared/FFT/parallel_fft/design/rtl/fft4.v:116$426'.
  created $dff cell `$procdff$3351' with positive edge clock.
Creating register for signal `$paramod$822bb578bad106d066af788502e6b7c8175f5771\fft4.\s2_x1_im' using process `$paramod$822bb578bad106d066af788502e6b7c8175f5771\fft4.$proc$/home/designer/shared/FFT/parallel_fft/design/rtl/fft4.v:116$426'.
  created $dff cell `$procdff$3352' with positive edge clock.
Creating register for signal `$paramod$822bb578bad106d066af788502e6b7c8175f5771\fft4.\s2_x2_re' using process `$paramod$822bb578bad106d066af788502e6b7c8175f5771\fft4.$proc$/home/designer/shared/FFT/parallel_fft/design/rtl/fft4.v:116$426'.
  created $dff cell `$procdff$3353' with positive edge clock.
Creating register for signal `$paramod$822bb578bad106d066af788502e6b7c8175f5771\fft4.\s2_x2_im' using process `$paramod$822bb578bad106d066af788502e6b7c8175f5771\fft4.$proc$/home/designer/shared/FFT/parallel_fft/design/rtl/fft4.v:116$426'.
  created $dff cell `$procdff$3354' with positive edge clock.
Creating register for signal `$paramod$822bb578bad106d066af788502e6b7c8175f5771\fft4.\s2_x3_re' using process `$paramod$822bb578bad106d066af788502e6b7c8175f5771\fft4.$proc$/home/designer/shared/FFT/parallel_fft/design/rtl/fft4.v:116$426'.
  created $dff cell `$procdff$3355' with positive edge clock.
Creating register for signal `$paramod$822bb578bad106d066af788502e6b7c8175f5771\fft4.\s2_x3_im' using process `$paramod$822bb578bad106d066af788502e6b7c8175f5771\fft4.$proc$/home/designer/shared/FFT/parallel_fft/design/rtl/fft4.v:116$426'.
  created $dff cell `$procdff$3356' with positive edge clock.
Creating register for signal `$paramod$822bb578bad106d066af788502e6b7c8175f5771\fft4.\s1_ev_sum_re' using process `$paramod$822bb578bad106d066af788502e6b7c8175f5771\fft4.$proc$/home/designer/shared/FFT/parallel_fft/design/rtl/fft4.v:101$416'.
  created $dff cell `$procdff$3357' with positive edge clock.
Creating register for signal `$paramod$822bb578bad106d066af788502e6b7c8175f5771\fft4.\s1_ev_sum_im' using process `$paramod$822bb578bad106d066af788502e6b7c8175f5771\fft4.$proc$/home/designer/shared/FFT/parallel_fft/design/rtl/fft4.v:101$416'.
  created $dff cell `$procdff$3358' with positive edge clock.
Creating register for signal `$paramod$822bb578bad106d066af788502e6b7c8175f5771\fft4.\s1_ev_sub_re' using process `$paramod$822bb578bad106d066af788502e6b7c8175f5771\fft4.$proc$/home/designer/shared/FFT/parallel_fft/design/rtl/fft4.v:101$416'.
  created $dff cell `$procdff$3359' with positive edge clock.
Creating register for signal `$paramod$822bb578bad106d066af788502e6b7c8175f5771\fft4.\s1_ev_sub_im' using process `$paramod$822bb578bad106d066af788502e6b7c8175f5771\fft4.$proc$/home/designer/shared/FFT/parallel_fft/design/rtl/fft4.v:101$416'.
  created $dff cell `$procdff$3360' with positive edge clock.
Creating register for signal `$paramod$822bb578bad106d066af788502e6b7c8175f5771\fft4.\s1_od_sum_re' using process `$paramod$822bb578bad106d066af788502e6b7c8175f5771\fft4.$proc$/home/designer/shared/FFT/parallel_fft/design/rtl/fft4.v:101$416'.
  created $dff cell `$procdff$3361' with positive edge clock.
Creating register for signal `$paramod$822bb578bad106d066af788502e6b7c8175f5771\fft4.\s1_od_sum_im' using process `$paramod$822bb578bad106d066af788502e6b7c8175f5771\fft4.$proc$/home/designer/shared/FFT/parallel_fft/design/rtl/fft4.v:101$416'.
  created $dff cell `$procdff$3362' with positive edge clock.
Creating register for signal `$paramod$822bb578bad106d066af788502e6b7c8175f5771\fft4.\s1_od_sub_re' using process `$paramod$822bb578bad106d066af788502e6b7c8175f5771\fft4.$proc$/home/designer/shared/FFT/parallel_fft/design/rtl/fft4.v:101$416'.
  created $dff cell `$procdff$3363' with positive edge clock.
Creating register for signal `$paramod$822bb578bad106d066af788502e6b7c8175f5771\fft4.\s1_od_sub_im' using process `$paramod$822bb578bad106d066af788502e6b7c8175f5771\fft4.$proc$/home/designer/shared/FFT/parallel_fft/design/rtl/fft4.v:101$416'.
  created $dff cell `$procdff$3364' with positive edge clock.
Creating register for signal `$paramod$822bb578bad106d066af788502e6b7c8175f5771\fft4.\r_x0_re' using process `$paramod$822bb578bad106d066af788502e6b7c8175f5771\fft4.$proc$/home/designer/shared/FFT/parallel_fft/design/rtl/fft4.v:92$414'.
  created $dff cell `$procdff$3365' with positive edge clock.
Creating register for signal `$paramod$822bb578bad106d066af788502e6b7c8175f5771\fft4.\r_x0_im' using process `$paramod$822bb578bad106d066af788502e6b7c8175f5771\fft4.$proc$/home/designer/shared/FFT/parallel_fft/design/rtl/fft4.v:92$414'.
  created $dff cell `$procdff$3366' with positive edge clock.
Creating register for signal `$paramod$822bb578bad106d066af788502e6b7c8175f5771\fft4.\r_x1_re' using process `$paramod$822bb578bad106d066af788502e6b7c8175f5771\fft4.$proc$/home/designer/shared/FFT/parallel_fft/design/rtl/fft4.v:92$414'.
  created $dff cell `$procdff$3367' with positive edge clock.
Creating register for signal `$paramod$822bb578bad106d066af788502e6b7c8175f5771\fft4.\r_x1_im' using process `$paramod$822bb578bad106d066af788502e6b7c8175f5771\fft4.$proc$/home/designer/shared/FFT/parallel_fft/design/rtl/fft4.v:92$414'.
  created $dff cell `$procdff$3368' with positive edge clock.
Creating register for signal `$paramod$822bb578bad106d066af788502e6b7c8175f5771\fft4.\r_x2_re' using process `$paramod$822bb578bad106d066af788502e6b7c8175f5771\fft4.$proc$/home/designer/shared/FFT/parallel_fft/design/rtl/fft4.v:92$414'.
  created $dff cell `$procdff$3369' with positive edge clock.
Creating register for signal `$paramod$822bb578bad106d066af788502e6b7c8175f5771\fft4.\r_x2_im' using process `$paramod$822bb578bad106d066af788502e6b7c8175f5771\fft4.$proc$/home/designer/shared/FFT/parallel_fft/design/rtl/fft4.v:92$414'.
  created $dff cell `$procdff$3370' with positive edge clock.
Creating register for signal `$paramod$822bb578bad106d066af788502e6b7c8175f5771\fft4.\r_x3_re' using process `$paramod$822bb578bad106d066af788502e6b7c8175f5771\fft4.$proc$/home/designer/shared/FFT/parallel_fft/design/rtl/fft4.v:92$414'.
  created $dff cell `$procdff$3371' with positive edge clock.
Creating register for signal `$paramod$822bb578bad106d066af788502e6b7c8175f5771\fft4.\r_x3_im' using process `$paramod$822bb578bad106d066af788502e6b7c8175f5771\fft4.$proc$/home/designer/shared/FFT/parallel_fft/design/rtl/fft4.v:92$414'.
  created $dff cell `$procdff$3372' with positive edge clock.
Creating register for signal `$paramod$822bb578bad106d066af788502e6b7c8175f5771\fft4.\valid_q' using process `$paramod$822bb578bad106d066af788502e6b7c8175f5771\fft4.$proc$/home/designer/shared/FFT/parallel_fft/design/rtl/fft4.v:73$413'.
  created $dff cell `$procdff$3373' with positive edge clock.
Creating register for signal `$paramod$822bb578bad106d066af788502e6b7c8175f5771\fft4.\inv_q' using process `$paramod$822bb578bad106d066af788502e6b7c8175f5771\fft4.$proc$/home/designer/shared/FFT/parallel_fft/design/rtl/fft4.v:73$413'.
  created $dff cell `$procdff$3374' with positive edge clock.
Creating register for signal `$paramod$822bb578bad106d066af788502e6b7c8175f5771\fft4.\valid_2q' using process `$paramod$822bb578bad106d066af788502e6b7c8175f5771\fft4.$proc$/home/designer/shared/FFT/parallel_fft/design/rtl/fft4.v:73$413'.
  created $dff cell `$procdff$3375' with positive edge clock.
Creating register for signal `$paramod$822bb578bad106d066af788502e6b7c8175f5771\fft4.\valid_3q' using process `$paramod$822bb578bad106d066af788502e6b7c8175f5771\fft4.$proc$/home/designer/shared/FFT/parallel_fft/design/rtl/fft4.v:73$413'.
  created $dff cell `$procdff$3376' with positive edge clock.
Creating register for signal `$paramod$822bb578bad106d066af788502e6b7c8175f5771\fft4.\valid_4q' using process `$paramod$822bb578bad106d066af788502e6b7c8175f5771\fft4.$proc$/home/designer/shared/FFT/parallel_fft/design/rtl/fft4.v:73$413'.
  created $dff cell `$procdff$3377' with positive edge clock.
Creating register for signal `$paramod$822bb578bad106d066af788502e6b7c8175f5771\fft4.\inv_2q' using process `$paramod$822bb578bad106d066af788502e6b7c8175f5771\fft4.$proc$/home/designer/shared/FFT/parallel_fft/design/rtl/fft4.v:73$413'.
  created $dff cell `$procdff$3378' with positive edge clock.
Creating register for signal `$paramod$55e188ae133e8a9a9b845f543e216dcb7898452c\twiddle_interface.\o_valid' using process `$paramod$55e188ae133e8a9a9b845f543e216dcb7898452c\twiddle_interface.$proc$/home/designer/shared/FFT/parallel_fft/design/rtl/twiddle_interface/twiddle_interface.v:175$412'.
  created $dff cell `$procdff$3379' with positive edge clock.
Creating register for signal `$paramod$55e188ae133e8a9a9b845f543e216dcb7898452c\twiddle_interface.\o_data0_re' using process `$paramod$55e188ae133e8a9a9b845f543e216dcb7898452c\twiddle_interface.$proc$/home/designer/shared/FFT/parallel_fft/design/rtl/twiddle_interface/twiddle_interface.v:175$412'.
  created $dff cell `$procdff$3380' with positive edge clock.
Creating register for signal `$paramod$55e188ae133e8a9a9b845f543e216dcb7898452c\twiddle_interface.\o_data0_im' using process `$paramod$55e188ae133e8a9a9b845f543e216dcb7898452c\twiddle_interface.$proc$/home/designer/shared/FFT/parallel_fft/design/rtl/twiddle_interface/twiddle_interface.v:175$412'.
  created $dff cell `$procdff$3381' with positive edge clock.
Creating register for signal `$paramod$55e188ae133e8a9a9b845f543e216dcb7898452c\twiddle_interface.\o_data1_re' using process `$paramod$55e188ae133e8a9a9b845f543e216dcb7898452c\twiddle_interface.$proc$/home/designer/shared/FFT/parallel_fft/design/rtl/twiddle_interface/twiddle_interface.v:175$412'.
  created $dff cell `$procdff$3382' with positive edge clock.
Creating register for signal `$paramod$55e188ae133e8a9a9b845f543e216dcb7898452c\twiddle_interface.\o_data1_im' using process `$paramod$55e188ae133e8a9a9b845f543e216dcb7898452c\twiddle_interface.$proc$/home/designer/shared/FFT/parallel_fft/design/rtl/twiddle_interface/twiddle_interface.v:175$412'.
  created $dff cell `$procdff$3383' with positive edge clock.
Creating register for signal `$paramod$55e188ae133e8a9a9b845f543e216dcb7898452c\twiddle_interface.\o_data2_re' using process `$paramod$55e188ae133e8a9a9b845f543e216dcb7898452c\twiddle_interface.$proc$/home/designer/shared/FFT/parallel_fft/design/rtl/twiddle_interface/twiddle_interface.v:175$412'.
  created $dff cell `$procdff$3384' with positive edge clock.
Creating register for signal `$paramod$55e188ae133e8a9a9b845f543e216dcb7898452c\twiddle_interface.\o_data2_im' using process `$paramod$55e188ae133e8a9a9b845f543e216dcb7898452c\twiddle_interface.$proc$/home/designer/shared/FFT/parallel_fft/design/rtl/twiddle_interface/twiddle_interface.v:175$412'.
  created $dff cell `$procdff$3385' with positive edge clock.
Creating register for signal `$paramod$55e188ae133e8a9a9b845f543e216dcb7898452c\twiddle_interface.\o_data3_re' using process `$paramod$55e188ae133e8a9a9b845f543e216dcb7898452c\twiddle_interface.$proc$/home/designer/shared/FFT/parallel_fft/design/rtl/twiddle_interface/twiddle_interface.v:175$412'.
  created $dff cell `$procdff$3386' with positive edge clock.
Creating register for signal `$paramod$55e188ae133e8a9a9b845f543e216dcb7898452c\twiddle_interface.\o_data3_im' using process `$paramod$55e188ae133e8a9a9b845f543e216dcb7898452c\twiddle_interface.$proc$/home/designer/shared/FFT/parallel_fft/design/rtl/twiddle_interface/twiddle_interface.v:175$412'.
  created $dff cell `$procdff$3387' with positive edge clock.
Creating register for signal `$paramod$55e188ae133e8a9a9b845f543e216dcb7898452c\twiddle_interface.\data0_re_2q' using process `$paramod$55e188ae133e8a9a9b845f543e216dcb7898452c\twiddle_interface.$proc$/home/designer/shared/FFT/parallel_fft/design/rtl/twiddle_interface/twiddle_interface.v:133$411'.
  created $dff cell `$procdff$3388' with positive edge clock.
Creating register for signal `$paramod$55e188ae133e8a9a9b845f543e216dcb7898452c\twiddle_interface.\data0_im_2q' using process `$paramod$55e188ae133e8a9a9b845f543e216dcb7898452c\twiddle_interface.$proc$/home/designer/shared/FFT/parallel_fft/design/rtl/twiddle_interface/twiddle_interface.v:133$411'.
  created $dff cell `$procdff$3389' with positive edge clock.
Creating register for signal `$paramod$55e188ae133e8a9a9b845f543e216dcb7898452c\twiddle_interface.\data0_re_q' using process `$paramod$55e188ae133e8a9a9b845f543e216dcb7898452c\twiddle_interface.$proc$/home/designer/shared/FFT/parallel_fft/design/rtl/twiddle_interface/twiddle_interface.v:124$410'.
  created $dff cell `$procdff$3390' with positive edge clock.
Creating register for signal `$paramod$55e188ae133e8a9a9b845f543e216dcb7898452c\twiddle_interface.\data0_im_q' using process `$paramod$55e188ae133e8a9a9b845f543e216dcb7898452c\twiddle_interface.$proc$/home/designer/shared/FFT/parallel_fft/design/rtl/twiddle_interface/twiddle_interface.v:124$410'.
  created $dff cell `$procdff$3391' with positive edge clock.
Creating register for signal `$paramod$55e188ae133e8a9a9b845f543e216dcb7898452c\twiddle_interface.\data1_re_q' using process `$paramod$55e188ae133e8a9a9b845f543e216dcb7898452c\twiddle_interface.$proc$/home/designer/shared/FFT/parallel_fft/design/rtl/twiddle_interface/twiddle_interface.v:124$410'.
  created $dff cell `$procdff$3392' with positive edge clock.
Creating register for signal `$paramod$55e188ae133e8a9a9b845f543e216dcb7898452c\twiddle_interface.\data1_im_q' using process `$paramod$55e188ae133e8a9a9b845f543e216dcb7898452c\twiddle_interface.$proc$/home/designer/shared/FFT/parallel_fft/design/rtl/twiddle_interface/twiddle_interface.v:124$410'.
  created $dff cell `$procdff$3393' with positive edge clock.
Creating register for signal `$paramod$55e188ae133e8a9a9b845f543e216dcb7898452c\twiddle_interface.\data2_re_q' using process `$paramod$55e188ae133e8a9a9b845f543e216dcb7898452c\twiddle_interface.$proc$/home/designer/shared/FFT/parallel_fft/design/rtl/twiddle_interface/twiddle_interface.v:124$410'.
  created $dff cell `$procdff$3394' with positive edge clock.
Creating register for signal `$paramod$55e188ae133e8a9a9b845f543e216dcb7898452c\twiddle_interface.\data2_im_q' using process `$paramod$55e188ae133e8a9a9b845f543e216dcb7898452c\twiddle_interface.$proc$/home/designer/shared/FFT/parallel_fft/design/rtl/twiddle_interface/twiddle_interface.v:124$410'.
  created $dff cell `$procdff$3395' with positive edge clock.
Creating register for signal `$paramod$55e188ae133e8a9a9b845f543e216dcb7898452c\twiddle_interface.\data3_re_q' using process `$paramod$55e188ae133e8a9a9b845f543e216dcb7898452c\twiddle_interface.$proc$/home/designer/shared/FFT/parallel_fft/design/rtl/twiddle_interface/twiddle_interface.v:124$410'.
  created $dff cell `$procdff$3396' with positive edge clock.
Creating register for signal `$paramod$55e188ae133e8a9a9b845f543e216dcb7898452c\twiddle_interface.\data3_im_q' using process `$paramod$55e188ae133e8a9a9b845f543e216dcb7898452c\twiddle_interface.$proc$/home/designer/shared/FFT/parallel_fft/design/rtl/twiddle_interface/twiddle_interface.v:124$410'.
  created $dff cell `$procdff$3397' with positive edge clock.
Creating register for signal `$paramod$55e188ae133e8a9a9b845f543e216dcb7898452c\twiddle_interface.\cnt_q' using process `$paramod$55e188ae133e8a9a9b845f543e216dcb7898452c\twiddle_interface.$proc$/home/designer/shared/FFT/parallel_fft/design/rtl/twiddle_interface/twiddle_interface.v:106$407'.
  created $dff cell `$procdff$3398' with positive edge clock.
Creating register for signal `$paramod$55e188ae133e8a9a9b845f543e216dcb7898452c\twiddle_interface.\inv_q' using process `$paramod$55e188ae133e8a9a9b845f543e216dcb7898452c\twiddle_interface.$proc$/home/designer/shared/FFT/parallel_fft/design/rtl/twiddle_interface/twiddle_interface.v:106$407'.
  created $dff cell `$procdff$3399' with positive edge clock.
Creating register for signal `$paramod$55e188ae133e8a9a9b845f543e216dcb7898452c\twiddle_interface.\val_q' using process `$paramod$55e188ae133e8a9a9b845f543e216dcb7898452c\twiddle_interface.$proc$/home/designer/shared/FFT/parallel_fft/design/rtl/twiddle_interface/twiddle_interface.v:106$407'.
  created $dff cell `$procdff$3400' with positive edge clock.
Creating register for signal `$paramod$55e188ae133e8a9a9b845f543e216dcb7898452c\twiddle_interface.\val_2q' using process `$paramod$55e188ae133e8a9a9b845f543e216dcb7898452c\twiddle_interface.$proc$/home/designer/shared/FFT/parallel_fft/design/rtl/twiddle_interface/twiddle_interface.v:106$407'.
  created $dff cell `$procdff$3401' with positive edge clock.
Creating register for signal `$paramod\shift_r2\NB_DATA=s32'00000000000000000000000000001000.\data_re_q' using process `$paramod\shift_r2\NB_DATA=s32'00000000000000000000000000001000.$proc$/home/designer/shared/FFT/parallel_fft/design/rtl/shift_r2.v:32$307'.
  created $dff cell `$procdff$3402' with positive edge clock.
Creating register for signal `$paramod\shift_r2\NB_DATA=s32'00000000000000000000000000001000.\data_im_q' using process `$paramod\shift_r2\NB_DATA=s32'00000000000000000000000000001000.$proc$/home/designer/shared/FFT/parallel_fft/design/rtl/shift_r2.v:32$307'.
  created $dff cell `$procdff$3403' with positive edge clock.
Creating register for signal `$paramod\shift_r2\NB_DATA=s32'00000000000000000000000000001000.\valid_q' using process `$paramod\shift_r2\NB_DATA=s32'00000000000000000000000000001000.$proc$/home/designer/shared/FFT/parallel_fft/design/rtl/shift_r2.v:32$307'.
  created $dff cell `$procdff$3404' with positive edge clock.
Creating register for signal `$paramod\buffer_parallel2serial\NB_DATA=s32'00000000000000000000000000001000.\o_data_re' using process `$paramod\buffer_parallel2serial\NB_DATA=s32'00000000000000000000000000001000.$proc$/home/designer/shared/FFT/parallel_fft/design/rtl/buffer_parallel2serial.v:54$59'.
  created $dff cell `$procdff$3405' with positive edge clock.
Creating register for signal `$paramod\buffer_parallel2serial\NB_DATA=s32'00000000000000000000000000001000.\o_data_im' using process `$paramod\buffer_parallel2serial\NB_DATA=s32'00000000000000000000000000001000.$proc$/home/designer/shared/FFT/parallel_fft/design/rtl/buffer_parallel2serial.v:54$59'.
  created $dff cell `$procdff$3406' with positive edge clock.
Creating register for signal `$paramod\buffer_parallel2serial\NB_DATA=s32'00000000000000000000000000001000.\o_valid' using process `$paramod\buffer_parallel2serial\NB_DATA=s32'00000000000000000000000000001000.$proc$/home/designer/shared/FFT/parallel_fft/design/rtl/buffer_parallel2serial.v:54$59'.
  created $dff cell `$procdff$3407' with positive edge clock.
Creating register for signal `$paramod\buffer_parallel2serial\NB_DATA=s32'00000000000000000000000000001000.\state' using process `$paramod\buffer_parallel2serial\NB_DATA=s32'00000000000000000000000000001000.$proc$/home/designer/shared/FFT/parallel_fft/design/rtl/buffer_parallel2serial.v:54$59'.
  created $dff cell `$procdff$3408' with positive edge clock.
Creating register for signal `$paramod\buffer_parallel2serial\NB_DATA=s32'00000000000000000000000000001000.\batch_count' using process `$paramod\buffer_parallel2serial\NB_DATA=s32'00000000000000000000000000001000.$proc$/home/designer/shared/FFT/parallel_fft/design/rtl/buffer_parallel2serial.v:54$59'.
  created $dff cell `$procdff$3409' with positive edge clock.
Creating register for signal `$paramod\buffer_parallel2serial\NB_DATA=s32'00000000000000000000000000001000.\read_ptr' using process `$paramod\buffer_parallel2serial\NB_DATA=s32'00000000000000000000000000001000.$proc$/home/designer/shared/FFT/parallel_fft/design/rtl/buffer_parallel2serial.v:54$59'.
  created $dff cell `$procdff$3410' with positive edge clock.
Creating register for signal `$paramod\buffer_parallel2serial\NB_DATA=s32'00000000000000000000000000001000.$memwr$\mem_re$/home/designer/shared/FFT/parallel_fft/design/rtl/buffer_parallel2serial.v:66$43_ADDR' using process `$paramod\buffer_parallel2serial\NB_DATA=s32'00000000000000000000000000001000.$proc$/home/designer/shared/FFT/parallel_fft/design/rtl/buffer_parallel2serial.v:54$59'.
  created $dff cell `$procdff$3411' with positive edge clock.
Creating register for signal `$paramod\buffer_parallel2serial\NB_DATA=s32'00000000000000000000000000001000.$memwr$\mem_re$/home/designer/shared/FFT/parallel_fft/design/rtl/buffer_parallel2serial.v:66$43_DATA' using process `$paramod\buffer_parallel2serial\NB_DATA=s32'00000000000000000000000000001000.$proc$/home/designer/shared/FFT/parallel_fft/design/rtl/buffer_parallel2serial.v:54$59'.
  created $dff cell `$procdff$3412' with positive edge clock.
Creating register for signal `$paramod\buffer_parallel2serial\NB_DATA=s32'00000000000000000000000000001000.$memwr$\mem_re$/home/designer/shared/FFT/parallel_fft/design/rtl/buffer_parallel2serial.v:66$43_EN' using process `$paramod\buffer_parallel2serial\NB_DATA=s32'00000000000000000000000000001000.$proc$/home/designer/shared/FFT/parallel_fft/design/rtl/buffer_parallel2serial.v:54$59'.
  created $dff cell `$procdff$3413' with positive edge clock.
Creating register for signal `$paramod\buffer_parallel2serial\NB_DATA=s32'00000000000000000000000000001000.$memwr$\mem_im$/home/designer/shared/FFT/parallel_fft/design/rtl/buffer_parallel2serial.v:66$44_ADDR' using process `$paramod\buffer_parallel2serial\NB_DATA=s32'00000000000000000000000000001000.$proc$/home/designer/shared/FFT/parallel_fft/design/rtl/buffer_parallel2serial.v:54$59'.
  created $dff cell `$procdff$3414' with positive edge clock.
Creating register for signal `$paramod\buffer_parallel2serial\NB_DATA=s32'00000000000000000000000000001000.$memwr$\mem_im$/home/designer/shared/FFT/parallel_fft/design/rtl/buffer_parallel2serial.v:66$44_DATA' using process `$paramod\buffer_parallel2serial\NB_DATA=s32'00000000000000000000000000001000.$proc$/home/designer/shared/FFT/parallel_fft/design/rtl/buffer_parallel2serial.v:54$59'.
  created $dff cell `$procdff$3415' with positive edge clock.
Creating register for signal `$paramod\buffer_parallel2serial\NB_DATA=s32'00000000000000000000000000001000.$memwr$\mem_im$/home/designer/shared/FFT/parallel_fft/design/rtl/buffer_parallel2serial.v:66$44_EN' using process `$paramod\buffer_parallel2serial\NB_DATA=s32'00000000000000000000000000001000.$proc$/home/designer/shared/FFT/parallel_fft/design/rtl/buffer_parallel2serial.v:54$59'.
  created $dff cell `$procdff$3416' with positive edge clock.
Creating register for signal `$paramod\buffer_parallel2serial\NB_DATA=s32'00000000000000000000000000001000.$memwr$\mem_re$/home/designer/shared/FFT/parallel_fft/design/rtl/buffer_parallel2serial.v:67$45_ADDR' using process `$paramod\buffer_parallel2serial\NB_DATA=s32'00000000000000000000000000001000.$proc$/home/designer/shared/FFT/parallel_fft/design/rtl/buffer_parallel2serial.v:54$59'.
  created $dff cell `$procdff$3417' with positive edge clock.
Creating register for signal `$paramod\buffer_parallel2serial\NB_DATA=s32'00000000000000000000000000001000.$memwr$\mem_re$/home/designer/shared/FFT/parallel_fft/design/rtl/buffer_parallel2serial.v:67$45_DATA' using process `$paramod\buffer_parallel2serial\NB_DATA=s32'00000000000000000000000000001000.$proc$/home/designer/shared/FFT/parallel_fft/design/rtl/buffer_parallel2serial.v:54$59'.
  created $dff cell `$procdff$3418' with positive edge clock.
Creating register for signal `$paramod\buffer_parallel2serial\NB_DATA=s32'00000000000000000000000000001000.$memwr$\mem_re$/home/designer/shared/FFT/parallel_fft/design/rtl/buffer_parallel2serial.v:67$45_EN' using process `$paramod\buffer_parallel2serial\NB_DATA=s32'00000000000000000000000000001000.$proc$/home/designer/shared/FFT/parallel_fft/design/rtl/buffer_parallel2serial.v:54$59'.
  created $dff cell `$procdff$3419' with positive edge clock.
Creating register for signal `$paramod\buffer_parallel2serial\NB_DATA=s32'00000000000000000000000000001000.$memwr$\mem_im$/home/designer/shared/FFT/parallel_fft/design/rtl/buffer_parallel2serial.v:67$46_ADDR' using process `$paramod\buffer_parallel2serial\NB_DATA=s32'00000000000000000000000000001000.$proc$/home/designer/shared/FFT/parallel_fft/design/rtl/buffer_parallel2serial.v:54$59'.
  created $dff cell `$procdff$3420' with positive edge clock.
Creating register for signal `$paramod\buffer_parallel2serial\NB_DATA=s32'00000000000000000000000000001000.$memwr$\mem_im$/home/designer/shared/FFT/parallel_fft/design/rtl/buffer_parallel2serial.v:67$46_DATA' using process `$paramod\buffer_parallel2serial\NB_DATA=s32'00000000000000000000000000001000.$proc$/home/designer/shared/FFT/parallel_fft/design/rtl/buffer_parallel2serial.v:54$59'.
  created $dff cell `$procdff$3421' with positive edge clock.
Creating register for signal `$paramod\buffer_parallel2serial\NB_DATA=s32'00000000000000000000000000001000.$memwr$\mem_im$/home/designer/shared/FFT/parallel_fft/design/rtl/buffer_parallel2serial.v:67$46_EN' using process `$paramod\buffer_parallel2serial\NB_DATA=s32'00000000000000000000000000001000.$proc$/home/designer/shared/FFT/parallel_fft/design/rtl/buffer_parallel2serial.v:54$59'.
  created $dff cell `$procdff$3422' with positive edge clock.
Creating register for signal `$paramod\buffer_parallel2serial\NB_DATA=s32'00000000000000000000000000001000.$memwr$\mem_re$/home/designer/shared/FFT/parallel_fft/design/rtl/buffer_parallel2serial.v:68$47_ADDR' using process `$paramod\buffer_parallel2serial\NB_DATA=s32'00000000000000000000000000001000.$proc$/home/designer/shared/FFT/parallel_fft/design/rtl/buffer_parallel2serial.v:54$59'.
  created $dff cell `$procdff$3423' with positive edge clock.
Creating register for signal `$paramod\buffer_parallel2serial\NB_DATA=s32'00000000000000000000000000001000.$memwr$\mem_re$/home/designer/shared/FFT/parallel_fft/design/rtl/buffer_parallel2serial.v:68$47_DATA' using process `$paramod\buffer_parallel2serial\NB_DATA=s32'00000000000000000000000000001000.$proc$/home/designer/shared/FFT/parallel_fft/design/rtl/buffer_parallel2serial.v:54$59'.
  created $dff cell `$procdff$3424' with positive edge clock.
Creating register for signal `$paramod\buffer_parallel2serial\NB_DATA=s32'00000000000000000000000000001000.$memwr$\mem_re$/home/designer/shared/FFT/parallel_fft/design/rtl/buffer_parallel2serial.v:68$47_EN' using process `$paramod\buffer_parallel2serial\NB_DATA=s32'00000000000000000000000000001000.$proc$/home/designer/shared/FFT/parallel_fft/design/rtl/buffer_parallel2serial.v:54$59'.
  created $dff cell `$procdff$3425' with positive edge clock.
Creating register for signal `$paramod\buffer_parallel2serial\NB_DATA=s32'00000000000000000000000000001000.$memwr$\mem_im$/home/designer/shared/FFT/parallel_fft/design/rtl/buffer_parallel2serial.v:68$48_ADDR' using process `$paramod\buffer_parallel2serial\NB_DATA=s32'00000000000000000000000000001000.$proc$/home/designer/shared/FFT/parallel_fft/design/rtl/buffer_parallel2serial.v:54$59'.
  created $dff cell `$procdff$3426' with positive edge clock.
Creating register for signal `$paramod\buffer_parallel2serial\NB_DATA=s32'00000000000000000000000000001000.$memwr$\mem_im$/home/designer/shared/FFT/parallel_fft/design/rtl/buffer_parallel2serial.v:68$48_DATA' using process `$paramod\buffer_parallel2serial\NB_DATA=s32'00000000000000000000000000001000.$proc$/home/designer/shared/FFT/parallel_fft/design/rtl/buffer_parallel2serial.v:54$59'.
  created $dff cell `$procdff$3427' with positive edge clock.
Creating register for signal `$paramod\buffer_parallel2serial\NB_DATA=s32'00000000000000000000000000001000.$memwr$\mem_im$/home/designer/shared/FFT/parallel_fft/design/rtl/buffer_parallel2serial.v:68$48_EN' using process `$paramod\buffer_parallel2serial\NB_DATA=s32'00000000000000000000000000001000.$proc$/home/designer/shared/FFT/parallel_fft/design/rtl/buffer_parallel2serial.v:54$59'.
  created $dff cell `$procdff$3428' with positive edge clock.
Creating register for signal `$paramod\buffer_parallel2serial\NB_DATA=s32'00000000000000000000000000001000.$memwr$\mem_re$/home/designer/shared/FFT/parallel_fft/design/rtl/buffer_parallel2serial.v:69$49_ADDR' using process `$paramod\buffer_parallel2serial\NB_DATA=s32'00000000000000000000000000001000.$proc$/home/designer/shared/FFT/parallel_fft/design/rtl/buffer_parallel2serial.v:54$59'.
  created $dff cell `$procdff$3429' with positive edge clock.
Creating register for signal `$paramod\buffer_parallel2serial\NB_DATA=s32'00000000000000000000000000001000.$memwr$\mem_re$/home/designer/shared/FFT/parallel_fft/design/rtl/buffer_parallel2serial.v:69$49_DATA' using process `$paramod\buffer_parallel2serial\NB_DATA=s32'00000000000000000000000000001000.$proc$/home/designer/shared/FFT/parallel_fft/design/rtl/buffer_parallel2serial.v:54$59'.
  created $dff cell `$procdff$3430' with positive edge clock.
Creating register for signal `$paramod\buffer_parallel2serial\NB_DATA=s32'00000000000000000000000000001000.$memwr$\mem_re$/home/designer/shared/FFT/parallel_fft/design/rtl/buffer_parallel2serial.v:69$49_EN' using process `$paramod\buffer_parallel2serial\NB_DATA=s32'00000000000000000000000000001000.$proc$/home/designer/shared/FFT/parallel_fft/design/rtl/buffer_parallel2serial.v:54$59'.
  created $dff cell `$procdff$3431' with positive edge clock.
Creating register for signal `$paramod\buffer_parallel2serial\NB_DATA=s32'00000000000000000000000000001000.$memwr$\mem_im$/home/designer/shared/FFT/parallel_fft/design/rtl/buffer_parallel2serial.v:69$50_ADDR' using process `$paramod\buffer_parallel2serial\NB_DATA=s32'00000000000000000000000000001000.$proc$/home/designer/shared/FFT/parallel_fft/design/rtl/buffer_parallel2serial.v:54$59'.
  created $dff cell `$procdff$3432' with positive edge clock.
Creating register for signal `$paramod\buffer_parallel2serial\NB_DATA=s32'00000000000000000000000000001000.$memwr$\mem_im$/home/designer/shared/FFT/parallel_fft/design/rtl/buffer_parallel2serial.v:69$50_DATA' using process `$paramod\buffer_parallel2serial\NB_DATA=s32'00000000000000000000000000001000.$proc$/home/designer/shared/FFT/parallel_fft/design/rtl/buffer_parallel2serial.v:54$59'.
  created $dff cell `$procdff$3433' with positive edge clock.
Creating register for signal `$paramod\buffer_parallel2serial\NB_DATA=s32'00000000000000000000000000001000.$memwr$\mem_im$/home/designer/shared/FFT/parallel_fft/design/rtl/buffer_parallel2serial.v:69$50_EN' using process `$paramod\buffer_parallel2serial\NB_DATA=s32'00000000000000000000000000001000.$proc$/home/designer/shared/FFT/parallel_fft/design/rtl/buffer_parallel2serial.v:54$59'.
  created $dff cell `$procdff$3434' with positive edge clock.
Creating register for signal `$paramod\buffer_parallel2serial\NB_DATA=s32'00000000000000000000000000001000.$memwr$\mem_re$/home/designer/shared/FFT/parallel_fft/design/rtl/buffer_parallel2serial.v:70$51_ADDR' using process `$paramod\buffer_parallel2serial\NB_DATA=s32'00000000000000000000000000001000.$proc$/home/designer/shared/FFT/parallel_fft/design/rtl/buffer_parallel2serial.v:54$59'.
  created $dff cell `$procdff$3435' with positive edge clock.
Creating register for signal `$paramod\buffer_parallel2serial\NB_DATA=s32'00000000000000000000000000001000.$memwr$\mem_re$/home/designer/shared/FFT/parallel_fft/design/rtl/buffer_parallel2serial.v:70$51_DATA' using process `$paramod\buffer_parallel2serial\NB_DATA=s32'00000000000000000000000000001000.$proc$/home/designer/shared/FFT/parallel_fft/design/rtl/buffer_parallel2serial.v:54$59'.
  created $dff cell `$procdff$3436' with positive edge clock.
Creating register for signal `$paramod\buffer_parallel2serial\NB_DATA=s32'00000000000000000000000000001000.$memwr$\mem_re$/home/designer/shared/FFT/parallel_fft/design/rtl/buffer_parallel2serial.v:70$51_EN' using process `$paramod\buffer_parallel2serial\NB_DATA=s32'00000000000000000000000000001000.$proc$/home/designer/shared/FFT/parallel_fft/design/rtl/buffer_parallel2serial.v:54$59'.
  created $dff cell `$procdff$3437' with positive edge clock.
Creating register for signal `$paramod\buffer_parallel2serial\NB_DATA=s32'00000000000000000000000000001000.$memwr$\mem_im$/home/designer/shared/FFT/parallel_fft/design/rtl/buffer_parallel2serial.v:70$52_ADDR' using process `$paramod\buffer_parallel2serial\NB_DATA=s32'00000000000000000000000000001000.$proc$/home/designer/shared/FFT/parallel_fft/design/rtl/buffer_parallel2serial.v:54$59'.
  created $dff cell `$procdff$3438' with positive edge clock.
Creating register for signal `$paramod\buffer_parallel2serial\NB_DATA=s32'00000000000000000000000000001000.$memwr$\mem_im$/home/designer/shared/FFT/parallel_fft/design/rtl/buffer_parallel2serial.v:70$52_DATA' using process `$paramod\buffer_parallel2serial\NB_DATA=s32'00000000000000000000000000001000.$proc$/home/designer/shared/FFT/parallel_fft/design/rtl/buffer_parallel2serial.v:54$59'.
  created $dff cell `$procdff$3439' with positive edge clock.
Creating register for signal `$paramod\buffer_parallel2serial\NB_DATA=s32'00000000000000000000000000001000.$memwr$\mem_im$/home/designer/shared/FFT/parallel_fft/design/rtl/buffer_parallel2serial.v:70$52_EN' using process `$paramod\buffer_parallel2serial\NB_DATA=s32'00000000000000000000000000001000.$proc$/home/designer/shared/FFT/parallel_fft/design/rtl/buffer_parallel2serial.v:54$59'.
  created $dff cell `$procdff$3440' with positive edge clock.
Creating register for signal `$paramod\buffer_parallel2serial\NB_DATA=s32'00000000000000000000000000001000.$memwr$\mem_re$/home/designer/shared/FFT/parallel_fft/design/rtl/buffer_parallel2serial.v:71$53_ADDR' using process `$paramod\buffer_parallel2serial\NB_DATA=s32'00000000000000000000000000001000.$proc$/home/designer/shared/FFT/parallel_fft/design/rtl/buffer_parallel2serial.v:54$59'.
  created $dff cell `$procdff$3441' with positive edge clock.
Creating register for signal `$paramod\buffer_parallel2serial\NB_DATA=s32'00000000000000000000000000001000.$memwr$\mem_re$/home/designer/shared/FFT/parallel_fft/design/rtl/buffer_parallel2serial.v:71$53_DATA' using process `$paramod\buffer_parallel2serial\NB_DATA=s32'00000000000000000000000000001000.$proc$/home/designer/shared/FFT/parallel_fft/design/rtl/buffer_parallel2serial.v:54$59'.
  created $dff cell `$procdff$3442' with positive edge clock.
Creating register for signal `$paramod\buffer_parallel2serial\NB_DATA=s32'00000000000000000000000000001000.$memwr$\mem_re$/home/designer/shared/FFT/parallel_fft/design/rtl/buffer_parallel2serial.v:71$53_EN' using process `$paramod\buffer_parallel2serial\NB_DATA=s32'00000000000000000000000000001000.$proc$/home/designer/shared/FFT/parallel_fft/design/rtl/buffer_parallel2serial.v:54$59'.
  created $dff cell `$procdff$3443' with positive edge clock.
Creating register for signal `$paramod\buffer_parallel2serial\NB_DATA=s32'00000000000000000000000000001000.$memwr$\mem_im$/home/designer/shared/FFT/parallel_fft/design/rtl/buffer_parallel2serial.v:71$54_ADDR' using process `$paramod\buffer_parallel2serial\NB_DATA=s32'00000000000000000000000000001000.$proc$/home/designer/shared/FFT/parallel_fft/design/rtl/buffer_parallel2serial.v:54$59'.
  created $dff cell `$procdff$3444' with positive edge clock.
Creating register for signal `$paramod\buffer_parallel2serial\NB_DATA=s32'00000000000000000000000000001000.$memwr$\mem_im$/home/designer/shared/FFT/parallel_fft/design/rtl/buffer_parallel2serial.v:71$54_DATA' using process `$paramod\buffer_parallel2serial\NB_DATA=s32'00000000000000000000000000001000.$proc$/home/designer/shared/FFT/parallel_fft/design/rtl/buffer_parallel2serial.v:54$59'.
  created $dff cell `$procdff$3445' with positive edge clock.
Creating register for signal `$paramod\buffer_parallel2serial\NB_DATA=s32'00000000000000000000000000001000.$memwr$\mem_im$/home/designer/shared/FFT/parallel_fft/design/rtl/buffer_parallel2serial.v:71$54_EN' using process `$paramod\buffer_parallel2serial\NB_DATA=s32'00000000000000000000000000001000.$proc$/home/designer/shared/FFT/parallel_fft/design/rtl/buffer_parallel2serial.v:54$59'.
  created $dff cell `$procdff$3446' with positive edge clock.
Creating register for signal `$paramod\buffer_parallel2serial\NB_DATA=s32'00000000000000000000000000001000.$memwr$\mem_re$/home/designer/shared/FFT/parallel_fft/design/rtl/buffer_parallel2serial.v:72$55_ADDR' using process `$paramod\buffer_parallel2serial\NB_DATA=s32'00000000000000000000000000001000.$proc$/home/designer/shared/FFT/parallel_fft/design/rtl/buffer_parallel2serial.v:54$59'.
  created $dff cell `$procdff$3447' with positive edge clock.
Creating register for signal `$paramod\buffer_parallel2serial\NB_DATA=s32'00000000000000000000000000001000.$memwr$\mem_re$/home/designer/shared/FFT/parallel_fft/design/rtl/buffer_parallel2serial.v:72$55_DATA' using process `$paramod\buffer_parallel2serial\NB_DATA=s32'00000000000000000000000000001000.$proc$/home/designer/shared/FFT/parallel_fft/design/rtl/buffer_parallel2serial.v:54$59'.
  created $dff cell `$procdff$3448' with positive edge clock.
Creating register for signal `$paramod\buffer_parallel2serial\NB_DATA=s32'00000000000000000000000000001000.$memwr$\mem_re$/home/designer/shared/FFT/parallel_fft/design/rtl/buffer_parallel2serial.v:72$55_EN' using process `$paramod\buffer_parallel2serial\NB_DATA=s32'00000000000000000000000000001000.$proc$/home/designer/shared/FFT/parallel_fft/design/rtl/buffer_parallel2serial.v:54$59'.
  created $dff cell `$procdff$3449' with positive edge clock.
Creating register for signal `$paramod\buffer_parallel2serial\NB_DATA=s32'00000000000000000000000000001000.$memwr$\mem_im$/home/designer/shared/FFT/parallel_fft/design/rtl/buffer_parallel2serial.v:72$56_ADDR' using process `$paramod\buffer_parallel2serial\NB_DATA=s32'00000000000000000000000000001000.$proc$/home/designer/shared/FFT/parallel_fft/design/rtl/buffer_parallel2serial.v:54$59'.
  created $dff cell `$procdff$3450' with positive edge clock.
Creating register for signal `$paramod\buffer_parallel2serial\NB_DATA=s32'00000000000000000000000000001000.$memwr$\mem_im$/home/designer/shared/FFT/parallel_fft/design/rtl/buffer_parallel2serial.v:72$56_DATA' using process `$paramod\buffer_parallel2serial\NB_DATA=s32'00000000000000000000000000001000.$proc$/home/designer/shared/FFT/parallel_fft/design/rtl/buffer_parallel2serial.v:54$59'.
  created $dff cell `$procdff$3451' with positive edge clock.
Creating register for signal `$paramod\buffer_parallel2serial\NB_DATA=s32'00000000000000000000000000001000.$memwr$\mem_im$/home/designer/shared/FFT/parallel_fft/design/rtl/buffer_parallel2serial.v:72$56_EN' using process `$paramod\buffer_parallel2serial\NB_DATA=s32'00000000000000000000000000001000.$proc$/home/designer/shared/FFT/parallel_fft/design/rtl/buffer_parallel2serial.v:54$59'.
  created $dff cell `$procdff$3452' with positive edge clock.
Creating register for signal `$paramod\buffer_parallel2serial\NB_DATA=s32'00000000000000000000000000001000.$memwr$\mem_re$/home/designer/shared/FFT/parallel_fft/design/rtl/buffer_parallel2serial.v:73$57_ADDR' using process `$paramod\buffer_parallel2serial\NB_DATA=s32'00000000000000000000000000001000.$proc$/home/designer/shared/FFT/parallel_fft/design/rtl/buffer_parallel2serial.v:54$59'.
  created $dff cell `$procdff$3453' with positive edge clock.
Creating register for signal `$paramod\buffer_parallel2serial\NB_DATA=s32'00000000000000000000000000001000.$memwr$\mem_re$/home/designer/shared/FFT/parallel_fft/design/rtl/buffer_parallel2serial.v:73$57_DATA' using process `$paramod\buffer_parallel2serial\NB_DATA=s32'00000000000000000000000000001000.$proc$/home/designer/shared/FFT/parallel_fft/design/rtl/buffer_parallel2serial.v:54$59'.
  created $dff cell `$procdff$3454' with positive edge clock.
Creating register for signal `$paramod\buffer_parallel2serial\NB_DATA=s32'00000000000000000000000000001000.$memwr$\mem_re$/home/designer/shared/FFT/parallel_fft/design/rtl/buffer_parallel2serial.v:73$57_EN' using process `$paramod\buffer_parallel2serial\NB_DATA=s32'00000000000000000000000000001000.$proc$/home/designer/shared/FFT/parallel_fft/design/rtl/buffer_parallel2serial.v:54$59'.
  created $dff cell `$procdff$3455' with positive edge clock.
Creating register for signal `$paramod\buffer_parallel2serial\NB_DATA=s32'00000000000000000000000000001000.$memwr$\mem_im$/home/designer/shared/FFT/parallel_fft/design/rtl/buffer_parallel2serial.v:73$58_ADDR' using process `$paramod\buffer_parallel2serial\NB_DATA=s32'00000000000000000000000000001000.$proc$/home/designer/shared/FFT/parallel_fft/design/rtl/buffer_parallel2serial.v:54$59'.
  created $dff cell `$procdff$3456' with positive edge clock.
Creating register for signal `$paramod\buffer_parallel2serial\NB_DATA=s32'00000000000000000000000000001000.$memwr$\mem_im$/home/designer/shared/FFT/parallel_fft/design/rtl/buffer_parallel2serial.v:73$58_DATA' using process `$paramod\buffer_parallel2serial\NB_DATA=s32'00000000000000000000000000001000.$proc$/home/designer/shared/FFT/parallel_fft/design/rtl/buffer_parallel2serial.v:54$59'.
  created $dff cell `$procdff$3457' with positive edge clock.
Creating register for signal `$paramod\buffer_parallel2serial\NB_DATA=s32'00000000000000000000000000001000.$memwr$\mem_im$/home/designer/shared/FFT/parallel_fft/design/rtl/buffer_parallel2serial.v:73$58_EN' using process `$paramod\buffer_parallel2serial\NB_DATA=s32'00000000000000000000000000001000.$proc$/home/designer/shared/FFT/parallel_fft/design/rtl/buffer_parallel2serial.v:54$59'.
  created $dff cell `$procdff$3458' with positive edge clock.
Creating register for signal `$paramod\rx_serializer\NB_DATA=s32'00000000000000000000000000001000.\o_data_re' using process `$paramod\rx_serializer\NB_DATA=s32'00000000000000000000000000001000.$proc$/home/designer/shared/FFT/parallel_fft/design/rtl/common_modules/rx_serializer.v:46$37'.
  created $adff cell `$procdff$3463' with positive edge clock and positive level reset.
Creating register for signal `$paramod\rx_serializer\NB_DATA=s32'00000000000000000000000000001000.\o_data_im' using process `$paramod\rx_serializer\NB_DATA=s32'00000000000000000000000000001000.$proc$/home/designer/shared/FFT/parallel_fft/design/rtl/common_modules/rx_serializer.v:46$37'.
  created $adff cell `$procdff$3468' with positive edge clock and positive level reset.
Creating register for signal `$paramod\rx_serializer\NB_DATA=s32'00000000000000000000000000001000.\o_valid' using process `$paramod\rx_serializer\NB_DATA=s32'00000000000000000000000000001000.$proc$/home/designer/shared/FFT/parallel_fft/design/rtl/common_modules/rx_serializer.v:46$37'.
  created $adff cell `$procdff$3473' with positive edge clock and positive level reset.
Creating register for signal `$paramod\rx_serializer\NB_DATA=s32'00000000000000000000000000001000.\current_state' using process `$paramod\rx_serializer\NB_DATA=s32'00000000000000000000000000001000.$proc$/home/designer/shared/FFT/parallel_fft/design/rtl/common_modules/rx_serializer.v:46$37'.
  created $adff cell `$procdff$3478' with positive edge clock and positive level reset.
Creating register for signal `$paramod\rx_serializer\NB_DATA=s32'00000000000000000000000000001000.\current_cnt' using process `$paramod\rx_serializer\NB_DATA=s32'00000000000000000000000000001000.$proc$/home/designer/shared/FFT/parallel_fft/design/rtl/common_modules/rx_serializer.v:46$37'.
  created $adff cell `$procdff$3483' with positive edge clock and positive level reset.
Creating register for signal `$paramod\rx_serializer\NB_DATA=s32'00000000000000000000000000001000.\current_shift' using process `$paramod\rx_serializer\NB_DATA=s32'00000000000000000000000000001000.$proc$/home/designer/shared/FFT/parallel_fft/design/rtl/common_modules/rx_serializer.v:46$37'.
  created $adff cell `$procdff$3488' with positive edge clock and positive level reset.
Creating register for signal `$paramod\rx_serializer\NB_DATA=s32'00000000000000000000000000001000.\data_d' using process `$paramod\rx_serializer\NB_DATA=s32'00000000000000000000000000001000.$proc$/home/designer/shared/FFT/parallel_fft/design/rtl/common_modules/rx_serializer.v:39$33'.
  created $adff cell `$procdff$3493' with positive edge clock and positive level reset.
Creating register for signal `$paramod\tx_serializer\NB_DATA=s32'00000000000000000000000000001000.\o_data' using process `$paramod\tx_serializer\NB_DATA=s32'00000000000000000000000000001000.$proc$/home/designer/shared/FFT/parallel_fft/design/rtl/common_modules/tx_serializer.v:44$25'.
  created $adff cell `$procdff$3498' with positive edge clock and positive level reset.
Creating register for signal `$paramod\tx_serializer\NB_DATA=s32'00000000000000000000000000001000.\current_state' using process `$paramod\tx_serializer\NB_DATA=s32'00000000000000000000000000001000.$proc$/home/designer/shared/FFT/parallel_fft/design/rtl/common_modules/tx_serializer.v:44$25'.
  created $adff cell `$procdff$3503' with positive edge clock and positive level reset.
Creating register for signal `$paramod\tx_serializer\NB_DATA=s32'00000000000000000000000000001000.\current_cnt' using process `$paramod\tx_serializer\NB_DATA=s32'00000000000000000000000000001000.$proc$/home/designer/shared/FFT/parallel_fft/design/rtl/common_modules/tx_serializer.v:44$25'.
  created $adff cell `$procdff$3508' with positive edge clock and positive level reset.
Creating register for signal `$paramod\tx_serializer\NB_DATA=s32'00000000000000000000000000001000.\current_shift' using process `$paramod\tx_serializer\NB_DATA=s32'00000000000000000000000000001000.$proc$/home/designer/shared/FFT/parallel_fft/design/rtl/common_modules/tx_serializer.v:44$25'.
  created $adff cell `$procdff$3513' with positive edge clock and positive level reset.
Creating register for signal `$paramod$e825517e76a6abfe988a8af00874d6681f9a4907\ds_switch.\ptr' using process `$paramod$e825517e76a6abfe988a8af00874d6681f9a4907\ds_switch.$proc$/home/designer/shared/FFT/parallel_fft/design/rtl/common_modules/ds_switch.v:159$586'.
  created $dff cell `$procdff$3514' with positive edge clock.
Creating register for signal `$paramod$e825517e76a6abfe988a8af00874d6681f9a4907\ds_switch.\r_idata_r[0]' using process `$paramod$e825517e76a6abfe988a8af00874d6681f9a4907\ds_switch.$proc$/home/designer/shared/FFT/parallel_fft/design/rtl/common_modules/ds_switch.v:159$586'.
  created $dff cell `$procdff$3515' with positive edge clock.
Creating register for signal `$paramod$e825517e76a6abfe988a8af00874d6681f9a4907\ds_switch.\r_idata_i[0]' using process `$paramod$e825517e76a6abfe988a8af00874d6681f9a4907\ds_switch.$proc$/home/designer/shared/FFT/parallel_fft/design/rtl/common_modules/ds_switch.v:159$586'.
  created $dff cell `$procdff$3516' with positive edge clock.
Creating register for signal `$paramod$e825517e76a6abfe988a8af00874d6681f9a4907\ds_switch.\r_odata_r[0]' using process `$paramod$e825517e76a6abfe988a8af00874d6681f9a4907\ds_switch.$proc$/home/designer/shared/FFT/parallel_fft/design/rtl/common_modules/ds_switch.v:159$586'.
  created $dff cell `$procdff$3517' with positive edge clock.
Creating register for signal `$paramod$e825517e76a6abfe988a8af00874d6681f9a4907\ds_switch.\r_odata_i[0]' using process `$paramod$e825517e76a6abfe988a8af00874d6681f9a4907\ds_switch.$proc$/home/designer/shared/FFT/parallel_fft/design/rtl/common_modules/ds_switch.v:159$586'.
  created $dff cell `$procdff$3518' with positive edge clock.
Creating register for signal `$paramod$e825517e76a6abfe988a8af00874d6681f9a4907\ds_switch.\valid_cstate' using process `$paramod$e825517e76a6abfe988a8af00874d6681f9a4907\ds_switch.$proc$/home/designer/shared/FFT/parallel_fft/design/rtl/common_modules/ds_switch.v:109$579'.
  created $adff cell `$procdff$3521' with positive edge clock and positive level reset.
Creating register for signal `$paramod$e825517e76a6abfe988a8af00874d6681f9a4907\ds_switch.\valid_count' using process `$paramod$e825517e76a6abfe988a8af00874d6681f9a4907\ds_switch.$proc$/home/designer/shared/FFT/parallel_fft/design/rtl/common_modules/ds_switch.v:109$579'.
  created $adff cell `$procdff$3524' with positive edge clock and positive level reset.
Creating register for signal `$paramod$e825517e76a6abfe988a8af00874d6681f9a4907\ds_switch.\current_state' using process `$paramod$e825517e76a6abfe988a8af00874d6681f9a4907\ds_switch.$proc$/home/designer/shared/FFT/parallel_fft/design/rtl/common_modules/ds_switch.v:54$570'.
  created $adff cell `$procdff$3527' with positive edge clock and positive level reset.
Creating register for signal `$paramod$e825517e76a6abfe988a8af00874d6681f9a4907\ds_switch.\flag' using process `$paramod$e825517e76a6abfe988a8af00874d6681f9a4907\ds_switch.$proc$/home/designer/shared/FFT/parallel_fft/design/rtl/common_modules/ds_switch.v:54$570'.
  created $adff cell `$procdff$3530' with positive edge clock and positive level reset.

33.10. Executing PROC_MEMWR pass (convert process memory writes to cells).

33.11. Executing PROC_CLEAN pass (remove empty switches from decision trees).
Found and cleaned up 1 empty switch in `\top_chip.$proc$/home/designer/shared/FFT/parallel_fft/design/rtl/top_chip.v:102$20'.
Removing empty process `top_chip.$proc$/home/designer/shared/FFT/parallel_fft/design/rtl/top_chip.v:102$20'.
Found and cleaned up 1 empty switch in `\top_chip.$proc$/home/designer/shared/FFT/parallel_fft/design/rtl/top_chip.v:90$17'.
Removing empty process `top_chip.$proc$/home/designer/shared/FFT/parallel_fft/design/rtl/top_chip.v:90$17'.
Found and cleaned up 2 empty switches in `\top_chip.$proc$/home/designer/shared/FFT/parallel_fft/design/rtl/top_chip.v:70$6'.
Removing empty process `top_chip.$proc$/home/designer/shared/FFT/parallel_fft/design/rtl/top_chip.v:70$6'.
Removing empty process `$paramod$adef7b7f071f262d011b8eff237fe1297a531d6a\xfft_cell.$proc$/home/designer/shared/FFT/parallel_fft/design/rtl/common_modules/xfft_cell.v:0$557'.
Removing empty process `$paramod$adef7b7f071f262d011b8eff237fe1297a531d6a\xfft_cell.$proc$/home/designer/shared/FFT/parallel_fft/design/rtl/common_modules/xfft_cell.v:102$542'.
Removing empty process `$paramod$adef7b7f071f262d011b8eff237fe1297a531d6a\xfft_cell.$proc$/home/designer/shared/FFT/parallel_fft/design/rtl/common_modules/xfft_cell.v:71$541'.
Removing empty process `$paramod$37c44c8171ec20227f00ac25948f2e851df399c9\ds_switch.$proc$/home/designer/shared/FFT/parallel_fft/design/rtl/common_modules/ds_switch.v:159$536'.
Found and cleaned up 4 empty switches in `$paramod$37c44c8171ec20227f00ac25948f2e851df399c9\ds_switch.$proc$/home/designer/shared/FFT/parallel_fft/design/rtl/common_modules/ds_switch.v:131$532'.
Removing empty process `$paramod$37c44c8171ec20227f00ac25948f2e851df399c9\ds_switch.$proc$/home/designer/shared/FFT/parallel_fft/design/rtl/common_modules/ds_switch.v:131$532'.
Found and cleaned up 2 empty switches in `$paramod$37c44c8171ec20227f00ac25948f2e851df399c9\ds_switch.$proc$/home/designer/shared/FFT/parallel_fft/design/rtl/common_modules/ds_switch.v:109$529'.
Removing empty process `$paramod$37c44c8171ec20227f00ac25948f2e851df399c9\ds_switch.$proc$/home/designer/shared/FFT/parallel_fft/design/rtl/common_modules/ds_switch.v:109$529'.
Found and cleaned up 3 empty switches in `$paramod$37c44c8171ec20227f00ac25948f2e851df399c9\ds_switch.$proc$/home/designer/shared/FFT/parallel_fft/design/rtl/common_modules/ds_switch.v:83$525'.
Removing empty process `$paramod$37c44c8171ec20227f00ac25948f2e851df399c9\ds_switch.$proc$/home/designer/shared/FFT/parallel_fft/design/rtl/common_modules/ds_switch.v:83$525'.
Found and cleaned up 4 empty switches in `$paramod$37c44c8171ec20227f00ac25948f2e851df399c9\ds_switch.$proc$/home/designer/shared/FFT/parallel_fft/design/rtl/common_modules/ds_switch.v:54$520'.
Removing empty process `$paramod$37c44c8171ec20227f00ac25948f2e851df399c9\ds_switch.$proc$/home/designer/shared/FFT/parallel_fft/design/rtl/common_modules/ds_switch.v:54$520'.
Found and cleaned up 1 empty switch in `$paramod$ed12c0bd15db7b134ad06ea575abb269e0ee74ce\mdc8p_stage1.$proc$/home/designer/shared/FFT/parallel_fft/design/rtl/fft_mdc_8p/stages/mdc8p_stage1.v:0$517'.
Removing empty process `$paramod$ed12c0bd15db7b134ad06ea575abb269e0ee74ce\mdc8p_stage1.$proc$/home/designer/shared/FFT/parallel_fft/design/rtl/fft_mdc_8p/stages/mdc8p_stage1.v:0$517'.
Found and cleaned up 1 empty switch in `$paramod$ed12c0bd15db7b134ad06ea575abb269e0ee74ce\mdc8p_stage1.$proc$/home/designer/shared/FFT/parallel_fft/design/rtl/fft_mdc_8p/stages/mdc8p_stage1.v:0$514'.
Removing empty process `$paramod$ed12c0bd15db7b134ad06ea575abb269e0ee74ce\mdc8p_stage1.$proc$/home/designer/shared/FFT/parallel_fft/design/rtl/fft_mdc_8p/stages/mdc8p_stage1.v:0$514'.
Removing empty process `$paramod$ed12c0bd15db7b134ad06ea575abb269e0ee74ce\mdc8p_stage1.$proc$/home/designer/shared/FFT/parallel_fft/design/rtl/fft_mdc_8p/stages/mdc8p_stage1.v:0$509'.
Removing empty process `$paramod$ed12c0bd15db7b134ad06ea575abb269e0ee74ce\mdc8p_stage1.$proc$/home/designer/shared/FFT/parallel_fft/design/rtl/fft_mdc_8p/stages/mdc8p_stage1.v:123$508'.
Removing empty process `$paramod$ed12c0bd15db7b134ad06ea575abb269e0ee74ce\mdc8p_stage1.$proc$/home/designer/shared/FFT/parallel_fft/design/rtl/fft_mdc_8p/stages/mdc8p_stage1.v:98$507'.
Found and cleaned up 3 empty switches in `$paramod$ed12c0bd15db7b134ad06ea575abb269e0ee74ce\mdc8p_stage1.$proc$/home/designer/shared/FFT/parallel_fft/design/rtl/fft_mdc_8p/stages/mdc8p_stage1.v:81$504'.
Removing empty process `$paramod$ed12c0bd15db7b134ad06ea575abb269e0ee74ce\mdc8p_stage1.$proc$/home/designer/shared/FFT/parallel_fft/design/rtl/fft_mdc_8p/stages/mdc8p_stage1.v:81$504'.
Removing empty process `$paramod$0412e2692e4fb416d489fd1dda7f407e3f363dcc\mdc8p_stage2.$proc$/home/designer/shared/FFT/parallel_fft/design/rtl/fft_mdc_8p/stages/mdc8p_stage2.v:72$491'.
Found and cleaned up 1 empty switch in `$paramod$0412e2692e4fb416d489fd1dda7f407e3f363dcc\mdc8p_stage2.$proc$/home/designer/shared/FFT/parallel_fft/design/rtl/fft_mdc_8p/stages/mdc8p_stage2.v:56$489'.
Removing empty process `$paramod$0412e2692e4fb416d489fd1dda7f407e3f363dcc\mdc8p_stage2.$proc$/home/designer/shared/FFT/parallel_fft/design/rtl/fft_mdc_8p/stages/mdc8p_stage2.v:56$489'.
Removing empty process `$paramod$15976f97eff3e7efba67231cdea386a8faf17143\mdc8p_stage3.$proc$/home/designer/shared/FFT/parallel_fft/design/rtl/fft_mdc_8p/stages/mdc8p_stage3.v:59$488'.
Found and cleaned up 1 empty switch in `$paramod$15976f97eff3e7efba67231cdea386a8faf17143\mdc8p_stage3.$proc$/home/designer/shared/FFT/parallel_fft/design/rtl/fft_mdc_8p/stages/mdc8p_stage3.v:44$487'.
Removing empty process `$paramod$15976f97eff3e7efba67231cdea386a8faf17143\mdc8p_stage3.$proc$/home/designer/shared/FFT/parallel_fft/design/rtl/fft_mdc_8p/stages/mdc8p_stage3.v:44$487'.
Removing empty process `$paramod$822bb578bad106d066af788502e6b7c8175f5771\complex_multiplier.$proc$/home/designer/shared/FFT/parallel_fft/design/rtl/common_modules/complex_multiplier.v:53$486'.
Found and cleaned up 1 empty switch in `$paramod\cdc_snapshot\DATA_WIDTH=s32'00000000000000000000000000001000.$proc$/home/designer/shared/FFT/parallel_fft/design/rtl/debug_unit/cdc_snapshot.v:31$466'.
Removing empty process `$paramod\cdc_snapshot\DATA_WIDTH=s32'00000000000000000000000000001000.$proc$/home/designer/shared/FFT/parallel_fft/design/rtl/debug_unit/cdc_snapshot.v:31$466'.
Removing empty process `$paramod\cdc_snapshot\DATA_WIDTH=s32'00000000000000000000000000001000.$proc$/home/designer/shared/FFT/parallel_fft/design/rtl/debug_unit/cdc_snapshot.v:17$461'.
Found and cleaned up 4 empty switches in `$paramod$86c3a2406c43d36f373e6f546f8eb44128c55483\spi_slave_mode0.$proc$/home/designer/shared/FFT/parallel_fft/design/rtl/debug_unit/spi_slave_mode0.v:119$456'.
Removing empty process `$paramod$86c3a2406c43d36f373e6f546f8eb44128c55483\spi_slave_mode0.$proc$/home/designer/shared/FFT/parallel_fft/design/rtl/debug_unit/spi_slave_mode0.v:119$456'.
Found and cleaned up 5 empty switches in `$paramod$86c3a2406c43d36f373e6f546f8eb44128c55483\spi_slave_mode0.$proc$/home/designer/shared/FFT/parallel_fft/design/rtl/debug_unit/spi_slave_mode0.v:60$448'.
Removing empty process `$paramod$86c3a2406c43d36f373e6f546f8eb44128c55483\spi_slave_mode0.$proc$/home/designer/shared/FFT/parallel_fft/design/rtl/debug_unit/spi_slave_mode0.v:60$448'.
Found and cleaned up 1 empty switch in `$paramod$9d48a4856d550f9261444b1c4abfe084c1906f00\debug_unit.$proc$/home/designer/shared/FFT/parallel_fft/design/rtl/debug_unit/debug_unit.v:118$445'.
Removing empty process `$paramod$9d48a4856d550f9261444b1c4abfe084c1906f00\debug_unit.$proc$/home/designer/shared/FFT/parallel_fft/design/rtl/debug_unit/debug_unit.v:118$445'.
Found and cleaned up 2 empty switches in `$paramod$9d48a4856d550f9261444b1c4abfe084c1906f00\debug_unit.$proc$/home/designer/shared/FFT/parallel_fft/design/rtl/debug_unit/debug_unit.v:102$443'.
Removing empty process `$paramod$9d48a4856d550f9261444b1c4abfe084c1906f00\debug_unit.$proc$/home/designer/shared/FFT/parallel_fft/design/rtl/debug_unit/debug_unit.v:102$443'.
Found and cleaned up 1 empty switch in `$paramod\shift_r4\NB_DATA=s32'00000000000000000000000000001000.$proc$/home/designer/shared/FFT/parallel_fft/design/rtl/shift_r4.v:38$442'.
Removing empty process `$paramod\shift_r4\NB_DATA=s32'00000000000000000000000000001000.$proc$/home/designer/shared/FFT/parallel_fft/design/rtl/shift_r4.v:38$442'.
Found and cleaned up 2 empty switches in `$paramod$822bb578bad106d066af788502e6b7c8175f5771\fft4.$proc$/home/designer/shared/FFT/parallel_fft/design/rtl/fft4.v:146$440'.
Removing empty process `$paramod$822bb578bad106d066af788502e6b7c8175f5771\fft4.$proc$/home/designer/shared/FFT/parallel_fft/design/rtl/fft4.v:146$440'.
Found and cleaned up 2 empty switches in `$paramod$822bb578bad106d066af788502e6b7c8175f5771\fft4.$proc$/home/designer/shared/FFT/parallel_fft/design/rtl/fft4.v:116$426'.
Removing empty process `$paramod$822bb578bad106d066af788502e6b7c8175f5771\fft4.$proc$/home/designer/shared/FFT/parallel_fft/design/rtl/fft4.v:116$426'.
Found and cleaned up 1 empty switch in `$paramod$822bb578bad106d066af788502e6b7c8175f5771\fft4.$proc$/home/designer/shared/FFT/parallel_fft/design/rtl/fft4.v:101$416'.
Removing empty process `$paramod$822bb578bad106d066af788502e6b7c8175f5771\fft4.$proc$/home/designer/shared/FFT/parallel_fft/design/rtl/fft4.v:101$416'.
Found and cleaned up 1 empty switch in `$paramod$822bb578bad106d066af788502e6b7c8175f5771\fft4.$proc$/home/designer/shared/FFT/parallel_fft/design/rtl/fft4.v:92$414'.
Removing empty process `$paramod$822bb578bad106d066af788502e6b7c8175f5771\fft4.$proc$/home/designer/shared/FFT/parallel_fft/design/rtl/fft4.v:92$414'.
Found and cleaned up 2 empty switches in `$paramod$822bb578bad106d066af788502e6b7c8175f5771\fft4.$proc$/home/designer/shared/FFT/parallel_fft/design/rtl/fft4.v:73$413'.
Removing empty process `$paramod$822bb578bad106d066af788502e6b7c8175f5771\fft4.$proc$/home/designer/shared/FFT/parallel_fft/design/rtl/fft4.v:73$413'.
Found and cleaned up 2 empty switches in `$paramod$55e188ae133e8a9a9b845f543e216dcb7898452c\twiddle_interface.$proc$/home/designer/shared/FFT/parallel_fft/design/rtl/twiddle_interface/twiddle_interface.v:175$412'.
Removing empty process `$paramod$55e188ae133e8a9a9b845f543e216dcb7898452c\twiddle_interface.$proc$/home/designer/shared/FFT/parallel_fft/design/rtl/twiddle_interface/twiddle_interface.v:175$412'.
Removing empty process `$paramod$55e188ae133e8a9a9b845f543e216dcb7898452c\twiddle_interface.$proc$/home/designer/shared/FFT/parallel_fft/design/rtl/twiddle_interface/twiddle_interface.v:133$411'.
Found and cleaned up 1 empty switch in `$paramod$55e188ae133e8a9a9b845f543e216dcb7898452c\twiddle_interface.$proc$/home/designer/shared/FFT/parallel_fft/design/rtl/twiddle_interface/twiddle_interface.v:124$410'.
Removing empty process `$paramod$55e188ae133e8a9a9b845f543e216dcb7898452c\twiddle_interface.$proc$/home/designer/shared/FFT/parallel_fft/design/rtl/twiddle_interface/twiddle_interface.v:124$410'.
Found and cleaned up 4 empty switches in `$paramod$55e188ae133e8a9a9b845f543e216dcb7898452c\twiddle_interface.$proc$/home/designer/shared/FFT/parallel_fft/design/rtl/twiddle_interface/twiddle_interface.v:106$407'.
Removing empty process `$paramod$55e188ae133e8a9a9b845f543e216dcb7898452c\twiddle_interface.$proc$/home/designer/shared/FFT/parallel_fft/design/rtl/twiddle_interface/twiddle_interface.v:106$407'.
Found and cleaned up 1 empty switch in `$paramod\shift_r2\NB_DATA=s32'00000000000000000000000000001000.$proc$/home/designer/shared/FFT/parallel_fft/design/rtl/shift_r2.v:32$307'.
Removing empty process `$paramod\shift_r2\NB_DATA=s32'00000000000000000000000000001000.$proc$/home/designer/shared/FFT/parallel_fft/design/rtl/shift_r2.v:32$307'.
Found and cleaned up 8 empty switches in `$paramod\buffer_parallel2serial\NB_DATA=s32'00000000000000000000000000001000.$proc$/home/designer/shared/FFT/parallel_fft/design/rtl/buffer_parallel2serial.v:54$59'.
Removing empty process `$paramod\buffer_parallel2serial\NB_DATA=s32'00000000000000000000000000001000.$proc$/home/designer/shared/FFT/parallel_fft/design/rtl/buffer_parallel2serial.v:54$59'.
Found and cleaned up 3 empty switches in `$paramod\rx_serializer\NB_DATA=s32'00000000000000000000000000001000.$proc$/home/designer/shared/FFT/parallel_fft/design/rtl/common_modules/rx_serializer.v:70$40'.
Removing empty process `$paramod\rx_serializer\NB_DATA=s32'00000000000000000000000000001000.$proc$/home/designer/shared/FFT/parallel_fft/design/rtl/common_modules/rx_serializer.v:70$40'.
Found and cleaned up 1 empty switch in `$paramod\rx_serializer\NB_DATA=s32'00000000000000000000000000001000.$proc$/home/designer/shared/FFT/parallel_fft/design/rtl/common_modules/rx_serializer.v:46$37'.
Removing empty process `$paramod\rx_serializer\NB_DATA=s32'00000000000000000000000000001000.$proc$/home/designer/shared/FFT/parallel_fft/design/rtl/common_modules/rx_serializer.v:46$37'.
Removing empty process `$paramod\rx_serializer\NB_DATA=s32'00000000000000000000000000001000.$proc$/home/designer/shared/FFT/parallel_fft/design/rtl/common_modules/rx_serializer.v:39$33'.
Found and cleaned up 3 empty switches in `$paramod\tx_serializer\NB_DATA=s32'00000000000000000000000000001000.$proc$/home/designer/shared/FFT/parallel_fft/design/rtl/common_modules/tx_serializer.v:59$27'.
Removing empty process `$paramod\tx_serializer\NB_DATA=s32'00000000000000000000000000001000.$proc$/home/designer/shared/FFT/parallel_fft/design/rtl/common_modules/tx_serializer.v:59$27'.
Removing empty process `$paramod\tx_serializer\NB_DATA=s32'00000000000000000000000000001000.$proc$/home/designer/shared/FFT/parallel_fft/design/rtl/common_modules/tx_serializer.v:44$25'.
Removing empty process `$paramod$e825517e76a6abfe988a8af00874d6681f9a4907\ds_switch.$proc$/home/designer/shared/FFT/parallel_fft/design/rtl/common_modules/ds_switch.v:159$586'.
Found and cleaned up 4 empty switches in `$paramod$e825517e76a6abfe988a8af00874d6681f9a4907\ds_switch.$proc$/home/designer/shared/FFT/parallel_fft/design/rtl/common_modules/ds_switch.v:131$582'.
Removing empty process `$paramod$e825517e76a6abfe988a8af00874d6681f9a4907\ds_switch.$proc$/home/designer/shared/FFT/parallel_fft/design/rtl/common_modules/ds_switch.v:131$582'.
Found and cleaned up 2 empty switches in `$paramod$e825517e76a6abfe988a8af00874d6681f9a4907\ds_switch.$proc$/home/designer/shared/FFT/parallel_fft/design/rtl/common_modules/ds_switch.v:109$579'.
Removing empty process `$paramod$e825517e76a6abfe988a8af00874d6681f9a4907\ds_switch.$proc$/home/designer/shared/FFT/parallel_fft/design/rtl/common_modules/ds_switch.v:109$579'.
Found and cleaned up 3 empty switches in `$paramod$e825517e76a6abfe988a8af00874d6681f9a4907\ds_switch.$proc$/home/designer/shared/FFT/parallel_fft/design/rtl/common_modules/ds_switch.v:83$575'.
Removing empty process `$paramod$e825517e76a6abfe988a8af00874d6681f9a4907\ds_switch.$proc$/home/designer/shared/FFT/parallel_fft/design/rtl/common_modules/ds_switch.v:83$575'.
Found and cleaned up 4 empty switches in `$paramod$e825517e76a6abfe988a8af00874d6681f9a4907\ds_switch.$proc$/home/designer/shared/FFT/parallel_fft/design/rtl/common_modules/ds_switch.v:54$570'.
Removing empty process `$paramod$e825517e76a6abfe988a8af00874d6681f9a4907\ds_switch.$proc$/home/designer/shared/FFT/parallel_fft/design/rtl/common_modules/ds_switch.v:54$570'.
Cleaned up 82 empty switches.

33.12. Executing OPT_EXPR pass (perform const folding).
Optimizing module top_chip.
<suppressed ~10 debug messages>
Optimizing module $paramod$ee998c48d291f24165178e86db53e4d6f2541c31\btfly_2.
Optimizing module $paramod$adef7b7f071f262d011b8eff237fe1297a531d6a\xfft_cell.
Optimizing module $paramod$37c44c8171ec20227f00ac25948f2e851df399c9\ds_switch.
<suppressed ~14 debug messages>
Optimizing module $paramod$ed12c0bd15db7b134ad06ea575abb269e0ee74ce\mdc8p_stage1.
<suppressed ~3 debug messages>
Optimizing module $paramod$0412e2692e4fb416d489fd1dda7f407e3f363dcc\mdc8p_stage2.
<suppressed ~3 debug messages>
Optimizing module $paramod$15976f97eff3e7efba67231cdea386a8faf17143\mdc8p_stage3.
Optimizing module $paramod$822bb578bad106d066af788502e6b7c8175f5771\complex_multiplier.
Optimizing module $paramod$4b888baed3c80e165e67efcc55e29a2746c95ac5\clip_round.
Optimizing module $paramod\cdc_snapshot\DATA_WIDTH=s32'00000000000000000000000000001000.
<suppressed ~6 debug messages>
Optimizing module $paramod$86c3a2406c43d36f373e6f546f8eb44128c55483\spi_slave_mode0.
<suppressed ~34 debug messages>
Optimizing module $paramod$9d48a4856d550f9261444b1c4abfe084c1906f00\debug_unit.
<suppressed ~3 debug messages>
Optimizing module $paramod\shift_r4\NB_DATA=s32'00000000000000000000000000001000.
Optimizing module $paramod$822bb578bad106d066af788502e6b7c8175f5771\fft4.
Optimizing module $paramod$55e188ae133e8a9a9b845f543e216dcb7898452c\twiddle_interface.
<suppressed ~6 debug messages>
Optimizing module $paramod\shift_r2\NB_DATA=s32'00000000000000000000000000001000.
Optimizing module $paramod$822bb578bad106d066af788502e6b7c8175f5771\fft8.
Optimizing module $paramod\buffer_parallel2serial\NB_DATA=s32'00000000000000000000000000001000.
<suppressed ~102 debug messages>
Optimizing module $paramod\rx_serializer\NB_DATA=s32'00000000000000000000000000001000.
<suppressed ~17 debug messages>
Optimizing module $paramod\fft32\NB_DATA=s32'00000000000000000000000000001000.
Optimizing module $paramod\tx_serializer\NB_DATA=s32'00000000000000000000000000001000.
<suppressed ~14 debug messages>
Optimizing module debug_system.
Optimizing module $paramod$e825517e76a6abfe988a8af00874d6681f9a4907\ds_switch.
<suppressed ~18 debug messages>
Optimizing module $paramod$833ab97d3a5a7beaf1c79fa714ad51a2af6d5400\clip_round.
Optimizing module $paramod$edddbe87b6cfd6e80118c6397b48a457ce4f4cb3\btfly_2.
Optimizing module $paramod$0412e2692e4fb416d489fd1dda7f407e3f363dcc\btfly_2.

34. Executing FLATTEN pass (flatten design).
Deleting now unused module $paramod$ee998c48d291f24165178e86db53e4d6f2541c31\btfly_2.
Deleting now unused module $paramod$adef7b7f071f262d011b8eff237fe1297a531d6a\xfft_cell.
Deleting now unused module $paramod$37c44c8171ec20227f00ac25948f2e851df399c9\ds_switch.
Deleting now unused module $paramod$ed12c0bd15db7b134ad06ea575abb269e0ee74ce\mdc8p_stage1.
Deleting now unused module $paramod$0412e2692e4fb416d489fd1dda7f407e3f363dcc\mdc8p_stage2.
Deleting now unused module $paramod$15976f97eff3e7efba67231cdea386a8faf17143\mdc8p_stage3.
Deleting now unused module $paramod$822bb578bad106d066af788502e6b7c8175f5771\complex_multiplier.
Deleting now unused module $paramod$4b888baed3c80e165e67efcc55e29a2746c95ac5\clip_round.
Deleting now unused module $paramod\cdc_snapshot\DATA_WIDTH=s32'00000000000000000000000000001000.
Deleting now unused module $paramod$86c3a2406c43d36f373e6f546f8eb44128c55483\spi_slave_mode0.
Deleting now unused module $paramod$9d48a4856d550f9261444b1c4abfe084c1906f00\debug_unit.
Deleting now unused module $paramod\shift_r4\NB_DATA=s32'00000000000000000000000000001000.
Deleting now unused module $paramod$822bb578bad106d066af788502e6b7c8175f5771\fft4.
Deleting now unused module $paramod$55e188ae133e8a9a9b845f543e216dcb7898452c\twiddle_interface.
Deleting now unused module $paramod\shift_r2\NB_DATA=s32'00000000000000000000000000001000.
Deleting now unused module $paramod$822bb578bad106d066af788502e6b7c8175f5771\fft8.
Deleting now unused module $paramod\buffer_parallel2serial\NB_DATA=s32'00000000000000000000000000001000.
Deleting now unused module $paramod\rx_serializer\NB_DATA=s32'00000000000000000000000000001000.
Deleting now unused module $paramod\fft32\NB_DATA=s32'00000000000000000000000000001000.
Deleting now unused module $paramod\tx_serializer\NB_DATA=s32'00000000000000000000000000001000.
Deleting now unused module debug_system.
Deleting now unused module $paramod$e825517e76a6abfe988a8af00874d6681f9a4907\ds_switch.
Deleting now unused module $paramod$833ab97d3a5a7beaf1c79fa714ad51a2af6d5400\clip_round.
Deleting now unused module $paramod$edddbe87b6cfd6e80118c6397b48a457ce4f4cb3\btfly_2.
Deleting now unused module $paramod$0412e2692e4fb416d489fd1dda7f407e3f363dcc\btfly_2.
<suppressed ~42 debug messages>

35. Executing OPT_CLEAN pass (remove unused cells and wires).
Finding unused cells or wires in module \top_chip..
Removed 243 unused cells and 3252 unused wires.
<suppressed ~1186 debug messages>
