
===========================================================================
report_checks -unconstrained
===========================================================================
======================= nom_slow_1p08V_125C Corner ===================================

Startpoint: _43105_ (rising edge-triggered flip-flop clocked by clk)
Endpoint: _40757_ (recovery check against rising-edge clock clk)
Path Group: asynchronous
Path Type: max

Fanout         Cap        Slew       Delay        Time   Description
---------------------------------------------------------------------------------------------
                      0.000000    0.000000    0.000000   clock clk (rise edge)
                                  0.000000    0.000000   clock network delay (ideal)
                      0.000000    0.000000    0.000000 ^ _43105_/CLK (sg13g2_dfrbpq_1)
     3    0.007476    0.054082    0.256236    0.256236 v _43105_/Q (sg13g2_dfrbpq_1)
                                                         soft_reset (net)
                      0.054082    0.000000    0.256236 v _23184_/A_N (sg13g2_nand2b_1)
    69    0.185332    1.689621    1.368520    1.624756 v _23184_/Y (sg13g2_nand2b_1)
                                                         _15298_ (net)
                      1.689621    0.000000    1.624756 v _23185_/A (sg13g2_inv_1)
   241    0.990243    5.802324    5.580526    7.205283 ^ _23185_/Y (sg13g2_inv_1)
                                                         internal_rst_n (net)
                      5.802324    0.000000    7.205283 ^ _40757_/RESET_B (sg13g2_dfrbpq_1)
                                              7.205283   data arrival time

                      0.000000   50.000000   50.000000   clock clk (rise edge)
                                  0.000000   50.000000   clock network delay (ideal)
                                  0.000000   50.000000   clock reconvergence pessimism
                                             50.000000 ^ _40757_/CLK (sg13g2_dfrbpq_1)
                                 -1.387346   48.612652   library recovery time
                                             48.612652   data required time
---------------------------------------------------------------------------------------------
                                             48.612652   data required time
                                             -7.205283   data arrival time
---------------------------------------------------------------------------------------------
                                             41.407368   slack (MET)


Startpoint: _43103_ (rising edge-triggered flip-flop clocked by clk)
Endpoint: _42636_ (rising edge-triggered flip-flop clocked by clk)
Path Group: clk
Path Type: max

Fanout         Cap        Slew       Delay        Time   Description
---------------------------------------------------------------------------------------------
                      0.000000    0.000000    0.000000   clock clk (rise edge)
                                  0.000000    0.000000   clock network delay (ideal)
                      0.000000    0.000000    0.000000 ^ _43103_/CLK (sg13g2_dfrbpq_1)
   764    3.565958   22.131897   15.661068   15.661068 ^ _43103_/Q (sg13g2_dfrbpq_1)
                                                         fft_enable (net)
                     22.131897    0.000000   15.661068 ^ _38702_/A (sg13g2_nand2_1)
    80    0.309135    6.513699   13.930111   29.591179 v _38702_/Y (sg13g2_nand2_1)
                                                         _13517_ (net)
                      6.513699    0.000000   29.591179 v _40577_/A2 (sg13g2_o21ai_1)
     1    0.001335    0.697180    0.802849   30.394028 ^ _40577_/Y (sg13g2_o21ai_1)
                                                         _00862_ (net)
                      0.697180    0.000000   30.394028 ^ _42636_/D (sg13g2_dfrbpq_1)
                                             30.394028   data arrival time

                      0.000000   50.000000   50.000000   clock clk (rise edge)
                                  0.000000   50.000000   clock network delay (ideal)
                                  0.000000   50.000000   clock reconvergence pessimism
                                             50.000000 ^ _42636_/CLK (sg13g2_dfrbpq_1)
                                 -0.443940   49.556057   library setup time
                                             49.556057   data required time
---------------------------------------------------------------------------------------------
                                             49.556057   data required time
                                            -30.394028   data arrival time
---------------------------------------------------------------------------------------------
                                             19.162031   slack (MET)




===========================================================================
report_checks --slack_max -0.01
============================================================================
======================= nom_slow_1p08V_125C Corner ===================================

No paths found.


===========================================================================
 report_check_types -max_slew -max_cap -max_fanout -violators
============================================================================
======================= nom_slow_1p08V_125C Corner ===================================

max slew

Pin                                        Limit        Slew       Slack
------------------------------------------------------------------------
_21450_/S                               2.507400   22.131897  -19.624496 (VIOLATED)
_21451_/S                               2.507400   22.131897  -19.624496 (VIOLATED)
_21452_/S                               2.507400   22.131897  -19.624496 (VIOLATED)
_21453_/S                               2.507400   22.131897  -19.624496 (VIOLATED)
_21454_/S                               2.507400   22.131897  -19.624496 (VIOLATED)
_21455_/S                               2.507400   22.131897  -19.624496 (VIOLATED)
_21456_/S                               2.507400   22.131897  -19.624496 (VIOLATED)
_21457_/S                               2.507400   22.131897  -19.624496 (VIOLATED)
_21458_/S                               2.507400   22.131897  -19.624496 (VIOLATED)
_21459_/S                               2.507400   22.131897  -19.624496 (VIOLATED)
_21460_/S                               2.507400   22.131897  -19.624496 (VIOLATED)
_21461_/S                               2.507400   22.131897  -19.624496 (VIOLATED)
_21462_/S                               2.507400   22.131897  -19.624496 (VIOLATED)
_21463_/S                               2.507400   22.131897  -19.624496 (VIOLATED)
_21464_/S                               2.507400   22.131897  -19.624496 (VIOLATED)
_21465_/S                               2.507400   22.131897  -19.624496 (VIOLATED)
_21466_/S                               2.507400   22.131897  -19.624496 (VIOLATED)
_21467_/S                               2.507400   22.131897  -19.624496 (VIOLATED)
_21468_/S                               2.507400   22.131897  -19.624496 (VIOLATED)
_21469_/S                               2.507400   22.131897  -19.624496 (VIOLATED)
_21470_/S                               2.507400   22.131897  -19.624496 (VIOLATED)
_21471_/S                               2.507400   22.131897  -19.624496 (VIOLATED)
_21472_/S                               2.507400   22.131897  -19.624496 (VIOLATED)
_21473_/S                               2.507400   22.131897  -19.624496 (VIOLATED)
_21474_/S                               2.507400   22.131897  -19.624496 (VIOLATED)
_21475_/S                               2.507400   22.131897  -19.624496 (VIOLATED)
_21476_/S                               2.507400   22.131897  -19.624496 (VIOLATED)
_21477_/S                               2.507400   22.131897  -19.624496 (VIOLATED)
_21478_/S                               2.507400   22.131897  -19.624496 (VIOLATED)
_21479_/S                               2.507400   22.131897  -19.624496 (VIOLATED)
_21480_/S                               2.507400   22.131897  -19.624496 (VIOLATED)
_21481_/S                               2.507400   22.131897  -19.624496 (VIOLATED)
_21482_/S                               2.507400   22.131897  -19.624496 (VIOLATED)
_21483_/S                               2.507400   22.131897  -19.624496 (VIOLATED)
_21484_/S                               2.507400   22.131897  -19.624496 (VIOLATED)
_21485_/S                               2.507400   22.131897  -19.624496 (VIOLATED)
_21486_/S                               2.507400   22.131897  -19.624496 (VIOLATED)
_21487_/S                               2.507400   22.131897  -19.624496 (VIOLATED)
_21488_/S                               2.507400   22.131897  -19.624496 (VIOLATED)
_21489_/S                               2.507400   22.131897  -19.624496 (VIOLATED)
_21490_/S                               2.507400   22.131897  -19.624496 (VIOLATED)
_21491_/S                               2.507400   22.131897  -19.624496 (VIOLATED)
_21492_/S                               2.507400   22.131897  -19.624496 (VIOLATED)
_21493_/S                               2.507400   22.131897  -19.624496 (VIOLATED)
_21494_/S                               2.507400   22.131897  -19.624496 (VIOLATED)
_21495_/S                               2.507400   22.131897  -19.624496 (VIOLATED)
_21496_/S                               2.507400   22.131897  -19.624496 (VIOLATED)
_21497_/S                               2.507400   22.131897  -19.624496 (VIOLATED)
_21498_/S                               2.507400   22.131897  -19.624496 (VIOLATED)
_21499_/S                               2.507400   22.131897  -19.624496 (VIOLATED)
_21500_/S                               2.507400   22.131897  -19.624496 (VIOLATED)
_21501_/S                               2.507400   22.131897  -19.624496 (VIOLATED)
_21502_/S                               2.507400   22.131897  -19.624496 (VIOLATED)
_21503_/S                               2.507400   22.131897  -19.624496 (VIOLATED)
_21504_/S                               2.507400   22.131897  -19.624496 (VIOLATED)
_21505_/S                               2.507400   22.131897  -19.624496 (VIOLATED)
_21506_/S                               2.507400   22.131897  -19.624496 (VIOLATED)
_21507_/S                               2.507400   22.131897  -19.624496 (VIOLATED)
_21508_/S                               2.507400   22.131897  -19.624496 (VIOLATED)
_21509_/S                               2.507400   22.131897  -19.624496 (VIOLATED)
_21510_/S                               2.507400   22.131897  -19.624496 (VIOLATED)
_21511_/S                               2.507400   22.131897  -19.624496 (VIOLATED)
_21512_/S                               2.507400   22.131897  -19.624496 (VIOLATED)
_21513_/S                               2.507400   22.131897  -19.624496 (VIOLATED)
_21514_/S                               2.507400   22.131897  -19.624496 (VIOLATED)
_21515_/S                               2.507400   22.131897  -19.624496 (VIOLATED)
_21516_/S                               2.507400   22.131897  -19.624496 (VIOLATED)
_21517_/S                               2.507400   22.131897  -19.624496 (VIOLATED)
_21518_/S                               2.507400   22.131897  -19.624496 (VIOLATED)
_21519_/S                               2.507400   22.131897  -19.624496 (VIOLATED)
_21520_/S                               2.507400   22.131897  -19.624496 (VIOLATED)
_21521_/S                               2.507400   22.131897  -19.624496 (VIOLATED)
_21522_/S                               2.507400   22.131897  -19.624496 (VIOLATED)
_21523_/S                               2.507400   22.131897  -19.624496 (VIOLATED)
_21524_/S                               2.507400   22.131897  -19.624496 (VIOLATED)
_21525_/S                               2.507400   22.131897  -19.624496 (VIOLATED)
_21526_/S                               2.507400   22.131897  -19.624496 (VIOLATED)
_21527_/S                               2.507400   22.131897  -19.624496 (VIOLATED)
_21528_/S                               2.507400   22.131897  -19.624496 (VIOLATED)
_21529_/S                               2.507400   22.131897  -19.624496 (VIOLATED)
_21530_/S                               2.507400   22.131897  -19.624496 (VIOLATED)
_21531_/S                               2.507400   22.131897  -19.624496 (VIOLATED)
_21532_/S                               2.507400   22.131897  -19.624496 (VIOLATED)
_21533_/S                               2.507400   22.131897  -19.624496 (VIOLATED)
_21534_/S                               2.507400   22.131897  -19.624496 (VIOLATED)
_21535_/S                               2.507400   22.131897  -19.624496 (VIOLATED)
_21536_/S                               2.507400   22.131897  -19.624496 (VIOLATED)
_21537_/S                               2.507400   22.131897  -19.624496 (VIOLATED)
_21538_/S                               2.507400   22.131897  -19.624496 (VIOLATED)
_21539_/S                               2.507400   22.131897  -19.624496 (VIOLATED)
_21540_/S                               2.507400   22.131897  -19.624496 (VIOLATED)
_21541_/S                               2.507400   22.131897  -19.624496 (VIOLATED)
_21542_/S                               2.507400   22.131897  -19.624496 (VIOLATED)
_21543_/S                               2.507400   22.131897  -19.624496 (VIOLATED)
_21544_/S                               2.507400   22.131897  -19.624496 (VIOLATED)
_21545_/S                               2.507400   22.131897  -19.624496 (VIOLATED)
_21546_/S                               2.507400   22.131897  -19.624496 (VIOLATED)
_21547_/S                               2.507400   22.131897  -19.624496 (VIOLATED)
_21548_/S                               2.507400   22.131897  -19.624496 (VIOLATED)
_21549_/S                               2.507400   22.131897  -19.624496 (VIOLATED)
_21550_/S                               2.507400   22.131897  -19.624496 (VIOLATED)
_21551_/S                               2.507400   22.131897  -19.624496 (VIOLATED)
_21552_/S                               2.507400   22.131897  -19.624496 (VIOLATED)
_21553_/S                               2.507400   22.131897  -19.624496 (VIOLATED)
_21554_/S                               2.507400   22.131897  -19.624496 (VIOLATED)
_21555_/S                               2.507400   22.131897  -19.624496 (VIOLATED)
_21556_/S                               2.507400   22.131897  -19.624496 (VIOLATED)
_21557_/S                               2.507400   22.131897  -19.624496 (VIOLATED)
_21558_/S                               2.507400   22.131897  -19.624496 (VIOLATED)
_21559_/S                               2.507400   22.131897  -19.624496 (VIOLATED)
_21560_/S                               2.507400   22.131897  -19.624496 (VIOLATED)
_21561_/S                               2.507400   22.131897  -19.624496 (VIOLATED)
_21562_/S                               2.507400   22.131897  -19.624496 (VIOLATED)
_21563_/S                               2.507400   22.131897  -19.624496 (VIOLATED)
_21564_/S                               2.507400   22.131897  -19.624496 (VIOLATED)
_21565_/S                               2.507400   22.131897  -19.624496 (VIOLATED)
_21566_/S                               2.507400   22.131897  -19.624496 (VIOLATED)
_21567_/S                               2.507400   22.131897  -19.624496 (VIOLATED)
_21568_/S                               2.507400   22.131897  -19.624496 (VIOLATED)
_21569_/S                               2.507400   22.131897  -19.624496 (VIOLATED)
_21570_/S                               2.507400   22.131897  -19.624496 (VIOLATED)
_21571_/S                               2.507400   22.131897  -19.624496 (VIOLATED)
_21572_/S                               2.507400   22.131897  -19.624496 (VIOLATED)
_21573_/S                               2.507400   22.131897  -19.624496 (VIOLATED)
_21574_/S                               2.507400   22.131897  -19.624496 (VIOLATED)
_21575_/S                               2.507400   22.131897  -19.624496 (VIOLATED)
_21576_/S                               2.507400   22.131897  -19.624496 (VIOLATED)
_21577_/S                               2.507400   22.131897  -19.624496 (VIOLATED)
_21578_/S                               2.507400   22.131897  -19.624496 (VIOLATED)
_21579_/S                               2.507400   22.131897  -19.624496 (VIOLATED)
_21580_/S                               2.507400   22.131897  -19.624496 (VIOLATED)
_21581_/S                               2.507400   22.131897  -19.624496 (VIOLATED)
_21582_/S                               2.507400   22.131897  -19.624496 (VIOLATED)
_21583_/S                               2.507400   22.131897  -19.624496 (VIOLATED)
_21584_/S                               2.507400   22.131897  -19.624496 (VIOLATED)
_21585_/S                               2.507400   22.131897  -19.624496 (VIOLATED)
_21586_/S                               2.507400   22.131897  -19.624496 (VIOLATED)
_21587_/S                               2.507400   22.131897  -19.624496 (VIOLATED)
_21588_/S                               2.507400   22.131897  -19.624496 (VIOLATED)
_21589_/S                               2.507400   22.131897  -19.624496 (VIOLATED)
_21590_/S                               2.507400   22.131897  -19.624496 (VIOLATED)
_21591_/S                               2.507400   22.131897  -19.624496 (VIOLATED)
_21592_/S                               2.507400   22.131897  -19.624496 (VIOLATED)
_21593_/S                               2.507400   22.131897  -19.624496 (VIOLATED)
_21594_/S                               2.507400   22.131897  -19.624496 (VIOLATED)
_21595_/S                               2.507400   22.131897  -19.624496 (VIOLATED)
_21596_/S                               2.507400   22.131897  -19.624496 (VIOLATED)
_21597_/S                               2.507400   22.131897  -19.624496 (VIOLATED)
_21598_/S                               2.507400   22.131897  -19.624496 (VIOLATED)
_21599_/S                               2.507400   22.131897  -19.624496 (VIOLATED)
_21600_/S                               2.507400   22.131897  -19.624496 (VIOLATED)
_21601_/S                               2.507400   22.131897  -19.624496 (VIOLATED)
_21602_/S                               2.507400   22.131897  -19.624496 (VIOLATED)
_21603_/S                               2.507400   22.131897  -19.624496 (VIOLATED)
_21604_/S                               2.507400   22.131897  -19.624496 (VIOLATED)
_21605_/S                               2.507400   22.131897  -19.624496 (VIOLATED)
_21606_/S                               2.507400   22.131897  -19.624496 (VIOLATED)
_21607_/S                               2.507400   22.131897  -19.624496 (VIOLATED)
_21608_/S                               2.507400   22.131897  -19.624496 (VIOLATED)
_21609_/S                               2.507400   22.131897  -19.624496 (VIOLATED)
_21610_/S                               2.507400   22.131897  -19.624496 (VIOLATED)
_21611_/S                               2.507400   22.131897  -19.624496 (VIOLATED)
_21612_/S                               2.507400   22.131897  -19.624496 (VIOLATED)
_21613_/S                               2.507400   22.131897  -19.624496 (VIOLATED)
_21614_/S                               2.507400   22.131897  -19.624496 (VIOLATED)
_21615_/S                               2.507400   22.131897  -19.624496 (VIOLATED)
_21616_/S                               2.507400   22.131897  -19.624496 (VIOLATED)
_21617_/S                               2.507400   22.131897  -19.624496 (VIOLATED)
_21618_/S                               2.507400   22.131897  -19.624496 (VIOLATED)
_21619_/S                               2.507400   22.131897  -19.624496 (VIOLATED)
_21620_/S                               2.507400   22.131897  -19.624496 (VIOLATED)
_21621_/S                               2.507400   22.131897  -19.624496 (VIOLATED)
_21622_/S                               2.507400   22.131897  -19.624496 (VIOLATED)
_21623_/S                               2.507400   22.131897  -19.624496 (VIOLATED)
_21624_/S                               2.507400   22.131897  -19.624496 (VIOLATED)
_21625_/S                               2.507400   22.131897  -19.624496 (VIOLATED)
_21626_/S                               2.507400   22.131897  -19.624496 (VIOLATED)
_21627_/S                               2.507400   22.131897  -19.624496 (VIOLATED)
_21628_/S                               2.507400   22.131897  -19.624496 (VIOLATED)
_21629_/S                               2.507400   22.131897  -19.624496 (VIOLATED)
_21630_/S                               2.507400   22.131897  -19.624496 (VIOLATED)
_21631_/S                               2.507400   22.131897  -19.624496 (VIOLATED)
_21632_/S                               2.507400   22.131897  -19.624496 (VIOLATED)
_21633_/S                               2.507400   22.131897  -19.624496 (VIOLATED)
_21634_/S                               2.507400   22.131897  -19.624496 (VIOLATED)
_21635_/S                               2.507400   22.131897  -19.624496 (VIOLATED)
_21636_/S                               2.507400   22.131897  -19.624496 (VIOLATED)
_21637_/S                               2.507400   22.131897  -19.624496 (VIOLATED)
_21638_/S                               2.507400   22.131897  -19.624496 (VIOLATED)
_21639_/S                               2.507400   22.131897  -19.624496 (VIOLATED)
_21640_/S                               2.507400   22.131897  -19.624496 (VIOLATED)
_21641_/S                               2.507400   22.131897  -19.624496 (VIOLATED)
_21642_/S                               2.507400   22.131897  -19.624496 (VIOLATED)
_21643_/S                               2.507400   22.131897  -19.624496 (VIOLATED)
_21644_/S                               2.507400   22.131897  -19.624496 (VIOLATED)
_21645_/S                               2.507400   22.131897  -19.624496 (VIOLATED)
_21646_/S                               2.507400   22.131897  -19.624496 (VIOLATED)
_21647_/S                               2.507400   22.131897  -19.624496 (VIOLATED)
_21648_/S                               2.507400   22.131897  -19.624496 (VIOLATED)
_21649_/S                               2.507400   22.131897  -19.624496 (VIOLATED)
_21650_/S                               2.507400   22.131897  -19.624496 (VIOLATED)
_21651_/S                               2.507400   22.131897  -19.624496 (VIOLATED)
_21652_/S                               2.507400   22.131897  -19.624496 (VIOLATED)
_21653_/S                               2.507400   22.131897  -19.624496 (VIOLATED)
_21654_/S                               2.507400   22.131897  -19.624496 (VIOLATED)
_21655_/S                               2.507400   22.131897  -19.624496 (VIOLATED)
_21656_/S                               2.507400   22.131897  -19.624496 (VIOLATED)
_21657_/S                               2.507400   22.131897  -19.624496 (VIOLATED)
_21658_/S                               2.507400   22.131897  -19.624496 (VIOLATED)
_21659_/S                               2.507400   22.131897  -19.624496 (VIOLATED)
_21660_/S                               2.507400   22.131897  -19.624496 (VIOLATED)
_21661_/S                               2.507400   22.131897  -19.624496 (VIOLATED)
_21662_/S                               2.507400   22.131897  -19.624496 (VIOLATED)
_21663_/S                               2.507400   22.131897  -19.624496 (VIOLATED)
_21664_/S                               2.507400   22.131897  -19.624496 (VIOLATED)
_21665_/S                               2.507400   22.131897  -19.624496 (VIOLATED)
_21666_/S                               2.507400   22.131897  -19.624496 (VIOLATED)
_21667_/S                               2.507400   22.131897  -19.624496 (VIOLATED)
_21668_/S                               2.507400   22.131897  -19.624496 (VIOLATED)
_21669_/S                               2.507400   22.131897  -19.624496 (VIOLATED)
_21670_/S                               2.507400   22.131897  -19.624496 (VIOLATED)
_21671_/S                               2.507400   22.131897  -19.624496 (VIOLATED)
_21672_/S                               2.507400   22.131897  -19.624496 (VIOLATED)
_21673_/S                               2.507400   22.131897  -19.624496 (VIOLATED)
_21674_/S                               2.507400   22.131897  -19.624496 (VIOLATED)
_21675_/S                               2.507400   22.131897  -19.624496 (VIOLATED)
_21676_/S                               2.507400   22.131897  -19.624496 (VIOLATED)
_21677_/S                               2.507400   22.131897  -19.624496 (VIOLATED)
_21678_/S                               2.507400   22.131897  -19.624496 (VIOLATED)
_21679_/S                               2.507400   22.131897  -19.624496 (VIOLATED)
_21680_/S                               2.507400   22.131897  -19.624496 (VIOLATED)
_21681_/S                               2.507400   22.131897  -19.624496 (VIOLATED)
_21682_/S                               2.507400   22.131897  -19.624496 (VIOLATED)
_21683_/S                               2.507400   22.131897  -19.624496 (VIOLATED)
_21684_/S                               2.507400   22.131897  -19.624496 (VIOLATED)
_21685_/S                               2.507400   22.131897  -19.624496 (VIOLATED)
_21686_/S                               2.507400   22.131897  -19.624496 (VIOLATED)
_21687_/S                               2.507400   22.131897  -19.624496 (VIOLATED)
_21688_/S                               2.507400   22.131897  -19.624496 (VIOLATED)
_21689_/S                               2.507400   22.131897  -19.624496 (VIOLATED)
_21690_/S                               2.507400   22.131897  -19.624496 (VIOLATED)
_21691_/S                               2.507400   22.131897  -19.624496 (VIOLATED)
_21692_/S                               2.507400   22.131897  -19.624496 (VIOLATED)
_21693_/S                               2.507400   22.131897  -19.624496 (VIOLATED)
_21694_/S                               2.507400   22.131897  -19.624496 (VIOLATED)
_21695_/S                               2.507400   22.131897  -19.624496 (VIOLATED)
_21696_/S                               2.507400   22.131897  -19.624496 (VIOLATED)
_21697_/S                               2.507400   22.131897  -19.624496 (VIOLATED)
_21698_/S                               2.507400   22.131897  -19.624496 (VIOLATED)
_21699_/S                               2.507400   22.131897  -19.624496 (VIOLATED)
_21700_/S                               2.507400   22.131897  -19.624496 (VIOLATED)
_21701_/S                               2.507400   22.131897  -19.624496 (VIOLATED)
_21702_/S                               2.507400   22.131897  -19.624496 (VIOLATED)
_21703_/S                               2.507400   22.131897  -19.624496 (VIOLATED)
_21704_/S                               2.507400   22.131897  -19.624496 (VIOLATED)
_21705_/S                               2.507400   22.131897  -19.624496 (VIOLATED)
_21706_/S                               2.507400   22.131897  -19.624496 (VIOLATED)
_21707_/S                               2.507400   22.131897  -19.624496 (VIOLATED)
_21708_/S                               2.507400   22.131897  -19.624496 (VIOLATED)
_21709_/S                               2.507400   22.131897  -19.624496 (VIOLATED)
_21710_/S                               2.507400   22.131897  -19.624496 (VIOLATED)
_21711_/S                               2.507400   22.131897  -19.624496 (VIOLATED)
_21712_/S                               2.507400   22.131897  -19.624496 (VIOLATED)
_21713_/S                               2.507400   22.131897  -19.624496 (VIOLATED)
_21714_/S                               2.507400   22.131897  -19.624496 (VIOLATED)
_21715_/S                               2.507400   22.131897  -19.624496 (VIOLATED)
_21716_/S                               2.507400   22.131897  -19.624496 (VIOLATED)
_21717_/S                               2.507400   22.131897  -19.624496 (VIOLATED)
_21718_/S                               2.507400   22.131897  -19.624496 (VIOLATED)
_21719_/S                               2.507400   22.131897  -19.624496 (VIOLATED)
_21720_/S                               2.507400   22.131897  -19.624496 (VIOLATED)
_21721_/S                               2.507400   22.131897  -19.624496 (VIOLATED)
_21722_/S                               2.507400   22.131897  -19.624496 (VIOLATED)
_21723_/S                               2.507400   22.131897  -19.624496 (VIOLATED)
_21724_/S                               2.507400   22.131897  -19.624496 (VIOLATED)
_21725_/S                               2.507400   22.131897  -19.624496 (VIOLATED)
_21726_/S                               2.507400   22.131897  -19.624496 (VIOLATED)
_21727_/S                               2.507400   22.131897  -19.624496 (VIOLATED)
_21728_/S                               2.507400   22.131897  -19.624496 (VIOLATED)
_21729_/S                               2.507400   22.131897  -19.624496 (VIOLATED)
_21730_/S                               2.507400   22.131897  -19.624496 (VIOLATED)
_21731_/S                               2.507400   22.131897  -19.624496 (VIOLATED)
_21732_/S                               2.507400   22.131897  -19.624496 (VIOLATED)
_21733_/S                               2.507400   22.131897  -19.624496 (VIOLATED)
_21734_/S                               2.507400   22.131897  -19.624496 (VIOLATED)
_21735_/S                               2.507400   22.131897  -19.624496 (VIOLATED)
_21736_/S                               2.507400   22.131897  -19.624496 (VIOLATED)
_21737_/S                               2.507400   22.131897  -19.624496 (VIOLATED)
_21738_/S                               2.507400   22.131897  -19.624496 (VIOLATED)
_21739_/S                               2.507400   22.131897  -19.624496 (VIOLATED)
_21740_/S                               2.507400   22.131897  -19.624496 (VIOLATED)
_21741_/S                               2.507400   22.131897  -19.624496 (VIOLATED)
_21742_/S                               2.507400   22.131897  -19.624496 (VIOLATED)
_21743_/S                               2.507400   22.131897  -19.624496 (VIOLATED)
_21744_/S                               2.507400   22.131897  -19.624496 (VIOLATED)
_21745_/S                               2.507400   22.131897  -19.624496 (VIOLATED)
_21746_/S                               2.507400   22.131897  -19.624496 (VIOLATED)
_21747_/S                               2.507400   22.131897  -19.624496 (VIOLATED)
_21748_/S                               2.507400   22.131897  -19.624496 (VIOLATED)
_21749_/S                               2.507400   22.131897  -19.624496 (VIOLATED)
_21750_/S                               2.507400   22.131897  -19.624496 (VIOLATED)
_21751_/S                               2.507400   22.131897  -19.624496 (VIOLATED)
_21752_/S                               2.507400   22.131897  -19.624496 (VIOLATED)
_21753_/S                               2.507400   22.131897  -19.624496 (VIOLATED)
_21754_/S                               2.507400   22.131897  -19.624496 (VIOLATED)
_21755_/S                               2.507400   22.131897  -19.624496 (VIOLATED)
_21756_/S                               2.507400   22.131897  -19.624496 (VIOLATED)
_21757_/S                               2.507400   22.131897  -19.624496 (VIOLATED)
_21758_/S                               2.507400   22.131897  -19.624496 (VIOLATED)
_21759_/S                               2.507400   22.131897  -19.624496 (VIOLATED)
_21760_/S                               2.507400   22.131897  -19.624496 (VIOLATED)
_21761_/S                               2.507400   22.131897  -19.624496 (VIOLATED)
_21762_/S                               2.507400   22.131897  -19.624496 (VIOLATED)
_21763_/S                               2.507400   22.131897  -19.624496 (VIOLATED)
_21764_/S                               2.507400   22.131897  -19.624496 (VIOLATED)
_21765_/S                               2.507400   22.131897  -19.624496 (VIOLATED)
_21836_/A1                              2.507400   22.131897  -19.624496 (VIOLATED)
_22729_/A                               2.507400   22.131897  -19.624496 (VIOLATED)
_22730_/A                               2.507400   22.131897  -19.624496 (VIOLATED)
_23162_/B2                              2.507400   22.131897  -19.624496 (VIOLATED)
_23193_/A                               2.507400   22.131897  -19.624496 (VIOLATED)
_23195_/A                               2.507400   22.131897  -19.624496 (VIOLATED)
_23200_/A                               2.507400   22.131897  -19.624496 (VIOLATED)
_23201_/A                               2.507400   22.131897  -19.624496 (VIOLATED)
_38702_/A                               2.507400   22.131897  -19.624496 (VIOLATED)
_38715_/S                               2.507400   22.131897  -19.624496 (VIOLATED)
_38716_/S                               2.507400   22.131897  -19.624496 (VIOLATED)
_38717_/S                               2.507400   22.131897  -19.624496 (VIOLATED)
_38718_/S                               2.507400   22.131897  -19.624496 (VIOLATED)
_38719_/S                               2.507400   22.131897  -19.624496 (VIOLATED)
_38720_/S                               2.507400   22.131897  -19.624496 (VIOLATED)
_38721_/S                               2.507400   22.131897  -19.624496 (VIOLATED)
_38722_/S                               2.507400   22.131897  -19.624496 (VIOLATED)
_38723_/S                               2.507400   22.131897  -19.624496 (VIOLATED)
_38724_/S                               2.507400   22.131897  -19.624496 (VIOLATED)
_38725_/S                               2.507400   22.131897  -19.624496 (VIOLATED)
_38726_/S                               2.507400   22.131897  -19.624496 (VIOLATED)
_38727_/S                               2.507400   22.131897  -19.624496 (VIOLATED)
_38728_/S                               2.507400   22.131897  -19.624496 (VIOLATED)
_38729_/S                               2.507400   22.131897  -19.624496 (VIOLATED)
_38730_/S                               2.507400   22.131897  -19.624496 (VIOLATED)
_38731_/S                               2.507400   22.131897  -19.624496 (VIOLATED)
_38732_/S                               2.507400   22.131897  -19.624496 (VIOLATED)
_38733_/S                               2.507400   22.131897  -19.624496 (VIOLATED)
_38734_/S                               2.507400   22.131897  -19.624496 (VIOLATED)
_38735_/S                               2.507400   22.131897  -19.624496 (VIOLATED)
_38736_/S                               2.507400   22.131897  -19.624496 (VIOLATED)
_38737_/S                               2.507400   22.131897  -19.624496 (VIOLATED)
_38738_/S                               2.507400   22.131897  -19.624496 (VIOLATED)
_38739_/S                               2.507400   22.131897  -19.624496 (VIOLATED)
_38740_/S                               2.507400   22.131897  -19.624496 (VIOLATED)
_38741_/S                               2.507400   22.131897  -19.624496 (VIOLATED)
_38742_/S                               2.507400   22.131897  -19.624496 (VIOLATED)
_38743_/S                               2.507400   22.131897  -19.624496 (VIOLATED)
_38744_/S                               2.507400   22.131897  -19.624496 (VIOLATED)
_38745_/S                               2.507400   22.131897  -19.624496 (VIOLATED)
_38746_/S                               2.507400   22.131897  -19.624496 (VIOLATED)
_38747_/S                               2.507400   22.131897  -19.624496 (VIOLATED)
_38748_/S                               2.507400   22.131897  -19.624496 (VIOLATED)
_38749_/S                               2.507400   22.131897  -19.624496 (VIOLATED)
_38750_/S                               2.507400   22.131897  -19.624496 (VIOLATED)
_38751_/S                               2.507400   22.131897  -19.624496 (VIOLATED)
_38752_/S                               2.507400   22.131897  -19.624496 (VIOLATED)
_38753_/S                               2.507400   22.131897  -19.624496 (VIOLATED)
_38754_/S                               2.507400   22.131897  -19.624496 (VIOLATED)
_38755_/S                               2.507400   22.131897  -19.624496 (VIOLATED)
_38756_/S                               2.507400   22.131897  -19.624496 (VIOLATED)
_38757_/S                               2.507400   22.131897  -19.624496 (VIOLATED)
_38758_/S                               2.507400   22.131897  -19.624496 (VIOLATED)
_38759_/S                               2.507400   22.131897  -19.624496 (VIOLATED)
_38760_/S                               2.507400   22.131897  -19.624496 (VIOLATED)
_38761_/S                               2.507400   22.131897  -19.624496 (VIOLATED)
_38762_/S                               2.507400   22.131897  -19.624496 (VIOLATED)
_38763_/S                               2.507400   22.131897  -19.624496 (VIOLATED)
_38764_/S                               2.507400   22.131897  -19.624496 (VIOLATED)
_38765_/S                               2.507400   22.131897  -19.624496 (VIOLATED)
_38766_/S                               2.507400   22.131897  -19.624496 (VIOLATED)
_38767_/S                               2.507400   22.131897  -19.624496 (VIOLATED)
_38768_/S                               2.507400   22.131897  -19.624496 (VIOLATED)
_38769_/S                               2.507400   22.131897  -19.624496 (VIOLATED)
_38770_/S                               2.507400   22.131897  -19.624496 (VIOLATED)
_38771_/S                               2.507400   22.131897  -19.624496 (VIOLATED)
_38772_/S                               2.507400   22.131897  -19.624496 (VIOLATED)
_38773_/S                               2.507400   22.131897  -19.624496 (VIOLATED)
_38774_/S                               2.507400   22.131897  -19.624496 (VIOLATED)
_38775_/S                               2.507400   22.131897  -19.624496 (VIOLATED)
_38776_/S                               2.507400   22.131897  -19.624496 (VIOLATED)
_38777_/S                               2.507400   22.131897  -19.624496 (VIOLATED)
_38778_/S                               2.507400   22.131897  -19.624496 (VIOLATED)
_38779_/S                               2.507400   22.131897  -19.624496 (VIOLATED)
_38780_/S                               2.507400   22.131897  -19.624496 (VIOLATED)
_38781_/S                               2.507400   22.131897  -19.624496 (VIOLATED)
_38782_/S                               2.507400   22.131897  -19.624496 (VIOLATED)
_38783_/S                               2.507400   22.131897  -19.624496 (VIOLATED)
_38784_/S                               2.507400   22.131897  -19.624496 (VIOLATED)
_38785_/S                               2.507400   22.131897  -19.624496 (VIOLATED)
_38786_/S                               2.507400   22.131897  -19.624496 (VIOLATED)
_38787_/S                               2.507400   22.131897  -19.624496 (VIOLATED)
_38788_/S                               2.507400   22.131897  -19.624496 (VIOLATED)
_38789_/S                               2.507400   22.131897  -19.624496 (VIOLATED)
_38790_/S                               2.507400   22.131897  -19.624496 (VIOLATED)
_38791_/S                               2.507400   22.131897  -19.624496 (VIOLATED)
_38792_/S                               2.507400   22.131897  -19.624496 (VIOLATED)
_38793_/S                               2.507400   22.131897  -19.624496 (VIOLATED)
_38794_/S                               2.507400   22.131897  -19.624496 (VIOLATED)
_38795_/S                               2.507400   22.131897  -19.624496 (VIOLATED)
_38796_/S                               2.507400   22.131897  -19.624496 (VIOLATED)
_38797_/S                               2.507400   22.131897  -19.624496 (VIOLATED)
_38798_/S                               2.507400   22.131897  -19.624496 (VIOLATED)
_38799_/S                               2.507400   22.131897  -19.624496 (VIOLATED)
_38800_/S                               2.507400   22.131897  -19.624496 (VIOLATED)
_38801_/S                               2.507400   22.131897  -19.624496 (VIOLATED)
_38802_/S                               2.507400   22.131897  -19.624496 (VIOLATED)
_38803_/S                               2.507400   22.131897  -19.624496 (VIOLATED)
_38804_/S                               2.507400   22.131897  -19.624496 (VIOLATED)
_38805_/S                               2.507400   22.131897  -19.624496 (VIOLATED)
_38806_/S                               2.507400   22.131897  -19.624496 (VIOLATED)
_38807_/S                               2.507400   22.131897  -19.624496 (VIOLATED)
_38808_/S                               2.507400   22.131897  -19.624496 (VIOLATED)
_38809_/S                               2.507400   22.131897  -19.624496 (VIOLATED)
_38810_/S                               2.507400   22.131897  -19.624496 (VIOLATED)
_38811_/S                               2.507400   22.131897  -19.624496 (VIOLATED)
_38812_/S                               2.507400   22.131897  -19.624496 (VIOLATED)
_38813_/S                               2.507400   22.131897  -19.624496 (VIOLATED)
_38814_/S                               2.507400   22.131897  -19.624496 (VIOLATED)
_38815_/S                               2.507400   22.131897  -19.624496 (VIOLATED)
_38816_/S                               2.507400   22.131897  -19.624496 (VIOLATED)
_38817_/S                               2.507400   22.131897  -19.624496 (VIOLATED)
_38818_/S                               2.507400   22.131897  -19.624496 (VIOLATED)
_38819_/S                               2.507400   22.131897  -19.624496 (VIOLATED)
_38820_/S                               2.507400   22.131897  -19.624496 (VIOLATED)
_38821_/S                               2.507400   22.131897  -19.624496 (VIOLATED)
_38822_/S                               2.507400   22.131897  -19.624496 (VIOLATED)
_38823_/S                               2.507400   22.131897  -19.624496 (VIOLATED)
_38824_/S                               2.507400   22.131897  -19.624496 (VIOLATED)
_38825_/S                               2.507400   22.131897  -19.624496 (VIOLATED)
_38826_/S                               2.507400   22.131897  -19.624496 (VIOLATED)
_38827_/S                               2.507400   22.131897  -19.624496 (VIOLATED)
_38828_/S                               2.507400   22.131897  -19.624496 (VIOLATED)
_38829_/S                               2.507400   22.131897  -19.624496 (VIOLATED)
_38830_/S                               2.507400   22.131897  -19.624496 (VIOLATED)
_38831_/S                               2.507400   22.131897  -19.624496 (VIOLATED)
_38832_/S                               2.507400   22.131897  -19.624496 (VIOLATED)
_38833_/S                               2.507400   22.131897  -19.624496 (VIOLATED)
_38834_/S                               2.507400   22.131897  -19.624496 (VIOLATED)
_38835_/S                               2.507400   22.131897  -19.624496 (VIOLATED)
_38836_/S                               2.507400   22.131897  -19.624496 (VIOLATED)
_38837_/S                               2.507400   22.131897  -19.624496 (VIOLATED)
_38838_/S                               2.507400   22.131897  -19.624496 (VIOLATED)
_38839_/S                               2.507400   22.131897  -19.624496 (VIOLATED)
_38840_/S                               2.507400   22.131897  -19.624496 (VIOLATED)
_38841_/S                               2.507400   22.131897  -19.624496 (VIOLATED)
_38842_/S                               2.507400   22.131897  -19.624496 (VIOLATED)
_38843_/S                               2.507400   22.131897  -19.624496 (VIOLATED)
_38844_/S                               2.507400   22.131897  -19.624496 (VIOLATED)
_38845_/S                               2.507400   22.131897  -19.624496 (VIOLATED)
_38846_/S                               2.507400   22.131897  -19.624496 (VIOLATED)
_38847_/S                               2.507400   22.131897  -19.624496 (VIOLATED)
_38848_/S                               2.507400   22.131897  -19.624496 (VIOLATED)
_38849_/S                               2.507400   22.131897  -19.624496 (VIOLATED)
_38850_/S                               2.507400   22.131897  -19.624496 (VIOLATED)
_38851_/S                               2.507400   22.131897  -19.624496 (VIOLATED)
_38852_/S                               2.507400   22.131897  -19.624496 (VIOLATED)
_38853_/S                               2.507400   22.131897  -19.624496 (VIOLATED)
_38854_/S                               2.507400   22.131897  -19.624496 (VIOLATED)
_38855_/S                               2.507400   22.131897  -19.624496 (VIOLATED)
_38856_/S                               2.507400   22.131897  -19.624496 (VIOLATED)
_38857_/S                               2.507400   22.131897  -19.624496 (VIOLATED)
_38858_/S                               2.507400   22.131897  -19.624496 (VIOLATED)
_38859_/S                               2.507400   22.131897  -19.624496 (VIOLATED)
_38860_/S                               2.507400   22.131897  -19.624496 (VIOLATED)
_38861_/S                               2.507400   22.131897  -19.624496 (VIOLATED)
_38862_/S                               2.507400   22.131897  -19.624496 (VIOLATED)
_38863_/S                               2.507400   22.131897  -19.624496 (VIOLATED)
_38864_/S                               2.507400   22.131897  -19.624496 (VIOLATED)
_38865_/S                               2.507400   22.131897  -19.624496 (VIOLATED)
_38866_/S                               2.507400   22.131897  -19.624496 (VIOLATED)
_38867_/S                               2.507400   22.131897  -19.624496 (VIOLATED)
_38868_/S                               2.507400   22.131897  -19.624496 (VIOLATED)
_38869_/S                               2.507400   22.131897  -19.624496 (VIOLATED)
_38870_/S                               2.507400   22.131897  -19.624496 (VIOLATED)
_38871_/S                               2.507400   22.131897  -19.624496 (VIOLATED)
_38872_/S                               2.507400   22.131897  -19.624496 (VIOLATED)
_38873_/S                               2.507400   22.131897  -19.624496 (VIOLATED)
_38874_/S                               2.507400   22.131897  -19.624496 (VIOLATED)
_38875_/S                               2.507400   22.131897  -19.624496 (VIOLATED)
_38876_/S                               2.507400   22.131897  -19.624496 (VIOLATED)
_38877_/S                               2.507400   22.131897  -19.624496 (VIOLATED)
_38878_/S                               2.507400   22.131897  -19.624496 (VIOLATED)
_38879_/S                               2.507400   22.131897  -19.624496 (VIOLATED)
_38880_/S                               2.507400   22.131897  -19.624496 (VIOLATED)
_38881_/S                               2.507400   22.131897  -19.624496 (VIOLATED)
_38882_/S                               2.507400   22.131897  -19.624496 (VIOLATED)
_38883_/S                               2.507400   22.131897  -19.624496 (VIOLATED)
_38884_/S                               2.507400   22.131897  -19.624496 (VIOLATED)
_38885_/S                               2.507400   22.131897  -19.624496 (VIOLATED)
_38886_/S                               2.507400   22.131897  -19.624496 (VIOLATED)
_38887_/S                               2.507400   22.131897  -19.624496 (VIOLATED)
_38888_/S                               2.507400   22.131897  -19.624496 (VIOLATED)
_38889_/S                               2.507400   22.131897  -19.624496 (VIOLATED)
_38890_/S                               2.507400   22.131897  -19.624496 (VIOLATED)
_38891_/S                               2.507400   22.131897  -19.624496 (VIOLATED)
_38892_/S                               2.507400   22.131897  -19.624496 (VIOLATED)
_38893_/S                               2.507400   22.131897  -19.624496 (VIOLATED)
_38894_/S                               2.507400   22.131897  -19.624496 (VIOLATED)
_38895_/S                               2.507400   22.131897  -19.624496 (VIOLATED)
_38896_/S                               2.507400   22.131897  -19.624496 (VIOLATED)
_38897_/S                               2.507400   22.131897  -19.624496 (VIOLATED)
_38898_/S                               2.507400   22.131897  -19.624496 (VIOLATED)
_38899_/S                               2.507400   22.131897  -19.624496 (VIOLATED)
_38900_/S                               2.507400   22.131897  -19.624496 (VIOLATED)
_38901_/S                               2.507400   22.131897  -19.624496 (VIOLATED)
_38902_/S                               2.507400   22.131897  -19.624496 (VIOLATED)
_38903_/S                               2.507400   22.131897  -19.624496 (VIOLATED)
_38904_/S                               2.507400   22.131897  -19.624496 (VIOLATED)
_38905_/S                               2.507400   22.131897  -19.624496 (VIOLATED)
_38906_/S                               2.507400   22.131897  -19.624496 (VIOLATED)
_38907_/S                               2.507400   22.131897  -19.624496 (VIOLATED)
_38908_/S                               2.507400   22.131897  -19.624496 (VIOLATED)
_38909_/S                               2.507400   22.131897  -19.624496 (VIOLATED)
_38910_/S                               2.507400   22.131897  -19.624496 (VIOLATED)
_38911_/S                               2.507400   22.131897  -19.624496 (VIOLATED)
_38912_/S                               2.507400   22.131897  -19.624496 (VIOLATED)
_38913_/S                               2.507400   22.131897  -19.624496 (VIOLATED)
_38914_/S                               2.507400   22.131897  -19.624496 (VIOLATED)
_38915_/S                               2.507400   22.131897  -19.624496 (VIOLATED)
_38916_/S                               2.507400   22.131897  -19.624496 (VIOLATED)
_38917_/S                               2.507400   22.131897  -19.624496 (VIOLATED)
_38918_/S                               2.507400   22.131897  -19.624496 (VIOLATED)
_38919_/S                               2.507400   22.131897  -19.624496 (VIOLATED)
_38920_/S                               2.507400   22.131897  -19.624496 (VIOLATED)
_38921_/S                               2.507400   22.131897  -19.624496 (VIOLATED)
_38922_/S                               2.507400   22.131897  -19.624496 (VIOLATED)
_38923_/S                               2.507400   22.131897  -19.624496 (VIOLATED)
_38924_/S                               2.507400   22.131897  -19.624496 (VIOLATED)
_38925_/S                               2.507400   22.131897  -19.624496 (VIOLATED)
_38926_/S                               2.507400   22.131897  -19.624496 (VIOLATED)
_38927_/S                               2.507400   22.131897  -19.624496 (VIOLATED)
_38928_/S                               2.507400   22.131897  -19.624496 (VIOLATED)
_38929_/S                               2.507400   22.131897  -19.624496 (VIOLATED)
_38930_/S                               2.507400   22.131897  -19.624496 (VIOLATED)
_38931_/S                               2.507400   22.131897  -19.624496 (VIOLATED)
_38932_/S                               2.507400   22.131897  -19.624496 (VIOLATED)
_38933_/S                               2.507400   22.131897  -19.624496 (VIOLATED)
_38934_/S                               2.507400   22.131897  -19.624496 (VIOLATED)
_38935_/S                               2.507400   22.131897  -19.624496 (VIOLATED)
_38936_/S                               2.507400   22.131897  -19.624496 (VIOLATED)
_38937_/S                               2.507400   22.131897  -19.624496 (VIOLATED)
_38938_/S                               2.507400   22.131897  -19.624496 (VIOLATED)
_38939_/S                               2.507400   22.131897  -19.624496 (VIOLATED)
_38940_/S                               2.507400   22.131897  -19.624496 (VIOLATED)
_38941_/S                               2.507400   22.131897  -19.624496 (VIOLATED)
_38942_/S                               2.507400   22.131897  -19.624496 (VIOLATED)
_38943_/S                               2.507400   22.131897  -19.624496 (VIOLATED)
_38944_/S                               2.507400   22.131897  -19.624496 (VIOLATED)
_38945_/S                               2.507400   22.131897  -19.624496 (VIOLATED)
_38946_/S                               2.507400   22.131897  -19.624496 (VIOLATED)
_38947_/S                               2.507400   22.131897  -19.624496 (VIOLATED)
_38948_/S                               2.507400   22.131897  -19.624496 (VIOLATED)
_38949_/S                               2.507400   22.131897  -19.624496 (VIOLATED)
_38950_/S                               2.507400   22.131897  -19.624496 (VIOLATED)
_38951_/S                               2.507400   22.131897  -19.624496 (VIOLATED)
_38952_/S                               2.507400   22.131897  -19.624496 (VIOLATED)
_38953_/S                               2.507400   22.131897  -19.624496 (VIOLATED)
_38954_/S                               2.507400   22.131897  -19.624496 (VIOLATED)
_38960_/S                               2.507400   22.131897  -19.624496 (VIOLATED)
_38961_/S                               2.507400   22.131897  -19.624496 (VIOLATED)
_38962_/S                               2.507400   22.131897  -19.624496 (VIOLATED)
_38963_/S                               2.507400   22.131897  -19.624496 (VIOLATED)
_38964_/S                               2.507400   22.131897  -19.624496 (VIOLATED)
_38965_/S                               2.507400   22.131897  -19.624496 (VIOLATED)
_38966_/S                               2.507400   22.131897  -19.624496 (VIOLATED)
_38967_/S                               2.507400   22.131897  -19.624496 (VIOLATED)
_38968_/S                               2.507400   22.131897  -19.624496 (VIOLATED)
_38969_/S                               2.507400   22.131897  -19.624496 (VIOLATED)
_38970_/S                               2.507400   22.131897  -19.624496 (VIOLATED)
_38971_/S                               2.507400   22.131897  -19.624496 (VIOLATED)
_38972_/S                               2.507400   22.131897  -19.624496 (VIOLATED)
_38973_/S                               2.507400   22.131897  -19.624496 (VIOLATED)
_38974_/S                               2.507400   22.131897  -19.624496 (VIOLATED)
_38975_/S                               2.507400   22.131897  -19.624496 (VIOLATED)
_38976_/S                               2.507400   22.131897  -19.624496 (VIOLATED)
_38977_/S                               2.507400   22.131897  -19.624496 (VIOLATED)
_38978_/S                               2.507400   22.131897  -19.624496 (VIOLATED)
_38979_/S                               2.507400   22.131897  -19.624496 (VIOLATED)
_38980_/S                               2.507400   22.131897  -19.624496 (VIOLATED)
_38981_/S                               2.507400   22.131897  -19.624496 (VIOLATED)
_38982_/S                               2.507400   22.131897  -19.624496 (VIOLATED)
_38983_/S                               2.507400   22.131897  -19.624496 (VIOLATED)
_38984_/S                               2.507400   22.131897  -19.624496 (VIOLATED)
_38985_/S                               2.507400   22.131897  -19.624496 (VIOLATED)
_38986_/S                               2.507400   22.131897  -19.624496 (VIOLATED)
_38987_/S                               2.507400   22.131897  -19.624496 (VIOLATED)
_38988_/S                               2.507400   22.131897  -19.624496 (VIOLATED)
_38989_/S                               2.507400   22.131897  -19.624496 (VIOLATED)
_38990_/S                               2.507400   22.131897  -19.624496 (VIOLATED)
_38991_/S                               2.507400   22.131897  -19.624496 (VIOLATED)
_38992_/S                               2.507400   22.131897  -19.624496 (VIOLATED)
_38993_/S                               2.507400   22.131897  -19.624496 (VIOLATED)
_38994_/S                               2.507400   22.131897  -19.624496 (VIOLATED)
_38995_/S                               2.507400   22.131897  -19.624496 (VIOLATED)
_38996_/S                               2.507400   22.131897  -19.624496 (VIOLATED)
_38997_/S                               2.507400   22.131897  -19.624496 (VIOLATED)
_38998_/S                               2.507400   22.131897  -19.624496 (VIOLATED)
_38999_/S                               2.507400   22.131897  -19.624496 (VIOLATED)
_39000_/S                               2.507400   22.131897  -19.624496 (VIOLATED)
_39001_/S                               2.507400   22.131897  -19.624496 (VIOLATED)
_39002_/S                               2.507400   22.131897  -19.624496 (VIOLATED)
_39003_/S                               2.507400   22.131897  -19.624496 (VIOLATED)
_39004_/S                               2.507400   22.131897  -19.624496 (VIOLATED)
_39005_/S                               2.507400   22.131897  -19.624496 (VIOLATED)
_39006_/S                               2.507400   22.131897  -19.624496 (VIOLATED)
_39007_/S                               2.507400   22.131897  -19.624496 (VIOLATED)
_39008_/S                               2.507400   22.131897  -19.624496 (VIOLATED)
_39009_/S                               2.507400   22.131897  -19.624496 (VIOLATED)
_39010_/S                               2.507400   22.131897  -19.624496 (VIOLATED)
_39011_/S                               2.507400   22.131897  -19.624496 (VIOLATED)
_39012_/S                               2.507400   22.131897  -19.624496 (VIOLATED)
_39013_/S                               2.507400   22.131897  -19.624496 (VIOLATED)
_39014_/S                               2.507400   22.131897  -19.624496 (VIOLATED)
_39015_/S                               2.507400   22.131897  -19.624496 (VIOLATED)
_39016_/S                               2.507400   22.131897  -19.624496 (VIOLATED)
_39017_/S                               2.507400   22.131897  -19.624496 (VIOLATED)
_39018_/S                               2.507400   22.131897  -19.624496 (VIOLATED)
_39019_/S                               2.507400   22.131897  -19.624496 (VIOLATED)
_39020_/S                               2.507400   22.131897  -19.624496 (VIOLATED)
_39021_/S                               2.507400   22.131897  -19.624496 (VIOLATED)
_39022_/S                               2.507400   22.131897  -19.624496 (VIOLATED)
_39023_/S                               2.507400   22.131897  -19.624496 (VIOLATED)
_39024_/S                               2.507400   22.131897  -19.624496 (VIOLATED)
_39025_/S                               2.507400   22.131897  -19.624496 (VIOLATED)
_39026_/S                               2.507400   22.131897  -19.624496 (VIOLATED)
_39027_/S                               2.507400   22.131897  -19.624496 (VIOLATED)
_39028_/S                               2.507400   22.131897  -19.624496 (VIOLATED)
_39029_/S                               2.507400   22.131897  -19.624496 (VIOLATED)
_39030_/S                               2.507400   22.131897  -19.624496 (VIOLATED)
_39031_/S                               2.507400   22.131897  -19.624496 (VIOLATED)
_39032_/S                               2.507400   22.131897  -19.624496 (VIOLATED)
_39033_/S                               2.507400   22.131897  -19.624496 (VIOLATED)
_39034_/S                               2.507400   22.131897  -19.624496 (VIOLATED)
_39035_/S                               2.507400   22.131897  -19.624496 (VIOLATED)
_39036_/S                               2.507400   22.131897  -19.624496 (VIOLATED)
_39037_/S                               2.507400   22.131897  -19.624496 (VIOLATED)
_39038_/S                               2.507400   22.131897  -19.624496 (VIOLATED)
_39039_/S                               2.507400   22.131897  -19.624496 (VIOLATED)
_39052_/S                               2.507400   22.131897  -19.624496 (VIOLATED)
_39053_/S                               2.507400   22.131897  -19.624496 (VIOLATED)
_39054_/S                               2.507400   22.131897  -19.624496 (VIOLATED)
_39055_/S                               2.507400   22.131897  -19.624496 (VIOLATED)
_39056_/S                               2.507400   22.131897  -19.624496 (VIOLATED)
_39057_/S                               2.507400   22.131897  -19.624496 (VIOLATED)
_39058_/S                               2.507400   22.131897  -19.624496 (VIOLATED)
_39059_/S                               2.507400   22.131897  -19.624496 (VIOLATED)
_39060_/S                               2.507400   22.131897  -19.624496 (VIOLATED)
_39061_/S                               2.507400   22.131897  -19.624496 (VIOLATED)
_39062_/S                               2.507400   22.131897  -19.624496 (VIOLATED)
_39063_/S                               2.507400   22.131897  -19.624496 (VIOLATED)
_39064_/S                               2.507400   22.131897  -19.624496 (VIOLATED)
_39065_/S                               2.507400   22.131897  -19.624496 (VIOLATED)
_39066_/S                               2.507400   22.131897  -19.624496 (VIOLATED)
_39067_/S                               2.507400   22.131897  -19.624496 (VIOLATED)
_39068_/S                               2.507400   22.131897  -19.624496 (VIOLATED)
_39069_/S                               2.507400   22.131897  -19.624496 (VIOLATED)
_39070_/S                               2.507400   22.131897  -19.624496 (VIOLATED)
_39071_/S                               2.507400   22.131897  -19.624496 (VIOLATED)
_39072_/S                               2.507400   22.131897  -19.624496 (VIOLATED)
_39073_/S                               2.507400   22.131897  -19.624496 (VIOLATED)
_39074_/S                               2.507400   22.131897  -19.624496 (VIOLATED)
_39075_/S                               2.507400   22.131897  -19.624496 (VIOLATED)
_39076_/S                               2.507400   22.131897  -19.624496 (VIOLATED)
_39470_/A                               2.507400   22.131897  -19.624496 (VIOLATED)
_39686_/A                               2.507400   22.131897  -19.624496 (VIOLATED)
_39687_/A                               2.507400   22.131897  -19.624496 (VIOLATED)
_40146_/A                               2.507400   22.131897  -19.624496 (VIOLATED)
_40147_/A                               2.507400   22.131897  -19.624496 (VIOLATED)
_40588_/S                               2.507400   22.131897  -19.624496 (VIOLATED)
_40589_/S                               2.507400   22.131897  -19.624496 (VIOLATED)
_40590_/S                               2.507400   22.131897  -19.624496 (VIOLATED)
_40591_/S                               2.507400   22.131897  -19.624496 (VIOLATED)
_40592_/S                               2.507400   22.131897  -19.624496 (VIOLATED)
_40593_/S                               2.507400   22.131897  -19.624496 (VIOLATED)
_40594_/S                               2.507400   22.131897  -19.624496 (VIOLATED)
_40595_/S                               2.507400   22.131897  -19.624496 (VIOLATED)
_40596_/S                               2.507400   22.131897  -19.624496 (VIOLATED)
_40597_/S                               2.507400   22.131897  -19.624496 (VIOLATED)
_40598_/S                               2.507400   22.131897  -19.624496 (VIOLATED)
_40599_/S                               2.507400   22.131897  -19.624496 (VIOLATED)
_40600_/S                               2.507400   22.131897  -19.624496 (VIOLATED)
_40601_/S                               2.507400   22.131897  -19.624496 (VIOLATED)
_40602_/S                               2.507400   22.131897  -19.624496 (VIOLATED)
_40603_/S                               2.507400   22.131897  -19.624496 (VIOLATED)
_40604_/S                               2.507400   22.131897  -19.624496 (VIOLATED)
_40605_/S                               2.507400   22.131897  -19.624496 (VIOLATED)
_40606_/S                               2.507400   22.131897  -19.624496 (VIOLATED)
_40607_/S                               2.507400   22.131897  -19.624496 (VIOLATED)
_40608_/S                               2.507400   22.131897  -19.624496 (VIOLATED)
_40609_/S                               2.507400   22.131897  -19.624496 (VIOLATED)
_40610_/S                               2.507400   22.131897  -19.624496 (VIOLATED)
_40611_/S                               2.507400   22.131897  -19.624496 (VIOLATED)
_40612_/S                               2.507400   22.131897  -19.624496 (VIOLATED)
_40613_/S                               2.507400   22.131897  -19.624496 (VIOLATED)
_40614_/S                               2.507400   22.131897  -19.624496 (VIOLATED)
_40615_/S                               2.507400   22.131897  -19.624496 (VIOLATED)
_40616_/S                               2.507400   22.131897  -19.624496 (VIOLATED)
_40617_/S                               2.507400   22.131897  -19.624496 (VIOLATED)
_40618_/S                               2.507400   22.131897  -19.624496 (VIOLATED)
_40619_/S                               2.507400   22.131897  -19.624496 (VIOLATED)
_40620_/S                               2.507400   22.131897  -19.624496 (VIOLATED)
_40621_/S                               2.507400   22.131897  -19.624496 (VIOLATED)
_40622_/S                               2.507400   22.131897  -19.624496 (VIOLATED)
_40623_/S                               2.507400   22.131897  -19.624496 (VIOLATED)
_40624_/S                               2.507400   22.131897  -19.624496 (VIOLATED)
_40625_/S                               2.507400   22.131897  -19.624496 (VIOLATED)
_40626_/S                               2.507400   22.131897  -19.624496 (VIOLATED)
_40627_/S                               2.507400   22.131897  -19.624496 (VIOLATED)
_40628_/S                               2.507400   22.131897  -19.624496 (VIOLATED)
_40629_/S                               2.507400   22.131897  -19.624496 (VIOLATED)
_40630_/S                               2.507400   22.131897  -19.624496 (VIOLATED)
_40631_/S                               2.507400   22.131897  -19.624496 (VIOLATED)
_40632_/S                               2.507400   22.131897  -19.624496 (VIOLATED)
_40633_/S                               2.507400   22.131897  -19.624496 (VIOLATED)
_40634_/S                               2.507400   22.131897  -19.624496 (VIOLATED)
_40635_/S                               2.507400   22.131897  -19.624496 (VIOLATED)
_40636_/S                               2.507400   22.131897  -19.624496 (VIOLATED)
_40637_/S                               2.507400   22.131897  -19.624496 (VIOLATED)
_40638_/S                               2.507400   22.131897  -19.624496 (VIOLATED)
_40639_/S                               2.507400   22.131897  -19.624496 (VIOLATED)
_40640_/S                               2.507400   22.131897  -19.624496 (VIOLATED)
_40641_/S                               2.507400   22.131897  -19.624496 (VIOLATED)
_40642_/S                               2.507400   22.131897  -19.624496 (VIOLATED)
_40643_/S                               2.507400   22.131897  -19.624496 (VIOLATED)
_40644_/S                               2.507400   22.131897  -19.624496 (VIOLATED)
_40645_/S                               2.507400   22.131897  -19.624496 (VIOLATED)
_40646_/S                               2.507400   22.131897  -19.624496 (VIOLATED)
_40647_/S                               2.507400   22.131897  -19.624496 (VIOLATED)
_40648_/S                               2.507400   22.131897  -19.624496 (VIOLATED)
_40649_/S                               2.507400   22.131897  -19.624496 (VIOLATED)
_40650_/S                               2.507400   22.131897  -19.624496 (VIOLATED)
_40651_/S                               2.507400   22.131897  -19.624496 (VIOLATED)
_40652_/S                               2.507400   22.131897  -19.624496 (VIOLATED)
_40653_/S                               2.507400   22.131897  -19.624496 (VIOLATED)
_40654_/S                               2.507400   22.131897  -19.624496 (VIOLATED)
_40655_/S                               2.507400   22.131897  -19.624496 (VIOLATED)
_40656_/S                               2.507400   22.131897  -19.624496 (VIOLATED)
_40657_/S                               2.507400   22.131897  -19.624496 (VIOLATED)
_40658_/S                               2.507400   22.131897  -19.624496 (VIOLATED)
_40659_/S                               2.507400   22.131897  -19.624496 (VIOLATED)
_40660_/S                               2.507400   22.131897  -19.624496 (VIOLATED)
_40661_/S                               2.507400   22.131897  -19.624496 (VIOLATED)
_40662_/S                               2.507400   22.131897  -19.624496 (VIOLATED)
_40663_/S                               2.507400   22.131897  -19.624496 (VIOLATED)
_40664_/S                               2.507400   22.131897  -19.624496 (VIOLATED)
_40665_/S                               2.507400   22.131897  -19.624496 (VIOLATED)
_40666_/S                               2.507400   22.131897  -19.624496 (VIOLATED)
_40667_/S                               2.507400   22.131897  -19.624496 (VIOLATED)
_40668_/S                               2.507400   22.131897  -19.624496 (VIOLATED)
_40669_/S                               2.507400   22.131897  -19.624496 (VIOLATED)
_40670_/S                               2.507400   22.131897  -19.624496 (VIOLATED)
_40671_/S                               2.507400   22.131897  -19.624496 (VIOLATED)
_40672_/S                               2.507400   22.131897  -19.624496 (VIOLATED)
_40673_/S                               2.507400   22.131897  -19.624496 (VIOLATED)
_40674_/S                               2.507400   22.131897  -19.624496 (VIOLATED)
_40675_/S                               2.507400   22.131897  -19.624496 (VIOLATED)
_40676_/S                               2.507400   22.131897  -19.624496 (VIOLATED)
_43103_/Q                               2.507400   22.131897  -19.624496 (VIOLATED)
_21799_/Y                               2.507400    7.652802   -5.145402 (VIOLATED)
_21800_/S                               2.507400    7.652802   -5.145402 (VIOLATED)
_21801_/S                               2.507400    7.652802   -5.145402 (VIOLATED)
_21802_/S                               2.507400    7.652802   -5.145402 (VIOLATED)
_21803_/S                               2.507400    7.652802   -5.145402 (VIOLATED)
_21804_/S                               2.507400    7.652802   -5.145402 (VIOLATED)
_21805_/S                               2.507400    7.652802   -5.145402 (VIOLATED)
_21806_/S                               2.507400    7.652802   -5.145402 (VIOLATED)
_21807_/S                               2.507400    7.652802   -5.145402 (VIOLATED)
_22153_/S                               2.507400    7.652802   -5.145402 (VIOLATED)
_22154_/S                               2.507400    7.652802   -5.145402 (VIOLATED)
_22155_/S                               2.507400    7.652802   -5.145402 (VIOLATED)
_22156_/S                               2.507400    7.652802   -5.145402 (VIOLATED)
_22157_/S                               2.507400    7.652802   -5.145402 (VIOLATED)
_22158_/S                               2.507400    7.652802   -5.145402 (VIOLATED)
_22159_/S                               2.507400    7.652802   -5.145402 (VIOLATED)
_22160_/S                               2.507400    7.652802   -5.145402 (VIOLATED)
_22169_/S                               2.507400    7.652802   -5.145402 (VIOLATED)
_22170_/S                               2.507400    7.652802   -5.145402 (VIOLATED)
_22171_/S                               2.507400    7.652802   -5.145402 (VIOLATED)
_22172_/S                               2.507400    7.652802   -5.145402 (VIOLATED)
_22173_/S                               2.507400    7.652802   -5.145402 (VIOLATED)
_22174_/S                               2.507400    7.652802   -5.145402 (VIOLATED)
_22175_/S                               2.507400    7.652802   -5.145402 (VIOLATED)
_22176_/S                               2.507400    7.652802   -5.145402 (VIOLATED)
_22177_/S                               2.507400    7.652802   -5.145402 (VIOLATED)
_22178_/S                               2.507400    7.652802   -5.145402 (VIOLATED)
_22179_/S                               2.507400    7.652802   -5.145402 (VIOLATED)
_22180_/S                               2.507400    7.652802   -5.145402 (VIOLATED)
_22181_/S                               2.507400    7.652802   -5.145402 (VIOLATED)
_22182_/S                               2.507400    7.652802   -5.145402 (VIOLATED)
_22183_/S                               2.507400    7.652802   -5.145402 (VIOLATED)
_22184_/S                               2.507400    7.652802   -5.145402 (VIOLATED)
_22185_/S                               2.507400    7.652802   -5.145402 (VIOLATED)
_22186_/S                               2.507400    7.652802   -5.145402 (VIOLATED)
_22187_/S                               2.507400    7.652802   -5.145402 (VIOLATED)
_22188_/S                               2.507400    7.652802   -5.145402 (VIOLATED)
_22189_/S                               2.507400    7.652802   -5.145402 (VIOLATED)
_22190_/S                               2.507400    7.652802   -5.145402 (VIOLATED)
_22191_/S                               2.507400    7.652802   -5.145402 (VIOLATED)
_22192_/S                               2.507400    7.652802   -5.145402 (VIOLATED)
_22201_/S                               2.507400    7.652802   -5.145402 (VIOLATED)
_22202_/S                               2.507400    7.652802   -5.145402 (VIOLATED)
_22203_/S                               2.507400    7.652802   -5.145402 (VIOLATED)
_22204_/S                               2.507400    7.652802   -5.145402 (VIOLATED)
_22205_/S                               2.507400    7.652802   -5.145402 (VIOLATED)
_22206_/S                               2.507400    7.652802   -5.145402 (VIOLATED)
_22207_/S                               2.507400    7.652802   -5.145402 (VIOLATED)
_22208_/S                               2.507400    7.652802   -5.145402 (VIOLATED)
_22209_/S                               2.507400    7.652802   -5.145402 (VIOLATED)
_22210_/S                               2.507400    7.652802   -5.145402 (VIOLATED)
_22211_/S                               2.507400    7.652802   -5.145402 (VIOLATED)
_22212_/S                               2.507400    7.652802   -5.145402 (VIOLATED)
_22213_/S                               2.507400    7.652802   -5.145402 (VIOLATED)
_22214_/S                               2.507400    7.652802   -5.145402 (VIOLATED)
_22215_/S                               2.507400    7.652802   -5.145402 (VIOLATED)
_22216_/S                               2.507400    7.652802   -5.145402 (VIOLATED)
_22218_/S                               2.507400    7.652802   -5.145402 (VIOLATED)
_22219_/S                               2.507400    7.652802   -5.145402 (VIOLATED)
_22220_/S                               2.507400    7.652802   -5.145402 (VIOLATED)
_22221_/S                               2.507400    7.652802   -5.145402 (VIOLATED)
_22222_/S                               2.507400    7.652802   -5.145402 (VIOLATED)
_22223_/S                               2.507400    7.652802   -5.145402 (VIOLATED)
_22224_/S                               2.507400    7.652802   -5.145402 (VIOLATED)
_22225_/S                               2.507400    7.652802   -5.145402 (VIOLATED)
_22312_/S                               2.507400    7.652802   -5.145402 (VIOLATED)
_22313_/S                               2.507400    7.652802   -5.145402 (VIOLATED)
_22314_/S                               2.507400    7.652802   -5.145402 (VIOLATED)
_22315_/S                               2.507400    7.652802   -5.145402 (VIOLATED)
_22316_/S                               2.507400    7.652802   -5.145402 (VIOLATED)
_22317_/S                               2.507400    7.652802   -5.145402 (VIOLATED)
_22318_/S                               2.507400    7.652802   -5.145402 (VIOLATED)
_22319_/S                               2.507400    7.652802   -5.145402 (VIOLATED)
_22384_/S                               2.507400    7.652802   -5.145402 (VIOLATED)
_22385_/S                               2.507400    7.652802   -5.145402 (VIOLATED)
_22386_/S                               2.507400    7.652802   -5.145402 (VIOLATED)
_22387_/S                               2.507400    7.652802   -5.145402 (VIOLATED)
_22388_/S                               2.507400    7.652802   -5.145402 (VIOLATED)
_22389_/S                               2.507400    7.652802   -5.145402 (VIOLATED)
_22390_/S                               2.507400    7.652802   -5.145402 (VIOLATED)
_22391_/S                               2.507400    7.652802   -5.145402 (VIOLATED)
_22392_/S                               2.507400    7.652802   -5.145402 (VIOLATED)
_22393_/S                               2.507400    7.652802   -5.145402 (VIOLATED)
_22394_/S                               2.507400    7.652802   -5.145402 (VIOLATED)
_22395_/S                               2.507400    7.652802   -5.145402 (VIOLATED)
_22396_/S                               2.507400    7.652802   -5.145402 (VIOLATED)
_22397_/S                               2.507400    7.652802   -5.145402 (VIOLATED)
_22398_/S                               2.507400    7.652802   -5.145402 (VIOLATED)
_22399_/S                               2.507400    7.652802   -5.145402 (VIOLATED)
_22400_/S                               2.507400    7.652802   -5.145402 (VIOLATED)
_22401_/S                               2.507400    7.652802   -5.145402 (VIOLATED)
_22402_/S                               2.507400    7.652802   -5.145402 (VIOLATED)
_22403_/S                               2.507400    7.652802   -5.145402 (VIOLATED)
_22404_/S                               2.507400    7.652802   -5.145402 (VIOLATED)
_22405_/S                               2.507400    7.652802   -5.145402 (VIOLATED)
_22406_/S                               2.507400    7.652802   -5.145402 (VIOLATED)
_22407_/S                               2.507400    7.652802   -5.145402 (VIOLATED)
_22552_/S                               2.507400    7.652802   -5.145402 (VIOLATED)
_22553_/S                               2.507400    7.652802   -5.145402 (VIOLATED)
_22554_/S                               2.507400    7.652802   -5.145402 (VIOLATED)
_22555_/S                               2.507400    7.652802   -5.145402 (VIOLATED)
_22556_/S                               2.507400    7.652802   -5.145402 (VIOLATED)
_22557_/S                               2.507400    7.652802   -5.145402 (VIOLATED)
_22558_/S                               2.507400    7.652802   -5.145402 (VIOLATED)
_22559_/S                               2.507400    7.652802   -5.145402 (VIOLATED)
_22568_/S                               2.507400    7.652802   -5.145402 (VIOLATED)
_22569_/S                               2.507400    7.652802   -5.145402 (VIOLATED)
_22570_/S                               2.507400    7.652802   -5.145402 (VIOLATED)
_22571_/S                               2.507400    7.652802   -5.145402 (VIOLATED)
_22572_/S                               2.507400    7.652802   -5.145402 (VIOLATED)
_22573_/S                               2.507400    7.652802   -5.145402 (VIOLATED)
_22574_/S                               2.507400    7.652802   -5.145402 (VIOLATED)
_22575_/S                               2.507400    7.652802   -5.145402 (VIOLATED)
_22576_/S                               2.507400    7.652802   -5.145402 (VIOLATED)
_22577_/S                               2.507400    7.652802   -5.145402 (VIOLATED)
_22578_/S                               2.507400    7.652802   -5.145402 (VIOLATED)
_22579_/S                               2.507400    7.652802   -5.145402 (VIOLATED)
_22580_/S                               2.507400    7.652802   -5.145402 (VIOLATED)
_22581_/S                               2.507400    7.652802   -5.145402 (VIOLATED)
_22582_/S                               2.507400    7.652802   -5.145402 (VIOLATED)
_22583_/S                               2.507400    7.652802   -5.145402 (VIOLATED)
_22584_/S                               2.507400    7.652802   -5.145402 (VIOLATED)
_22585_/S                               2.507400    7.652802   -5.145402 (VIOLATED)
_22586_/S                               2.507400    7.652802   -5.145402 (VIOLATED)
_22587_/S                               2.507400    7.652802   -5.145402 (VIOLATED)
_22588_/S                               2.507400    7.652802   -5.145402 (VIOLATED)
_22589_/S                               2.507400    7.652802   -5.145402 (VIOLATED)
_22590_/S                               2.507400    7.652802   -5.145402 (VIOLATED)
_22591_/S                               2.507400    7.652802   -5.145402 (VIOLATED)
_22408_/S0                              2.507400    6.663484   -4.156084 (VIOLATED)
_22409_/S0                              2.507400    6.663484   -4.156084 (VIOLATED)
_22410_/S0                              2.507400    6.663484   -4.156084 (VIOLATED)
_22411_/S0                              2.507400    6.663484   -4.156084 (VIOLATED)
_22413_/S0                              2.507400    6.663484   -4.156084 (VIOLATED)
_22414_/S0                              2.507400    6.663484   -4.156084 (VIOLATED)
_22415_/S0                              2.507400    6.663484   -4.156084 (VIOLATED)
_22416_/S0                              2.507400    6.663484   -4.156084 (VIOLATED)
_22421_/S0                              2.507400    6.663484   -4.156084 (VIOLATED)
_22422_/S0                              2.507400    6.663484   -4.156084 (VIOLATED)
_22423_/S0                              2.507400    6.663484   -4.156084 (VIOLATED)
_22424_/S0                              2.507400    6.663484   -4.156084 (VIOLATED)
_22426_/S0                              2.507400    6.663484   -4.156084 (VIOLATED)
_22427_/S0                              2.507400    6.663484   -4.156084 (VIOLATED)
_22428_/S0                              2.507400    6.663484   -4.156084 (VIOLATED)
_22429_/S0                              2.507400    6.663484   -4.156084 (VIOLATED)
_22434_/S0                              2.507400    6.663484   -4.156084 (VIOLATED)
_22435_/S0                              2.507400    6.663484   -4.156084 (VIOLATED)
_22436_/S0                              2.507400    6.663484   -4.156084 (VIOLATED)
_22437_/S0                              2.507400    6.663484   -4.156084 (VIOLATED)
_22445_/S0                              2.507400    6.663484   -4.156084 (VIOLATED)
_22452_/S0                              2.507400    6.663484   -4.156084 (VIOLATED)
_22458_/S0                              2.507400    6.663484   -4.156084 (VIOLATED)
_22459_/S0                              2.507400    6.663484   -4.156084 (VIOLATED)
_22460_/S0                              2.507400    6.663484   -4.156084 (VIOLATED)
_22461_/S0                              2.507400    6.663484   -4.156084 (VIOLATED)
_22464_/S0                              2.507400    6.663484   -4.156084 (VIOLATED)
_22477_/S0                              2.507400    6.663484   -4.156084 (VIOLATED)
_22482_/S0                              2.507400    6.663484   -4.156084 (VIOLATED)
_22483_/S0                              2.507400    6.663484   -4.156084 (VIOLATED)
_22484_/S0                              2.507400    6.663484   -4.156084 (VIOLATED)
_22485_/S0                              2.507400    6.663484   -4.156084 (VIOLATED)
_22487_/S0                              2.507400    6.663484   -4.156084 (VIOLATED)
_22488_/S0                              2.507400    6.663484   -4.156084 (VIOLATED)
_22489_/S0                              2.507400    6.663484   -4.156084 (VIOLATED)
_22490_/S0                              2.507400    6.663484   -4.156084 (VIOLATED)
_22495_/S0                              2.507400    6.663484   -4.156084 (VIOLATED)
_22496_/S0                              2.507400    6.663484   -4.156084 (VIOLATED)
_22497_/S0                              2.507400    6.663484   -4.156084 (VIOLATED)
_22498_/S0                              2.507400    6.663484   -4.156084 (VIOLATED)
_22506_/S0                              2.507400    6.663484   -4.156084 (VIOLATED)
_22513_/S0                              2.507400    6.663484   -4.156084 (VIOLATED)
_22519_/S0                              2.507400    6.663484   -4.156084 (VIOLATED)
_22520_/S0                              2.507400    6.663484   -4.156084 (VIOLATED)
_22521_/S0                              2.507400    6.663484   -4.156084 (VIOLATED)
_22522_/S0                              2.507400    6.663484   -4.156084 (VIOLATED)
_22525_/S0                              2.507400    6.663484   -4.156084 (VIOLATED)
_22526_/S0                              2.507400    6.663484   -4.156084 (VIOLATED)
_22534_/S0                              2.507400    6.663484   -4.156084 (VIOLATED)
_22539_/S0                              2.507400    6.663484   -4.156084 (VIOLATED)
_22540_/S0                              2.507400    6.663484   -4.156084 (VIOLATED)
_22541_/S0                              2.507400    6.663484   -4.156084 (VIOLATED)
_22542_/S0                              2.507400    6.663484   -4.156084 (VIOLATED)
_22544_/S0                              2.507400    6.663484   -4.156084 (VIOLATED)
_22545_/S0                              2.507400    6.663484   -4.156084 (VIOLATED)
_22546_/S0                              2.507400    6.663484   -4.156084 (VIOLATED)
_22547_/S0                              2.507400    6.663484   -4.156084 (VIOLATED)
_22732_/A1                              2.507400    6.663484   -4.156084 (VIOLATED)
_22733_/A1                              2.507400    6.663484   -4.156084 (VIOLATED)
_23205_/B                               2.507400    6.663484   -4.156084 (VIOLATED)
_23206_/B                               2.507400    6.663484   -4.156084 (VIOLATED)
_39316_/A_N                             2.507400    6.663484   -4.156084 (VIOLATED)
_39317_/B                               2.507400    6.663484   -4.156084 (VIOLATED)
_39318_/B                               2.507400    6.663484   -4.156084 (VIOLATED)
_39319_/S0                              2.507400    6.663484   -4.156084 (VIOLATED)
_39320_/S0                              2.507400    6.663484   -4.156084 (VIOLATED)
_39321_/S0                              2.507400    6.663484   -4.156084 (VIOLATED)
_39322_/S0                              2.507400    6.663484   -4.156084 (VIOLATED)
_39330_/S0                              2.507400    6.663484   -4.156084 (VIOLATED)
_39332_/S0                              2.507400    6.663484   -4.156084 (VIOLATED)
_39333_/S0                              2.507400    6.663484   -4.156084 (VIOLATED)
_39339_/S0                              2.507400    6.663484   -4.156084 (VIOLATED)
_39340_/S0                              2.507400    6.663484   -4.156084 (VIOLATED)
_39341_/S0                              2.507400    6.663484   -4.156084 (VIOLATED)
_39342_/S0                              2.507400    6.663484   -4.156084 (VIOLATED)
_39350_/S0                              2.507400    6.663484   -4.156084 (VIOLATED)
_39357_/S0                              2.507400    6.663484   -4.156084 (VIOLATED)
_39363_/S0                              2.507400    6.663484   -4.156084 (VIOLATED)
_39364_/S0                              2.507400    6.663484   -4.156084 (VIOLATED)
_39365_/S0                              2.507400    6.663484   -4.156084 (VIOLATED)
_39366_/S0                              2.507400    6.663484   -4.156084 (VIOLATED)
_39374_/S0                              2.507400    6.663484   -4.156084 (VIOLATED)
_39376_/S0                              2.507400    6.663484   -4.156084 (VIOLATED)
_39377_/S0                              2.507400    6.663484   -4.156084 (VIOLATED)
_39383_/S0                              2.507400    6.663484   -4.156084 (VIOLATED)
_39384_/S0                              2.507400    6.663484   -4.156084 (VIOLATED)
_39385_/S0                              2.507400    6.663484   -4.156084 (VIOLATED)
_39386_/S0                              2.507400    6.663484   -4.156084 (VIOLATED)
_39388_/S0                              2.507400    6.663484   -4.156084 (VIOLATED)
_39389_/S0                              2.507400    6.663484   -4.156084 (VIOLATED)
_39390_/S0                              2.507400    6.663484   -4.156084 (VIOLATED)
_39391_/S0                              2.507400    6.663484   -4.156084 (VIOLATED)
_39396_/S0                              2.507400    6.663484   -4.156084 (VIOLATED)
_39397_/S0                              2.507400    6.663484   -4.156084 (VIOLATED)
_39398_/S0                              2.507400    6.663484   -4.156084 (VIOLATED)
_39399_/S0                              2.507400    6.663484   -4.156084 (VIOLATED)
_39407_/S0                              2.507400    6.663484   -4.156084 (VIOLATED)
_39409_/S0                              2.507400    6.663484   -4.156084 (VIOLATED)
_39420_/S0                              2.507400    6.663484   -4.156084 (VIOLATED)
_39421_/S0                              2.507400    6.663484   -4.156084 (VIOLATED)
_39422_/S0                              2.507400    6.663484   -4.156084 (VIOLATED)
_39423_/S0                              2.507400    6.663484   -4.156084 (VIOLATED)
_39425_/S0                              2.507400    6.663484   -4.156084 (VIOLATED)
_39426_/S0                              2.507400    6.663484   -4.156084 (VIOLATED)
_39427_/S0                              2.507400    6.663484   -4.156084 (VIOLATED)
_39428_/S0                              2.507400    6.663484   -4.156084 (VIOLATED)
_39433_/S0                              2.507400    6.663484   -4.156084 (VIOLATED)
_39434_/S0                              2.507400    6.663484   -4.156084 (VIOLATED)
_39435_/S0                              2.507400    6.663484   -4.156084 (VIOLATED)
_39436_/S0                              2.507400    6.663484   -4.156084 (VIOLATED)
_39438_/S0                              2.507400    6.663484   -4.156084 (VIOLATED)
_39439_/S0                              2.507400    6.663484   -4.156084 (VIOLATED)
_39440_/S0                              2.507400    6.663484   -4.156084 (VIOLATED)
_39441_/S0                              2.507400    6.663484   -4.156084 (VIOLATED)
_39446_/S0                              2.507400    6.663484   -4.156084 (VIOLATED)
_39447_/S0                              2.507400    6.663484   -4.156084 (VIOLATED)
_39448_/S0                              2.507400    6.663484   -4.156084 (VIOLATED)
_39449_/S0                              2.507400    6.663484   -4.156084 (VIOLATED)
_39457_/S0                              2.507400    6.663484   -4.156084 (VIOLATED)
_39464_/S0                              2.507400    6.663484   -4.156084 (VIOLATED)
_43800_/Q                               2.507400    6.663484   -4.156084 (VIOLATED)
_39470_/Y                               2.507400    6.621843   -4.114443 (VIOLATED)
_39471_/B                               2.507400    6.621843   -4.114443 (VIOLATED)
_39475_/B1                              2.507400    6.621843   -4.114443 (VIOLATED)
_39478_/B                               2.507400    6.621843   -4.114443 (VIOLATED)
_39481_/B                               2.507400    6.621843   -4.114443 (VIOLATED)
_39484_/B                               2.507400    6.621843   -4.114443 (VIOLATED)
_39487_/B                               2.507400    6.621843   -4.114443 (VIOLATED)
_39490_/B                               2.507400    6.621843   -4.114443 (VIOLATED)
_39494_/B                               2.507400    6.621843   -4.114443 (VIOLATED)
_39496_/A2                              2.507400    6.621843   -4.114443 (VIOLATED)
_39497_/A2                              2.507400    6.621843   -4.114443 (VIOLATED)
_39498_/B                               2.507400    6.621843   -4.114443 (VIOLATED)
_39502_/B1                              2.507400    6.621843   -4.114443 (VIOLATED)
_39505_/B                               2.507400    6.621843   -4.114443 (VIOLATED)
_39508_/B                               2.507400    6.621843   -4.114443 (VIOLATED)
_39511_/B                               2.507400    6.621843   -4.114443 (VIOLATED)
_39514_/B                               2.507400    6.621843   -4.114443 (VIOLATED)
_39517_/B                               2.507400    6.621843   -4.114443 (VIOLATED)
_39521_/B                               2.507400    6.621843   -4.114443 (VIOLATED)
_39523_/A2                              2.507400    6.621843   -4.114443 (VIOLATED)
_39524_/A2                              2.507400    6.621843   -4.114443 (VIOLATED)
_39525_/B                               2.507400    6.621843   -4.114443 (VIOLATED)
_39529_/B1                              2.507400    6.621843   -4.114443 (VIOLATED)
_39532_/B                               2.507400    6.621843   -4.114443 (VIOLATED)
_39535_/B                               2.507400    6.621843   -4.114443 (VIOLATED)
_39538_/B                               2.507400    6.621843   -4.114443 (VIOLATED)
_39541_/B                               2.507400    6.621843   -4.114443 (VIOLATED)
_39544_/B                               2.507400    6.621843   -4.114443 (VIOLATED)
_39548_/B                               2.507400    6.621843   -4.114443 (VIOLATED)
_39550_/A2                              2.507400    6.621843   -4.114443 (VIOLATED)
_39551_/A2                              2.507400    6.621843   -4.114443 (VIOLATED)
_39552_/B                               2.507400    6.621843   -4.114443 (VIOLATED)
_39556_/B1                              2.507400    6.621843   -4.114443 (VIOLATED)
_39559_/B                               2.507400    6.621843   -4.114443 (VIOLATED)
_39562_/B                               2.507400    6.621843   -4.114443 (VIOLATED)
_39565_/B                               2.507400    6.621843   -4.114443 (VIOLATED)
_39568_/B                               2.507400    6.621843   -4.114443 (VIOLATED)
_39571_/B                               2.507400    6.621843   -4.114443 (VIOLATED)
_39575_/B                               2.507400    6.621843   -4.114443 (VIOLATED)
_39577_/A2                              2.507400    6.621843   -4.114443 (VIOLATED)
_39578_/A2                              2.507400    6.621843   -4.114443 (VIOLATED)
_39579_/B                               2.507400    6.621843   -4.114443 (VIOLATED)
_39583_/B1                              2.507400    6.621843   -4.114443 (VIOLATED)
_39586_/B                               2.507400    6.621843   -4.114443 (VIOLATED)
_39589_/B                               2.507400    6.621843   -4.114443 (VIOLATED)
_39592_/B                               2.507400    6.621843   -4.114443 (VIOLATED)
_39595_/B                               2.507400    6.621843   -4.114443 (VIOLATED)
_39598_/B                               2.507400    6.621843   -4.114443 (VIOLATED)
_39602_/B                               2.507400    6.621843   -4.114443 (VIOLATED)
_39604_/A2                              2.507400    6.621843   -4.114443 (VIOLATED)
_39605_/A2                              2.507400    6.621843   -4.114443 (VIOLATED)
_39606_/B                               2.507400    6.621843   -4.114443 (VIOLATED)
_39610_/B1                              2.507400    6.621843   -4.114443 (VIOLATED)
_39613_/B                               2.507400    6.621843   -4.114443 (VIOLATED)
_39616_/B                               2.507400    6.621843   -4.114443 (VIOLATED)
_39619_/B                               2.507400    6.621843   -4.114443 (VIOLATED)
_39622_/B                               2.507400    6.621843   -4.114443 (VIOLATED)
_39625_/B                               2.507400    6.621843   -4.114443 (VIOLATED)
_39629_/B                               2.507400    6.621843   -4.114443 (VIOLATED)
_39631_/A2                              2.507400    6.621843   -4.114443 (VIOLATED)
_39632_/A2                              2.507400    6.621843   -4.114443 (VIOLATED)
_39633_/B                               2.507400    6.621843   -4.114443 (VIOLATED)
_39637_/B1                              2.507400    6.621843   -4.114443 (VIOLATED)
_39640_/B                               2.507400    6.621843   -4.114443 (VIOLATED)
_39643_/B                               2.507400    6.621843   -4.114443 (VIOLATED)
_39646_/B                               2.507400    6.621843   -4.114443 (VIOLATED)
_39649_/B                               2.507400    6.621843   -4.114443 (VIOLATED)
_39652_/B                               2.507400    6.621843   -4.114443 (VIOLATED)
_39656_/B                               2.507400    6.621843   -4.114443 (VIOLATED)
_39658_/A2                              2.507400    6.621843   -4.114443 (VIOLATED)
_39659_/A2                              2.507400    6.621843   -4.114443 (VIOLATED)
_39660_/B                               2.507400    6.621843   -4.114443 (VIOLATED)
_39663_/B1                              2.507400    6.621843   -4.114443 (VIOLATED)
_39666_/B                               2.507400    6.621843   -4.114443 (VIOLATED)
_39669_/B                               2.507400    6.621843   -4.114443 (VIOLATED)
_39672_/B                               2.507400    6.621843   -4.114443 (VIOLATED)
_39675_/B                               2.507400    6.621843   -4.114443 (VIOLATED)
_39678_/B                               2.507400    6.621843   -4.114443 (VIOLATED)
_39682_/B                               2.507400    6.621843   -4.114443 (VIOLATED)
_39684_/A2                              2.507400    6.621843   -4.114443 (VIOLATED)
_39685_/A2                              2.507400    6.621843   -4.114443 (VIOLATED)
_40585_/A2                              2.507400    6.621843   -4.114443 (VIOLATED)
_40147_/Y                               2.507400    6.602119   -4.094719 (VIOLATED)
_40150_/A2                              2.507400    6.602119   -4.094719 (VIOLATED)
_40155_/A                               2.507400    6.602119   -4.094719 (VIOLATED)
_40156_/A2                              2.507400    6.602119   -4.094719 (VIOLATED)
_40162_/B                               2.507400    6.602119   -4.094719 (VIOLATED)
_40164_/B                               2.507400    6.602119   -4.094719 (VIOLATED)
_40169_/B1                              2.507400    6.602119   -4.094719 (VIOLATED)
_40175_/A                               2.507400    6.602119   -4.094719 (VIOLATED)
_40176_/A2                              2.507400    6.602119   -4.094719 (VIOLATED)
_40196_/A2                              2.507400    6.602119   -4.094719 (VIOLATED)
_40197_/B                               2.507400    6.602119   -4.094719 (VIOLATED)
_40201_/A2                              2.507400    6.602119   -4.094719 (VIOLATED)
_40206_/A                               2.507400    6.602119   -4.094719 (VIOLATED)
_40207_/A2                              2.507400    6.602119   -4.094719 (VIOLATED)
_40213_/B                               2.507400    6.602119   -4.094719 (VIOLATED)
_40215_/B                               2.507400    6.602119   -4.094719 (VIOLATED)
_40221_/A1                              2.507400    6.602119   -4.094719 (VIOLATED)
_40222_/B                               2.507400    6.602119   -4.094719 (VIOLATED)
_40227_/A1                              2.507400    6.602119   -4.094719 (VIOLATED)
_40239_/B                               2.507400    6.602119   -4.094719 (VIOLATED)
_40240_/B1                              2.507400    6.602119   -4.094719 (VIOLATED)
_40248_/A2                              2.507400    6.602119   -4.094719 (VIOLATED)
_40249_/B                               2.507400    6.602119   -4.094719 (VIOLATED)
_40253_/A                               2.507400    6.602119   -4.094719 (VIOLATED)
_40254_/A2                              2.507400    6.602119   -4.094719 (VIOLATED)
_40265_/B1                              2.507400    6.602119   -4.094719 (VIOLATED)
_40266_/B                               2.507400    6.602119   -4.094719 (VIOLATED)
_40286_/A2                              2.507400    6.602119   -4.094719 (VIOLATED)
_40287_/B                               2.507400    6.602119   -4.094719 (VIOLATED)
_40292_/A                               2.507400    6.602119   -4.094719 (VIOLATED)
_40293_/A2                              2.507400    6.602119   -4.094719 (VIOLATED)
_40299_/B                               2.507400    6.602119   -4.094719 (VIOLATED)
_40319_/B                               2.507400    6.602119   -4.094719 (VIOLATED)
_40325_/A2                              2.507400    6.602119   -4.094719 (VIOLATED)
_40326_/B                               2.507400    6.602119   -4.094719 (VIOLATED)
_40331_/A2                              2.507400    6.602119   -4.094719 (VIOLATED)
_40336_/A                               2.507400    6.602119   -4.094719 (VIOLATED)
_40337_/A2                              2.507400    6.602119   -4.094719 (VIOLATED)
_40343_/B                               2.507400    6.602119   -4.094719 (VIOLATED)
_40348_/B1                              2.507400    6.602119   -4.094719 (VIOLATED)
_40349_/B                               2.507400    6.602119   -4.094719 (VIOLATED)
_40356_/B                               2.507400    6.602119   -4.094719 (VIOLATED)
_40357_/A1                              2.507400    6.602119   -4.094719 (VIOLATED)
_40366_/B                               2.507400    6.602119   -4.094719 (VIOLATED)
_40371_/A1                              2.507400    6.602119   -4.094719 (VIOLATED)
_40379_/A2                              2.507400    6.602119   -4.094719 (VIOLATED)
_40380_/B                               2.507400    6.602119   -4.094719 (VIOLATED)
_40385_/A2                              2.507400    6.602119   -4.094719 (VIOLATED)
_40390_/A                               2.507400    6.602119   -4.094719 (VIOLATED)
_40391_/A2                              2.507400    6.602119   -4.094719 (VIOLATED)
_40397_/B                               2.507400    6.602119   -4.094719 (VIOLATED)
_40399_/B                               2.507400    6.602119   -4.094719 (VIOLATED)
_40404_/B1                              2.507400    6.602119   -4.094719 (VIOLATED)
_40432_/B                               2.507400    6.602119   -4.094719 (VIOLATED)
_40441_/A                               2.507400    6.602119   -4.094719 (VIOLATED)
_40448_/B                               2.507400    6.602119   -4.094719 (VIOLATED)
_40467_/A2                              2.507400    6.602119   -4.094719 (VIOLATED)
_40468_/B                               2.507400    6.602119   -4.094719 (VIOLATED)
_40471_/B                               2.507400    6.602119   -4.094719 (VIOLATED)
_40473_/B1                              2.507400    6.602119   -4.094719 (VIOLATED)
_40478_/A                               2.507400    6.602119   -4.094719 (VIOLATED)
_40484_/B1                              2.507400    6.602119   -4.094719 (VIOLATED)
_40506_/B                               2.507400    6.602119   -4.094719 (VIOLATED)
_40581_/A2                              2.507400    6.602119   -4.094719 (VIOLATED)
_39687_/Y                               2.507400    6.595414   -4.088014 (VIOLATED)
_39697_/B                               2.507400    6.595414   -4.088014 (VIOLATED)
_39698_/A1                              2.507400    6.595414   -4.088014 (VIOLATED)
_39699_/B                               2.507400    6.595414   -4.088014 (VIOLATED)
_39707_/B                               2.507400    6.595414   -4.088014 (VIOLATED)
_39713_/A1                              2.507400    6.595414   -4.088014 (VIOLATED)
_39719_/B                               2.507400    6.595414   -4.088014 (VIOLATED)
_39728_/B                               2.507400    6.595414   -4.088014 (VIOLATED)
_39734_/B1                              2.507400    6.595414   -4.088014 (VIOLATED)
_39736_/B                               2.507400    6.595414   -4.088014 (VIOLATED)
_39748_/B                               2.507400    6.595414   -4.088014 (VIOLATED)
_39761_/B                               2.507400    6.595414   -4.088014 (VIOLATED)
_39762_/A1                              2.507400    6.595414   -4.088014 (VIOLATED)
_39763_/B                               2.507400    6.595414   -4.088014 (VIOLATED)
_39771_/B                               2.507400    6.595414   -4.088014 (VIOLATED)
_39777_/A1                              2.507400    6.595414   -4.088014 (VIOLATED)
_39783_/B                               2.507400    6.595414   -4.088014 (VIOLATED)
_39803_/A                               2.507400    6.595414   -4.088014 (VIOLATED)
_39804_/A2                              2.507400    6.595414   -4.088014 (VIOLATED)
_39810_/B                               2.507400    6.595414   -4.088014 (VIOLATED)
_39825_/A2                              2.507400    6.595414   -4.088014 (VIOLATED)
_39835_/A2                              2.507400    6.595414   -4.088014 (VIOLATED)
_39846_/A2                              2.507400    6.595414   -4.088014 (VIOLATED)
_39857_/A2                              2.507400    6.595414   -4.088014 (VIOLATED)
_39868_/A2                              2.507400    6.595414   -4.088014 (VIOLATED)
_39878_/B1                              2.507400    6.595414   -4.088014 (VIOLATED)
_39879_/A2                              2.507400    6.595414   -4.088014 (VIOLATED)
_39888_/B1                              2.507400    6.595414   -4.088014 (VIOLATED)
_39889_/A2                              2.507400    6.595414   -4.088014 (VIOLATED)
_39900_/B1                              2.507400    6.595414   -4.088014 (VIOLATED)
_39901_/A2                              2.507400    6.595414   -4.088014 (VIOLATED)
_39909_/A2                              2.507400    6.595414   -4.088014 (VIOLATED)
_39921_/A2                              2.507400    6.595414   -4.088014 (VIOLATED)
_39931_/A2                              2.507400    6.595414   -4.088014 (VIOLATED)
_39941_/A2                              2.507400    6.595414   -4.088014 (VIOLATED)
_39952_/A2                              2.507400    6.595414   -4.088014 (VIOLATED)
_39963_/A2                              2.507400    6.595414   -4.088014 (VIOLATED)
_39973_/A2                              2.507400    6.595414   -4.088014 (VIOLATED)
_39983_/A2                              2.507400    6.595414   -4.088014 (VIOLATED)
_39994_/A2                              2.507400    6.595414   -4.088014 (VIOLATED)
_39995_/B                               2.507400    6.595414   -4.088014 (VIOLATED)
_40001_/A1                              2.507400    6.595414   -4.088014 (VIOLATED)
_40004_/B                               2.507400    6.595414   -4.088014 (VIOLATED)
_40008_/B1                              2.507400    6.595414   -4.088014 (VIOLATED)
_40009_/A2                              2.507400    6.595414   -4.088014 (VIOLATED)
_40010_/B                               2.507400    6.595414   -4.088014 (VIOLATED)
_40014_/A1                              2.507400    6.595414   -4.088014 (VIOLATED)
_40022_/B1                              2.507400    6.595414   -4.088014 (VIOLATED)
_40023_/B                               2.507400    6.595414   -4.088014 (VIOLATED)
_40032_/B                               2.507400    6.595414   -4.088014 (VIOLATED)
_40033_/A1                              2.507400    6.595414   -4.088014 (VIOLATED)
_40039_/B1                              2.507400    6.595414   -4.088014 (VIOLATED)
_40040_/A2                              2.507400    6.595414   -4.088014 (VIOLATED)
_40043_/B1                              2.507400    6.595414   -4.088014 (VIOLATED)
_40044_/B                               2.507400    6.595414   -4.088014 (VIOLATED)
_40048_/B1                              2.507400    6.595414   -4.088014 (VIOLATED)
_40049_/A2                              2.507400    6.595414   -4.088014 (VIOLATED)
_40050_/B                               2.507400    6.595414   -4.088014 (VIOLATED)
_40054_/A1                              2.507400    6.595414   -4.088014 (VIOLATED)
_40063_/A                               2.507400    6.595414   -4.088014 (VIOLATED)
_40064_/A2                              2.507400    6.595414   -4.088014 (VIOLATED)
_40067_/B1                              2.507400    6.595414   -4.088014 (VIOLATED)
_40068_/B                               2.507400    6.595414   -4.088014 (VIOLATED)
_40072_/B1                              2.507400    6.595414   -4.088014 (VIOLATED)
_40073_/B                               2.507400    6.595414   -4.088014 (VIOLATED)
_40079_/B                               2.507400    6.595414   -4.088014 (VIOLATED)
_40085_/A2                              2.507400    6.595414   -4.088014 (VIOLATED)
_40088_/A2                              2.507400    6.595414   -4.088014 (VIOLATED)
_40089_/B                               2.507400    6.595414   -4.088014 (VIOLATED)
_40100_/B1                              2.507400    6.595414   -4.088014 (VIOLATED)
_40101_/A2                              2.507400    6.595414   -4.088014 (VIOLATED)
_40103_/B1                              2.507400    6.595414   -4.088014 (VIOLATED)
_40105_/A2                              2.507400    6.595414   -4.088014 (VIOLATED)
_40106_/B1                              2.507400    6.595414   -4.088014 (VIOLATED)
_40108_/A2                              2.507400    6.595414   -4.088014 (VIOLATED)
_40111_/A2                              2.507400    6.595414   -4.088014 (VIOLATED)
_40115_/A2                              2.507400    6.595414   -4.088014 (VIOLATED)
_40118_/A2                              2.507400    6.595414   -4.088014 (VIOLATED)
_40119_/B                               2.507400    6.595414   -4.088014 (VIOLATED)
_40121_/B1                              2.507400    6.595414   -4.088014 (VIOLATED)
_40123_/B                               2.507400    6.595414   -4.088014 (VIOLATED)
_40126_/A1                              2.507400    6.595414   -4.088014 (VIOLATED)
_40127_/B                               2.507400    6.595414   -4.088014 (VIOLATED)
_40130_/A1                              2.507400    6.595414   -4.088014 (VIOLATED)
_40131_/B                               2.507400    6.595414   -4.088014 (VIOLATED)
_40132_/B1                              2.507400    6.595414   -4.088014 (VIOLATED)
_40136_/B1                              2.507400    6.595414   -4.088014 (VIOLATED)
_40139_/B1                              2.507400    6.595414   -4.088014 (VIOLATED)
_40142_/B                               2.507400    6.595414   -4.088014 (VIOLATED)
_40145_/A1                              2.507400    6.595414   -4.088014 (VIOLATED)
_40583_/A2                              2.507400    6.595414   -4.088014 (VIOLATED)
_38702_/Y                               2.507400    6.513699   -4.006299 (VIOLATED)
_38703_/S                               2.507400    6.513699   -4.006299 (VIOLATED)
_38704_/S                               2.507400    6.513699   -4.006299 (VIOLATED)
_38705_/S                               2.507400    6.513699   -4.006299 (VIOLATED)
_38706_/B                               2.507400    6.513699   -4.006299 (VIOLATED)
_38707_/A2                              2.507400    6.513699   -4.006299 (VIOLATED)
_38708_/B                               2.507400    6.513699   -4.006299 (VIOLATED)
_38709_/A2                              2.507400    6.513699   -4.006299 (VIOLATED)
_38710_/B                               2.507400    6.513699   -4.006299 (VIOLATED)
_38711_/A2                              2.507400    6.513699   -4.006299 (VIOLATED)
_38712_/B                               2.507400    6.513699   -4.006299 (VIOLATED)
_38713_/A2                              2.507400    6.513699   -4.006299 (VIOLATED)
_38714_/S                               2.507400    6.513699   -4.006299 (VIOLATED)
_40509_/B                               2.507400    6.513699   -4.006299 (VIOLATED)
_40510_/A2                              2.507400    6.513699   -4.006299 (VIOLATED)
_40511_/S                               2.507400    6.513699   -4.006299 (VIOLATED)
_40512_/S                               2.507400    6.513699   -4.006299 (VIOLATED)
_40513_/S                               2.507400    6.513699   -4.006299 (VIOLATED)
_40514_/S                               2.507400    6.513699   -4.006299 (VIOLATED)
_40515_/S                               2.507400    6.513699   -4.006299 (VIOLATED)
_40516_/S                               2.507400    6.513699   -4.006299 (VIOLATED)
_40517_/S                               2.507400    6.513699   -4.006299 (VIOLATED)
_40518_/B                               2.507400    6.513699   -4.006299 (VIOLATED)
_40519_/A2                              2.507400    6.513699   -4.006299 (VIOLATED)
_40520_/S                               2.507400    6.513699   -4.006299 (VIOLATED)
_40521_/S                               2.507400    6.513699   -4.006299 (VIOLATED)
_40522_/S                               2.507400    6.513699   -4.006299 (VIOLATED)
_40523_/S                               2.507400    6.513699   -4.006299 (VIOLATED)
_40524_/S                               2.507400    6.513699   -4.006299 (VIOLATED)
_40525_/S                               2.507400    6.513699   -4.006299 (VIOLATED)
_40526_/S                               2.507400    6.513699   -4.006299 (VIOLATED)
_40527_/S                               2.507400    6.513699   -4.006299 (VIOLATED)
_40528_/S                               2.507400    6.513699   -4.006299 (VIOLATED)
_40529_/S                               2.507400    6.513699   -4.006299 (VIOLATED)
_40530_/S                               2.507400    6.513699   -4.006299 (VIOLATED)
_40531_/S                               2.507400    6.513699   -4.006299 (VIOLATED)
_40532_/S                               2.507400    6.513699   -4.006299 (VIOLATED)
_40533_/S                               2.507400    6.513699   -4.006299 (VIOLATED)
_40534_/S                               2.507400    6.513699   -4.006299 (VIOLATED)
_40535_/S                               2.507400    6.513699   -4.006299 (VIOLATED)
_40536_/S                               2.507400    6.513699   -4.006299 (VIOLATED)
_40537_/S                               2.507400    6.513699   -4.006299 (VIOLATED)
_40538_/S                               2.507400    6.513699   -4.006299 (VIOLATED)
_40539_/S                               2.507400    6.513699   -4.006299 (VIOLATED)
_40540_/B                               2.507400    6.513699   -4.006299 (VIOLATED)
_40541_/A2                              2.507400    6.513699   -4.006299 (VIOLATED)
_40542_/S                               2.507400    6.513699   -4.006299 (VIOLATED)
_40543_/S                               2.507400    6.513699   -4.006299 (VIOLATED)
_40544_/S                               2.507400    6.513699   -4.006299 (VIOLATED)
_40545_/S                               2.507400    6.513699   -4.006299 (VIOLATED)
_40546_/B                               2.507400    6.513699   -4.006299 (VIOLATED)
_40547_/A2                              2.507400    6.513699   -4.006299 (VIOLATED)
_40548_/B                               2.507400    6.513699   -4.006299 (VIOLATED)
_40549_/A2                              2.507400    6.513699   -4.006299 (VIOLATED)
_40550_/B                               2.507400    6.513699   -4.006299 (VIOLATED)
_40551_/A2                              2.507400    6.513699   -4.006299 (VIOLATED)
_40552_/B                               2.507400    6.513699   -4.006299 (VIOLATED)
_40553_/A2                              2.507400    6.513699   -4.006299 (VIOLATED)
_40554_/B                               2.507400    6.513699   -4.006299 (VIOLATED)
_40555_/A2                              2.507400    6.513699   -4.006299 (VIOLATED)
_40556_/S                               2.507400    6.513699   -4.006299 (VIOLATED)
_40557_/S                               2.507400    6.513699   -4.006299 (VIOLATED)
_40558_/S                               2.507400    6.513699   -4.006299 (VIOLATED)
_40559_/S                               2.507400    6.513699   -4.006299 (VIOLATED)
_40560_/S                               2.507400    6.513699   -4.006299 (VIOLATED)
_40561_/S                               2.507400    6.513699   -4.006299 (VIOLATED)
_40562_/S                               2.507400    6.513699   -4.006299 (VIOLATED)
_40563_/B                               2.507400    6.513699   -4.006299 (VIOLATED)
_40564_/A2                              2.507400    6.513699   -4.006299 (VIOLATED)
_40565_/S                               2.507400    6.513699   -4.006299 (VIOLATED)
_40566_/S                               2.507400    6.513699   -4.006299 (VIOLATED)
_40567_/B                               2.507400    6.513699   -4.006299 (VIOLATED)
_40568_/A2                              2.507400    6.513699   -4.006299 (VIOLATED)
_40569_/S                               2.507400    6.513699   -4.006299 (VIOLATED)
_40570_/S                               2.507400    6.513699   -4.006299 (VIOLATED)
_40571_/S                               2.507400    6.513699   -4.006299 (VIOLATED)
_40572_/S                               2.507400    6.513699   -4.006299 (VIOLATED)
_40573_/B                               2.507400    6.513699   -4.006299 (VIOLATED)
_40574_/A2                              2.507400    6.513699   -4.006299 (VIOLATED)
_40575_/S                               2.507400    6.513699   -4.006299 (VIOLATED)
_40577_/A2                              2.507400    6.513699   -4.006299 (VIOLATED)
_22047_/B                               2.507400    5.802324   -3.294924 (VIOLATED)
_22723_/A                               2.507400    5.802324   -3.294924 (VIOLATED)
_22732_/B1                              2.507400    5.802324   -3.294924 (VIOLATED)
_22735_/A                               2.507400    5.802324   -3.294924 (VIOLATED)
_22738_/B1                              2.507400    5.802324   -3.294924 (VIOLATED)
_23185_/Y                               2.507400    5.802324   -3.294924 (VIOLATED)
_23195_/B                               2.507400    5.802324   -3.294924 (VIOLATED)
_23220_/A                               2.507400    5.802324   -3.294924 (VIOLATED)
_38691_/B                               2.507400    5.802324   -3.294924 (VIOLATED)
_39077_/B1                              2.507400    5.802324   -3.294924 (VIOLATED)
_39079_/B1                              2.507400    5.802324   -3.294924 (VIOLATED)
_39081_/B1                              2.507400    5.802324   -3.294924 (VIOLATED)
_39083_/B1                              2.507400    5.802324   -3.294924 (VIOLATED)
_39085_/B1                              2.507400    5.802324   -3.294924 (VIOLATED)
_39087_/B1                              2.507400    5.802324   -3.294924 (VIOLATED)
_39089_/B1                              2.507400    5.802324   -3.294924 (VIOLATED)
_39091_/B1                              2.507400    5.802324   -3.294924 (VIOLATED)
_39093_/B1                              2.507400    5.802324   -3.294924 (VIOLATED)
_39095_/B1                              2.507400    5.802324   -3.294924 (VIOLATED)
_39097_/B1                              2.507400    5.802324   -3.294924 (VIOLATED)
_39099_/B1                              2.507400    5.802324   -3.294924 (VIOLATED)
_39101_/B1                              2.507400    5.802324   -3.294924 (VIOLATED)
_39103_/B1                              2.507400    5.802324   -3.294924 (VIOLATED)
_39105_/B1                              2.507400    5.802324   -3.294924 (VIOLATED)
_39107_/B1                              2.507400    5.802324   -3.294924 (VIOLATED)
_39109_/B1                              2.507400    5.802324   -3.294924 (VIOLATED)
_39111_/B1                              2.507400    5.802324   -3.294924 (VIOLATED)
_39113_/B1                              2.507400    5.802324   -3.294924 (VIOLATED)
_39115_/B1                              2.507400    5.802324   -3.294924 (VIOLATED)
_39117_/B1                              2.507400    5.802324   -3.294924 (VIOLATED)
_39119_/B1                              2.507400    5.802324   -3.294924 (VIOLATED)
_39121_/B1                              2.507400    5.802324   -3.294924 (VIOLATED)
_39123_/B1                              2.507400    5.802324   -3.294924 (VIOLATED)
_39125_/B1                              2.507400    5.802324   -3.294924 (VIOLATED)
_39127_/B1                              2.507400    5.802324   -3.294924 (VIOLATED)
_39129_/B1                              2.507400    5.802324   -3.294924 (VIOLATED)
_39131_/B1                              2.507400    5.802324   -3.294924 (VIOLATED)
_39133_/B1                              2.507400    5.802324   -3.294924 (VIOLATED)
_39135_/B1                              2.507400    5.802324   -3.294924 (VIOLATED)
_39137_/B1                              2.507400    5.802324   -3.294924 (VIOLATED)
_39139_/B1                              2.507400    5.802324   -3.294924 (VIOLATED)
_39141_/B1                              2.507400    5.802324   -3.294924 (VIOLATED)
_39143_/B1                              2.507400    5.802324   -3.294924 (VIOLATED)
_39145_/B1                              2.507400    5.802324   -3.294924 (VIOLATED)
_39147_/B1                              2.507400    5.802324   -3.294924 (VIOLATED)
_39149_/B1                              2.507400    5.802324   -3.294924 (VIOLATED)
_39151_/B1                              2.507400    5.802324   -3.294924 (VIOLATED)
_39153_/B1                              2.507400    5.802324   -3.294924 (VIOLATED)
_39155_/B1                              2.507400    5.802324   -3.294924 (VIOLATED)
_39157_/B1                              2.507400    5.802324   -3.294924 (VIOLATED)
_39159_/B1                              2.507400    5.802324   -3.294924 (VIOLATED)
_39161_/B1                              2.507400    5.802324   -3.294924 (VIOLATED)
_39163_/B1                              2.507400    5.802324   -3.294924 (VIOLATED)
_39165_/B1                              2.507400    5.802324   -3.294924 (VIOLATED)
_39167_/B1                              2.507400    5.802324   -3.294924 (VIOLATED)
_39169_/B1                              2.507400    5.802324   -3.294924 (VIOLATED)
_39171_/B1                              2.507400    5.802324   -3.294924 (VIOLATED)
_39173_/B1                              2.507400    5.802324   -3.294924 (VIOLATED)
_39175_/B1                              2.507400    5.802324   -3.294924 (VIOLATED)
_39177_/B1                              2.507400    5.802324   -3.294924 (VIOLATED)
_39179_/B1                              2.507400    5.802324   -3.294924 (VIOLATED)
_39181_/B1                              2.507400    5.802324   -3.294924 (VIOLATED)
_39183_/B1                              2.507400    5.802324   -3.294924 (VIOLATED)
_39185_/B1                              2.507400    5.802324   -3.294924 (VIOLATED)
_39187_/B1                              2.507400    5.802324   -3.294924 (VIOLATED)
_39189_/B1                              2.507400    5.802324   -3.294924 (VIOLATED)
_39191_/B1                              2.507400    5.802324   -3.294924 (VIOLATED)
_39193_/B1                              2.507400    5.802324   -3.294924 (VIOLATED)
_39195_/B1                              2.507400    5.802324   -3.294924 (VIOLATED)
_39197_/B1                              2.507400    5.802324   -3.294924 (VIOLATED)
_39199_/B1                              2.507400    5.802324   -3.294924 (VIOLATED)
_39201_/B1                              2.507400    5.802324   -3.294924 (VIOLATED)
_39203_/B1                              2.507400    5.802324   -3.294924 (VIOLATED)
_39205_/B                               2.507400    5.802324   -3.294924 (VIOLATED)
_39297_/B1                              2.507400    5.802324   -3.294924 (VIOLATED)
_39315_/B                               2.507400    5.802324   -3.294924 (VIOLATED)
_39496_/B1                              2.507400    5.802324   -3.294924 (VIOLATED)
_39523_/B1                              2.507400    5.802324   -3.294924 (VIOLATED)
_39550_/B1                              2.507400    5.802324   -3.294924 (VIOLATED)
_39577_/B1                              2.507400    5.802324   -3.294924 (VIOLATED)
_39604_/B1                              2.507400    5.802324   -3.294924 (VIOLATED)
_39631_/B1                              2.507400    5.802324   -3.294924 (VIOLATED)
_39658_/B1                              2.507400    5.802324   -3.294924 (VIOLATED)
_39684_/B1                              2.507400    5.802324   -3.294924 (VIOLATED)
_40757_/RESET_B                         2.507400    5.802324   -3.294924 (VIOLATED)
_40758_/RESET_B                         2.507400    5.802324   -3.294924 (VIOLATED)
_40759_/RESET_B                         2.507400    5.802324   -3.294924 (VIOLATED)
_40760_/RESET_B                         2.507400    5.802324   -3.294924 (VIOLATED)
_40761_/RESET_B                         2.507400    5.802324   -3.294924 (VIOLATED)
_40762_/RESET_B                         2.507400    5.802324   -3.294924 (VIOLATED)
_40763_/RESET_B                         2.507400    5.802324   -3.294924 (VIOLATED)
_40764_/RESET_B                         2.507400    5.802324   -3.294924 (VIOLATED)
_40971_/RESET_B                         2.507400    5.802324   -3.294924 (VIOLATED)
_40972_/RESET_B                         2.507400    5.802324   -3.294924 (VIOLATED)
_40973_/RESET_B                         2.507400    5.802324   -3.294924 (VIOLATED)
_40974_/RESET_B                         2.507400    5.802324   -3.294924 (VIOLATED)
_40975_/RESET_B                         2.507400    5.802324   -3.294924 (VIOLATED)
_40976_/RESET_B                         2.507400    5.802324   -3.294924 (VIOLATED)
_41018_/RESET_B                         2.507400    5.802324   -3.294924 (VIOLATED)
_41132_/RESET_B                         2.507400    5.802324   -3.294924 (VIOLATED)
_41133_/RESET_B                         2.507400    5.802324   -3.294924 (VIOLATED)
_41134_/RESET_B                         2.507400    5.802324   -3.294924 (VIOLATED)
_41135_/RESET_B                         2.507400    5.802324   -3.294924 (VIOLATED)
_41136_/RESET_B                         2.507400    5.802324   -3.294924 (VIOLATED)
_41137_/RESET_B                         2.507400    5.802324   -3.294924 (VIOLATED)
_41138_/RESET_B                         2.507400    5.802324   -3.294924 (VIOLATED)
_41139_/RESET_B                         2.507400    5.802324   -3.294924 (VIOLATED)
_41346_/RESET_B                         2.507400    5.802324   -3.294924 (VIOLATED)
_41347_/RESET_B                         2.507400    5.802324   -3.294924 (VIOLATED)
_41348_/RESET_B                         2.507400    5.802324   -3.294924 (VIOLATED)
_41349_/RESET_B                         2.507400    5.802324   -3.294924 (VIOLATED)
_41350_/RESET_B                         2.507400    5.802324   -3.294924 (VIOLATED)
_41351_/RESET_B                         2.507400    5.802324   -3.294924 (VIOLATED)
_41393_/RESET_B                         2.507400    5.802324   -3.294924 (VIOLATED)
_41507_/RESET_B                         2.507400    5.802324   -3.294924 (VIOLATED)
_41508_/RESET_B                         2.507400    5.802324   -3.294924 (VIOLATED)
_41509_/RESET_B                         2.507400    5.802324   -3.294924 (VIOLATED)
_41510_/RESET_B                         2.507400    5.802324   -3.294924 (VIOLATED)
_41511_/RESET_B                         2.507400    5.802324   -3.294924 (VIOLATED)
_41512_/RESET_B                         2.507400    5.802324   -3.294924 (VIOLATED)
_41513_/RESET_B                         2.507400    5.802324   -3.294924 (VIOLATED)
_41514_/RESET_B                         2.507400    5.802324   -3.294924 (VIOLATED)
_41730_/RESET_B                         2.507400    5.802324   -3.294924 (VIOLATED)
_41731_/RESET_B                         2.507400    5.802324   -3.294924 (VIOLATED)
_41732_/RESET_B                         2.507400    5.802324   -3.294924 (VIOLATED)
_41733_/RESET_B                         2.507400    5.802324   -3.294924 (VIOLATED)
_41734_/RESET_B                         2.507400    5.802324   -3.294924 (VIOLATED)
_41735_/RESET_B                         2.507400    5.802324   -3.294924 (VIOLATED)
_41777_/RESET_B                         2.507400    5.802324   -3.294924 (VIOLATED)
_43047_/RESET_B                         2.507400    5.802324   -3.294924 (VIOLATED)
_43048_/RESET_B                         2.507400    5.802324   -3.294924 (VIOLATED)
_43049_/RESET_B                         2.507400    5.802324   -3.294924 (VIOLATED)
_43050_/RESET_B                         2.507400    5.802324   -3.294924 (VIOLATED)
_43051_/RESET_B                         2.507400    5.802324   -3.294924 (VIOLATED)
_43052_/RESET_B                         2.507400    5.802324   -3.294924 (VIOLATED)
_43053_/RESET_B                         2.507400    5.802324   -3.294924 (VIOLATED)
_43054_/RESET_B                         2.507400    5.802324   -3.294924 (VIOLATED)
_43055_/RESET_B                         2.507400    5.802324   -3.294924 (VIOLATED)
_43056_/RESET_B                         2.507400    5.802324   -3.294924 (VIOLATED)
_43057_/RESET_B                         2.507400    5.802324   -3.294924 (VIOLATED)
_43058_/RESET_B                         2.507400    5.802324   -3.294924 (VIOLATED)
_43059_/RESET_B                         2.507400    5.802324   -3.294924 (VIOLATED)
_43060_/RESET_B                         2.507400    5.802324   -3.294924 (VIOLATED)
_43061_/RESET_B                         2.507400    5.802324   -3.294924 (VIOLATED)
_43062_/RESET_B                         2.507400    5.802324   -3.294924 (VIOLATED)
_43063_/RESET_B                         2.507400    5.802324   -3.294924 (VIOLATED)
_43064_/RESET_B                         2.507400    5.802324   -3.294924 (VIOLATED)
_43065_/RESET_B                         2.507400    5.802324   -3.294924 (VIOLATED)
_43066_/RESET_B                         2.507400    5.802324   -3.294924 (VIOLATED)
_43067_/RESET_B                         2.507400    5.802324   -3.294924 (VIOLATED)
_43068_/RESET_B                         2.507400    5.802324   -3.294924 (VIOLATED)
_43069_/RESET_B                         2.507400    5.802324   -3.294924 (VIOLATED)
_43070_/RESET_B                         2.507400    5.802324   -3.294924 (VIOLATED)
_43193_/RESET_B                         2.507400    5.802324   -3.294924 (VIOLATED)
_43194_/RESET_B                         2.507400    5.802324   -3.294924 (VIOLATED)
_43195_/RESET_B                         2.507400    5.802324   -3.294924 (VIOLATED)
_43196_/RESET_B                         2.507400    5.802324   -3.294924 (VIOLATED)
_43197_/RESET_B                         2.507400    5.802324   -3.294924 (VIOLATED)
_43198_/RESET_B                         2.507400    5.802324   -3.294924 (VIOLATED)
_43199_/RESET_B                         2.507400    5.802324   -3.294924 (VIOLATED)
_43200_/RESET_B                         2.507400    5.802324   -3.294924 (VIOLATED)
_43201_/RESET_B                         2.507400    5.802324   -3.294924 (VIOLATED)
_43202_/RESET_B                         2.507400    5.802324   -3.294924 (VIOLATED)
_43203_/RESET_B                         2.507400    5.802324   -3.294924 (VIOLATED)
_43204_/RESET_B                         2.507400    5.802324   -3.294924 (VIOLATED)
_43205_/RESET_B                         2.507400    5.802324   -3.294924 (VIOLATED)
_43206_/RESET_B                         2.507400    5.802324   -3.294924 (VIOLATED)
_43207_/RESET_B                         2.507400    5.802324   -3.294924 (VIOLATED)
_43208_/RESET_B                         2.507400    5.802324   -3.294924 (VIOLATED)
_43209_/RESET_B                         2.507400    5.802324   -3.294924 (VIOLATED)
_43210_/RESET_B                         2.507400    5.802324   -3.294924 (VIOLATED)
_43211_/RESET_B                         2.507400    5.802324   -3.294924 (VIOLATED)
_43212_/RESET_B                         2.507400    5.802324   -3.294924 (VIOLATED)
_43213_/RESET_B                         2.507400    5.802324   -3.294924 (VIOLATED)
_43214_/RESET_B                         2.507400    5.802324   -3.294924 (VIOLATED)
_43215_/RESET_B                         2.507400    5.802324   -3.294924 (VIOLATED)
_43216_/RESET_B                         2.507400    5.802324   -3.294924 (VIOLATED)
_43217_/RESET_B                         2.507400    5.802324   -3.294924 (VIOLATED)
_43218_/RESET_B                         2.507400    5.802324   -3.294924 (VIOLATED)
_43219_/RESET_B                         2.507400    5.802324   -3.294924 (VIOLATED)
_43220_/RESET_B                         2.507400    5.802324   -3.294924 (VIOLATED)
_43221_/RESET_B                         2.507400    5.802324   -3.294924 (VIOLATED)
_43222_/RESET_B                         2.507400    5.802324   -3.294924 (VIOLATED)
_43223_/RESET_B                         2.507400    5.802324   -3.294924 (VIOLATED)
_43224_/RESET_B                         2.507400    5.802324   -3.294924 (VIOLATED)
_43225_/RESET_B                         2.507400    5.802324   -3.294924 (VIOLATED)
_43226_/RESET_B                         2.507400    5.802324   -3.294924 (VIOLATED)
_43227_/RESET_B                         2.507400    5.802324   -3.294924 (VIOLATED)
_43228_/RESET_B                         2.507400    5.802324   -3.294924 (VIOLATED)
_43229_/RESET_B                         2.507400    5.802324   -3.294924 (VIOLATED)
_43230_/RESET_B                         2.507400    5.802324   -3.294924 (VIOLATED)
_43231_/RESET_B                         2.507400    5.802324   -3.294924 (VIOLATED)
_43232_/RESET_B                         2.507400    5.802324   -3.294924 (VIOLATED)
_43233_/RESET_B                         2.507400    5.802324   -3.294924 (VIOLATED)
_43234_/RESET_B                         2.507400    5.802324   -3.294924 (VIOLATED)
_43235_/RESET_B                         2.507400    5.802324   -3.294924 (VIOLATED)
_43236_/RESET_B                         2.507400    5.802324   -3.294924 (VIOLATED)
_43237_/RESET_B                         2.507400    5.802324   -3.294924 (VIOLATED)
_43238_/RESET_B                         2.507400    5.802324   -3.294924 (VIOLATED)
_43239_/RESET_B                         2.507400    5.802324   -3.294924 (VIOLATED)
_43240_/RESET_B                         2.507400    5.802324   -3.294924 (VIOLATED)
_43241_/RESET_B                         2.507400    5.802324   -3.294924 (VIOLATED)
_43242_/RESET_B                         2.507400    5.802324   -3.294924 (VIOLATED)
_43243_/RESET_B                         2.507400    5.802324   -3.294924 (VIOLATED)
_43244_/RESET_B                         2.507400    5.802324   -3.294924 (VIOLATED)
_43245_/RESET_B                         2.507400    5.802324   -3.294924 (VIOLATED)
_43246_/RESET_B                         2.507400    5.802324   -3.294924 (VIOLATED)
_43247_/RESET_B                         2.507400    5.802324   -3.294924 (VIOLATED)
_43248_/RESET_B                         2.507400    5.802324   -3.294924 (VIOLATED)
_43249_/RESET_B                         2.507400    5.802324   -3.294924 (VIOLATED)
_43250_/RESET_B                         2.507400    5.802324   -3.294924 (VIOLATED)
_43251_/RESET_B                         2.507400    5.802324   -3.294924 (VIOLATED)
_43252_/RESET_B                         2.507400    5.802324   -3.294924 (VIOLATED)
_43253_/RESET_B                         2.507400    5.802324   -3.294924 (VIOLATED)
_43254_/RESET_B                         2.507400    5.802324   -3.294924 (VIOLATED)
_43255_/RESET_B                         2.507400    5.802324   -3.294924 (VIOLATED)
_43256_/RESET_B                         2.507400    5.802324   -3.294924 (VIOLATED)
_43257_/RESET_B                         2.507400    5.802324   -3.294924 (VIOLATED)
_43259_/RESET_B                         2.507400    5.802324   -3.294924 (VIOLATED)
_43773_/RESET_B                         2.507400    5.802324   -3.294924 (VIOLATED)
_43774_/RESET_B                         2.507400    5.802324   -3.294924 (VIOLATED)
_43775_/RESET_B                         2.507400    5.802324   -3.294924 (VIOLATED)
_43776_/RESET_B                         2.507400    5.802324   -3.294924 (VIOLATED)
_43777_/RESET_B                         2.507400    5.802324   -3.294924 (VIOLATED)
_43778_/RESET_B                         2.507400    5.802324   -3.294924 (VIOLATED)
_43779_/RESET_B                         2.507400    5.802324   -3.294924 (VIOLATED)
_43780_/RESET_B                         2.507400    5.802324   -3.294924 (VIOLATED)
_43885_/RESET_B                         2.507400    5.802324   -3.294924 (VIOLATED)
_43886_/RESET_B                         2.507400    5.802324   -3.294924 (VIOLATED)
_43887_/RESET_B                         2.507400    5.802324   -3.294924 (VIOLATED)
_43888_/RESET_B                         2.507400    5.802324   -3.294924 (VIOLATED)
_43889_/RESET_B                         2.507400    5.802324   -3.294924 (VIOLATED)
_43890_/RESET_B                         2.507400    5.802324   -3.294924 (VIOLATED)
_43891_/RESET_B                         2.507400    5.802324   -3.294924 (VIOLATED)
_43892_/RESET_B                         2.507400    5.802324   -3.294924 (VIOLATED)
_44099_/RESET_B                         2.507400    5.802324   -3.294924 (VIOLATED)
_44100_/RESET_B                         2.507400    5.802324   -3.294924 (VIOLATED)
_44101_/RESET_B                         2.507400    5.802324   -3.294924 (VIOLATED)
_44102_/RESET_B                         2.507400    5.802324   -3.294924 (VIOLATED)
_44103_/RESET_B                         2.507400    5.802324   -3.294924 (VIOLATED)
_44104_/RESET_B                         2.507400    5.802324   -3.294924 (VIOLATED)
_44146_/RESET_B                         2.507400    5.802324   -3.294924 (VIOLATED)
_21808_/Y                               2.507400    5.286717   -2.779317 (VIOLATED)
_21809_/S                               2.507400    5.286717   -2.779317 (VIOLATED)
_21810_/S                               2.507400    5.286717   -2.779317 (VIOLATED)
_21811_/S                               2.507400    5.286717   -2.779317 (VIOLATED)
_21812_/S                               2.507400    5.286717   -2.779317 (VIOLATED)
_21813_/S                               2.507400    5.286717   -2.779317 (VIOLATED)
_21814_/S                               2.507400    5.286717   -2.779317 (VIOLATED)
_21815_/S                               2.507400    5.286717   -2.779317 (VIOLATED)
_21816_/S                               2.507400    5.286717   -2.779317 (VIOLATED)
_22048_/S                               2.507400    5.286717   -2.779317 (VIOLATED)
_22049_/S                               2.507400    5.286717   -2.779317 (VIOLATED)
_22050_/S                               2.507400    5.286717   -2.779317 (VIOLATED)
_22051_/S                               2.507400    5.286717   -2.779317 (VIOLATED)
_22052_/S                               2.507400    5.286717   -2.779317 (VIOLATED)
_22053_/S                               2.507400    5.286717   -2.779317 (VIOLATED)
_22054_/S                               2.507400    5.286717   -2.779317 (VIOLATED)
_22055_/S                               2.507400    5.286717   -2.779317 (VIOLATED)
_22234_/S                               2.507400    5.286717   -2.779317 (VIOLATED)
_22235_/S                               2.507400    5.286717   -2.779317 (VIOLATED)
_22236_/S                               2.507400    5.286717   -2.779317 (VIOLATED)
_22237_/S                               2.507400    5.286717   -2.779317 (VIOLATED)
_22238_/S                               2.507400    5.286717   -2.779317 (VIOLATED)
_22239_/S                               2.507400    5.286717   -2.779317 (VIOLATED)
_22240_/S                               2.507400    5.286717   -2.779317 (VIOLATED)
_22241_/S                               2.507400    5.286717   -2.779317 (VIOLATED)
_22242_/S                               2.507400    5.286717   -2.779317 (VIOLATED)
_22243_/S                               2.507400    5.286717   -2.779317 (VIOLATED)
_22244_/S                               2.507400    5.286717   -2.779317 (VIOLATED)
_22245_/S                               2.507400    5.286717   -2.779317 (VIOLATED)
_22246_/S                               2.507400    5.286717   -2.779317 (VIOLATED)
_22247_/S                               2.507400    5.286717   -2.779317 (VIOLATED)
_22248_/S                               2.507400    5.286717   -2.779317 (VIOLATED)
_22249_/S                               2.507400    5.286717   -2.779317 (VIOLATED)
_22250_/S                               2.507400    5.286717   -2.779317 (VIOLATED)
_22251_/S                               2.507400    5.286717   -2.779317 (VIOLATED)
_22252_/S                               2.507400    5.286717   -2.779317 (VIOLATED)
_22253_/S                               2.507400    5.286717   -2.779317 (VIOLATED)
_22254_/S                               2.507400    5.286717   -2.779317 (VIOLATED)
_22255_/S                               2.507400    5.286717   -2.779317 (VIOLATED)
_22256_/S                               2.507400    5.286717   -2.779317 (VIOLATED)
_22257_/S                               2.507400    5.286717   -2.779317 (VIOLATED)
_22258_/S                               2.507400    5.286717   -2.779317 (VIOLATED)
_22259_/S                               2.507400    5.286717   -2.779317 (VIOLATED)
_22260_/S                               2.507400    5.286717   -2.779317 (VIOLATED)
_22261_/S                               2.507400    5.286717   -2.779317 (VIOLATED)
_22262_/S                               2.507400    5.286717   -2.779317 (VIOLATED)
_22263_/S                               2.507400    5.286717   -2.779317 (VIOLATED)
_22264_/S                               2.507400    5.286717   -2.779317 (VIOLATED)
_22265_/S                               2.507400    5.286717   -2.779317 (VIOLATED)
_22266_/S                               2.507400    5.286717   -2.779317 (VIOLATED)
_22267_/S                               2.507400    5.286717   -2.779317 (VIOLATED)
_22268_/S                               2.507400    5.286717   -2.779317 (VIOLATED)
_22269_/S                               2.507400    5.286717   -2.779317 (VIOLATED)
_22270_/S                               2.507400    5.286717   -2.779317 (VIOLATED)
_22271_/S                               2.507400    5.286717   -2.779317 (VIOLATED)
_22272_/S                               2.507400    5.286717   -2.779317 (VIOLATED)
_22273_/S                               2.507400    5.286717   -2.779317 (VIOLATED)
_22274_/S                               2.507400    5.286717   -2.779317 (VIOLATED)
_22275_/S                               2.507400    5.286717   -2.779317 (VIOLATED)
_22276_/S                               2.507400    5.286717   -2.779317 (VIOLATED)
_22277_/S                               2.507400    5.286717   -2.779317 (VIOLATED)
_22278_/S                               2.507400    5.286717   -2.779317 (VIOLATED)
_22279_/S                               2.507400    5.286717   -2.779317 (VIOLATED)
_22280_/S                               2.507400    5.286717   -2.779317 (VIOLATED)
_22281_/S                               2.507400    5.286717   -2.779317 (VIOLATED)
_22296_/S                               2.507400    5.286717   -2.779317 (VIOLATED)
_22297_/S                               2.507400    5.286717   -2.779317 (VIOLATED)
_22298_/S                               2.507400    5.286717   -2.779317 (VIOLATED)
_22299_/S                               2.507400    5.286717   -2.779317 (VIOLATED)
_22300_/S                               2.507400    5.286717   -2.779317 (VIOLATED)
_22301_/S                               2.507400    5.286717   -2.779317 (VIOLATED)
_22302_/S                               2.507400    5.286717   -2.779317 (VIOLATED)
_22303_/S                               2.507400    5.286717   -2.779317 (VIOLATED)
_22304_/S                               2.507400    5.286717   -2.779317 (VIOLATED)
_22305_/S                               2.507400    5.286717   -2.779317 (VIOLATED)
_22306_/S                               2.507400    5.286717   -2.779317 (VIOLATED)
_22307_/S                               2.507400    5.286717   -2.779317 (VIOLATED)
_22308_/S                               2.507400    5.286717   -2.779317 (VIOLATED)
_22309_/S                               2.507400    5.286717   -2.779317 (VIOLATED)
_22310_/S                               2.507400    5.286717   -2.779317 (VIOLATED)
_22311_/S                               2.507400    5.286717   -2.779317 (VIOLATED)
_22328_/S                               2.507400    5.286717   -2.779317 (VIOLATED)
_22329_/S                               2.507400    5.286717   -2.779317 (VIOLATED)
_22330_/S                               2.507400    5.286717   -2.779317 (VIOLATED)
_22331_/S                               2.507400    5.286717   -2.779317 (VIOLATED)
_22332_/S                               2.507400    5.286717   -2.779317 (VIOLATED)
_22333_/S                               2.507400    5.286717   -2.779317 (VIOLATED)
_22334_/S                               2.507400    5.286717   -2.779317 (VIOLATED)
_22335_/S                               2.507400    5.286717   -2.779317 (VIOLATED)
_22344_/S                               2.507400    5.286717   -2.779317 (VIOLATED)
_22345_/S                               2.507400    5.286717   -2.779317 (VIOLATED)
_22346_/S                               2.507400    5.286717   -2.779317 (VIOLATED)
_22347_/S                               2.507400    5.286717   -2.779317 (VIOLATED)
_22348_/S                               2.507400    5.286717   -2.779317 (VIOLATED)
_22349_/S                               2.507400    5.286717   -2.779317 (VIOLATED)
_22350_/S                               2.507400    5.286717   -2.779317 (VIOLATED)
_22351_/S                               2.507400    5.286717   -2.779317 (VIOLATED)
_22352_/S                               2.507400    5.286717   -2.779317 (VIOLATED)
_22353_/S                               2.507400    5.286717   -2.779317 (VIOLATED)
_22354_/S                               2.507400    5.286717   -2.779317 (VIOLATED)
_22355_/S                               2.507400    5.286717   -2.779317 (VIOLATED)
_22356_/S                               2.507400    5.286717   -2.779317 (VIOLATED)
_22357_/S                               2.507400    5.286717   -2.779317 (VIOLATED)
_22358_/S                               2.507400    5.286717   -2.779317 (VIOLATED)
_22359_/S                               2.507400    5.286717   -2.779317 (VIOLATED)
_22360_/S                               2.507400    5.286717   -2.779317 (VIOLATED)
_22361_/S                               2.507400    5.286717   -2.779317 (VIOLATED)
_22362_/S                               2.507400    5.286717   -2.779317 (VIOLATED)
_22363_/S                               2.507400    5.286717   -2.779317 (VIOLATED)
_22364_/S                               2.507400    5.286717   -2.779317 (VIOLATED)
_22365_/S                               2.507400    5.286717   -2.779317 (VIOLATED)
_22366_/S                               2.507400    5.286717   -2.779317 (VIOLATED)
_22367_/S                               2.507400    5.286717   -2.779317 (VIOLATED)
_22368_/S                               2.507400    5.286717   -2.779317 (VIOLATED)
_22369_/S                               2.507400    5.286717   -2.779317 (VIOLATED)
_22370_/S                               2.507400    5.286717   -2.779317 (VIOLATED)
_22371_/S                               2.507400    5.286717   -2.779317 (VIOLATED)
_22372_/S                               2.507400    5.286717   -2.779317 (VIOLATED)
_22373_/S                               2.507400    5.286717   -2.779317 (VIOLATED)
_22374_/S                               2.507400    5.286717   -2.779317 (VIOLATED)
_22375_/S                               2.507400    5.286717   -2.779317 (VIOLATED)
_22376_/S                               2.507400    5.286717   -2.779317 (VIOLATED)
_22377_/S                               2.507400    5.286717   -2.779317 (VIOLATED)
_22378_/S                               2.507400    5.286717   -2.779317 (VIOLATED)
_22379_/S                               2.507400    5.286717   -2.779317 (VIOLATED)
_22380_/S                               2.507400    5.286717   -2.779317 (VIOLATED)
_22381_/S                               2.507400    5.286717   -2.779317 (VIOLATED)
_22382_/S                               2.507400    5.286717   -2.779317 (VIOLATED)
_22383_/S                               2.507400    5.286717   -2.779317 (VIOLATED)
_22097_/S                               2.507400    5.270219   -2.762819 (VIOLATED)
_22098_/S                               2.507400    5.270219   -2.762819 (VIOLATED)
_22099_/S                               2.507400    5.270219   -2.762819 (VIOLATED)
_22100_/S                               2.507400    5.270219   -2.762819 (VIOLATED)
_22101_/S                               2.507400    5.270219   -2.762819 (VIOLATED)
_22102_/S                               2.507400    5.270219   -2.762819 (VIOLATED)
_22103_/S                               2.507400    5.270219   -2.762819 (VIOLATED)
_22104_/S                               2.507400    5.270219   -2.762819 (VIOLATED)
_22105_/S                               2.507400    5.270219   -2.762819 (VIOLATED)
_22106_/S                               2.507400    5.270219   -2.762819 (VIOLATED)
_22107_/S                               2.507400    5.270219   -2.762819 (VIOLATED)
_22108_/S                               2.507400    5.270219   -2.762819 (VIOLATED)
_22109_/S                               2.507400    5.270219   -2.762819 (VIOLATED)
_22110_/S                               2.507400    5.270219   -2.762819 (VIOLATED)
_22111_/S                               2.507400    5.270219   -2.762819 (VIOLATED)
_22112_/S                               2.507400    5.270219   -2.762819 (VIOLATED)
_22113_/S                               2.507400    5.270219   -2.762819 (VIOLATED)
_22114_/S                               2.507400    5.270219   -2.762819 (VIOLATED)
_22115_/S                               2.507400    5.270219   -2.762819 (VIOLATED)
_22116_/S                               2.507400    5.270219   -2.762819 (VIOLATED)
_22117_/S                               2.507400    5.270219   -2.762819 (VIOLATED)
_22118_/S                               2.507400    5.270219   -2.762819 (VIOLATED)
_22119_/S                               2.507400    5.270219   -2.762819 (VIOLATED)
_22120_/S                               2.507400    5.270219   -2.762819 (VIOLATED)
_22129_/S                               2.507400    5.270219   -2.762819 (VIOLATED)
_22130_/S                               2.507400    5.270219   -2.762819 (VIOLATED)
_22131_/S                               2.507400    5.270219   -2.762819 (VIOLATED)
_22132_/S                               2.507400    5.270219   -2.762819 (VIOLATED)
_22133_/S                               2.507400    5.270219   -2.762819 (VIOLATED)
_22134_/S                               2.507400    5.270219   -2.762819 (VIOLATED)
_22135_/S                               2.507400    5.270219   -2.762819 (VIOLATED)
_22136_/S                               2.507400    5.270219   -2.762819 (VIOLATED)
_22137_/S                               2.507400    5.270219   -2.762819 (VIOLATED)
_22138_/S                               2.507400    5.270219   -2.762819 (VIOLATED)
_22139_/S                               2.507400    5.270219   -2.762819 (VIOLATED)
_22140_/S                               2.507400    5.270219   -2.762819 (VIOLATED)
_22141_/S                               2.507400    5.270219   -2.762819 (VIOLATED)
_22142_/S                               2.507400    5.270219   -2.762819 (VIOLATED)
_22143_/S                               2.507400    5.270219   -2.762819 (VIOLATED)
_22144_/S                               2.507400    5.270219   -2.762819 (VIOLATED)
_22145_/S                               2.507400    5.270219   -2.762819 (VIOLATED)
_22146_/S                               2.507400    5.270219   -2.762819 (VIOLATED)
_22147_/S                               2.507400    5.270219   -2.762819 (VIOLATED)
_22148_/S                               2.507400    5.270219   -2.762819 (VIOLATED)
_22149_/S                               2.507400    5.270219   -2.762819 (VIOLATED)
_22150_/S                               2.507400    5.270219   -2.762819 (VIOLATED)
_22151_/S                               2.507400    5.270219   -2.762819 (VIOLATED)
_22152_/S                               2.507400    5.270219   -2.762819 (VIOLATED)
_22161_/S                               2.507400    5.270219   -2.762819 (VIOLATED)
_22162_/S                               2.507400    5.270219   -2.762819 (VIOLATED)
_22163_/S                               2.507400    5.270219   -2.762819 (VIOLATED)
_22164_/S                               2.507400    5.270219   -2.762819 (VIOLATED)
_22165_/S                               2.507400    5.270219   -2.762819 (VIOLATED)
_22166_/S                               2.507400    5.270219   -2.762819 (VIOLATED)
_22167_/S                               2.507400    5.270219   -2.762819 (VIOLATED)
_22168_/S                               2.507400    5.270219   -2.762819 (VIOLATED)
_22320_/S                               2.507400    5.270219   -2.762819 (VIOLATED)
_22321_/S                               2.507400    5.270219   -2.762819 (VIOLATED)
_22322_/S                               2.507400    5.270219   -2.762819 (VIOLATED)
_22323_/S                               2.507400    5.270219   -2.762819 (VIOLATED)
_22324_/S                               2.507400    5.270219   -2.762819 (VIOLATED)
_22325_/S                               2.507400    5.270219   -2.762819 (VIOLATED)
_22326_/S                               2.507400    5.270219   -2.762819 (VIOLATED)
_22327_/S                               2.507400    5.270219   -2.762819 (VIOLATED)
_22592_/S                               2.507400    5.270219   -2.762819 (VIOLATED)
_22593_/S                               2.507400    5.270219   -2.762819 (VIOLATED)
_22594_/S                               2.507400    5.270219   -2.762819 (VIOLATED)
_22595_/S                               2.507400    5.270219   -2.762819 (VIOLATED)
_22596_/S                               2.507400    5.270219   -2.762819 (VIOLATED)
_22597_/S                               2.507400    5.270219   -2.762819 (VIOLATED)
_22598_/S                               2.507400    5.270219   -2.762819 (VIOLATED)
_22599_/S                               2.507400    5.270219   -2.762819 (VIOLATED)
_22600_/S                               2.507400    5.270219   -2.762819 (VIOLATED)
_22601_/S                               2.507400    5.270219   -2.762819 (VIOLATED)
_22602_/S                               2.507400    5.270219   -2.762819 (VIOLATED)
_22603_/S                               2.507400    5.270219   -2.762819 (VIOLATED)
_22604_/S                               2.507400    5.270219   -2.762819 (VIOLATED)
_22605_/S                               2.507400    5.270219   -2.762819 (VIOLATED)
_22606_/S                               2.507400    5.270219   -2.762819 (VIOLATED)
_22607_/S                               2.507400    5.270219   -2.762819 (VIOLATED)
_22608_/S                               2.507400    5.270219   -2.762819 (VIOLATED)
_22609_/S                               2.507400    5.270219   -2.762819 (VIOLATED)
_22610_/S                               2.507400    5.270219   -2.762819 (VIOLATED)
_22611_/S                               2.507400    5.270219   -2.762819 (VIOLATED)
_22612_/S                               2.507400    5.270219   -2.762819 (VIOLATED)
_22613_/S                               2.507400    5.270219   -2.762819 (VIOLATED)
_22614_/S                               2.507400    5.270219   -2.762819 (VIOLATED)
_22615_/S                               2.507400    5.270219   -2.762819 (VIOLATED)
_22616_/S                               2.507400    5.270219   -2.762819 (VIOLATED)
_22617_/S                               2.507400    5.270219   -2.762819 (VIOLATED)
_22618_/S                               2.507400    5.270219   -2.762819 (VIOLATED)
_22619_/S                               2.507400    5.270219   -2.762819 (VIOLATED)
_22620_/S                               2.507400    5.270219   -2.762819 (VIOLATED)
_22621_/S                               2.507400    5.270219   -2.762819 (VIOLATED)
_22622_/S                               2.507400    5.270219   -2.762819 (VIOLATED)
_22623_/S                               2.507400    5.270219   -2.762819 (VIOLATED)
_22624_/S                               2.507400    5.270219   -2.762819 (VIOLATED)
_22625_/S                               2.507400    5.270219   -2.762819 (VIOLATED)
_22626_/S                               2.507400    5.270219   -2.762819 (VIOLATED)
_22627_/S                               2.507400    5.270219   -2.762819 (VIOLATED)
_22628_/S                               2.507400    5.270219   -2.762819 (VIOLATED)
_22629_/S                               2.507400    5.270219   -2.762819 (VIOLATED)
_22630_/S                               2.507400    5.270219   -2.762819 (VIOLATED)
_22631_/S                               2.507400    5.270219   -2.762819 (VIOLATED)
_22632_/S                               2.507400    5.270219   -2.762819 (VIOLATED)
_22633_/S                               2.507400    5.270219   -2.762819 (VIOLATED)
_22634_/S                               2.507400    5.270219   -2.762819 (VIOLATED)
_22635_/S                               2.507400    5.270219   -2.762819 (VIOLATED)
_22636_/S                               2.507400    5.270219   -2.762819 (VIOLATED)
_22637_/S                               2.507400    5.270219   -2.762819 (VIOLATED)
_22638_/S                               2.507400    5.270219   -2.762819 (VIOLATED)
_22639_/S                               2.507400    5.270219   -2.762819 (VIOLATED)
_22648_/S                               2.507400    5.270219   -2.762819 (VIOLATED)
_22649_/S                               2.507400    5.270219   -2.762819 (VIOLATED)
_22650_/S                               2.507400    5.270219   -2.762819 (VIOLATED)
_22651_/S                               2.507400    5.270219   -2.762819 (VIOLATED)
_22652_/S                               2.507400    5.270219   -2.762819 (VIOLATED)
_22653_/S                               2.507400    5.270219   -2.762819 (VIOLATED)
_22654_/S                               2.507400    5.270219   -2.762819 (VIOLATED)
_22655_/S                               2.507400    5.270219   -2.762819 (VIOLATED)
_39043_/Y                               2.507400    5.270219   -2.762819 (VIOLATED)
_39044_/S                               2.507400    5.270219   -2.762819 (VIOLATED)
_39045_/S                               2.507400    5.270219   -2.762819 (VIOLATED)
_39046_/S                               2.507400    5.270219   -2.762819 (VIOLATED)
_39047_/S                               2.507400    5.270219   -2.762819 (VIOLATED)
_39048_/S                               2.507400    5.270219   -2.762819 (VIOLATED)
_39049_/S                               2.507400    5.270219   -2.762819 (VIOLATED)
_39050_/S                               2.507400    5.270219   -2.762819 (VIOLATED)
_39051_/S                               2.507400    5.270219   -2.762819 (VIOLATED)
_22721_/A2                              2.507400    3.943011   -1.435611 (VIOLATED)
_23193_/Y                               2.507400    3.943011   -1.435611 (VIOLATED)
_23194_/B                               2.507400    3.943011   -1.435611 (VIOLATED)
_23211_/A1                              2.507400    3.943011   -1.435611 (VIOLATED)
_23215_/B1                              2.507400    3.943011   -1.435611 (VIOLATED)
_40576_/B                               2.507400    3.943011   -1.435611 (VIOLATED)
_40578_/A2                              2.507400    3.943011   -1.435611 (VIOLATED)
_40580_/B                               2.507400    3.943011   -1.435611 (VIOLATED)
_40582_/B                               2.507400    3.943011   -1.435611 (VIOLATED)
_40584_/B                               2.507400    3.943011   -1.435611 (VIOLATED)
_40586_/A2                              2.507400    3.943011   -1.435611 (VIOLATED)
_21884_/A                               2.507400    3.840008   -1.332607 (VIOLATED)
_21886_/A1                              2.507400    3.840008   -1.332607 (VIOLATED)
_21887_/A1                              2.507400    3.840008   -1.332607 (VIOLATED)
_21888_/A                               2.507400    3.840008   -1.332607 (VIOLATED)
_21890_/A1                              2.507400    3.840008   -1.332607 (VIOLATED)
_21891_/A1                              2.507400    3.840008   -1.332607 (VIOLATED)
_21892_/A                               2.507400    3.840008   -1.332607 (VIOLATED)
_21894_/A1                              2.507400    3.840008   -1.332607 (VIOLATED)
_21895_/A1                              2.507400    3.840008   -1.332607 (VIOLATED)
_21897_/A                               2.507400    3.840008   -1.332607 (VIOLATED)
_21899_/A1                              2.507400    3.840008   -1.332607 (VIOLATED)
_21900_/A1                              2.507400    3.840008   -1.332607 (VIOLATED)
_22770_/A                               2.507400    3.840008   -1.332607 (VIOLATED)
_23152_/B2                              2.507400    3.840008   -1.332607 (VIOLATED)
_23547_/A                               2.507400    3.840008   -1.332607 (VIOLATED)
_23568_/B1                              2.507400    3.840008   -1.332607 (VIOLATED)
_23582_/A                               2.507400    3.840008   -1.332607 (VIOLATED)
_23607_/B1                              2.507400    3.840008   -1.332607 (VIOLATED)
_23650_/A                               2.507400    3.840008   -1.332607 (VIOLATED)
_23655_/A                               2.507400    3.840008   -1.332607 (VIOLATED)
_23659_/B1                              2.507400    3.840008   -1.332607 (VIOLATED)
_23664_/B1                              2.507400    3.840008   -1.332607 (VIOLATED)
_23669_/A                               2.507400    3.840008   -1.332607 (VIOLATED)
_23674_/A                               2.507400    3.840008   -1.332607 (VIOLATED)
_23678_/B1                              2.507400    3.840008   -1.332607 (VIOLATED)
_23683_/A                               2.507400    3.840008   -1.332607 (VIOLATED)
_23688_/B1                              2.507400    3.840008   -1.332607 (VIOLATED)
_23692_/B1                              2.507400    3.840008   -1.332607 (VIOLATED)
_23725_/A1                              2.507400    3.840008   -1.332607 (VIOLATED)
_23733_/A                               2.507400    3.840008   -1.332607 (VIOLATED)
_23735_/A1                              2.507400    3.840008   -1.332607 (VIOLATED)
_23745_/A                               2.507400    3.840008   -1.332607 (VIOLATED)
_23746_/A1                              2.507400    3.840008   -1.332607 (VIOLATED)
_23754_/A                               2.507400    3.840008   -1.332607 (VIOLATED)
_23756_/A1                              2.507400    3.840008   -1.332607 (VIOLATED)
_23764_/A                               2.507400    3.840008   -1.332607 (VIOLATED)
_23766_/A1                              2.507400    3.840008   -1.332607 (VIOLATED)
_23773_/A                               2.507400    3.840008   -1.332607 (VIOLATED)
_23775_/A1                              2.507400    3.840008   -1.332607 (VIOLATED)
_23783_/A1                              2.507400    3.840008   -1.332607 (VIOLATED)
_23817_/A1                              2.507400    3.840008   -1.332607 (VIOLATED)
_23826_/A                               2.507400    3.840008   -1.332607 (VIOLATED)
_23828_/A1                              2.507400    3.840008   -1.332607 (VIOLATED)
_23857_/A                               2.507400    3.840008   -1.332607 (VIOLATED)
_23866_/A                               2.507400    3.840008   -1.332607 (VIOLATED)
_23875_/B                               2.507400    3.840008   -1.332607 (VIOLATED)
_23879_/A1                              2.507400    3.840008   -1.332607 (VIOLATED)
_23887_/A1                              2.507400    3.840008   -1.332607 (VIOLATED)
_23890_/A                               2.507400    3.840008   -1.332607 (VIOLATED)
_23892_/A1                              2.507400    3.840008   -1.332607 (VIOLATED)
_23901_/A                               2.507400    3.840008   -1.332607 (VIOLATED)
_23903_/A1                              2.507400    3.840008   -1.332607 (VIOLATED)
_23905_/A                               2.507400    3.840008   -1.332607 (VIOLATED)
_23907_/A1                              2.507400    3.840008   -1.332607 (VIOLATED)
_23917_/A                               2.507400    3.840008   -1.332607 (VIOLATED)
_23925_/A1                              2.507400    3.840008   -1.332607 (VIOLATED)
_23928_/A                               2.507400    3.840008   -1.332607 (VIOLATED)
_23930_/A1                              2.507400    3.840008   -1.332607 (VIOLATED)
_23950_/A                               2.507400    3.840008   -1.332607 (VIOLATED)
_23951_/A1                              2.507400    3.840008   -1.332607 (VIOLATED)
_23955_/A1                              2.507400    3.840008   -1.332607 (VIOLATED)
_23957_/A                               2.507400    3.840008   -1.332607 (VIOLATED)
_23958_/A1                              2.507400    3.840008   -1.332607 (VIOLATED)
_24311_/A                               2.507400    3.840008   -1.332607 (VIOLATED)
_24333_/B1                              2.507400    3.840008   -1.332607 (VIOLATED)
_24347_/A                               2.507400    3.840008   -1.332607 (VIOLATED)
_24355_/A                               2.507400    3.840008   -1.332607 (VIOLATED)
_24367_/B1                              2.507400    3.840008   -1.332607 (VIOLATED)
_24388_/A                               2.507400    3.840008   -1.332607 (VIOLATED)
_24409_/B1                              2.507400    3.840008   -1.332607 (VIOLATED)
_24417_/A                               2.507400    3.840008   -1.332607 (VIOLATED)
_24422_/A                               2.507400    3.840008   -1.332607 (VIOLATED)
_24426_/B1                              2.507400    3.840008   -1.332607 (VIOLATED)
_24438_/A                               2.507400    3.840008   -1.332607 (VIOLATED)
_24444_/A                               2.507400    3.840008   -1.332607 (VIOLATED)
_24449_/A                               2.507400    3.840008   -1.332607 (VIOLATED)
_24454_/B1                              2.507400    3.840008   -1.332607 (VIOLATED)
_24458_/B1                              2.507400    3.840008   -1.332607 (VIOLATED)
_24491_/A1                              2.507400    3.840008   -1.332607 (VIOLATED)
_24499_/A                               2.507400    3.840008   -1.332607 (VIOLATED)
_24501_/A1                              2.507400    3.840008   -1.332607 (VIOLATED)
_24512_/A                               2.507400    3.840008   -1.332607 (VIOLATED)
_24513_/A1                              2.507400    3.840008   -1.332607 (VIOLATED)
_24533_/A                               2.507400    3.840008   -1.332607 (VIOLATED)
_24534_/A1                              2.507400    3.840008   -1.332607 (VIOLATED)
_24541_/A                               2.507400    3.840008   -1.332607 (VIOLATED)
_24543_/A1                              2.507400    3.840008   -1.332607 (VIOLATED)
_24551_/A1                              2.507400    3.840008   -1.332607 (VIOLATED)
_24553_/A1                              2.507400    3.840008   -1.332607 (VIOLATED)
_24584_/A1                              2.507400    3.840008   -1.332607 (VIOLATED)
_24593_/A                               2.507400    3.840008   -1.332607 (VIOLATED)
_24595_/A1                              2.507400    3.840008   -1.332607 (VIOLATED)
_24603_/A                               2.507400    3.840008   -1.332607 (VIOLATED)
_24605_/A1                              2.507400    3.840008   -1.332607 (VIOLATED)
_24626_/A                               2.507400    3.840008   -1.332607 (VIOLATED)
_24635_/A                               2.507400    3.840008   -1.332607 (VIOLATED)
_24636_/A1                              2.507400    3.840008   -1.332607 (VIOLATED)
_24645_/A1                              2.507400    3.840008   -1.332607 (VIOLATED)
_24655_/A1                              2.507400    3.840008   -1.332607 (VIOLATED)
_24658_/A                               2.507400    3.840008   -1.332607 (VIOLATED)
_24660_/A1                              2.507400    3.840008   -1.332607 (VIOLATED)
_24669_/A                               2.507400    3.840008   -1.332607 (VIOLATED)
_24671_/A1                              2.507400    3.840008   -1.332607 (VIOLATED)
_24674_/A                               2.507400    3.840008   -1.332607 (VIOLATED)
_24675_/A1                              2.507400    3.840008   -1.332607 (VIOLATED)
_24685_/A                               2.507400    3.840008   -1.332607 (VIOLATED)
_24693_/A1                              2.507400    3.840008   -1.332607 (VIOLATED)
_24696_/A                               2.507400    3.840008   -1.332607 (VIOLATED)
_24698_/A1                              2.507400    3.840008   -1.332607 (VIOLATED)
_24712_/A                               2.507400    3.840008   -1.332607 (VIOLATED)
_24713_/A1                              2.507400    3.840008   -1.332607 (VIOLATED)
_25076_/A                               2.507400    3.840008   -1.332607 (VIOLATED)
_25097_/B1                              2.507400    3.840008   -1.332607 (VIOLATED)
_25110_/A                               2.507400    3.840008   -1.332607 (VIOLATED)
_25130_/A                               2.507400    3.840008   -1.332607 (VIOLATED)
_25136_/B1                              2.507400    3.840008   -1.332607 (VIOLATED)
_25175_/A                               2.507400    3.840008   -1.332607 (VIOLATED)
_25180_/A                               2.507400    3.840008   -1.332607 (VIOLATED)
_25184_/B1                              2.507400    3.840008   -1.332607 (VIOLATED)
_25190_/B1                              2.507400    3.840008   -1.332607 (VIOLATED)
_25194_/A1                              2.507400    3.840008   -1.332607 (VIOLATED)
_25195_/A                               2.507400    3.840008   -1.332607 (VIOLATED)
_25199_/A                               2.507400    3.840008   -1.332607 (VIOLATED)
_25203_/B1                              2.507400    3.840008   -1.332607 (VIOLATED)
_25210_/A                               2.507400    3.840008   -1.332607 (VIOLATED)
_25213_/B1                              2.507400    3.840008   -1.332607 (VIOLATED)
_25218_/B1                              2.507400    3.840008   -1.332607 (VIOLATED)
_25252_/A1                              2.507400    3.840008   -1.332607 (VIOLATED)
_25261_/A                               2.507400    3.840008   -1.332607 (VIOLATED)
_25263_/A1                              2.507400    3.840008   -1.332607 (VIOLATED)
_25291_/A                               2.507400    3.840008   -1.332607 (VIOLATED)
_25293_/A1                              2.507400    3.840008   -1.332607 (VIOLATED)
_25300_/A                               2.507400    3.840008   -1.332607 (VIOLATED)
_25302_/A1                              2.507400    3.840008   -1.332607 (VIOLATED)
_25309_/S                               2.507400    3.840008   -1.332607 (VIOLATED)
_25312_/A1                              2.507400    3.840008   -1.332607 (VIOLATED)
_25353_/A                               2.507400    3.840008   -1.332607 (VIOLATED)
_25355_/A1                              2.507400    3.840008   -1.332607 (VIOLATED)
_25366_/A                               2.507400    3.840008   -1.332607 (VIOLATED)
_25367_/A1                              2.507400    3.840008   -1.332607 (VIOLATED)
_25378_/B1                              2.507400    3.840008   -1.332607 (VIOLATED)
_25379_/A1                              2.507400    3.840008   -1.332607 (VIOLATED)
_25396_/A                               2.507400    3.840008   -1.332607 (VIOLATED)
_25398_/A1                              2.507400    3.840008   -1.332607 (VIOLATED)
_25406_/A1                              2.507400    3.840008   -1.332607 (VIOLATED)
_25408_/A1                              2.507400    3.840008   -1.332607 (VIOLATED)
_25415_/A1                              2.507400    3.840008   -1.332607 (VIOLATED)
_25418_/A                               2.507400    3.840008   -1.332607 (VIOLATED)
_25420_/A1                              2.507400    3.840008   -1.332607 (VIOLATED)
_25434_/A                               2.507400    3.840008   -1.332607 (VIOLATED)
_25436_/A1                              2.507400    3.840008   -1.332607 (VIOLATED)
_25439_/A                               2.507400    3.840008   -1.332607 (VIOLATED)
_25454_/A                               2.507400    3.840008   -1.332607 (VIOLATED)
_25458_/A                               2.507400    3.840008   -1.332607 (VIOLATED)
_25460_/A1                              2.507400    3.840008   -1.332607 (VIOLATED)
_25473_/A                               2.507400    3.840008   -1.332607 (VIOLATED)
_25475_/A1                              2.507400    3.840008   -1.332607 (VIOLATED)
_30800_/A                               2.507400    3.840008   -1.332607 (VIOLATED)
_30822_/B1                              2.507400    3.840008   -1.332607 (VIOLATED)
_30835_/A                               2.507400    3.840008   -1.332607 (VIOLATED)
_30854_/A                               2.507400    3.840008   -1.332607 (VIOLATED)
_30860_/B1                              2.507400    3.840008   -1.332607 (VIOLATED)
_30904_/A                               2.507400    3.840008   -1.332607 (VIOLATED)
_30909_/A                               2.507400    3.840008   -1.332607 (VIOLATED)
_30913_/B1                              2.507400    3.840008   -1.332607 (VIOLATED)
_30918_/B1                              2.507400    3.840008   -1.332607 (VIOLATED)
_30924_/A                               2.507400    3.840008   -1.332607 (VIOLATED)
_30927_/A                               2.507400    3.840008   -1.332607 (VIOLATED)
_30932_/A                               2.507400    3.840008   -1.332607 (VIOLATED)
_30936_/A                               2.507400    3.840008   -1.332607 (VIOLATED)
_30940_/B1                              2.507400    3.840008   -1.332607 (VIOLATED)
_30945_/B1                              2.507400    3.840008   -1.332607 (VIOLATED)
_30979_/A1                              2.507400    3.840008   -1.332607 (VIOLATED)
_30988_/A                               2.507400    3.840008   -1.332607 (VIOLATED)
_30990_/A1                              2.507400    3.840008   -1.332607 (VIOLATED)
_30999_/A                               2.507400    3.840008   -1.332607 (VIOLATED)
_31000_/A1                              2.507400    3.840008   -1.332607 (VIOLATED)
_31009_/B1                              2.507400    3.840008   -1.332607 (VIOLATED)
_31010_/A1                              2.507400    3.840008   -1.332607 (VIOLATED)
_31018_/A                               2.507400    3.840008   -1.332607 (VIOLATED)
_31020_/A1                              2.507400    3.840008   -1.332607 (VIOLATED)
_31027_/A                               2.507400    3.840008   -1.332607 (VIOLATED)
_31029_/A1                              2.507400    3.840008   -1.332607 (VIOLATED)
_31038_/A1                              2.507400    3.840008   -1.332607 (VIOLATED)
_31040_/A1                              2.507400    3.840008   -1.332607 (VIOLATED)
_31070_/A1                              2.507400    3.840008   -1.332607 (VIOLATED)
_31079_/A                               2.507400    3.840008   -1.332607 (VIOLATED)
_31081_/A1                              2.507400    3.840008   -1.332607 (VIOLATED)
_31089_/A                               2.507400    3.840008   -1.332607 (VIOLATED)
_31091_/A1                              2.507400    3.840008   -1.332607 (VIOLATED)
_31099_/A                               2.507400    3.840008   -1.332607 (VIOLATED)
_31110_/A                               2.507400    3.840008   -1.332607 (VIOLATED)
_31112_/A1                              2.507400    3.840008   -1.332607 (VIOLATED)
_31120_/A                               2.507400    3.840008   -1.332607 (VIOLATED)
_31130_/B                               2.507400    3.840008   -1.332607 (VIOLATED)
_31141_/A1                              2.507400    3.840008   -1.332607 (VIOLATED)
_31144_/A                               2.507400    3.840008   -1.332607 (VIOLATED)
_31146_/A1                              2.507400    3.840008   -1.332607 (VIOLATED)
_31160_/A                               2.507400    3.840008   -1.332607 (VIOLATED)
_31161_/A1                              2.507400    3.840008   -1.332607 (VIOLATED)
_31164_/B1                              2.507400    3.840008   -1.332607 (VIOLATED)
_31179_/A1                              2.507400    3.840008   -1.332607 (VIOLATED)
_31182_/A                               2.507400    3.840008   -1.332607 (VIOLATED)
_31184_/A1                              2.507400    3.840008   -1.332607 (VIOLATED)
_31193_/A                               2.507400    3.840008   -1.332607 (VIOLATED)
_31195_/A1                              2.507400    3.840008   -1.332607 (VIOLATED)
_31203_/A                               2.507400    3.840008   -1.332607 (VIOLATED)
_31205_/A1                              2.507400    3.840008   -1.332607 (VIOLATED)
_31207_/B1                              2.507400    3.840008   -1.332607 (VIOLATED)
_31209_/A1                              2.507400    3.840008   -1.332607 (VIOLATED)
_31211_/S                               2.507400    3.840008   -1.332607 (VIOLATED)
_40578_/B2                              2.507400    3.840008   -1.332607 (VIOLATED)
_43104_/Q                               2.507400    3.840008   -1.332607 (VIOLATED)
_22056_/X                               2.507400    3.755321   -1.247921 (VIOLATED)
_22057_/S                               2.507400    3.755321   -1.247921 (VIOLATED)
_22058_/S                               2.507400    3.755321   -1.247921 (VIOLATED)
_22059_/S                               2.507400    3.755321   -1.247921 (VIOLATED)
_22060_/S                               2.507400    3.755321   -1.247921 (VIOLATED)
_22061_/S                               2.507400    3.755321   -1.247921 (VIOLATED)
_22062_/S                               2.507400    3.755321   -1.247921 (VIOLATED)
_22063_/S                               2.507400    3.755321   -1.247921 (VIOLATED)
_22064_/S                               2.507400    3.755321   -1.247921 (VIOLATED)
_22065_/S                               2.507400    3.755321   -1.247921 (VIOLATED)
_22066_/S                               2.507400    3.755321   -1.247921 (VIOLATED)
_22067_/S                               2.507400    3.755321   -1.247921 (VIOLATED)
_22068_/S                               2.507400    3.755321   -1.247921 (VIOLATED)
_22069_/S                               2.507400    3.755321   -1.247921 (VIOLATED)
_22070_/S                               2.507400    3.755321   -1.247921 (VIOLATED)
_22071_/S                               2.507400    3.755321   -1.247921 (VIOLATED)
_22072_/S                               2.507400    3.755321   -1.247921 (VIOLATED)
_22073_/S                               2.507400    3.755321   -1.247921 (VIOLATED)
_22074_/S                               2.507400    3.755321   -1.247921 (VIOLATED)
_22075_/S                               2.507400    3.755321   -1.247921 (VIOLATED)
_22076_/S                               2.507400    3.755321   -1.247921 (VIOLATED)
_22077_/S                               2.507400    3.755321   -1.247921 (VIOLATED)
_22078_/S                               2.507400    3.755321   -1.247921 (VIOLATED)
_22079_/S                               2.507400    3.755321   -1.247921 (VIOLATED)
_22080_/S                               2.507400    3.755321   -1.247921 (VIOLATED)
_22081_/S                               2.507400    3.755321   -1.247921 (VIOLATED)
_22082_/S                               2.507400    3.755321   -1.247921 (VIOLATED)
_22083_/S                               2.507400    3.755321   -1.247921 (VIOLATED)
_22084_/S                               2.507400    3.755321   -1.247921 (VIOLATED)
_22085_/S                               2.507400    3.755321   -1.247921 (VIOLATED)
_22086_/S                               2.507400    3.755321   -1.247921 (VIOLATED)
_22087_/S                               2.507400    3.755321   -1.247921 (VIOLATED)
_22088_/S                               2.507400    3.755321   -1.247921 (VIOLATED)
_22089_/S                               2.507400    3.755321   -1.247921 (VIOLATED)
_22090_/S                               2.507400    3.755321   -1.247921 (VIOLATED)
_22091_/S                               2.507400    3.755321   -1.247921 (VIOLATED)
_22092_/S                               2.507400    3.755321   -1.247921 (VIOLATED)
_22093_/S                               2.507400    3.755321   -1.247921 (VIOLATED)
_22094_/S                               2.507400    3.755321   -1.247921 (VIOLATED)
_22095_/S                               2.507400    3.755321   -1.247921 (VIOLATED)
_22096_/S                               2.507400    3.755321   -1.247921 (VIOLATED)
_22121_/S                               2.507400    3.755321   -1.247921 (VIOLATED)
_22122_/S                               2.507400    3.755321   -1.247921 (VIOLATED)
_22123_/S                               2.507400    3.755321   -1.247921 (VIOLATED)
_22124_/S                               2.507400    3.755321   -1.247921 (VIOLATED)
_22125_/S                               2.507400    3.755321   -1.247921 (VIOLATED)
_22126_/S                               2.507400    3.755321   -1.247921 (VIOLATED)
_22127_/S                               2.507400    3.755321   -1.247921 (VIOLATED)
_22128_/S                               2.507400    3.755321   -1.247921 (VIOLATED)
_22193_/S                               2.507400    3.755321   -1.247921 (VIOLATED)
_22194_/S                               2.507400    3.755321   -1.247921 (VIOLATED)
_22195_/S                               2.507400    3.755321   -1.247921 (VIOLATED)
_22196_/S                               2.507400    3.755321   -1.247921 (VIOLATED)
_22197_/S                               2.507400    3.755321   -1.247921 (VIOLATED)
_22198_/S                               2.507400    3.755321   -1.247921 (VIOLATED)
_22199_/S                               2.507400    3.755321   -1.247921 (VIOLATED)
_22200_/S                               2.507400    3.755321   -1.247921 (VIOLATED)
_22226_/S                               2.507400    3.755321   -1.247921 (VIOLATED)
_22227_/S                               2.507400    3.755321   -1.247921 (VIOLATED)
_22228_/S                               2.507400    3.755321   -1.247921 (VIOLATED)
_22229_/S                               2.507400    3.755321   -1.247921 (VIOLATED)
_22230_/S                               2.507400    3.755321   -1.247921 (VIOLATED)
_22231_/S                               2.507400    3.755321   -1.247921 (VIOLATED)
_22232_/S                               2.507400    3.755321   -1.247921 (VIOLATED)
_22233_/S                               2.507400    3.755321   -1.247921 (VIOLATED)
_22288_/S                               2.507400    3.755321   -1.247921 (VIOLATED)
_22289_/S                               2.507400    3.755321   -1.247921 (VIOLATED)
_22290_/S                               2.507400    3.755321   -1.247921 (VIOLATED)
_22291_/S                               2.507400    3.755321   -1.247921 (VIOLATED)
_22292_/S                               2.507400    3.755321   -1.247921 (VIOLATED)
_22293_/S                               2.507400    3.755321   -1.247921 (VIOLATED)
_22294_/S                               2.507400    3.755321   -1.247921 (VIOLATED)
_22295_/S                               2.507400    3.755321   -1.247921 (VIOLATED)
_22336_/S                               2.507400    3.755321   -1.247921 (VIOLATED)
_22337_/S                               2.507400    3.755321   -1.247921 (VIOLATED)
_22338_/S                               2.507400    3.755321   -1.247921 (VIOLATED)
_22339_/S                               2.507400    3.755321   -1.247921 (VIOLATED)
_22340_/S                               2.507400    3.755321   -1.247921 (VIOLATED)
_22341_/S                               2.507400    3.755321   -1.247921 (VIOLATED)
_22342_/S                               2.507400    3.755321   -1.247921 (VIOLATED)
_22343_/S                               2.507400    3.755321   -1.247921 (VIOLATED)
_22560_/S                               2.507400    3.755321   -1.247921 (VIOLATED)
_22561_/S                               2.507400    3.755321   -1.247921 (VIOLATED)
_22562_/S                               2.507400    3.755321   -1.247921 (VIOLATED)
_22563_/S                               2.507400    3.755321   -1.247921 (VIOLATED)
_22564_/S                               2.507400    3.755321   -1.247921 (VIOLATED)
_22565_/S                               2.507400    3.755321   -1.247921 (VIOLATED)
_22566_/S                               2.507400    3.755321   -1.247921 (VIOLATED)
_22567_/S                               2.507400    3.755321   -1.247921 (VIOLATED)
_22640_/S                               2.507400    3.755321   -1.247921 (VIOLATED)
_22641_/S                               2.507400    3.755321   -1.247921 (VIOLATED)
_22642_/S                               2.507400    3.755321   -1.247921 (VIOLATED)
_22643_/S                               2.507400    3.755321   -1.247921 (VIOLATED)
_22644_/S                               2.507400    3.755321   -1.247921 (VIOLATED)
_22645_/S                               2.507400    3.755321   -1.247921 (VIOLATED)
_22646_/S                               2.507400    3.755321   -1.247921 (VIOLATED)
_22647_/S                               2.507400    3.755321   -1.247921 (VIOLATED)
_22656_/S                               2.507400    3.755321   -1.247921 (VIOLATED)
_22657_/S                               2.507400    3.755321   -1.247921 (VIOLATED)
_22658_/S                               2.507400    3.755321   -1.247921 (VIOLATED)
_22659_/S                               2.507400    3.755321   -1.247921 (VIOLATED)
_22660_/S                               2.507400    3.755321   -1.247921 (VIOLATED)
_22661_/S                               2.507400    3.755321   -1.247921 (VIOLATED)
_22662_/S                               2.507400    3.755321   -1.247921 (VIOLATED)
_22663_/S                               2.507400    3.755321   -1.247921 (VIOLATED)
_22664_/S                               2.507400    3.755321   -1.247921 (VIOLATED)
_22665_/S                               2.507400    3.755321   -1.247921 (VIOLATED)
_22666_/S                               2.507400    3.755321   -1.247921 (VIOLATED)
_22667_/S                               2.507400    3.755321   -1.247921 (VIOLATED)
_22668_/S                               2.507400    3.755321   -1.247921 (VIOLATED)
_22669_/S                               2.507400    3.755321   -1.247921 (VIOLATED)
_22670_/S                               2.507400    3.755321   -1.247921 (VIOLATED)
_22671_/S                               2.507400    3.755321   -1.247921 (VIOLATED)
_22672_/S                               2.507400    3.755321   -1.247921 (VIOLATED)
_22673_/S                               2.507400    3.755321   -1.247921 (VIOLATED)
_22674_/S                               2.507400    3.755321   -1.247921 (VIOLATED)
_22675_/S                               2.507400    3.755321   -1.247921 (VIOLATED)
_22676_/S                               2.507400    3.755321   -1.247921 (VIOLATED)
_22677_/S                               2.507400    3.755321   -1.247921 (VIOLATED)
_22678_/S                               2.507400    3.755321   -1.247921 (VIOLATED)
_22679_/S                               2.507400    3.755321   -1.247921 (VIOLATED)
_22680_/S                               2.507400    3.755321   -1.247921 (VIOLATED)
_22681_/S                               2.507400    3.755321   -1.247921 (VIOLATED)
_22682_/S                               2.507400    3.755321   -1.247921 (VIOLATED)
_22683_/S                               2.507400    3.755321   -1.247921 (VIOLATED)
_22684_/S                               2.507400    3.755321   -1.247921 (VIOLATED)
_22685_/S                               2.507400    3.755321   -1.247921 (VIOLATED)
_22686_/S                               2.507400    3.755321   -1.247921 (VIOLATED)
_22687_/S                               2.507400    3.755321   -1.247921 (VIOLATED)
_22730_/Y                               2.507400    3.613556   -1.106156 (VIOLATED)
_22731_/B                               2.507400    3.613556   -1.106156 (VIOLATED)
_22734_/A2                              2.507400    3.613556   -1.106156 (VIOLATED)
_22737_/A2                              2.507400    3.613556   -1.106156 (VIOLATED)
_22740_/C                               2.507400    3.613556   -1.106156 (VIOLATED)
_22741_/A2                              2.507400    3.613556   -1.106156 (VIOLATED)
_22745_/B1                              2.507400    3.613556   -1.106156 (VIOLATED)
_22408_/S1                              2.507400    3.464384   -0.956984 (VIOLATED)
_22409_/S1                              2.507400    3.464384   -0.956984 (VIOLATED)
_22410_/S1                              2.507400    3.464384   -0.956984 (VIOLATED)
_22411_/S1                              2.507400    3.464384   -0.956984 (VIOLATED)
_22413_/S1                              2.507400    3.464384   -0.956984 (VIOLATED)
_22414_/S1                              2.507400    3.464384   -0.956984 (VIOLATED)
_22415_/S1                              2.507400    3.464384   -0.956984 (VIOLATED)
_22416_/S1                              2.507400    3.464384   -0.956984 (VIOLATED)
_22421_/S1                              2.507400    3.464384   -0.956984 (VIOLATED)
_22422_/S1                              2.507400    3.464384   -0.956984 (VIOLATED)
_22423_/S1                              2.507400    3.464384   -0.956984 (VIOLATED)
_22424_/S1                              2.507400    3.464384   -0.956984 (VIOLATED)
_22426_/S1                              2.507400    3.464384   -0.956984 (VIOLATED)
_22427_/S1                              2.507400    3.464384   -0.956984 (VIOLATED)
_22428_/S1                              2.507400    3.464384   -0.956984 (VIOLATED)
_22429_/S1                              2.507400    3.464384   -0.956984 (VIOLATED)
_22434_/S1                              2.507400    3.464384   -0.956984 (VIOLATED)
_22435_/S1                              2.507400    3.464384   -0.956984 (VIOLATED)
_22436_/S1                              2.507400    3.464384   -0.956984 (VIOLATED)
_22437_/S1                              2.507400    3.464384   -0.956984 (VIOLATED)
_22445_/S1                              2.507400    3.464384   -0.956984 (VIOLATED)
_22452_/S1                              2.507400    3.464384   -0.956984 (VIOLATED)
_22458_/S1                              2.507400    3.464384   -0.956984 (VIOLATED)
_22459_/S1                              2.507400    3.464384   -0.956984 (VIOLATED)
_22460_/S1                              2.507400    3.464384   -0.956984 (VIOLATED)
_22461_/S1                              2.507400    3.464384   -0.956984 (VIOLATED)
_22464_/S1                              2.507400    3.464384   -0.956984 (VIOLATED)
_22477_/S1                              2.507400    3.464384   -0.956984 (VIOLATED)
_22482_/S1                              2.507400    3.464384   -0.956984 (VIOLATED)
_22483_/S1                              2.507400    3.464384   -0.956984 (VIOLATED)
_22484_/S1                              2.507400    3.464384   -0.956984 (VIOLATED)
_22485_/S1                              2.507400    3.464384   -0.956984 (VIOLATED)
_22487_/S1                              2.507400    3.464384   -0.956984 (VIOLATED)
_22488_/S1                              2.507400    3.464384   -0.956984 (VIOLATED)
_22489_/S1                              2.507400    3.464384   -0.956984 (VIOLATED)
_22490_/S1                              2.507400    3.464384   -0.956984 (VIOLATED)
_22495_/S1                              2.507400    3.464384   -0.956984 (VIOLATED)
_22496_/S1                              2.507400    3.464384   -0.956984 (VIOLATED)
_22497_/S1                              2.507400    3.464384   -0.956984 (VIOLATED)
_22498_/S1                              2.507400    3.464384   -0.956984 (VIOLATED)
_22506_/S1                              2.507400    3.464384   -0.956984 (VIOLATED)
_22513_/S1                              2.507400    3.464384   -0.956984 (VIOLATED)
_22519_/S1                              2.507400    3.464384   -0.956984 (VIOLATED)
_22520_/S1                              2.507400    3.464384   -0.956984 (VIOLATED)
_22521_/S1                              2.507400    3.464384   -0.956984 (VIOLATED)
_22522_/S1                              2.507400    3.464384   -0.956984 (VIOLATED)
_22525_/S1                              2.507400    3.464384   -0.956984 (VIOLATED)
_22526_/S1                              2.507400    3.464384   -0.956984 (VIOLATED)
_22534_/S1                              2.507400    3.464384   -0.956984 (VIOLATED)
_22539_/S1                              2.507400    3.464384   -0.956984 (VIOLATED)
_22540_/S1                              2.507400    3.464384   -0.956984 (VIOLATED)
_22541_/S1                              2.507400    3.464384   -0.956984 (VIOLATED)
_22542_/S1                              2.507400    3.464384   -0.956984 (VIOLATED)
_22544_/S1                              2.507400    3.464384   -0.956984 (VIOLATED)
_22545_/S1                              2.507400    3.464384   -0.956984 (VIOLATED)
_22546_/S1                              2.507400    3.464384   -0.956984 (VIOLATED)
_22547_/S1                              2.507400    3.464384   -0.956984 (VIOLATED)
_22734_/A1                              2.507400    3.464384   -0.956984 (VIOLATED)
_23205_/A                               2.507400    3.464384   -0.956984 (VIOLATED)
_23206_/A                               2.507400    3.464384   -0.956984 (VIOLATED)
_39316_/B                               2.507400    3.464384   -0.956984 (VIOLATED)
_39317_/A                               2.507400    3.464384   -0.956984 (VIOLATED)
_39318_/A_N                             2.507400    3.464384   -0.956984 (VIOLATED)
_39319_/S1                              2.507400    3.464384   -0.956984 (VIOLATED)
_39320_/S1                              2.507400    3.464384   -0.956984 (VIOLATED)
_39321_/S1                              2.507400    3.464384   -0.956984 (VIOLATED)
_39322_/S1                              2.507400    3.464384   -0.956984 (VIOLATED)
_39330_/S1                              2.507400    3.464384   -0.956984 (VIOLATED)
_39332_/S1                              2.507400    3.464384   -0.956984 (VIOLATED)
_39333_/S1                              2.507400    3.464384   -0.956984 (VIOLATED)
_39339_/S1                              2.507400    3.464384   -0.956984 (VIOLATED)
_39340_/S1                              2.507400    3.464384   -0.956984 (VIOLATED)
_39341_/S1                              2.507400    3.464384   -0.956984 (VIOLATED)
_39342_/S1                              2.507400    3.464384   -0.956984 (VIOLATED)
_39350_/S1                              2.507400    3.464384   -0.956984 (VIOLATED)
_39357_/S1                              2.507400    3.464384   -0.956984 (VIOLATED)
_39363_/S1                              2.507400    3.464384   -0.956984 (VIOLATED)
_39364_/S1                              2.507400    3.464384   -0.956984 (VIOLATED)
_39365_/S1                              2.507400    3.464384   -0.956984 (VIOLATED)
_39366_/S1                              2.507400    3.464384   -0.956984 (VIOLATED)
_39374_/S1                              2.507400    3.464384   -0.956984 (VIOLATED)
_39376_/S1                              2.507400    3.464384   -0.956984 (VIOLATED)
_39377_/S1                              2.507400    3.464384   -0.956984 (VIOLATED)
_39383_/S1                              2.507400    3.464384   -0.956984 (VIOLATED)
_39384_/S1                              2.507400    3.464384   -0.956984 (VIOLATED)
_39385_/S1                              2.507400    3.464384   -0.956984 (VIOLATED)
_39386_/S1                              2.507400    3.464384   -0.956984 (VIOLATED)
_39388_/S1                              2.507400    3.464384   -0.956984 (VIOLATED)
_39389_/S1                              2.507400    3.464384   -0.956984 (VIOLATED)
_39390_/S1                              2.507400    3.464384   -0.956984 (VIOLATED)
_39391_/S1                              2.507400    3.464384   -0.956984 (VIOLATED)
_39396_/S1                              2.507400    3.464384   -0.956984 (VIOLATED)
_39397_/S1                              2.507400    3.464384   -0.956984 (VIOLATED)
_39398_/S1                              2.507400    3.464384   -0.956984 (VIOLATED)
_39399_/S1                              2.507400    3.464384   -0.956984 (VIOLATED)
_39407_/S1                              2.507400    3.464384   -0.956984 (VIOLATED)
_39409_/S1                              2.507400    3.464384   -0.956984 (VIOLATED)
_39420_/S1                              2.507400    3.464384   -0.956984 (VIOLATED)
_39421_/S1                              2.507400    3.464384   -0.956984 (VIOLATED)
_39422_/S1                              2.507400    3.464384   -0.956984 (VIOLATED)
_39423_/S1                              2.507400    3.464384   -0.956984 (VIOLATED)
_39425_/S1                              2.507400    3.464384   -0.956984 (VIOLATED)
_39426_/S1                              2.507400    3.464384   -0.956984 (VIOLATED)
_39427_/S1                              2.507400    3.464384   -0.956984 (VIOLATED)
_39428_/S1                              2.507400    3.464384   -0.956984 (VIOLATED)
_39433_/S1                              2.507400    3.464384   -0.956984 (VIOLATED)
_39434_/S1                              2.507400    3.464384   -0.956984 (VIOLATED)
_39435_/S1                              2.507400    3.464384   -0.956984 (VIOLATED)
_39436_/S1                              2.507400    3.464384   -0.956984 (VIOLATED)
_39438_/S1                              2.507400    3.464384   -0.956984 (VIOLATED)
_39439_/S1                              2.507400    3.464384   -0.956984 (VIOLATED)
_39440_/S1                              2.507400    3.464384   -0.956984 (VIOLATED)
_39441_/S1                              2.507400    3.464384   -0.956984 (VIOLATED)
_39446_/S1                              2.507400    3.464384   -0.956984 (VIOLATED)
_39447_/S1                              2.507400    3.464384   -0.956984 (VIOLATED)
_39448_/S1                              2.507400    3.464384   -0.956984 (VIOLATED)
_39449_/S1                              2.507400    3.464384   -0.956984 (VIOLATED)
_39457_/S1                              2.507400    3.464384   -0.956984 (VIOLATED)
_39464_/S1                              2.507400    3.464384   -0.956984 (VIOLATED)
_43801_/Q                               2.507400    3.464384   -0.956984 (VIOLATED)
_22724_/A2                              2.507400    2.728199   -0.220799 (VIOLATED)
_23201_/Y                               2.507400    2.728199   -0.220799 (VIOLATED)
_23203_/B                               2.507400    2.728199   -0.220799 (VIOLATED)
_23212_/B                               2.507400    2.728199   -0.220799 (VIOLATED)
_21817_/Y                               2.507400    2.717862   -0.210462 (VIOLATED)
_21818_/S                               2.507400    2.717862   -0.210462 (VIOLATED)
_21819_/S                               2.507400    2.717862   -0.210462 (VIOLATED)
_21820_/S                               2.507400    2.717862   -0.210462 (VIOLATED)
_21821_/S                               2.507400    2.717862   -0.210462 (VIOLATED)
_21822_/S                               2.507400    2.717862   -0.210462 (VIOLATED)
_21823_/S                               2.507400    2.717862   -0.210462 (VIOLATED)
_21824_/S                               2.507400    2.717862   -0.210462 (VIOLATED)
_21825_/S                               2.507400    2.717862   -0.210462 (VIOLATED)
_21826_/S                               2.507400    2.717862   -0.210462 (VIOLATED)
_21827_/S                               2.507400    2.717862   -0.210462 (VIOLATED)
_21828_/B                               2.507400    2.717862   -0.210462 (VIOLATED)
_21829_/A2                              2.507400    2.717862   -0.210462 (VIOLATED)
_21830_/S                               2.507400    2.717862   -0.210462 (VIOLATED)
_21831_/S                               2.507400    2.717862   -0.210462 (VIOLATED)
_21832_/S                               2.507400    2.717862   -0.210462 (VIOLATED)
_21833_/S                               2.507400    2.717862   -0.210462 (VIOLATED)
_21834_/S                               2.507400    2.717862   -0.210462 (VIOLATED)
_21840_/S                               2.507400    2.717862   -0.210462 (VIOLATED)
_21841_/S                               2.507400    2.717862   -0.210462 (VIOLATED)
_21842_/B                               2.507400    2.717862   -0.210462 (VIOLATED)
_21843_/A2                              2.507400    2.717862   -0.210462 (VIOLATED)
_21844_/S                               2.507400    2.717862   -0.210462 (VIOLATED)
_21845_/S                               2.507400    2.717862   -0.210462 (VIOLATED)
_21846_/S                               2.507400    2.717862   -0.210462 (VIOLATED)
_21847_/S                               2.507400    2.717862   -0.210462 (VIOLATED)
_21848_/S                               2.507400    2.717862   -0.210462 (VIOLATED)
_21849_/S                               2.507400    2.717862   -0.210462 (VIOLATED)
_21850_/S                               2.507400    2.717862   -0.210462 (VIOLATED)
_21851_/S                               2.507400    2.717862   -0.210462 (VIOLATED)
_21852_/S                               2.507400    2.717862   -0.210462 (VIOLATED)
_21853_/S                               2.507400    2.717862   -0.210462 (VIOLATED)
_21854_/S                               2.507400    2.717862   -0.210462 (VIOLATED)
_21855_/S                               2.507400    2.717862   -0.210462 (VIOLATED)
_21856_/S                               2.507400    2.717862   -0.210462 (VIOLATED)
_21857_/S                               2.507400    2.717862   -0.210462 (VIOLATED)
_21858_/S                               2.507400    2.717862   -0.210462 (VIOLATED)
_21859_/S                               2.507400    2.717862   -0.210462 (VIOLATED)
_21860_/S                               2.507400    2.717862   -0.210462 (VIOLATED)
_21861_/S                               2.507400    2.717862   -0.210462 (VIOLATED)
_21862_/S                               2.507400    2.717862   -0.210462 (VIOLATED)
_21863_/S                               2.507400    2.717862   -0.210462 (VIOLATED)
_21864_/S                               2.507400    2.717862   -0.210462 (VIOLATED)
_22217_/S                               2.507400    2.717862   -0.210462 (VIOLATED)
_22282_/S                               2.507400    2.717862   -0.210462 (VIOLATED)
_22283_/B                               2.507400    2.717862   -0.210462 (VIOLATED)
_22284_/A2                              2.507400    2.717862   -0.210462 (VIOLATED)
_22285_/S                               2.507400    2.717862   -0.210462 (VIOLATED)
_22286_/B                               2.507400    2.717862   -0.210462 (VIOLATED)
_22287_/A2                              2.507400    2.717862   -0.210462 (VIOLATED)
_23162_/Y                               2.507400    2.692806   -0.185406 (VIOLATED)
_23163_/D                               2.507400    2.692806   -0.185406 (VIOLATED)
_21838_/A1                              2.507400    2.595337   -0.087937 (VIOLATED)
_21885_/A                               2.507400    2.595337   -0.087937 (VIOLATED)
_21889_/A                               2.507400    2.595337   -0.087937 (VIOLATED)
_21893_/A                               2.507400    2.595337   -0.087937 (VIOLATED)
_21898_/A                               2.507400    2.595337   -0.087937 (VIOLATED)
_22287_/A1                              2.507400    2.595337   -0.087937 (VIOLATED)
_22770_/Y                               2.507400    2.595337   -0.087937 (VIOLATED)
_23561_/A                               2.507400    2.595337   -0.087937 (VIOLATED)
_23589_/A1                              2.507400    2.595337   -0.087937 (VIOLATED)
_23601_/A1                              2.507400    2.595337   -0.087937 (VIOLATED)
_23622_/A                               2.507400    2.595337   -0.087937 (VIOLATED)
_23633_/B1                              2.507400    2.595337   -0.087937 (VIOLATED)
_23642_/B1                              2.507400    2.595337   -0.087937 (VIOLATED)
_23699_/B1                              2.507400    2.595337   -0.087937 (VIOLATED)
_23781_/B1                              2.507400    2.595337   -0.087937 (VIOLATED)
_23785_/A                               2.507400    2.595337   -0.087937 (VIOLATED)
_23790_/B1                              2.507400    2.595337   -0.087937 (VIOLATED)
_23837_/S                               2.507400    2.595337   -0.087937 (VIOLATED)
_23847_/A                               2.507400    2.595337   -0.087937 (VIOLATED)
_23848_/A1                              2.507400    2.595337   -0.087937 (VIOLATED)
_23849_/A                               2.507400    2.595337   -0.087937 (VIOLATED)
_23859_/A                               2.507400    2.595337   -0.087937 (VIOLATED)
_23868_/A                               2.507400    2.595337   -0.087937 (VIOLATED)
_23897_/A                               2.507400    2.595337   -0.087937 (VIOLATED)
_23898_/A1                              2.507400    2.595337   -0.087937 (VIOLATED)
_23911_/A                               2.507400    2.595337   -0.087937 (VIOLATED)
_23912_/A1                              2.507400    2.595337   -0.087937 (VIOLATED)
_23915_/A                               2.507400    2.595337   -0.087937 (VIOLATED)
_23916_/A1                              2.507400    2.595337   -0.087937 (VIOLATED)
_23934_/A                               2.507400    2.595337   -0.087937 (VIOLATED)
_23935_/A1                              2.507400    2.595337   -0.087937 (VIOLATED)
_23940_/A                               2.507400    2.595337   -0.087937 (VIOLATED)
_23941_/A1                              2.507400    2.595337   -0.087937 (VIOLATED)
_23942_/A                               2.507400    2.595337   -0.087937 (VIOLATED)
_23945_/B1                              2.507400    2.595337   -0.087937 (VIOLATED)
_23953_/B1                              2.507400    2.595337   -0.087937 (VIOLATED)
_24326_/A                               2.507400    2.595337   -0.087937 (VIOLATED)
_24373_/B1                              2.507400    2.595337   -0.087937 (VIOLATED)
_24402_/B1                              2.507400    2.595337   -0.087937 (VIOLATED)
_24431_/A                               2.507400    2.595337   -0.087937 (VIOLATED)
_24434_/B1                              2.507400    2.595337   -0.087937 (VIOLATED)
_24465_/B1                              2.507400    2.595337   -0.087937 (VIOLATED)
_24523_/A                               2.507400    2.595337   -0.087937 (VIOLATED)
_24524_/A1                              2.507400    2.595337   -0.087937 (VIOLATED)
_24549_/B1                              2.507400    2.595337   -0.087937 (VIOLATED)
_24557_/B1                              2.507400    2.595337   -0.087937 (VIOLATED)
_24616_/A                               2.507400    2.595337   -0.087937 (VIOLATED)
_24617_/A1                              2.507400    2.595337   -0.087937 (VIOLATED)
_24618_/A                               2.507400    2.595337   -0.087937 (VIOLATED)
_24643_/B1                              2.507400    2.595337   -0.087937 (VIOLATED)
_24647_/A1                              2.507400    2.595337   -0.087937 (VIOLATED)
_24665_/A                               2.507400    2.595337   -0.087937 (VIOLATED)
_24666_/A1                              2.507400    2.595337   -0.087937 (VIOLATED)
_24679_/A                               2.507400    2.595337   -0.087937 (VIOLATED)
_24680_/A1                              2.507400    2.595337   -0.087937 (VIOLATED)
_24683_/A                               2.507400    2.595337   -0.087937 (VIOLATED)
_24684_/A1                              2.507400    2.595337   -0.087937 (VIOLATED)
_24702_/A                               2.507400    2.595337   -0.087937 (VIOLATED)
_24703_/A1                              2.507400    2.595337   -0.087937 (VIOLATED)
_24708_/A                               2.507400    2.595337   -0.087937 (VIOLATED)
_24709_/A1                              2.507400    2.595337   -0.087937 (VIOLATED)
_24717_/A                               2.507400    2.595337   -0.087937 (VIOLATED)
_24718_/A1                              2.507400    2.595337   -0.087937 (VIOLATED)
_24721_/A                               2.507400    2.595337   -0.087937 (VIOLATED)
_24722_/A1                              2.507400    2.595337   -0.087937 (VIOLATED)
_24723_/A1                              2.507400    2.595337   -0.087937 (VIOLATED)
_25091_/A                               2.507400    2.595337   -0.087937 (VIOLATED)
_25117_/A1                              2.507400    2.595337   -0.087937 (VIOLATED)
_25147_/A                               2.507400    2.595337   -0.087937 (VIOLATED)
_25158_/B1                              2.507400    2.595337   -0.087937 (VIOLATED)
_25167_/B1                              2.507400    2.595337   -0.087937 (VIOLATED)
_25225_/B1                              2.507400    2.595337   -0.087937 (VIOLATED)
_25272_/S                               2.507400    2.595337   -0.087937 (VIOLATED)
_25282_/A                               2.507400    2.595337   -0.087937 (VIOLATED)
_25283_/A1                              2.507400    2.595337   -0.087937 (VIOLATED)
_25311_/B1                              2.507400    2.595337   -0.087937 (VIOLATED)
_25316_/B1                              2.507400    2.595337   -0.087937 (VIOLATED)
_25344_/A1                              2.507400    2.595337   -0.087937 (VIOLATED)
_25388_/A                               2.507400    2.595337   -0.087937 (VIOLATED)
_25389_/A1                              2.507400    2.595337   -0.087937 (VIOLATED)
_25404_/B1                              2.507400    2.595337   -0.087937 (VIOLATED)
_25424_/A                               2.507400    2.595337   -0.087937 (VIOLATED)
_25425_/A1                              2.507400    2.595337   -0.087937 (VIOLATED)
_25430_/A                               2.507400    2.595337   -0.087937 (VIOLATED)
_25431_/A1                              2.507400    2.595337   -0.087937 (VIOLATED)
_25440_/A                               2.507400    2.595337   -0.087937 (VIOLATED)
_25444_/B1                              2.507400    2.595337   -0.087937 (VIOLATED)
_25445_/A1                              2.507400    2.595337   -0.087937 (VIOLATED)
_25447_/A1                              2.507400    2.595337   -0.087937 (VIOLATED)
_25464_/A                               2.507400    2.595337   -0.087937 (VIOLATED)
_25465_/A1                              2.507400    2.595337   -0.087937 (VIOLATED)
_25470_/A                               2.507400    2.595337   -0.087937 (VIOLATED)
_25471_/A1                              2.507400    2.595337   -0.087937 (VIOLATED)
_25479_/A                               2.507400    2.595337   -0.087937 (VIOLATED)
_25480_/A1                              2.507400    2.595337   -0.087937 (VIOLATED)
_25483_/A                               2.507400    2.595337   -0.087937 (VIOLATED)
_25484_/A1                              2.507400    2.595337   -0.087937 (VIOLATED)
_25485_/A1                              2.507400    2.595337   -0.087937 (VIOLATED)
_30816_/A                               2.507400    2.595337   -0.087937 (VIOLATED)
_30845_/A1                              2.507400    2.595337   -0.087937 (VIOLATED)
_30876_/A                               2.507400    2.595337   -0.087937 (VIOLATED)
_30885_/B1                              2.507400    2.595337   -0.087937 (VIOLATED)
_30896_/B1                              2.507400    2.595337   -0.087937 (VIOLATED)
_30952_/B1                              2.507400    2.595337   -0.087937 (VIOLATED)
_31036_/B1                              2.507400    2.595337   -0.087937 (VIOLATED)
_31044_/B1                              2.507400    2.595337   -0.087937 (VIOLATED)
_31101_/A                               2.507400    2.595337   -0.087937 (VIOLATED)
_31113_/A                               2.507400    2.595337   -0.087937 (VIOLATED)
_31122_/A                               2.507400    2.595337   -0.087937 (VIOLATED)
_31132_/A                               2.507400    2.595337   -0.087937 (VIOLATED)
_31150_/A                               2.507400    2.595337   -0.087937 (VIOLATED)
_31151_/A1                              2.507400    2.595337   -0.087937 (VIOLATED)
_31156_/A                               2.507400    2.595337   -0.087937 (VIOLATED)
_31157_/A1                              2.507400    2.595337   -0.087937 (VIOLATED)
_31165_/A                               2.507400    2.595337   -0.087937 (VIOLATED)
_31169_/A                               2.507400    2.595337   -0.087937 (VIOLATED)
_31170_/A1                              2.507400    2.595337   -0.087937 (VIOLATED)
_31171_/A1                              2.507400    2.595337   -0.087937 (VIOLATED)
_31189_/A                               2.507400    2.595337   -0.087937 (VIOLATED)
_31190_/A1                              2.507400    2.595337   -0.087937 (VIOLATED)
_31196_/A                               2.507400    2.595337   -0.087937 (VIOLATED)
_31199_/B1                              2.507400    2.595337   -0.087937 (VIOLATED)
_39298_/A2                              2.507400    2.595337   -0.087937 (VIOLATED)

max fanout

Pin                                   Limit Fanout  Slack
---------------------------------------------------------
_43103_/Q                                 8    764   -756 (VIOLATED)
_23185_/Y                                 8    241   -233 (VIOLATED)
_43104_/Q                                 8    212   -204 (VIOLATED)
_43258_/Q                                 8    129   -121 (VIOLATED)
_21799_/Y                                 8    128   -120 (VIOLATED)
_21808_/Y                                 8    128   -120 (VIOLATED)
_22056_/X                                 8    128   -120 (VIOLATED)
_39043_/Y                                 8    128   -120 (VIOLATED)
_22770_/Y                                 8    122   -114 (VIOLATED)
_43800_/Q                                 8    120   -112 (VIOLATED)
_43801_/Q                                 8    119   -111 (VIOLATED)
_42640_/Q                                 8    106    -98 (VIOLATED)
_39687_/Y                                 8     90    -82 (VIOLATED)
_40972_/Q                                 8     89    -81 (VIOLATED)
_41347_/Q                                 8     89    -81 (VIOLATED)
_41731_/Q                                 8     89    -81 (VIOLATED)
_44100_/Q                                 8     89    -81 (VIOLATED)
_39470_/Y                                 8     81    -73 (VIOLATED)
_38702_/Y                                 8     80    -72 (VIOLATED)
_23184_/Y                                 8     69    -61 (VIOLATED)
_40146_/X                                 8     66    -58 (VIOLATED)
_43802_/Q                                 8     64    -56 (VIOLATED)
_40147_/Y                                 8     63    -55 (VIOLATED)
_39686_/X                                 8     61    -53 (VIOLATED)
_43188_/Q                                 8     58    -50 (VIOLATED)
_42305_/Q                                 8     52    -44 (VIOLATED)
_21817_/Y                                 8     49    -41 (VIOLATED)
_25671_/Y                                 8     48    -40 (VIOLATED)
_43185_/Q                                 8     48    -40 (VIOLATED)
_27079_/X                                 8     47    -39 (VIOLATED)
_43179_/Q                                 8     47    -39 (VIOLATED)
_42641_/Q                                 8     46    -38 (VIOLATED)
_40760_/Q                                 8     45    -37 (VIOLATED)
_41018_/Q                                 8     45    -37 (VIOLATED)
_41135_/Q                                 8     45    -37 (VIOLATED)
_41510_/Q                                 8     45    -37 (VIOLATED)
_43888_/Q                                 8     45    -37 (VIOLATED)
_41393_/Q                                 8     44    -36 (VIOLATED)
_43176_/Q                                 8     44    -36 (VIOLATED)
_43182_/Q                                 8     44    -36 (VIOLATED)
_43803_/Q                                 8     44    -36 (VIOLATED)
_43173_/Q                                 8     41    -33 (VIOLATED)
_43797_/Q                                 8     39    -31 (VIOLATED)
_43191_/Q                                 8     38    -30 (VIOLATED)
_43170_/Q                                 8     37    -29 (VIOLATED)
_43189_/Q                                 8     37    -29 (VIOLATED)
_25491_/Y                                 8     35    -27 (VIOLATED)
_42304_/Q                                 8     35    -27 (VIOLATED)
_26321_/Y                                 8     34    -26 (VIOLATED)
_23214_/Y                                 8     33    -25 (VIOLATED)
_28878_/X                                 8     33    -25 (VIOLATED)
_42303_/Q                                 8     33    -25 (VIOLATED)
_43174_/Q                                 8     33    -25 (VIOLATED)
_43171_/Q                                 8     32    -24 (VIOLATED)
_43180_/Q                                 8     32    -24 (VIOLATED)
_43186_/Q                                 8     32    -24 (VIOLATED)
_42273_/Q                                 8     30    -22 (VIOLATED)
_43183_/Q                                 8     30    -22 (VIOLATED)
_43172_/Q                                 8     29    -21 (VIOLATED)
_43177_/Q                                 8     29    -21 (VIOLATED)
_22769_/Y                                 8     28    -20 (VIOLATED)
_25527_/X                                 8     28    -20 (VIOLATED)
_42272_/Q                                 8     28    -20 (VIOLATED)
_44146_/Q                                 8     28    -20 (VIOLATED)
_25557_/Y                                 8     27    -19 (VIOLATED)
_42290_/Q                                 8     27    -19 (VIOLATED)
_43192_/Q                                 8     27    -19 (VIOLATED)
_42289_/Q                                 8     26    -18 (VIOLATED)
_42292_/Q                                 8     26    -18 (VIOLATED)
_42302_/Q                                 8     26    -18 (VIOLATED)
_43169_/Q                                 8     26    -18 (VIOLATED)
_43178_/Q                                 8     26    -18 (VIOLATED)
_43181_/Q                                 8     26    -18 (VIOLATED)
_43184_/Q                                 8     26    -18 (VIOLATED)
_43190_/Q                                 8     26    -18 (VIOLATED)
_22765_/Y                                 8     25    -17 (VIOLATED)
_42291_/Q                                 8     25    -17 (VIOLATED)
_42293_/Q                                 8     25    -17 (VIOLATED)
_43175_/Q                                 8     25    -17 (VIOLATED)
_27120_/Y                                 8     24    -16 (VIOLATED)
_42271_/Q                                 8     24    -16 (VIOLATED)
_42274_/Q                                 8     24    -16 (VIOLATED)
_42314_/Q                                 8     24    -16 (VIOLATED)
_43187_/Q                                 8     24    -16 (VIOLATED)
_22936_/Y                                 8     23    -15 (VIOLATED)
_25572_/Y                                 8     23    -15 (VIOLATED)
_41602_/Q                                 8     23    -15 (VIOLATED)
_41777_/Q                                 8     23    -15 (VIOLATED)
_42275_/Q                                 8     23    -15 (VIOLATED)
_42313_/Q                                 8     23    -15 (VIOLATED)
_43973_/Q                                 8     23    -15 (VIOLATED)
_25500_/X                                 8     22    -14 (VIOLATED)
_25517_/X                                 8     22    -14 (VIOLATED)
_25600_/Y                                 8     22    -14 (VIOLATED)
_25611_/Y                                 8     22    -14 (VIOLATED)
_27090_/Y                                 8     22    -14 (VIOLATED)
_27091_/Y                                 8     22    -14 (VIOLATED)
_27153_/Y                                 8     22    -14 (VIOLATED)
_41217_/Q                                 8     22    -14 (VIOLATED)
_41220_/Q                                 8     22    -14 (VIOLATED)
_41605_/Q                                 8     22    -14 (VIOLATED)
_42276_/Q                                 8     22    -14 (VIOLATED)
_42281_/Q                                 8     22    -14 (VIOLATED)
_42294_/Q                                 8     22    -14 (VIOLATED)
_42298_/Q                                 8     22    -14 (VIOLATED)
_42300_/Q                                 8     22    -14 (VIOLATED)
_25613_/Y                                 8     21    -13 (VIOLATED)
_41593_/Q                                 8     21    -13 (VIOLATED)
_41603_/Q                                 8     21    -13 (VIOLATED)
_42270_/Q                                 8     21    -13 (VIOLATED)
_42278_/Q                                 8     21    -13 (VIOLATED)
_42299_/Q                                 8     21    -13 (VIOLATED)
_42306_/Q                                 8     21    -13 (VIOLATED)
_42311_/Q                                 8     21    -13 (VIOLATED)
_42312_/Q                                 8     21    -13 (VIOLATED)
_22779_/Y                                 8     20    -12 (VIOLATED)
_25673_/Y                                 8     20    -12 (VIOLATED)
_28789_/X                                 8     20    -12 (VIOLATED)
_29117_/Y                                 8     20    -12 (VIOLATED)
_40851_/Q                                 8     20    -12 (VIOLATED)
_40852_/Q                                 8     20    -12 (VIOLATED)
_41218_/Q                                 8     20    -12 (VIOLATED)
_41221_/Q                                 8     20    -12 (VIOLATED)
_41606_/Q                                 8     20    -12 (VIOLATED)
_42288_/Q                                 8     20    -12 (VIOLATED)
_42296_/Q                                 8     20    -12 (VIOLATED)
_42307_/Q                                 8     20    -12 (VIOLATED)
_21766_/Y                                 8     19    -11 (VIOLATED)
_25609_/Y                                 8     19    -11 (VIOLATED)
_25674_/Y                                 8     19    -11 (VIOLATED)
_27095_/X                                 8     19    -11 (VIOLATED)
_28749_/X                                 8     19    -11 (VIOLATED)
_28767_/Y                                 8     19    -11 (VIOLATED)
_41226_/Q                                 8     19    -11 (VIOLATED)
_41229_/Q                                 8     19    -11 (VIOLATED)
_41594_/Q                                 8     19    -11 (VIOLATED)
_41596_/Q                                 8     19    -11 (VIOLATED)
_42264_/Q                                 8     19    -11 (VIOLATED)
_42295_/Q                                 8     19    -11 (VIOLATED)
_42297_/Q                                 8     19    -11 (VIOLATED)
_42301_/Q                                 8     19    -11 (VIOLATED)
_43976_/Q                                 8     19    -11 (VIOLATED)
_25495_/Y                                 8     18    -10 (VIOLATED)
_25564_/Y                                 8     18    -10 (VIOLATED)
_27171_/Y                                 8     18    -10 (VIOLATED)
_28754_/Y                                 8     18    -10 (VIOLATED)
_28784_/Y                                 8     18    -10 (VIOLATED)
_28882_/X                                 8     18    -10 (VIOLATED)
_30446_/Y                                 8     18    -10 (VIOLATED)
_40842_/Q                                 8     18    -10 (VIOLATED)
_40843_/Q                                 8     18    -10 (VIOLATED)
_41230_/Q                                 8     18    -10 (VIOLATED)
_42265_/Q                                 8     18    -10 (VIOLATED)
_42277_/Q                                 8     18    -10 (VIOLATED)
_42283_/Q                                 8     18    -10 (VIOLATED)
_42285_/Q                                 8     18    -10 (VIOLATED)
_43971_/Q                                 8     18    -10 (VIOLATED)
_43978_/Q                                 8     18    -10 (VIOLATED)
_43985_/Q                                 8     18    -10 (VIOLATED)
_21783_/X                                 8     17     -9 (VIOLATED)
_23006_/Y                                 8     17     -9 (VIOLATED)
_23192_/Y                                 8     17     -9 (VIOLATED)
_25554_/Y                                 8     17     -9 (VIOLATED)
_27157_/Y                                 8     17     -9 (VIOLATED)
_27220_/Y                                 8     17     -9 (VIOLATED)
_29118_/Y                                 8     17     -9 (VIOLATED)
_40854_/Q                                 8     17     -9 (VIOLATED)
_41227_/Q                                 8     17     -9 (VIOLATED)
_42266_/Q                                 8     17     -9 (VIOLATED)
_42268_/Q                                 8     17     -9 (VIOLATED)
_42269_/Q                                 8     17     -9 (VIOLATED)
_42279_/Q                                 8     17     -9 (VIOLATED)
_42310_/Q                                 8     17     -9 (VIOLATED)
_43969_/Q                                 8     17     -9 (VIOLATED)
_43970_/Q                                 8     17     -9 (VIOLATED)
_21903_/Y                                 8     16     -8 (VIOLATED)
_22703_/Y                                 8     16     -8 (VIOLATED)
_25533_/Y                                 8     16     -8 (VIOLATED)
_26325_/Y                                 8     16     -8 (VIOLATED)
_29039_/X                                 8     16     -8 (VIOLATED)
_39317_/X                                 8     16     -8 (VIOLATED)
_42267_/Q                                 8     16     -8 (VIOLATED)
_42280_/Q                                 8     16     -8 (VIOLATED)
_42284_/Q                                 8     16     -8 (VIOLATED)
_42287_/Q                                 8     16     -8 (VIOLATED)
_42308_/Q                                 8     16     -8 (VIOLATED)
_42309_/Q                                 8     16     -8 (VIOLATED)
_43974_/Q                                 8     16     -8 (VIOLATED)
_26376_/Y                                 8     15     -7 (VIOLATED)
_39316_/Y                                 8     15     -7 (VIOLATED)
_39318_/Y                                 8     15     -7 (VIOLATED)
_40846_/Q                                 8     15     -7 (VIOLATED)
_40855_/Q                                 8     15     -7 (VIOLATED)
_42263_/Q                                 8     15     -7 (VIOLATED)
_42286_/Q                                 8     15     -7 (VIOLATED)
_25552_/Y                                 8     14     -6 (VIOLATED)
_25561_/Y                                 8     14     -6 (VIOLATED)
_26326_/Y                                 8     14     -6 (VIOLATED)
_27987_/Y                                 8     14     -6 (VIOLATED)
_29599_/Y                                 8     14     -6 (VIOLATED)
_30442_/Y                                 8     14     -6 (VIOLATED)
_40845_/Q                                 8     14     -6 (VIOLATED)
_40847_/Q                                 8     14     -6 (VIOLATED)
_41231_/Q                                 8     14     -6 (VIOLATED)
_41597_/Q                                 8     14     -6 (VIOLATED)
_42282_/Q                                 8     14     -6 (VIOLATED)
_43983_/Q                                 8     14     -6 (VIOLATED)
_22780_/Y                                 8     13     -5 (VIOLATED)
_41232_/Q                                 8     13     -5 (VIOLATED)
_43981_/Q                                 8     13     -5 (VIOLATED)
_43984_/Q                                 8     13     -5 (VIOLATED)
_23205_/X                                 8     12     -4 (VIOLATED)
_40841_/Q                                 8     12     -4 (VIOLATED)
_40850_/Q                                 8     12     -4 (VIOLATED)
_41515_/Q                                 8     12     -4 (VIOLATED)
_43972_/Q                                 8     12     -4 (VIOLATED)
_43980_/Q                                 8     12     -4 (VIOLATED)
_43982_/Q                                 8     12     -4 (VIOLATED)
_25670_/X                                 8     11     -3 (VIOLATED)
_28790_/Y                                 8     11     -3 (VIOLATED)
_28835_/Y                                 8     11     -3 (VIOLATED)
_40844_/Q                                 8     11     -3 (VIOLATED)
_40848_/Q                                 8     11     -3 (VIOLATED)
_40853_/Q                                 8     11     -3 (VIOLATED)
_41222_/Q                                 8     11     -3 (VIOLATED)
_41609_/Q                                 8     11     -3 (VIOLATED)
_43804_/Q                                 8     11     -3 (VIOLATED)
_23193_/Y                                 8     10     -2 (VIOLATED)
_25488_/Y                                 8     10     -2 (VIOLATED)
_25514_/X                                 8     10     -2 (VIOLATED)
_25568_/X                                 8     10     -2 (VIOLATED)
_25570_/Y                                 8     10     -2 (VIOLATED)
_25610_/Y                                 8     10     -2 (VIOLATED)
_26324_/Y                                 8     10     -2 (VIOLATED)
_26378_/Y                                 8     10     -2 (VIOLATED)
_26439_/Y                                 8     10     -2 (VIOLATED)
_27985_/Y                                 8     10     -2 (VIOLATED)
_28103_/Y                                 8     10     -2 (VIOLATED)
_28876_/Y                                 8     10     -2 (VIOLATED)
_30425_/Y                                 8     10     -2 (VIOLATED)
_31956_/Y                                 8     10     -2 (VIOLATED)
_32359_/Y                                 8     10     -2 (VIOLATED)
_32799_/Y                                 8     10     -2 (VIOLATED)
_33215_/Y                                 8     10     -2 (VIOLATED)
_33656_/Y                                 8     10     -2 (VIOLATED)
_34083_/Y                                 8     10     -2 (VIOLATED)
_34510_/Y                                 8     10     -2 (VIOLATED)
_34953_/Y                                 8     10     -2 (VIOLATED)
_35432_/Y                                 8     10     -2 (VIOLATED)
_35805_/Y                                 8     10     -2 (VIOLATED)
_36671_/X                                 8     10     -2 (VIOLATED)
_37124_/Y                                 8     10     -2 (VIOLATED)
_38063_/Y                                 8     10     -2 (VIOLATED)
_40858_/Q                                 8     10     -2 (VIOLATED)
_41223_/Q                                 8     10     -2 (VIOLATED)
_41224_/Q                                 8     10     -2 (VIOLATED)
_41595_/Q                                 8     10     -2 (VIOLATED)
_41600_/Q                                 8     10     -2 (VIOLATED)
_43153_/Q                                 8     10     -2 (VIOLATED)
_43977_/Q                                 8     10     -2 (VIOLATED)
_43979_/Q                                 8     10     -2 (VIOLATED)
_23090_/X                                 8      9        (VIOLATED)
_23092_/X                                 8      9        (VIOLATED)
_23294_/Y                                 8      9        (VIOLATED)
_23365_/Y                                 8      9        (VIOLATED)
_24061_/Y                                 8      9        (VIOLATED)
_24131_/Y                                 8      9        (VIOLATED)
_24829_/Y                                 8      9        (VIOLATED)
_24898_/Y                                 8      9        (VIOLATED)
_24900_/Y                                 8      9        (VIOLATED)
_25553_/X                                 8      9        (VIOLATED)
_27080_/X                                 8      9        (VIOLATED)
_28039_/Y                                 8      9        (VIOLATED)
_29614_/Y                                 8      9        (VIOLATED)
_30549_/Y                                 8      9        (VIOLATED)
_30551_/Y                                 8      9        (VIOLATED)
_30618_/Y                                 8      9        (VIOLATED)
_31728_/X                                 8      9        (VIOLATED)
_32556_/X                                 8      9        (VIOLATED)
_32565_/X                                 8      9        (VIOLATED)
_32715_/Y                                 8      9        (VIOLATED)
_33431_/X                                 8      9        (VIOLATED)
_33859_/X                                 8      9        (VIOLATED)
_33912_/Y                                 8      9        (VIOLATED)
_34287_/X                                 8      9        (VIOLATED)
_34711_/X                                 8      9        (VIOLATED)
_35144_/Y                                 8      9        (VIOLATED)
_35574_/X                                 8      9        (VIOLATED)
_36498_/Y                                 8      9        (VIOLATED)
_37515_/X                                 8      9        (VIOLATED)
_40849_/Q                                 8      9        (VIOLATED)
_41225_/Q                                 8      9        (VIOLATED)
_41592_/Q                                 8      9        (VIOLATED)
_41607_/Q                                 8      9        (VIOLATED)
_43975_/Q                                 8      9        (VIOLATED)

max capacitance

Pin                                        Limit         Cap       Slack
------------------------------------------------------------------------
_43103_/Q                               0.300000    3.565958   -3.265958 (VIOLATED)
_43800_/Q                               0.300000    1.072125   -0.772125 (VIOLATED)
_23185_/Y                               0.300000    1.000292   -0.700292 (VIOLATED)
_43104_/Q                               0.300000    0.616922   -0.316922 (VIOLATED)
_21799_/Y                               0.300000    0.602192   -0.302192 (VIOLATED)
_21808_/Y                               0.300000    0.602192   -0.302192 (VIOLATED)
_22056_/X                               0.300000    0.602192   -0.302192 (VIOLATED)
_39043_/Y                               0.300000    0.602192   -0.302192 (VIOLATED)
_43801_/Q                               0.300000    0.556363   -0.256363 (VIOLATED)
_43258_/Q                               0.300000    0.390476   -0.090476 (VIOLATED)
_42640_/Q                               0.300000    0.363275   -0.063275 (VIOLATED)
_22770_/Y                               0.300000    0.355241   -0.055241 (VIOLATED)
_43802_/Q                               0.300000    0.323459   -0.023459 (VIOLATED)
_38702_/Y                               0.300000    0.319402   -0.019402 (VIOLATED)



===========================================================================
report_parasitic_annotation -report_unannotated
============================================================================
Found 26007 unannotated drivers.
 i_clk
 i_rst_n
 i_serial_rx
 i_spi_mosi
 i_spi_sclk
 i_spi_ss_n
 _21450_/X
 _21451_/X
 _21452_/X
 _21453_/X
 _21454_/X
 _21455_/X
 _21456_/X
 _21457_/X
 _21458_/X
 _21459_/X
 _21460_/X
 _21461_/X
 _21462_/X
 _21463_/X
 _21464_/X
 _21465_/X
 _21466_/X
 _21467_/X
 _21468_/X
 _21469_/X
 _21470_/X
 _21471_/X
 _21472_/X
 _21473_/X
 _21474_/X
 _21475_/X
 _21476_/X
 _21477_/X
 _21478_/X
 _21479_/X
 _21480_/X
 _21481_/X
 _21482_/X
 _21483_/X
 _21484_/X
 _21485_/X
 _21486_/X
 _21487_/X
 _21488_/X
 _21489_/X
 _21490_/X
 _21491_/X
 _21492_/X
 _21493_/X
 _21494_/X
 _21495_/X
 _21496_/X
 _21497_/X
 _21498_/X
 _21499_/X
 _21500_/X
 _21501_/X
 _21502_/X
 _21503_/X
 _21504_/X
 _21505_/X
 _21506_/X
 _21507_/X
 _21508_/X
 _21509_/X
 _21510_/X
 _21511_/X
 _21512_/X
 _21513_/X
 _21514_/X
 _21515_/X
 _21516_/X
 _21517_/X
 _21518_/X
 _21519_/X
 _21520_/X
 _21521_/X
 _21522_/X
 _21523_/X
 _21524_/X
 _21525_/X
 _21526_/X
 _21527_/X
 _21528_/X
 _21529_/X
 _21530_/X
 _21531_/X
 _21532_/X
 _21533_/X
 _21534_/X
 _21535_/X
 _21536_/X
 _21537_/X
 _21538_/X
 _21539_/X
 _21540_/X
 _21541_/X
 _21542_/X
 _21543_/X
 _21544_/X
 _21545_/X
 _21546_/X
 _21547_/X
 _21548_/X
 _21549_/X
 _21550_/X
 _21551_/X
 _21552_/X
 _21553_/X
 _21554_/X
 _21555_/X
 _21556_/X
 _21557_/X
 _21558_/X
 _21559_/X
 _21560_/X
 _21561_/X
 _21562_/X
 _21563_/X
 _21564_/X
 _21565_/X
 _21566_/X
 _21567_/X
 _21568_/X
 _21569_/X
 _21570_/X
 _21571_/X
 _21572_/X
 _21573_/X
 _21574_/X
 _21575_/X
 _21576_/X
 _21577_/X
 _21578_/X
 _21579_/X
 _21580_/X
 _21581_/X
 _21582_/X
 _21583_/X
 _21584_/X
 _21585_/X
 _21586_/X
 _21587_/X
 _21588_/X
 _21589_/X
 _21590_/X
 _21591_/X
 _21592_/X
 _21593_/X
 _21594_/X
 _21595_/X
 _21596_/X
 _21597_/X
 _21598_/X
 _21599_/X
 _21600_/X
 _21601_/X
 _21602_/X
 _21603_/X
 _21604_/X
 _21605_/X
 _21606_/X
 _21607_/X
 _21608_/X
 _21609_/X
 _21610_/X
 _21611_/X
 _21612_/X
 _21613_/X
 _21614_/X
 _21615_/X
 _21616_/X
 _21617_/X
 _21618_/X
 _21619_/X
 _21620_/X
 _21621_/X
 _21622_/X
 _21623_/X
 _21624_/X
 _21625_/X
 _21626_/X
 _21627_/X
 _21628_/X
 _21629_/X
 _21630_/X
 _21631_/X
 _21632_/X
 _21633_/X
 _21634_/X
 _21635_/X
 _21636_/X
 _21637_/X
 _21638_/X
 _21639_/X
 _21640_/X
 _21641_/X
 _21642_/X
 _21643_/X
 _21644_/X
 _21645_/X
 _21646_/X
 _21647_/X
 _21648_/X
 _21649_/X
 _21650_/X
 _21651_/X
 _21652_/X
 _21653_/X
 _21654_/X
 _21655_/X
 _21656_/X
 _21657_/X
 _21658_/X
 _21659_/X
 _21660_/X
 _21661_/X
 _21662_/X
 _21663_/X
 _21664_/X
 _21665_/X
 _21666_/X
 _21667_/X
 _21668_/X
 _21669_/X
 _21670_/X
 _21671_/X
 _21672_/X
 _21673_/X
 _21674_/X
 _21675_/X
 _21676_/X
 _21677_/X
 _21678_/X
 _21679_/X
 _21680_/X
 _21681_/X
 _21682_/X
 _21683_/X
 _21684_/X
 _21685_/X
 _21686_/X
 _21687_/X
 _21688_/X
 _21689_/X
 _21690_/X
 _21691_/X
 _21692_/X
 _21693_/X
 _21694_/X
 _21695_/X
 _21696_/X
 _21697_/X
 _21698_/X
 _21699_/X
 _21700_/X
 _21701_/X
 _21702_/X
 _21703_/X
 _21704_/X
 _21705_/X
 _21706_/X
 _21707_/X
 _21708_/X
 _21709_/X
 _21710_/X
 _21711_/X
 _21712_/X
 _21713_/X
 _21714_/X
 _21715_/X
 _21716_/X
 _21717_/X
 _21718_/X
 _21719_/X
 _21720_/X
 _21721_/X
 _21722_/X
 _21723_/X
 _21724_/X
 _21725_/X
 _21726_/X
 _21727_/X
 _21728_/X
 _21729_/X
 _21730_/X
 _21731_/X
 _21732_/X
 _21733_/X
 _21734_/X
 _21735_/X
 _21736_/X
 _21737_/X
 _21738_/X
 _21739_/X
 _21740_/X
 _21741_/X
 _21742_/X
 _21743_/X
 _21744_/X
 _21745_/X
 _21746_/X
 _21747_/X
 _21748_/X
 _21749_/X
 _21750_/X
 _21751_/X
 _21752_/X
 _21753_/X
 _21754_/X
 _21755_/X
 _21756_/X
 _21757_/X
 _21758_/X
 _21759_/X
 _21760_/X
 _21761_/X
 _21762_/X
 _21763_/X
 _21764_/X
 _21765_/X
 _21766_/Y
 _21767_/X
 _21768_/X
 _21769_/X
 _21770_/X
 _21771_/X
 _21772_/X
 _21773_/X
 _21774_/X
 _21775_/X
 _21776_/X
 _21777_/X
 _21778_/X
 _21779_/X
 _21780_/X
 _21781_/X
 _21782_/X
 _21783_/X
 _21784_/X
 _21785_/Y
 _21786_/X
 _21787_/Y
 _21788_/Y
 _21789_/X
 _21790_/Y
 _21791_/Y
 _21792_/Y
 _21793_/Y
 _21794_/X
 _21795_/Y
 _21796_/Y
 _21797_/X
 _21798_/Y
 _21799_/Y
 _21800_/X
 _21801_/X
 _21802_/X
 _21803_/X
 _21804_/X
 _21805_/X
 _21806_/X
 _21807_/X
 _21808_/Y
 _21809_/X
 _21810_/X
 _21811_/X
 _21812_/X
 _21813_/X
 _21814_/X
 _21815_/X
 _21816_/X
 _21817_/Y
 _21818_/X
 _21819_/X
 _21820_/X
 _21821_/X
 _21822_/X
 _21823_/X
 _21824_/X
 _21825_/X
 _21826_/X
 _21827_/X
 _21828_/Y
 _21829_/Y
 _21830_/X
 _21831_/X
 _21832_/X
 _21833_/X
 _21834_/X
 _21835_/Y
 _21836_/X
 _21837_/Y
 _21838_/Y
 _21839_/X
 _21840_/X
 _21841_/X
 _21842_/Y
 _21843_/Y
 _21844_/X
 _21845_/X
 _21846_/X
 _21847_/X
 _21848_/X
 _21849_/X
 _21850_/X
 _21851_/X
 _21852_/X
 _21853_/X
 _21854_/X
 _21855_/X
 _21856_/X
 _21857_/X
 _21858_/X
 _21859_/X
 _21860_/X
 _21861_/X
 _21862_/X
 _21863_/X
 _21864_/X
 _21865_/Y
 _21866_/Y
 _21867_/X
 _21868_/X
 _21869_/X
 _21870_/Y
 _21871_/Y
 _21872_/Y
 _21873_/Y
 _21874_/Y
 _21875_/Y
 _21876_/Y
 _21877_/Y
 _21878_/Y
 _21879_/Y
 _21880_/Y
 _21881_/Y
 _21882_/Y
 _21883_/Y
 _21884_/Y
 _21885_/Y
 _21886_/Y
 _21887_/Y
 _21888_/Y
 _21889_/Y
 _21890_/Y
 _21891_/Y
 _21892_/Y
 _21893_/Y
 _21894_/Y
 _21895_/Y
 _21896_/Y
 _21897_/Y
 _21898_/Y
 _21899_/Y
 _21900_/Y
 _21901_/X
 _21902_/X
 _21903_/Y
 _21904_/Y
 _21905_/Y
 _21906_/Y
 _21907_/Y
 _21908_/X
 _21909_/Y
 _21910_/Y
 _21911_/X
 _21912_/Y
 _21913_/Y
 _21914_/X
 _21915_/Y
 _21916_/Y
 _21917_/X
 _21918_/Y
 _21919_/Y
 _21920_/X
 _21921_/Y
 _21922_/Y
 _21923_/X
 _21924_/Y
 _21925_/Y
 _21926_/X
 _21927_/Y
 _21928_/Y
 _21929_/X
 _21930_/Y
 _21931_/Y
 _21932_/X
 _21933_/Y
 _21934_/Y
 _21935_/X
 _21936_/Y
 _21937_/Y
 _21938_/X
 _21939_/Y
 _21940_/Y
 _21941_/X
 _21942_/Y
 _21943_/Y
 _21944_/X
 _21945_/Y
 _21946_/Y
 _21947_/X
 _21948_/Y
 _21949_/Y
 _21950_/Y
 _21951_/Y
 _21952_/Y
 _21953_/Y
 _21954_/Y
 _21955_/Y
 _21956_/Y
 _21957_/Y
 _21958_/Y
 _21959_/Y
 _21960_/Y
 _21961_/Y
 _21962_/Y
 _21963_/Y
 _21964_/Y
 _21965_/Y
 _21966_/Y
 _21967_/Y
 _21968_/Y
 _21969_/Y
 _21970_/Y
 _21971_/Y
 _21972_/Y
 _21973_/Y
 _21974_/Y
 _21975_/Y
 _21976_/Y
 _21977_/Y
 _21978_/Y
 _21979_/Y
 _21980_/Y
 _21981_/Y
 _21982_/Y
 _21983_/Y
 _21984_/Y
 _21985_/Y
 _21986_/Y
 _21987_/Y
 _21988_/Y
 _21989_/Y
 _21990_/Y
 _21991_/Y
 _21992_/Y
 _21993_/Y
 _21994_/Y
 _21995_/Y
 _21996_/X
 _21997_/Y
 _21998_/X
 _21999_/X
 _22000_/Y
 _22001_/Y
 _22002_/X
 _22003_/X
 _22004_/Y
 _22005_/Y
 _22006_/X
 _22007_/Y
 _22008_/X
 _22009_/X
 _22010_/Y
 _22011_/X
 _22012_/X
 _22013_/X
 _22014_/X
 _22015_/X
 _22016_/X
 _22017_/X
 _22018_/X
 _22019_/Y
 _22020_/Y
 _22021_/Y
 _22022_/Y
 _22023_/Y
 _22024_/Y
 _22025_/Y
 _22026_/Y
 _22027_/Y
 _22028_/Y
 _22029_/Y
 _22030_/Y
 _22031_/X
 _22032_/Y
 _22033_/Y
 _22034_/Y
 _22035_/Y
 _22036_/X
 _22037_/X
 _22038_/X
 _22039_/X
 _22040_/X
 _22041_/X
 _22042_/X
 _22043_/X
 _22044_/Y
 _22045_/Y
 _22046_/Y
 _22047_/X
 _22048_/X
 _22049_/X
 _22050_/X
 _22051_/X
 _22052_/X
 _22053_/X
 _22054_/X
 _22055_/X
 _22056_/X
 _22057_/X
 _22058_/X
 _22059_/X
 _22060_/X
 _22061_/X
 _22062_/X
 _22063_/X
 _22064_/X
 _22065_/X
 _22066_/X
 _22067_/X
 _22068_/X
 _22069_/X
 _22070_/X
 _22071_/X
 _22072_/X
 _22073_/X
 _22074_/X
 _22075_/X
 _22076_/X
 _22077_/X
 _22078_/X
 _22079_/X
 _22080_/X
 _22081_/X
 _22082_/X
 _22083_/X
 _22084_/X
 _22085_/X
 _22086_/X
 _22087_/X
 _22088_/X
 _22089_/X
 _22090_/X
 _22091_/X
 _22092_/X
 _22093_/X
 _22094_/X
 _22095_/X
 _22096_/X
 _22097_/X
 _22098_/X
 _22099_/X
 _22100_/X
 _22101_/X
 _22102_/X
 _22103_/X
 _22104_/X
 _22105_/X
 _22106_/X
 _22107_/X
 _22108_/X
 _22109_/X
 _22110_/X
 _22111_/X
 _22112_/X
 _22113_/X
 _22114_/X
 _22115_/X
 _22116_/X
 _22117_/X
 _22118_/X
 _22119_/X
 _22120_/X
 _22121_/X
 _22122_/X
 _22123_/X
 _22124_/X
 _22125_/X
 _22126_/X
 _22127_/X
 _22128_/X
 _22129_/X
 _22130_/X
 _22131_/X
 _22132_/X
 _22133_/X
 _22134_/X
 _22135_/X
 _22136_/X
 _22137_/X
 _22138_/X
 _22139_/X
 _22140_/X
 _22141_/X
 _22142_/X
 _22143_/X
 _22144_/X
 _22145_/X
 _22146_/X
 _22147_/X
 _22148_/X
 _22149_/X
 _22150_/X
 _22151_/X
 _22152_/X
 _22153_/X
 _22154_/X
 _22155_/X
 _22156_/X
 _22157_/X
 _22158_/X
 _22159_/X
 _22160_/X
 _22161_/X
 _22162_/X
 _22163_/X
 _22164_/X
 _22165_/X
 _22166_/X
 _22167_/X
 _22168_/X
 _22169_/X
 _22170_/X
 _22171_/X
 _22172_/X
 _22173_/X
 _22174_/X
 _22175_/X
 _22176_/X
 _22177_/X
 _22178_/X
 _22179_/X
 _22180_/X
 _22181_/X
 _22182_/X
 _22183_/X
 _22184_/X
 _22185_/X
 _22186_/X
 _22187_/X
 _22188_/X
 _22189_/X
 _22190_/X
 _22191_/X
 _22192_/X
 _22193_/X
 _22194_/X
 _22195_/X
 _22196_/X
 _22197_/X
 _22198_/X
 _22199_/X
 _22200_/X
 _22201_/X
 _22202_/X
 _22203_/X
 _22204_/X
 _22205_/X
 _22206_/X
 _22207_/X
 _22208_/X
 _22209_/X
 _22210_/X
 _22211_/X
 _22212_/X
 _22213_/X
 _22214_/X
 _22215_/X
 _22216_/X
 _22217_/X
 _22218_/X
 _22219_/X
 _22220_/X
 _22221_/X
 _22222_/X
 _22223_/X
 _22224_/X
 _22225_/X
 _22226_/X
 _22227_/X
 _22228_/X
 _22229_/X
 _22230_/X
 _22231_/X
 _22232_/X
 _22233_/X
 _22234_/X
 _22235_/X
 _22236_/X
 _22237_/X
 _22238_/X
 _22239_/X
 _22240_/X
 _22241_/X
 _22242_/X
 _22243_/X
 _22244_/X
 _22245_/X
 _22246_/X
 _22247_/X
 _22248_/X
 _22249_/X
 _22250_/X
 _22251_/X
 _22252_/X
 _22253_/X
 _22254_/X
 _22255_/X
 _22256_/X
 _22257_/X
 _22258_/X
 _22259_/X
 _22260_/X
 _22261_/X
 _22262_/X
 _22263_/X
 _22264_/X
 _22265_/X
 _22266_/X
 _22267_/X
 _22268_/X
 _22269_/X
 _22270_/X
 _22271_/X
 _22272_/X
 _22273_/X
 _22274_/X
 _22275_/X
 _22276_/X
 _22277_/X
 _22278_/X
 _22279_/X
 _22280_/X
 _22281_/X
 _22282_/X
 _22283_/Y
 _22284_/Y
 _22285_/X
 _22286_/Y
 _22287_/Y
 _22288_/X
 _22289_/X
 _22290_/X
 _22291_/X
 _22292_/X
 _22293_/X
 _22294_/X
 _22295_/X
 _22296_/X
 _22297_/X
 _22298_/X
 _22299_/X
 _22300_/X
 _22301_/X
 _22302_/X
 _22303_/X
 _22304_/X
 _22305_/X
 _22306_/X
 _22307_/X
 _22308_/X
 _22309_/X
 _22310_/X
 _22311_/X
 _22312_/X
 _22313_/X
 _22314_/X
 _22315_/X
 _22316_/X
 _22317_/X
 _22318_/X
 _22319_/X
 _22320_/X
 _22321_/X
 _22322_/X
 _22323_/X
 _22324_/X
 _22325_/X
 _22326_/X
 _22327_/X
 _22328_/X
 _22329_/X
 _22330_/X
 _22331_/X
 _22332_/X
 _22333_/X
 _22334_/X
 _22335_/X
 _22336_/X
 _22337_/X
 _22338_/X
 _22339_/X
 _22340_/X
 _22341_/X
 _22342_/X
 _22343_/X
 _22344_/X
 _22345_/X
 _22346_/X
 _22347_/X
 _22348_/X
 _22349_/X
 _22350_/X
 _22351_/X
 _22352_/X
 _22353_/X
 _22354_/X
 _22355_/X
 _22356_/X
 _22357_/X
 _22358_/X
 _22359_/X
 _22360_/X
 _22361_/X
 _22362_/X
 _22363_/X
 _22364_/X
 _22365_/X
 _22366_/X
 _22367_/X
 _22368_/X
 _22369_/X
 _22370_/X
 _22371_/X
 _22372_/X
 _22373_/X
 _22374_/X
 _22375_/X
 _22376_/X
 _22377_/X
 _22378_/X
 _22379_/X
 _22380_/X
 _22381_/X
 _22382_/X
 _22383_/X
 _22384_/X
 _22385_/X
 _22386_/X
 _22387_/X
 _22388_/X
 _22389_/X
 _22390_/X
 _22391_/X
 _22392_/X
 _22393_/X
 _22394_/X
 _22395_/X
 _22396_/X
 _22397_/X
 _22398_/X
 _22399_/X
 _22400_/X
 _22401_/X
 _22402_/X
 _22403_/X
 _22404_/X
 _22405_/X
 _22406_/X
 _22407_/X
 _22408_/X
 _22409_/X
 _22410_/X
 _22411_/X
 _22412_/X
 _22413_/X
 _22414_/X
 _22415_/X
 _22416_/X
 _22417_/X
 _22418_/Y
 _22419_/Y
 _22420_/Y
 _22421_/X
 _22422_/X
 _22423_/X
 _22424_/X
 _22425_/X
 _22426_/X
 _22427_/X
 _22428_/X
 _22429_/X
 _22430_/X
 _22431_/Y
 _22432_/Y
 _22433_/Y
 _22434_/X
 _22435_/X
 _22436_/X
 _22437_/X
 _22438_/X
 _22439_/Y
 _22440_/Y
 _22441_/X
 _22442_/Y
 _22443_/Y
 _22444_/Y
 _22445_/X
 _22446_/Y
 _22447_/X
 _22448_/Y
 _22449_/Y
 _22450_/Y
 _22451_/Y
 _22452_/X
 _22453_/Y
 _22454_/Y
 _22455_/Y
 _22456_/Y
 _22457_/Y
 _22458_/X
 _22459_/X
 _22460_/X
 _22461_/X
 _22462_/X
 _22463_/Y
 _22464_/X
 _22465_/X
 _22466_/Y
 _22467_/Y
 _22468_/Y
 _22469_/Y
 _22470_/Y
 _22471_/Y
 _22472_/Y
 _22473_/X
 _22474_/Y
 _22475_/Y
 _22476_/Y
 _22477_/X
 _22478_/Y
 _22479_/Y
 _22480_/Y
 _22481_/Y
 _22482_/X
 _22483_/X
 _22484_/X
 _22485_/X
 _22486_/X
 _22487_/X
 _22488_/X
 _22489_/X
 _22490_/X
 _22491_/X
 _22492_/Y
 _22493_/Y
 _22494_/Y
 _22495_/X
 _22496_/X
 _22497_/X
 _22498_/X
 _22499_/X
 _22500_/Y
 _22501_/Y
 _22502_/X
 _22503_/Y
 _22504_/Y
 _22505_/Y
 _22506_/X
 _22507_/Y
 _22508_/Y
 _22509_/X
 _22510_/Y
 _22511_/Y
 _22512_/Y
 _22513_/X
 _22514_/Y
 _22515_/Y
 _22516_/Y
 _22517_/Y
 _22518_/Y
 _22519_/X
 _22520_/X
 _22521_/X
 _22522_/X
 _22523_/X
 _22524_/Y
 _22525_/X
 _22526_/X
 _22527_/Y
 _22528_/Y
 _22529_/X
 _22530_/Y
 _22531_/X
 _22532_/Y
 _22533_/Y
 _22534_/X
 _22535_/Y
 _22536_/Y
 _22537_/Y
 _22538_/Y
 _22539_/X
 _22540_/X
 _22541_/X
 _22542_/X
 _22543_/X
 _22544_/X
 _22545_/X
 _22546_/X
 _22547_/X
 _22548_/X
 _22549_/Y
 _22550_/Y
 _22551_/Y
 _22552_/X
 _22553_/X
 _22554_/X
 _22555_/X
 _22556_/X
 _22557_/X
 _22558_/X
 _22559_/X
 _22560_/X
 _22561_/X
 _22562_/X
 _22563_/X
 _22564_/X
 _22565_/X
 _22566_/X
 _22567_/X
 _22568_/X
 _22569_/X
 _22570_/X
 _22571_/X
 _22572_/X
 _22573_/X
 _22574_/X
 _22575_/X
 _22576_/X
 _22577_/X
 _22578_/X
 _22579_/X
 _22580_/X
 _22581_/X
 _22582_/X
 _22583_/X
 _22584_/X
 _22585_/X
 _22586_/X
 _22587_/X
 _22588_/X
 _22589_/X
 _22590_/X
 _22591_/X
 _22592_/X
 _22593_/X
 _22594_/X
 _22595_/X
 _22596_/X
 _22597_/X
 _22598_/X
 _22599_/X
 _22600_/X
 _22601_/X
 _22602_/X
 _22603_/X
 _22604_/X
 _22605_/X
 _22606_/X
 _22607_/X
 _22608_/X
 _22609_/X
 _22610_/X
 _22611_/X
 _22612_/X
 _22613_/X
 _22614_/X
 _22615_/X
 _22616_/X
 _22617_/X
 _22618_/X
 _22619_/X
 _22620_/X
 _22621_/X
 _22622_/X
 _22623_/X
 _22624_/X
 _22625_/X
 _22626_/X
 _22627_/X
 _22628_/X
 _22629_/X
 _22630_/X
 _22631_/X
 _22632_/X
 _22633_/X
 _22634_/X
 _22635_/X
 _22636_/X
 _22637_/X
 _22638_/X
 _22639_/X
 _22640_/X
 _22641_/X
 _22642_/X
 _22643_/X
 _22644_/X
 _22645_/X
 _22646_/X
 _22647_/X
 _22648_/X
 _22649_/X
 _22650_/X
 _22651_/X
 _22652_/X
 _22653_/X
 _22654_/X
 _22655_/X
 _22656_/X
 _22657_/X
 _22658_/X
 _22659_/X
 _22660_/X
 _22661_/X
 _22662_/X
 _22663_/X
 _22664_/X
 _22665_/X
 _22666_/X
 _22667_/X
 _22668_/X
 _22669_/X
 _22670_/X
 _22671_/X
 _22672_/X
 _22673_/X
 _22674_/X
 _22675_/X
 _22676_/X
 _22677_/X
 _22678_/X
 _22679_/X
 _22680_/X
 _22681_/X
 _22682_/X
 _22683_/X
 _22684_/X
 _22685_/X
 _22686_/X
 _22687_/X
 _22688_/X
 _22689_/Y
 _22690_/X
 _22691_/X
 _22692_/Y
 _22693_/Y
 _22694_/X
 _22695_/X
 _22696_/Y
 _22697_/Y
 _22698_/X
 _22699_/Y
 _22700_/X
 _22701_/X
 _22702_/Y
 _22703_/Y
 _22704_/X
 _22705_/X
 _22706_/X
 _22707_/X
 _22708_/X
 _22709_/X
 _22710_/X
 _22711_/X
 _22712_/X
 _22713_/X
 _22714_/X
 _22715_/X
 _22716_/X
 _22717_/X
 _22718_/X
 _22719_/X
 _22720_/Y
 _22721_/Y
 _22722_/Y
 _22723_/Y
 _22724_/Y
 _22725_/X
 _22726_/Y
 _22727_/Y
 _22728_/Y
 _22729_/X
 _22730_/Y
 _22731_/Y
 _22732_/Y
 _22733_/Y
 _22734_/Y
 _22735_/Y
 _22736_/Y
 _22737_/Y
 _22738_/Y
 _22739_/Y
 _22740_/Y
 _22741_/Y
 _22742_/Y
 _22743_/Y
 _22744_/Y
 _22745_/Y
 _22746_/Y
 _22747_/Y
 _22748_/Y
 _22749_/X
 _22750_/X
 _22751_/X
 _22752_/X
 _22753_/Y
 _22754_/Y
 _22755_/Y
 _22756_/Y
 _22757_/Y
 _22758_/Y
 _22759_/Y
 _22760_/Y
 _22761_/Y
 _22762_/Y
 _22763_/Y
 _22764_/Y
 _22765_/Y
 _22766_/Y
 _22767_/Y
 _22768_/Y
 _22769_/Y
 _22770_/Y
 _22771_/Y
 _22772_/Y
 _22773_/Y
 _22774_/Y
 _22775_/Y
 _22776_/Y
 _22777_/Y
 _22778_/Y
 _22779_/Y
 _22780_/Y
 _22781_/Y
 _22782_/Y
 _22783_/Y
 _22784_/Y
 _22785_/Y
 _22786_/Y
 _22787_/Y
 _22788_/Y
 _22789_/Y
 _22790_/Y
 _22791_/Y
 _22792_/Y
 _22793_/Y
 _22794_/Y
 _22795_/Y
 _22796_/Y
 _22797_/Y
 _22798_/Y
 _22799_/Y
 _22800_/Y
 _22801_/Y
 _22802_/Y
 _22803_/Y
 _22804_/Y
 _22805_/Y
 _22806_/Y
 _22807_/Y
 _22808_/Y
 _22809_/Y
 _22810_/Y
 _22811_/Y
 _22812_/Y
 _22813_/Y
 _22814_/Y
 _22815_/Y
 _22816_/Y
 _22817_/Y
 _22818_/Y
 _22819_/Y
 _22820_/Y
 _22821_/Y
 _22822_/Y
 _22823_/Y
 _22824_/Y
 _22825_/Y
 _22826_/Y
 _22827_/Y
 _22828_/Y
 _22829_/Y
 _22830_/Y
 _22831_/Y
 _22832_/Y
 _22833_/Y
 _22834_/Y
 _22835_/Y
 _22836_/Y
 _22837_/Y
 _22838_/Y
 _22839_/Y
 _22840_/Y
 _22841_/Y
 _22842_/Y
 _22843_/Y
 _22844_/Y
 _22845_/Y
 _22846_/Y
 _22847_/Y
 _22848_/Y
 _22849_/Y
 _22850_/Y
 _22851_/Y
 _22852_/Y
 _22853_/Y
 _22854_/Y
 _22855_/Y
 _22856_/Y
 _22857_/Y
 _22858_/Y
 _22859_/Y
 _22860_/Y
 _22861_/Y
 _22862_/Y
 _22863_/Y
 _22864_/Y
 _22865_/Y
 _22866_/Y
 _22867_/Y
 _22868_/Y
 _22869_/Y
 _22870_/Y
 _22871_/Y
 _22872_/Y
 _22873_/Y
 _22874_/Y
 _22875_/Y
 _22876_/Y
 _22877_/Y
 _22878_/Y
 _22879_/Y
 _22880_/Y
 _22881_/Y
 _22882_/Y
 _22883_/Y
 _22884_/Y
 _22885_/Y
 _22886_/Y
 _22887_/Y
 _22888_/Y
 _22889_/Y
 _22890_/Y
 _22891_/Y
 _22892_/Y
 _22893_/Y
 _22894_/Y
 _22895_/Y
 _22896_/Y
 _22897_/Y
 _22898_/Y
 _22899_/Y
 _22900_/Y
 _22901_/Y
 _22902_/Y
 _22903_/Y
 _22904_/Y
 _22905_/Y
 _22906_/Y
 _22907_/Y
 _22908_/Y
 _22909_/Y
 _22910_/Y
 _22911_/Y
 _22912_/Y
 _22913_/Y
 _22914_/Y
 _22915_/Y
 _22916_/Y
 _22917_/Y
 _22918_/Y
 _22919_/Y
 _22920_/Y
 _22921_/Y
 _22922_/Y
 _22923_/Y
 _22924_/Y
 _22925_/Y
 _22926_/Y
 _22927_/Y
 _22928_/Y
 _22929_/Y
 _22930_/Y
 _22931_/Y
 _22932_/Y
 _22933_/Y
 _22934_/Y
 _22935_/Y
 _22936_/Y
 _22937_/Y
 _22938_/Y
 _22939_/Y
 _22940_/Y
 _22941_/Y
 _22942_/Y
 _22943_/Y
 _22944_/Y
 _22945_/Y
 _22946_/Y
 _22947_/Y
 _22948_/Y
 _22949_/Y
 _22950_/Y
 _22951_/Y
 _22952_/Y
 _22953_/Y
 _22954_/Y
 _22955_/Y
 _22956_/Y
 _22957_/Y
 _22958_/Y
 _22959_/Y
 _22960_/Y
 _22961_/Y
 _22962_/Y
 _22963_/Y
 _22964_/Y
 _22965_/Y
 _22966_/Y
 _22967_/Y
 _22968_/Y
 _22969_/Y
 _22970_/Y
 _22971_/Y
 _22972_/Y
 _22973_/Y
 _22974_/Y
 _22975_/Y
 _22976_/Y
 _22977_/Y
 _22978_/Y
 _22979_/Y
 _22980_/Y
 _22981_/Y
 _22982_/Y
 _22983_/Y
 _22984_/Y
 _22985_/Y
 _22986_/Y
 _22987_/Y
 _22988_/Y
 _22989_/Y
 _22990_/Y
 _22991_/Y
 _22992_/Y
 _22993_/Y
 _22994_/Y
 _22995_/Y
 _22996_/Y
 _22997_/Y
 _22998_/Y
 _22999_/Y
 _23000_/Y
 _23001_/Y
 _23002_/Y
 _23003_/Y
 _23004_/Y
 _23005_/Y
 _23006_/Y
 _23007_/Y
 _23008_/Y
 _23009_/Y
 _23010_/Y
 _23011_/Y
 _23012_/Y
 _23013_/Y
 _23014_/Y
 _23015_/Y
 _23016_/Y
 _23017_/Y
 _23018_/Y
 _23019_/Y
 _23020_/Y
 _23021_/Y
 _23022_/Y
 _23023_/Y
 _23024_/Y
 _23025_/Y
 _23026_/Y
 _23027_/Y
 _23028_/Y
 _23029_/Y
 _23030_/Y
 _23031_/Y
 _23032_/Y
 _23033_/Y
 _23034_/Y
 _23035_/Y
 _23036_/Y
 _23037_/Y
 _23038_/Y
 _23039_/Y
 _23040_/Y
 _23041_/Y
 _23042_/Y
 _23043_/Y
 _23044_/Y
 _23045_/Y
 _23046_/Y
 _23047_/Y
 _23048_/Y
 _23049_/Y
 _23050_/Y
 _23051_/Y
 _23052_/Y
 _23053_/Y
 _23054_/Y
 _23055_/Y
 _23056_/Y
 _23057_/Y
 _23058_/Y
 _23059_/Y
 _23060_/Y
 _23061_/Y
 _23062_/Y
 _23063_/Y
 _23064_/Y
 _23065_/Y
 _23066_/Y
 _23067_/Y
 _23068_/Y
 _23069_/Y
 _23070_/Y
 _23071_/Y
 _23072_/Y
 _23073_/Y
 _23074_/Y
 _23075_/Y
 _23076_/Y
 _23077_/Y
 _23078_/Y
 _23079_/Y
 _23080_/Y
 _23081_/Y
 _23082_/Y
 _23083_/Y
 _23084_/Y
 _23085_/Y
 _23086_/Y
 _23087_/Y
 _23088_/Y
 _23089_/Y
 _23090_/X
 _23091_/Y
 _23092_/X
 _23093_/Y
 _23094_/Y
 _23095_/Y
 _23096_/Y
 _23097_/Y
 _23098_/Y
 _23099_/Y
 _23100_/Y
 _23101_/Y
 _23102_/Y
 _23103_/Y
 _23104_/Y
 _23105_/Y
 _23106_/Y
 _23107_/Y
 _23108_/Y
 _23109_/Y
 _23110_/Y
 _23111_/Y
 _23112_/Y
 _23113_/Y
 _23114_/Y
 _23115_/Y
 _23116_/X
 _23117_/Y
 _23118_/Y
 _23119_/Y
 _23120_/Y
 _23121_/Y
 _23122_/Y
 _23123_/Y
 _23124_/Y
 _23125_/Y
 _23126_/Y
 _23127_/Y
 _23128_/Y
 _23129_/Y
 _23130_/Y
 _23131_/Y
 _23132_/Y
 _23133_/Y
 _23134_/Y
 _23135_/Y
 _23136_/Y
 _23137_/Y
 _23138_/Y
 _23139_/X
 _23140_/Y
 _23141_/Y
 _23142_/Y
 _23143_/Y
 _23144_/Y
 _23145_/Y
 _23146_/Y
 _23147_/Y
 _23148_/Y
 _23149_/Y
 _23150_/X
 _23151_/Y
 _23152_/Y
 _23153_/Y
 _23154_/Y
 _23155_/Y
 _23156_/Y
 _23157_/Y
 _23158_/X
 _23159_/Y
 _23160_/Y
 _23161_/Y
 _23162_/Y
 _23163_/Y
 _23164_/Y
 _23165_/Y
 _23166_/X
 _23167_/X
 _23168_/Y
 _23169_/Y
 _23170_/Y
 _23171_/Y
 _23172_/Y
 _23173_/Y
 _23174_/Y
 _23175_/X
 _23176_/Y
 _23177_/X
 _23178_/Y
 _23179_/X
 _23180_/Y
 _23181_/X
 _23182_/Y
 _23183_/X
 _23184_/Y
 _23185_/Y
 _23186_/Y
 _23187_/X
 _23188_/Y
 _23189_/X
 _23190_/Y
 _23191_/X
 _23192_/Y
 _23193_/Y
 _23194_/Y
 _23195_/X
 _23196_/Y
 _23197_/Y
 _23198_/Y
 _23199_/X
 _23200_/Y
 _23201_/Y
 _23202_/Y
 _23203_/X
 _23204_/Y
 _23205_/X
 _23206_/Y
 _23207_/Y
 _23208_/X
 _23209_/Y
 _23210_/Y
 _23211_/Y
 _23212_/X
 _23213_/Y
 _23214_/Y
 _23215_/Y
 _23216_/Y
 _23217_/Y
 _23218_/Y
 _23219_/Y
 _23220_/Y
 _23221_/X
 _23222_/X
 _23223_/X
 _23224_/X
 _23225_/X
 _23226_/X
 _23227_/X
 _23228_/X
 _23229_/X
 _23230_/X
 _23231_/X
 _23232_/X
 _23233_/X
 _23234_/Y
 _23235_/Y
 _23236_/Y
 _23237_/Y
 _23238_/Y
 _23239_/Y
 _23240_/Y
 _23241_/Y
 _23242_/Y
 _23243_/Y
 _23244_/Y
 _23245_/Y
 _23246_/Y
 _23247_/Y
 _23248_/Y
 _23249_/Y
 _23250_/Y
 _23251_/Y
 _23252_/X
 _23253_/Y
 _23254_/Y
 _23255_/Y
 _23256_/X
 _23257_/Y
 _23258_/Y
 _23259_/Y
 _23260_/X
 _23261_/Y
 _23262_/Y
 _23263_/Y
 _23264_/X
 _23265_/Y
 _23266_/Y
 _23267_/Y
 _23268_/Y
 _23269_/Y
 _23270_/Y
 _23271_/Y
 _23272_/Y
 _23273_/Y
 _23274_/Y
 _23275_/Y
 _23276_/Y
 _23277_/Y
 _23278_/Y
 _23279_/Y
 _23280_/Y
 _23281_/Y
 _23282_/Y
 _23283_/Y
 _23284_/Y
 _23285_/Y
 _23286_/Y
 _23287_/Y
 _23288_/Y
 _23289_/Y
 _23290_/Y
 _23291_/Y
 _23292_/Y
 _23293_/Y
 _23294_/Y
 _23295_/Y
 _23296_/Y
 _23297_/Y
 _23298_/Y
 _23299_/Y
 _23300_/Y
 _23301_/Y
 _23302_/Y
 _23303_/Y
 _23304_/Y
 _23305_/Y
 _23306_/Y
 _23307_/Y
 _23308_/Y
 _23309_/Y
 _23310_/Y
 _23311_/Y
 _23312_/Y
 _23313_/Y
 _23314_/Y
 _23315_/Y
 _23316_/Y
 _23317_/Y
 _23318_/Y
 _23319_/Y
 _23320_/Y
 _23321_/Y
 _23322_/Y
 _23323_/Y
 _23324_/X
 _23325_/Y
 _23326_/Y
 _23327_/Y
 _23328_/Y
 _23329_/Y
 _23330_/Y
 _23331_/Y
 _23332_/Y
 _23333_/Y
 _23334_/Y
 _23335_/Y
 _23336_/Y
 _23337_/X
 _23338_/Y
 _23339_/Y
 _23340_/Y
 _23341_/Y
 _23342_/Y
 _23343_/Y
 _23344_/Y
 _23345_/Y
 _23346_/X
 _23347_/Y
 _23348_/Y
 _23349_/Y
 _23350_/Y
 _23351_/Y
 _23352_/Y
 _23353_/X
 _23354_/Y
 _23355_/Y
 _23356_/Y
 _23357_/X
 _23358_/Y
 _23359_/Y
 _23360_/X
 _23361_/Y
 _23362_/Y
 _23363_/Y
 _23364_/Y
 _23365_/Y
 _23366_/Y
 _23367_/Y
 _23368_/X
 _23369_/Y
 _23370_/Y
 _23371_/Y
 _23372_/Y
 _23373_/X
 _23374_/Y
 _23375_/Y
 _23376_/Y
 _23377_/Y
 _23378_/Y
 _23379_/X
 _23380_/Y
 _23381_/Y
 _23382_/Y
 _23383_/Y
 _23384_/Y
 _23385_/X
 _23386_/Y
 _23387_/Y
 _23388_/Y
 _23389_/Y
 _23390_/Y
 _23391_/Y
 _23392_/Y
 _23393_/Y
 _23394_/Y
 _23395_/Y
 _23396_/Y
 _23397_/Y
 _23398_/Y
 _23399_/Y
 _23400_/Y
 _23401_/Y
 _23402_/Y
 _23403_/Y
 _23404_/Y
 _23405_/Y
 _23406_/Y
 _23407_/Y
 _23408_/X
 _23409_/Y
 _23410_/Y
 _23411_/Y
 _23412_/Y
 _23413_/Y
 _23414_/Y
 _23415_/Y
 _23416_/Y
 _23417_/Y
 _23418_/Y
 _23419_/Y
 _23420_/Y
 _23421_/Y
 _23422_/Y
 _23423_/Y
 _23424_/Y
 _23425_/Y
 _23426_/Y
 _23427_/Y
 _23428_/Y
 _23429_/Y
 _23430_/Y
 _23431_/Y
 _23432_/Y
 _23433_/Y
 _23434_/Y
 _23435_/Y
 _23436_/Y
 _23437_/X
 _23438_/Y
 _23439_/Y
 _23440_/Y
 _23441_/Y
 _23442_/Y
 _23443_/Y
 _23444_/Y
 _23445_/Y
 _23446_/Y
 _23447_/Y
 _23448_/Y
 _23449_/Y
 _23450_/Y
 _23451_/Y
 _23452_/Y
 _23453_/Y
 _23454_/Y
 _23455_/Y
 _23456_/Y
 _23457_/X
 _23458_/Y
 _23459_/Y
 _23460_/X
 _23461_/Y
 _23462_/Y
 _23463_/Y
 _23464_/Y
 _23465_/Y
 _23466_/Y
 _23467_/X
 _23468_/Y
 _23469_/Y
 _23470_/Y
 _23471_/Y
 _23472_/Y
 _23473_/Y
 _23474_/Y
 _23475_/Y
 _23476_/Y
 _23477_/X
 _23478_/Y
 _23479_/Y
 _23480_/Y
 _23481_/Y
 _23482_/Y
 _23483_/Y
 _23484_/Y
 _23485_/Y
 _23486_/Y
 _23487_/Y
 _23488_/Y
 _23489_/Y
 _23490_/X
 _23491_/Y
 _23492_/Y
 _23493_/Y
 _23494_/Y
 _23495_/Y
 _23496_/Y
 _23497_/Y
 _23498_/Y
 _23499_/Y
 _23500_/X
 _23501_/Y
 _23502_/Y
 _23503_/Y
 _23504_/Y
 _23505_/X
 _23506_/Y
 _23507_/Y
 _23508_/Y
 _23509_/Y
 _23510_/Y
 _23511_/Y
 _23512_/Y
 _23513_/Y
 _23514_/Y
 _23515_/Y
 _23516_/Y
 _23517_/Y
 _23518_/Y
 _23519_/Y
 _23520_/Y
 _23521_/Y
 _23522_/Y
 _23523_/Y
 _23524_/Y
 _23525_/Y
 _23526_/X
 _23527_/Y
 _23528_/Y
 _23529_/X
 _23530_/Y
 _23531_/Y
 _23532_/Y
 _23533_/Y
 _23534_/Y
 _23535_/Y
 _23536_/Y
 _23537_/Y
 _23538_/Y
 _23539_/Y
 _23540_/Y
 _23541_/Y
 _23542_/Y
 _23543_/Y
 _23544_/Y
 _23545_/Y
 _23546_/Y
 _23547_/Y
 _23548_/Y
 _23549_/Y
 _23550_/Y
 _23551_/Y
 _23552_/X
 _23553_/Y
 _23554_/Y
 _23555_/Y
 _23556_/Y
 _23557_/Y
 _23558_/Y
 _23559_/Y
 _23560_/Y
 _23561_/Y
 _23562_/Y
 _23563_/Y
 _23564_/Y
 _23565_/Y
 _23566_/Y
 _23567_/Y
 _23568_/Y
 _23569_/Y
 _23570_/Y
 _23571_/Y
 _23572_/Y
 _23573_/X
 _23574_/Y
 _23575_/Y
 _23576_/Y
 _23577_/Y
 _23578_/Y
 _23579_/Y
 _23580_/Y
 _23581_/Y
 _23582_/Y
 _23583_/Y
 _23584_/Y
 _23585_/Y
 _23586_/Y
 _23587_/Y
 _23588_/Y
 _23589_/X
 _23590_/Y
 _23591_/Y
 _23592_/Y
 _23593_/Y
 _23594_/Y
 _23595_/Y
 _23596_/Y
 _23597_/Y
 _23598_/Y
 _23599_/Y
 _23600_/Y
 _23601_/Y
 _23602_/Y
 _23603_/Y
 _23604_/Y
 _23605_/Y
 _23606_/X
 _23607_/Y
 _23608_/Y
 _23609_/Y
 _23610_/Y
 _23611_/X
 _23612_/Y
 _23613_/X
 _23614_/Y
 _23615_/Y
 _23616_/Y
 _23617_/Y
 _23618_/Y
 _23619_/X
 _23620_/Y
 _23621_/X
 _23622_/X
 _23623_/Y
 _23624_/Y
 _23625_/Y
 _23626_/Y
 _23627_/X
 _23628_/Y
 _23629_/Y
 _23630_/Y
 _23631_/Y
 _23632_/Y
 _23633_/Y
 _23634_/X
 _23635_/Y
 _23636_/Y
 _23637_/Y
 _23638_/Y
 _23639_/Y
 _23640_/Y
 _23641_/Y
 _23642_/Y
 _23643_/Y
 _23644_/Y
 _23645_/Y
 _23646_/Y
 _23647_/Y
 _23648_/Y
 _23649_/Y
 _23650_/Y
 _23651_/Y
 _23652_/Y
 _23653_/Y
 _23654_/Y
 _23655_/Y
 _23656_/Y
 _23657_/Y
 _23658_/Y
 _23659_/Y
 _23660_/Y
 _23661_/Y
 _23662_/Y
 _23663_/Y
 _23664_/Y
 _23665_/Y
 _23666_/Y
 _23667_/Y
 _23668_/Y
 _23669_/Y
 _23670_/Y
 _23671_/Y
 _23672_/X
 _23673_/Y
 _23674_/Y
 _23675_/Y
 _23676_/Y
 _23677_/Y
 _23678_/Y
 _23679_/Y
 _23680_/Y
 _23681_/Y
 _23682_/X
 _23683_/Y
 _23684_/X
 _23685_/Y
 _23686_/Y
 _23687_/Y
 _23688_/Y
 _23689_/Y
 _23690_/Y
 _23691_/Y
 _23692_/Y
 _23693_/Y
 _23694_/X
 _23695_/Y
 _23696_/Y
 _23697_/Y
 _23698_/Y
 _23699_/Y
 _23700_/Y
 _23701_/Y
 _23702_/Y
 _23703_/Y
 _23704_/Y
 _23705_/Y
 _23706_/Y
 _23707_/Y
 _23708_/Y
 _23709_/Y
 _23710_/Y
 _23711_/Y
 _23712_/Y
 _23713_/Y
 _23714_/Y
 _23715_/Y
 _23716_/Y
 _23717_/Y
 _23718_/Y
 _23719_/Y
 _23720_/Y
 _23721_/Y
 _23722_/Y
 _23723_/Y
 _23724_/Y
 _23725_/X
 _23726_/Y
 _23727_/Y
 _23728_/Y
 _23729_/Y
 _23730_/Y
 _23731_/Y
 _23732_/X
 _23733_/Y
 _23734_/Y
 _23735_/Y
 _23736_/Y
 _23737_/Y
 _23738_/Y
 _23739_/Y
 _23740_/Y
 _23741_/Y
 _23742_/Y
 _23743_/X
 _23744_/Y
 _23745_/Y
 _23746_/Y
 _23747_/Y
 _23748_/Y
 _23749_/Y
 _23750_/Y
 _23751_/Y
 _23752_/Y
 _23753_/X
 _23754_/Y
 _23755_/Y
 _23756_/Y
 _23757_/Y
 _23758_/Y
 _23759_/Y
 _23760_/Y
 _23761_/Y
 _23762_/Y
 _23763_/X
 _23764_/Y
 _23765_/X
 _23766_/Y
 _23767_/Y
 _23768_/Y
 _23769_/Y
 _23770_/Y
 _23771_/Y
 _23772_/Y
 _23773_/Y
 _23774_/X
 _23775_/Y
 _23776_/X
 _23777_/Y
 _23778_/Y
 _23779_/Y
 _23780_/X
 _23781_/Y
 _23782_/Y
 _23783_/Y
 _23784_/Y
 _23785_/Y
 _23786_/Y
 _23787_/Y
 _23788_/Y
 _23789_/Y
 _23790_/Y
 _23791_/Y
 _23792_/Y
 _23793_/Y
 _23794_/Y
 _23795_/Y
 _23796_/Y
 _23797_/Y
 _23798_/Y
 _23799_/Y
 _23800_/Y
 _23801_/Y
 _23802_/Y
 _23803_/Y
 _23804_/Y
 _23805_/Y
 _23806_/Y
 _23807_/Y
 _23808_/Y
 _23809_/Y
 _23810_/Y
 _23811_/Y
 _23812_/Y
 _23813_/Y
 _23814_/Y
 _23815_/Y
 _23816_/Y
 _23817_/X
 _23818_/Y
 _23819_/Y
 _23820_/Y
 _23821_/Y
 _23822_/Y
 _23823_/Y
 _23824_/Y
 _23825_/X
 _23826_/Y
 _23827_/Y
 _23828_/Y
 _23829_/Y
 _23830_/Y
 _23831_/Y
 _23832_/Y
 _23833_/Y
 _23834_/Y
 _23835_/X
 _23836_/Y
 _23837_/X
 _23838_/Y
 _23839_/Y
 _23840_/Y
 _23841_/X
 _23842_/Y
 _23843_/Y
 _23844_/Y
 _23845_/Y
 _23846_/X
 _23847_/Y
 _23848_/Y
 _23849_/Y
 _23850_/Y
 _23851_/Y
 _23852_/Y
 _23853_/Y
 _23854_/X
 _23855_/Y
 _23856_/Y
 _23857_/Y
 _23858_/Y
 _23859_/Y
 _23860_/Y
 _23861_/Y
 _23862_/Y
 _23863_/Y
 _23864_/Y
 _23865_/X
 _23866_/Y
 _23867_/Y
 _23868_/Y
 _23869_/Y
 _23870_/Y
 _23871_/Y
 _23872_/Y
 _23873_/X
 _23874_/Y
 _23875_/Y
 _23876_/Y
 _23877_/Y
 _23878_/Y
 _23879_/Y
 _23880_/Y
 _23881_/Y
 _23882_/X
 _23883_/Y
 _23884_/Y
 _23885_/Y
 _23886_/X
 _23887_/X
 _23888_/Y
 _23889_/Y
 _23890_/Y
 _23891_/Y
 _23892_/Y
 _23893_/Y
 _23894_/Y
 _23895_/Y
 _23896_/Y
 _23897_/Y
 _23898_/Y
 _23899_/Y
 _23900_/X
 _23901_/Y
 _23902_/X
 _23903_/Y
 _23904_/Y
 _23905_/Y
 _23906_/Y
 _23907_/Y
 _23908_/Y
 _23909_/Y
 _23910_/X
 _23911_/Y
 _23912_/X
 _23913_/Y
 _23914_/Y
 _23915_/Y
 _23916_/Y
 _23917_/Y
 _23918_/Y
 _23919_/Y
 _23920_/Y
 _23921_/X
 _23922_/X
 _23923_/Y
 _23924_/X
 _23925_/X
 _23926_/Y
 _23927_/Y
 _23928_/Y
 _23929_/Y
 _23930_/Y
 _23931_/Y
 _23932_/Y
 _23933_/Y
 _23934_/Y
 _23935_/Y
 _23936_/Y
 _23937_/Y
 _23938_/X
 _23939_/Y
 _23940_/Y
 _23941_/Y
 _23942_/Y
 _23943_/Y
 _23944_/Y
 _23945_/X
 _23946_/Y
 _23947_/Y
 _23948_/Y
 _23949_/X
 _23950_/Y
 _23951_/Y
 _23952_/Y
 _23953_/Y
 _23954_/Y
 _23955_/Y
 _23956_/Y
 _23957_/Y
 _23958_/Y
 _23959_/X
 _23960_/X
 _23961_/X
 _23962_/X
 _23963_/X
 _23964_/X
 _23965_/X
 _23966_/X
 _23967_/Y
 _23968_/X
 _23969_/X
 _23970_/X
 _23971_/X
 _23972_/X
 _23973_/X
 _23974_/X
 _23975_/X
 _23976_/X
 _23977_/X
 _23978_/Y
 _23979_/X
 _23980_/X
 _23981_/X
 _23982_/X
 _23983_/X
 _23984_/X
 _23985_/X
 _23986_/X
 _23987_/X
 _23988_/X
 _23989_/X
 _23990_/X
 _23991_/X
 _23992_/X
 _23993_/X
 _23994_/X
 _23995_/X
 _23996_/X
 _23997_/X
 _23998_/X
 _23999_/X
 _24000_/X
 _24001_/Y
 _24002_/Y
 _24003_/Y
 _24004_/Y
 _24005_/Y
 _24006_/Y
 _24007_/Y
 _24008_/Y
 _24009_/Y
 _24010_/Y
 _24011_/Y
 _24012_/Y
 _24013_/Y
 _24014_/Y
 _24015_/Y
 _24016_/X
 _24017_/Y
 _24018_/Y
 _24019_/Y
 _24020_/X
 _24021_/Y
 _24022_/Y
 _24023_/Y
 _24024_/X
 _24025_/Y
 _24026_/Y
 _24027_/Y
 _24028_/X
 _24029_/Y
 _24030_/Y
 _24031_/Y
 _24032_/Y
 _24033_/Y
 _24034_/Y
 _24035_/Y
 _24036_/Y
 _24037_/Y
 _24038_/Y
 _24039_/Y
 _24040_/Y
 _24041_/Y
 _24042_/Y
 _24043_/Y
 _24044_/Y
 _24045_/Y
 _24046_/Y
 _24047_/Y
 _24048_/Y
 _24049_/Y
 _24050_/Y
 _24051_/Y
 _24052_/Y
 _24053_/Y
 _24054_/Y
 _24055_/Y
 _24056_/Y
 _24057_/Y
 _24058_/Y
 _24059_/Y
 _24060_/Y
 _24061_/Y
 _24062_/Y
 _24063_/Y
 _24064_/Y
 _24065_/Y
 _24066_/Y
 _24067_/Y
 _24068_/Y
 _24069_/Y
 _24070_/Y
 _24071_/Y
 _24072_/Y
 _24073_/Y
 _24074_/Y
 _24075_/Y
 _24076_/Y
 _24077_/Y
 _24078_/Y
 _24079_/Y
 _24080_/Y
 _24081_/Y
 _24082_/Y
 _24083_/Y
 _24084_/Y
 _24085_/Y
 _24086_/Y
 _24087_/Y
 _24088_/Y
 _24089_/Y
 _24090_/Y
 _24091_/Y
 _24092_/Y
 _24093_/Y
 _24094_/Y
 _24095_/Y
 _24096_/Y
 _24097_/Y
 _24098_/Y
 _24099_/Y
 _24100_/Y
 _24101_/Y
 _24102_/Y
 _24103_/Y
 _24104_/Y
 _24105_/Y
 _24106_/Y
 _24107_/X
 _24108_/Y
 _24109_/Y
 _24110_/X
 _24111_/Y
 _24112_/Y
 _24113_/Y
 _24114_/Y
 _24115_/X
 _24116_/Y
 _24117_/Y
 _24118_/Y
 _24119_/X
 _24120_/Y
 _24121_/Y
 _24122_/X
 _24123_/Y
 _24124_/Y
 _24125_/X
 _24126_/X
 _24127_/Y
 _24128_/Y
 _24129_/Y
 _24130_/Y
 _24131_/Y
 _24132_/Y
 _24133_/Y
 _24134_/X
 _24135_/Y
 _24136_/Y
 _24137_/Y
 _24138_/Y
 _24139_/X
 _24140_/Y
 _24141_/Y
 _24142_/Y
 _24143_/Y
 _24144_/Y
 _24145_/X
 _24146_/Y
 _24147_/Y
 _24148_/Y
 _24149_/Y
 _24150_/Y
 _24151_/X
 _24152_/Y
 _24153_/Y
 _24154_/Y
 _24155_/Y
 _24156_/Y
 _24157_/Y
 _24158_/Y
 _24159_/Y
 _24160_/Y
 _24161_/Y
 _24162_/Y
 _24163_/Y
 _24164_/Y
 _24165_/Y
 _24166_/Y
 _24167_/Y
 _24168_/Y
 _24169_/Y
 _24170_/Y
 _24171_/Y
 _24172_/Y
 _24173_/X
 _24174_/Y
 _24175_/Y
 _24176_/Y
 _24177_/Y
 _24178_/Y
 _24179_/Y
 _24180_/Y
 _24181_/Y
 _24182_/Y
 _24183_/Y
 _24184_/Y
 _24185_/Y
 _24186_/X
 _24187_/Y
 _24188_/Y
 _24189_/Y
 _24190_/Y
 _24191_/Y
 _24192_/Y
 _24193_/Y
 _24194_/Y
 _24195_/Y
 _24196_/Y
 _24197_/Y
 _24198_/Y
 _24199_/Y
 _24200_/Y
 _24201_/X
 _24202_/Y
 _24203_/Y
 _24204_/Y
 _24205_/Y
 _24206_/Y
 _24207_/Y
 _24208_/Y
 _24209_/Y
 _24210_/Y
 _24211_/Y
 _24212_/Y
 _24213_/Y
 _24214_/Y
 _24215_/Y
 _24216_/Y
 _24217_/Y
 _24218_/Y
 _24219_/Y
 _24220_/Y
 _24221_/X
 _24222_/Y
 _24223_/Y
 _24224_/X
 _24225_/Y
 _24226_/Y
 _24227_/Y
 _24228_/Y
 _24229_/Y
 _24230_/Y
 _24231_/X
 _24232_/Y
 _24233_/Y
 _24234_/Y
 _24235_/Y
 _24236_/Y
 _24237_/Y
 _24238_/Y
 _24239_/Y
 _24240_/Y
 _24241_/X
 _24242_/Y
 _24243_/Y
 _24244_/Y
 _24245_/Y
 _24246_/Y
 _24247_/Y
 _24248_/Y
 _24249_/Y
 _24250_/Y
 _24251_/Y
 _24252_/Y
 _24253_/Y
 _24254_/X
 _24255_/Y
 _24256_/Y
 _24257_/Y
 _24258_/Y
 _24259_/Y
 _24260_/Y
 _24261_/Y
 _24262_/Y
 _24263_/Y
 _24264_/X
 _24265_/Y
 _24266_/Y
 _24267_/Y
 _24268_/Y
 _24269_/X
 _24270_/Y
 _24271_/Y
 _24272_/Y
 _24273_/Y
 _24274_/Y
 _24275_/Y
 _24276_/Y
 _24277_/Y
 _24278_/Y
 _24279_/Y
 _24280_/Y
 _24281_/Y
 _24282_/Y
 _24283_/Y
 _24284_/Y
 _24285_/Y
 _24286_/Y
 _24287_/Y
 _24288_/Y
 _24289_/Y
 _24290_/X
 _24291_/Y
 _24292_/Y
 _24293_/X
 _24294_/Y
 _24295_/Y
 _24296_/Y
 _24297_/Y
 _24298_/Y
 _24299_/Y
 _24300_/Y
 _24301_/Y
 _24302_/Y
 _24303_/Y
 _24304_/Y
 _24305_/Y
 _24306_/Y
 _24307_/Y
 _24308_/Y
 _24309_/Y
 _24310_/Y
 _24311_/Y
 _24312_/Y
 _24313_/Y
 _24314_/Y
 _24315_/Y
 _24316_/X
 _24317_/Y
 _24318_/Y
 _24319_/Y
 _24320_/Y
 _24321_/Y
 _24322_/Y
 _24323_/Y
 _24324_/Y
 _24325_/Y
 _24326_/Y
 _24327_/Y
 _24328_/Y
 _24329_/Y
 _24330_/Y
 _24331_/Y
 _24332_/Y
 _24333_/Y
 _24334_/Y
 _24335_/Y
 _24336_/Y
 _24337_/Y
 _24338_/X
 _24339_/Y
 _24340_/Y
 _24341_/Y
 _24342_/Y
 _24343_/Y
 _24344_/X
 _24345_/Y
 _24346_/X
 _24347_/Y
 _24348_/Y
 _24349_/Y
 _24350_/Y
 _24351_/Y
 _24352_/Y
 _24353_/Y
 _24354_/Y
 _24355_/Y
 _24356_/X
 _24357_/Y
 _24358_/Y
 _24359_/Y
 _24360_/Y
 _24361_/Y
 _24362_/Y
 _24363_/Y
 _24364_/Y
 _24365_/X
 _24366_/Y
 _24367_/Y
 _24368_/Y
 _24369_/X
 _24370_/Y
 _24371_/Y
 _24372_/X
 _24373_/Y
 _24374_/Y
 _24375_/X
 _24376_/Y
 _24377_/X
 _24378_/Y
 _24379_/X
 _24380_/Y
 _24381_/Y
 _24382_/Y
 _24383_/Y
 _24384_/Y
 _24385_/X
 _24386_/X
 _24387_/X
 _24388_/Y
 _24389_/Y
 _24390_/X
 _24391_/Y
 _24392_/Y
 _24393_/Y
 _24394_/Y
 _24395_/Y
 _24396_/Y
 _24397_/Y
 _24398_/Y
 _24399_/Y
 _24400_/Y
 _24401_/Y
 _24402_/Y
 _24403_/X
 _24404_/Y
 _24405_/Y
 _24406_/Y
 _24407_/Y
 _24408_/Y
 _24409_/Y
 _24410_/Y
 _24411_/X
 _24412_/Y
 _24413_/Y
 _24414_/Y
 _24415_/Y
 _24416_/Y
 _24417_/Y
 _24418_/Y
 _24419_/Y
 _24420_/Y
 _24421_/Y
 _24422_/Y
 _24423_/Y
 _24424_/Y
 _24425_/Y
 _24426_/Y
 _24427_/Y
 _24428_/Y
 _24429_/Y
 _24430_/X
 _24431_/Y
 _24432_/Y
 _24433_/X
 _24434_/X
 _24435_/Y
 _24436_/Y
 _24437_/Y
 _24438_/Y
 _24439_/Y
 _24440_/Y
 _24441_/X
 _24442_/Y
 _24443_/Y
 _24444_/Y
 _24445_/Y
 _24446_/X
 _24447_/Y
 _24448_/Y
 _24449_/Y
 _24450_/X
 _24451_/Y
 _24452_/Y
 _24453_/Y
 _24454_/Y
 _24455_/Y
 _24456_/Y
 _24457_/Y
 _24458_/Y
 _24459_/Y
 _24460_/Y
 _24461_/Y
 _24462_/Y
 _24463_/Y
 _24464_/Y
 _24465_/Y
 _24466_/Y
 _24467_/Y
 _24468_/Y
 _24469_/Y
 _24470_/Y
 _24471_/Y
 _24472_/Y
 _24473_/Y
 _24474_/Y
 _24475_/Y
 _24476_/Y
 _24477_/Y
 _24478_/Y
 _24479_/Y
 _24480_/Y
 _24481_/Y
 _24482_/Y
 _24483_/Y
 _24484_/Y
 _24485_/Y
 _24486_/Y
 _24487_/Y
 _24488_/Y
 _24489_/Y
 _24490_/Y
 _24491_/X
 _24492_/Y
 _24493_/Y
 _24494_/Y
 _24495_/Y
 _24496_/Y
 _24497_/Y
 _24498_/X
 _24499_/Y
 _24500_/Y
 _24501_/Y
 _24502_/Y
 _24503_/Y
 _24504_/Y
 _24505_/Y
 _24506_/Y
 _24507_/Y
 _24508_/Y
 _24509_/Y
 _24510_/X
 _24511_/Y
 _24512_/Y
 _24513_/Y
 _24514_/Y
 _24515_/Y
 _24516_/Y
 _24517_/Y
 _24518_/Y
 _24519_/Y
 _24520_/Y
 _24521_/Y
 _24522_/X
 _24523_/Y
 _24524_/Y
 _24525_/Y
 _24526_/Y
 _24527_/Y
 _24528_/Y
 _24529_/Y
 _24530_/Y
 _24531_/X
 _24532_/X
 _24533_/Y
 _24534_/Y
 _24535_/Y
 _24536_/Y
 _24537_/Y
 _24538_/Y
 _24539_/Y
 _24540_/Y
 _24541_/Y
 _24542_/X
 _24543_/Y
 _24544_/X
 _24545_/Y
 _24546_/Y
 _24547_/Y
 _24548_/X
 _24549_/Y
 _24550_/Y
 _24551_/Y
 _24552_/Y
 _24553_/Y
 _24554_/Y
 _24555_/Y
 _24556_/Y
 _24557_/Y
 _24558_/Y
 _24559_/Y
 _24560_/Y
 _24561_/Y
 _24562_/Y
 _24563_/Y
 _24564_/Y
 _24565_/Y
 _24566_/Y
 _24567_/Y
 _24568_/Y
 _24569_/Y
 _24570_/Y
 _24571_/Y
 _24572_/Y
 _24573_/Y
 _24574_/Y
 _24575_/Y
 _24576_/Y
 _24577_/Y
 _24578_/Y
 _24579_/Y
 _24580_/Y
 _24581_/Y
 _24582_/Y
 _24583_/Y
 _24584_/X
 _24585_/Y
 _24586_/Y
 _24587_/Y
 _24588_/Y
 _24589_/Y
 _24590_/Y
 _24591_/Y
 _24592_/X
 _24593_/Y
 _24594_/Y
 _24595_/Y
 _24596_/Y
 _24597_/Y
 _24598_/Y
 _24599_/Y
 _24600_/Y
 _24601_/Y
 _24602_/X
 _24603_/Y
 _24604_/X
 _24605_/Y
 _24606_/Y
 _24607_/Y
 _24608_/Y
 _24609_/X
 _24610_/Y
 _24611_/Y
 _24612_/Y
 _24613_/Y
 _24614_/Y
 _24615_/X
 _24616_/Y
 _24617_/Y
 _24618_/Y
 _24619_/Y
 _24620_/Y
 _24621_/Y
 _24622_/Y
 _24623_/X
 _24624_/Y
 _24625_/Y
 _24626_/Y
 _24627_/Y
 _24628_/Y
 _24629_/Y
 _24630_/Y
 _24631_/Y
 _24632_/Y
 _24633_/Y
 _24634_/X
 _24635_/Y
 _24636_/Y
 _24637_/Y
 _24638_/Y
 _24639_/Y
 _24640_/Y
 _24641_/Y
 _24642_/X
 _24643_/Y
 _24644_/Y
 _24645_/Y
 _24646_/Y
 _24647_/Y
 _24648_/Y
 _24649_/Y
 _24650_/X
 _24651_/Y
 _24652_/Y
 _24653_/Y
 _24654_/X
 _24655_/X
 _24656_/Y
 _24657_/Y
 _24658_/Y
 _24659_/Y
 _24660_/Y
 _24661_/Y
 _24662_/Y
 _24663_/Y
 _24664_/Y
 _24665_/Y
 _24666_/Y
 _24667_/Y
 _24668_/X
 _24669_/Y
 _24670_/X
 _24671_/Y
 _24672_/Y
 _24673_/Y
 _24674_/Y
 _24675_/Y
 _24676_/Y
 _24677_/Y
 _24678_/X
 _24679_/Y
 _24680_/X
 _24681_/Y
 _24682_/Y
 _24683_/Y
 _24684_/Y
 _24685_/Y
 _24686_/Y
 _24687_/Y
 _24688_/Y
 _24689_/X
 _24690_/X
 _24691_/Y
 _24692_/X
 _24693_/X
 _24694_/Y
 _24695_/Y
 _24696_/Y
 _24697_/Y
 _24698_/Y
 _24699_/Y
 _24700_/Y
 _24701_/Y
 _24702_/Y
 _24703_/Y
 _24704_/Y
 _24705_/Y
 _24706_/X
 _24707_/Y
 _24708_/Y
 _24709_/Y
 _24710_/Y
 _24711_/Y
 _24712_/Y
 _24713_/Y
 _24714_/Y
 _24715_/Y
 _24716_/X
 _24717_/Y
 _24718_/X
 _24719_/Y
 _24720_/Y
 _24721_/Y
 _24722_/Y
 _24723_/Y
 _24724_/X
 _24725_/X
 _24726_/X
 _24727_/X
 _24728_/X
 _24729_/X
 _24730_/X
 _24731_/X
 _24732_/Y
 _24733_/X
 _24734_/X
 _24735_/X
 _24736_/X
 _24737_/X
 _24738_/X
 _24739_/X
 _24740_/X
 _24741_/X
 _24742_/X
 _24743_/Y
 _24744_/X
 _24745_/X
 _24746_/X
 _24747_/X
 _24748_/X
 _24749_/X
 _24750_/X
 _24751_/X
 _24752_/X
 _24753_/X
 _24754_/X
 _24755_/X
 _24756_/X
 _24757_/X
 _24758_/X
 _24759_/X
 _24760_/X
 _24761_/X
 _24762_/X
 _24763_/X
 _24764_/X
 _24765_/X
 _24766_/Y
 _24767_/Y
 _24768_/Y
 _24769_/Y
 _24770_/Y
 _24771_/Y
 _24772_/Y
 _24773_/Y
 _24774_/Y
 _24775_/Y
 _24776_/Y
 _24777_/Y
 _24778_/Y
 _24779_/Y
 _24780_/Y
 _24781_/Y
 _24782_/Y
 _24783_/Y
 _24784_/X
 _24785_/Y
 _24786_/Y
 _24787_/Y
 _24788_/X
 _24789_/Y
 _24790_/Y
 _24791_/Y
 _24792_/X
 _24793_/Y
 _24794_/Y
 _24795_/Y
 _24796_/X
 _24797_/Y
 _24798_/Y
 _24799_/Y
 _24800_/Y
 _24801_/Y
 _24802_/Y
 _24803_/Y
 _24804_/Y
 _24805_/Y
 _24806_/Y
 _24807_/Y
 _24808_/Y
 _24809_/Y
 _24810_/Y
 _24811_/Y
 _24812_/Y
 _24813_/Y
 _24814_/Y
 _24815_/Y
 _24816_/Y
 _24817_/Y
 _24818_/Y
 _24819_/Y
 _24820_/Y
 _24821_/Y
 _24822_/Y
 _24823_/Y
 _24824_/Y
 _24825_/Y
 _24826_/Y
 _24827_/Y
 _24828_/Y
 _24829_/Y
 _24830_/Y
 _24831_/Y
 _24832_/Y
 _24833_/Y
 _24834_/Y
 _24835_/Y
 _24836_/Y
 _24837_/Y
 _24838_/Y
 _24839_/Y
 _24840_/Y
 _24841_/Y
 _24842_/Y
 _24843_/Y
 _24844_/Y
 _24845_/Y
 _24846_/Y
 _24847_/Y
 _24848_/Y
 _24849_/Y
 _24850_/Y
 _24851_/Y
 _24852_/Y
 _24853_/Y
 _24854_/Y
 _24855_/Y
 _24856_/X
 _24857_/X
 _24858_/Y
 _24859_/Y
 _24860_/Y
 _24861_/Y
 _24862_/Y
 _24863_/Y
 _24864_/Y
 _24865_/Y
 _24866_/Y
 _24867_/Y
 _24868_/X
 _24869_/Y
 _24870_/Y
 _24871_/Y
 _24872_/Y
 _24873_/Y
 _24874_/Y
 _24875_/Y
 _24876_/Y
 _24877_/X
 _24878_/Y
 _24879_/Y
 _24880_/Y
 _24881_/Y
 _24882_/Y
 _24883_/Y
 _24884_/X
 _24885_/Y
 _24886_/Y
 _24887_/Y
 _24888_/X
 _24889_/Y
 _24890_/Y
 _24891_/X
 _24892_/Y
 _24893_/Y
 _24894_/Y
 _24895_/Y
 _24896_/Y
 _24897_/Y
 _24898_/Y
 _24899_/Y
 _24900_/Y
 _24901_/X
 _24902_/Y
 _24903_/Y
 _24904_/Y
 _24905_/Y
 _24906_/X
 _24907_/Y
 _24908_/Y
 _24909_/Y
 _24910_/Y
 _24911_/Y
 _24912_/X
 _24913_/Y
 _24914_/Y
 _24915_/Y
 _24916_/Y
 _24917_/Y
 _24918_/X
 _24919_/Y
 _24920_/Y
 _24921_/Y
 _24922_/Y
 _24923_/Y
 _24924_/Y
 _24925_/Y
 _24926_/Y
 _24927_/Y
 _24928_/Y
 _24929_/Y
 _24930_/Y
 _24931_/Y
 _24932_/Y
 _24933_/Y
 _24934_/Y
 _24935_/Y
 _24936_/Y
 _24937_/X
 _24938_/Y
 _24939_/Y
 _24940_/Y
 _24941_/Y
 _24942_/Y
 _24943_/Y
 _24944_/Y
 _24945_/Y
 _24946_/Y
 _24947_/Y
 _24948_/Y
 _24949_/Y
 _24950_/Y
 _24951_/Y
 _24952_/Y
 _24953_/Y
 _24954_/Y
 _24955_/Y
 _24956_/Y
 _24957_/Y
 _24958_/Y
 _24959_/Y
 _24960_/Y
 _24961_/Y
 _24962_/Y
 _24963_/Y
 _24964_/Y
 _24965_/Y
 _24966_/X
 _24967_/Y
 _24968_/Y
 _24969_/Y
 _24970_/Y
 _24971_/Y
 _24972_/Y
 _24973_/Y
 _24974_/Y
 _24975_/Y
 _24976_/Y
 _24977_/Y
 _24978_/Y
 _24979_/Y
 _24980_/Y
 _24981_/Y
 _24982_/Y
 _24983_/Y
 _24984_/Y
 _24985_/Y
 _24986_/X
 _24987_/Y
 _24988_/Y
 _24989_/X
 _24990_/Y
 _24991_/Y
 _24992_/Y
 _24993_/Y
 _24994_/Y
 _24995_/Y
 _24996_/X
 _24997_/Y
 _24998_/Y
 _24999_/Y
 _25000_/Y
 _25001_/Y
 _25002_/Y
 _25003_/Y
 _25004_/Y
 _25005_/Y
 _25006_/X
 _25007_/Y
 _25008_/Y
 _25009_/Y
 _25010_/Y
 _25011_/Y
 _25012_/Y
 _25013_/Y
 _25014_/Y
 _25015_/Y
 _25016_/Y
 _25017_/Y
 _25018_/Y
 _25019_/Y
 _25020_/X
 _25021_/Y
 _25022_/Y
 _25023_/Y
 _25024_/Y
 _25025_/Y
 _25026_/Y
 _25027_/Y
 _25028_/Y
 _25029_/Y
 _25030_/Y
 _25031_/Y
 _25032_/Y
 _25033_/X
 _25034_/Y
 _25035_/Y
 _25036_/Y
 _25037_/Y
 _25038_/Y
 _25039_/Y
 _25040_/Y
 _25041_/X
 _25042_/Y
 _25043_/Y
 _25044_/Y
 _25045_/Y
 _25046_/Y
 _25047_/Y
 _25048_/Y
 _25049_/Y
 _25050_/Y
 _25051_/Y
 _25052_/Y
 _25053_/Y
 _25054_/Y
 _25055_/X
 _25056_/Y
 _25057_/Y
 _25058_/X
 _25059_/Y
 _25060_/Y
 _25061_/Y
 _25062_/Y
 _25063_/Y
 _25064_/Y
 _25065_/Y
 _25066_/Y
 _25067_/Y
 _25068_/Y
 _25069_/Y
 _25070_/Y
 _25071_/Y
 _25072_/Y
 _25073_/Y
 _25074_/Y
 _25075_/Y
 _25076_/Y
 _25077_/Y
 _25078_/Y
 _25079_/Y
 _25080_/Y
 _25081_/X
 _25082_/Y
 _25083_/Y
 _25084_/Y
 _25085_/Y
 _25086_/Y
 _25087_/Y
 _25088_/Y
 _25089_/Y
 _25090_/Y
 _25091_/Y
 _25092_/Y
 _25093_/Y
 _25094_/Y
 _25095_/Y
 _25096_/Y
 _25097_/Y
 _25098_/Y
 _25099_/Y
 _25100_/Y
 _25101_/Y
 _25102_/X
 _25103_/Y
 _25104_/Y
 _25105_/Y
 _25106_/Y
 _25107_/Y
 _25108_/Y
 _25109_/Y
 _25110_/Y
 _25111_/Y
 _25112_/Y
 _25113_/Y
 _25114_/Y
 _25115_/Y
 _25116_/Y
 _25117_/X
 _25118_/X
 _25119_/Y
 _25120_/Y
 _25121_/Y
 _25122_/X
 _25123_/X
 _25124_/Y
 _25125_/Y
 _25126_/Y
 _25127_/Y
 _25128_/Y
 _25129_/Y
 _25130_/Y
 _25131_/X
 _25132_/Y
 _25133_/Y
 _25134_/Y
 _25135_/Y
 _25136_/Y
 _25137_/Y
 _25138_/Y
 _25139_/Y
 _25140_/Y
 _25141_/Y
 _25142_/Y
 _25143_/X
 _25144_/X
 _25145_/Y
 _25146_/X
 _25147_/X
 _25148_/Y
 _25149_/Y
 _25150_/Y
 _25151_/Y
 _25152_/X
 _25153_/Y
 _25154_/Y
 _25155_/Y
 _25156_/Y
 _25157_/Y
 _25158_/Y
 _25159_/X
 _25160_/Y
 _25161_/X
 _25162_/Y
 _25163_/Y
 _25164_/Y
 _25165_/Y
 _25166_/Y
 _25167_/Y
 _25168_/Y
 _25169_/Y
 _25170_/Y
 _25171_/Y
 _25172_/Y
 _25173_/Y
 _25174_/Y
 _25175_/Y
 _25176_/Y
 _25177_/Y
 _25178_/Y
 _25179_/Y
 _25180_/Y
 _25181_/Y
 _25182_/Y
 _25183_/Y
 _25184_/Y
 _25185_/Y
 _25186_/Y
 _25187_/Y
 _25188_/Y
 _25189_/Y
 _25190_/Y
 _25191_/Y
 _25192_/Y
 _25193_/Y
 _25194_/X
 _25195_/Y
 _25196_/Y
 _25197_/Y
 _25198_/Y
 _25199_/Y
 _25200_/Y
 _25201_/Y
 _25202_/Y
 _25203_/Y
 _25204_/Y
 _25205_/X
 _25206_/Y
 _25207_/Y
 _25208_/Y
 _25209_/Y
 _25210_/Y
 _25211_/X
 _25212_/Y
 _25213_/Y
 _25214_/Y
 _25215_/Y
 _25216_/Y
 _25217_/Y
 _25218_/Y
 _25219_/X
 _25220_/X
 _25221_/Y
 _25222_/Y
 _25223_/Y
 _25224_/Y
 _25225_/Y
 _25226_/Y
 _25227_/Y
 _25228_/Y
 _25229_/Y
 _25230_/Y
 _25231_/Y
 _25232_/Y
 _25233_/Y
 _25234_/Y
 _25235_/Y
 _25236_/Y
 _25237_/Y
 _25238_/Y
 _25239_/Y
 _25240_/Y
 _25241_/Y
 _25242_/Y
 _25243_/Y
 _25244_/Y
 _25245_/Y
 _25246_/Y
 _25247_/Y
 _25248_/Y
 _25249_/Y
 _25250_/Y
 _25251_/Y
 _25252_/X
 _25253_/Y
 _25254_/Y
 _25255_/Y
 _25256_/Y
 _25257_/Y
 _25258_/Y
 _25259_/Y
 _25260_/X
 _25261_/Y
 _25262_/Y
 _25263_/Y
 _25264_/Y
 _25265_/Y
 _25266_/Y
 _25267_/Y
 _25268_/Y
 _25269_/Y
 _25270_/X
 _25271_/Y
 _25272_/X
 _25273_/Y
 _25274_/Y
 _25275_/Y
 _25276_/Y
 _25277_/Y
 _25278_/Y
 _25279_/Y
 _25280_/Y
 _25281_/X
 _25282_/Y
 _25283_/Y
 _25284_/Y
 _25285_/Y
 _25286_/Y
 _25287_/Y
 _25288_/Y
 _25289_/Y
 _25290_/X
 _25291_/Y
 _25292_/X
 _25293_/Y
 _25294_/Y
 _25295_/Y
 _25296_/Y
 _25297_/Y
 _25298_/Y
 _25299_/Y
 _25300_/Y
 _25301_/X
 _25302_/Y
 _25303_/Y
 _25304_/Y
 _25305_/Y
 _25306_/Y
 _25307_/Y
 _25308_/X
 _25309_/X
 _25310_/Y
 _25311_/X
 _25312_/Y
 _25313_/Y
 _25314_/Y
 _25315_/Y
 _25316_/Y
 _25317_/Y
 _25318_/Y
 _25319_/Y
 _25320_/Y
 _25321_/Y
 _25322_/Y
 _25323_/Y
 _25324_/Y
 _25325_/Y
 _25326_/Y
 _25327_/Y
 _25328_/Y
 _25329_/Y
 _25330_/Y
 _25331_/Y
 _25332_/Y
 _25333_/Y
 _25334_/Y
 _25335_/Y
 _25336_/Y
 _25337_/Y
 _25338_/Y
 _25339_/Y
 _25340_/Y
 _25341_/Y
 _25342_/Y
 _25343_/X
 _25344_/Y
 _25345_/Y
 _25346_/Y
 _25347_/Y
 _25348_/Y
 _25349_/Y
 _25350_/Y
 _25351_/Y
 _25352_/Y
 _25353_/Y
 _25354_/Y
 _25355_/Y
 _25356_/X
 _25357_/Y
 _25358_/Y
 _25359_/Y
 _25360_/Y
 _25361_/Y
 _25362_/Y
 _25363_/Y
 _25364_/Y
 _25365_/Y
 _25366_/Y
 _25367_/Y
 _25368_/Y
 _25369_/Y
 _25370_/Y
 _25371_/Y
 _25372_/Y
 _25373_/Y
 _25374_/Y
 _25375_/Y
 _25376_/Y
 _25377_/X
 _25378_/Y
 _25379_/Y
 _25380_/Y
 _25381_/Y
 _25382_/Y
 _25383_/Y
 _25384_/Y
 _25385_/Y
 _25386_/X
 _25387_/Y
 _25388_/Y
 _25389_/Y
 _25390_/Y
 _25391_/Y
 _25392_/Y
 _25393_/Y
 _25394_/Y
 _25395_/Y
 _25396_/Y
 _25397_/X
 _25398_/Y
 _25399_/X
 _25400_/Y
 _25401_/Y
 _25402_/Y
 _25403_/X
 _25404_/Y
 _25405_/Y
 _25406_/Y
 _25407_/Y
 _25408_/Y
 _25409_/Y
 _25410_/Y
 _25411_/X
 _25412_/X
 _25413_/Y
 _25414_/X
 _25415_/X
 _25416_/Y
 _25417_/Y
 _25418_/Y
 _25419_/Y
 _25420_/Y
 _25421_/Y
 _25422_/Y
 _25423_/Y
 _25424_/Y
 _25425_/Y
 _25426_/Y
 _25427_/Y
 _25428_/X
 _25429_/Y
 _25430_/Y
 _25431_/Y
 _25432_/Y
 _25433_/Y
 _25434_/Y
 _25435_/Y
 _25436_/Y
 _25437_/Y
 _25438_/Y
 _25439_/Y
 _25440_/Y
 _25441_/Y
 _25442_/X
 _25443_/X
 _25444_/Y
 _25445_/Y
 _25446_/Y
 _25447_/Y
 _25448_/Y
 _25449_/Y
 _25450_/X
 _25451_/X
 _25452_/Y
 _25453_/X
 _25454_/Y
 _25455_/Y
 _25456_/Y
 _25457_/Y
 _25458_/Y
 _25459_/Y
 _25460_/Y
 _25461_/Y
 _25462_/Y
 _25463_/Y
 _25464_/Y
 _25465_/Y
 _25466_/Y
 _25467_/Y
 _25468_/X
 _25469_/Y
 _25470_/Y
 _25471_/Y
 _25472_/Y
 _25473_/Y
 _25474_/Y
 _25475_/Y
 _25476_/Y
 _25477_/Y
 _25478_/X
 _25479_/Y
 _25480_/X
 _25481_/Y
 _25482_/Y
 _25483_/Y
 _25484_/Y
 _25485_/Y
 _25486_/Y
 _25487_/X
 _25488_/Y
 _25489_/X
 _25490_/Y
 _25491_/Y
 _25492_/Y
 _25493_/X
 _25494_/Y
 _25495_/Y
 _25496_/X
 _25497_/Y
 _25498_/Y
 _25499_/Y
 _25500_/X
 _25501_/Y
 _25502_/Y
 _25503_/Y
 _25504_/Y
 _25505_/Y
 _25506_/Y
 _25507_/X
 _25508_/X
 _25509_/X
 _25510_/X
 _25511_/Y
 _25512_/Y
 _25513_/Y
 _25514_/X
 _25515_/Y
 _25516_/X
 _25517_/X
 _25518_/Y
 _25519_/Y
 _25520_/Y
 _25521_/Y
 _25522_/Y
 _25523_/Y
 _25524_/Y
 _25525_/Y
 _25526_/X
 _25527_/X
 _25528_/Y
 _25529_/Y
 _25530_/Y
 _25531_/Y
 _25532_/Y
 _25533_/Y
 _25534_/Y
 _25535_/Y
 _25536_/X
 _25537_/Y
 _25538_/Y
 _25539_/X
 _25540_/Y
 _25541_/Y
 _25542_/Y
 _25543_/Y
 _25544_/Y
 _25545_/Y
 _25546_/Y
 _25547_/Y
 _25548_/Y
 _25549_/Y
 _25550_/X
 _25551_/Y
 _25552_/Y
 _25553_/X
 _25554_/Y
 _25555_/Y
 _25556_/Y
 _25557_/Y
 _25558_/Y
 _25559_/Y
 _25560_/Y
 _25561_/Y
 _25562_/X
 _25563_/Y
 _25564_/Y
 _25565_/Y
 _25566_/Y
 _25567_/Y
 _25568_/X
 _25569_/Y
 _25570_/Y
 _25571_/Y
 _25572_/Y
 _25573_/Y
 _25574_/Y
 _25575_/Y
 _25576_/Y
 _25577_/Y
 _25578_/Y
 _25579_/Y
 _25580_/Y
 _25581_/X
 _25582_/Y
 _25583_/Y
 _25584_/X
 _25585_/Y
 _25586_/X
 _25587_/X
 _25588_/Y
 _25589_/Y
 _25590_/Y
 _25591_/X
 _25592_/Y
 _25593_/Y
 _25594_/X
 _25595_/Y
 _25596_/Y
 _25597_/Y
 _25598_/X
 _25599_/Y
 _25600_/Y
 _25601_/Y
 _25602_/Y
 _25603_/Y
 _25604_/Y
 _25605_/Y
 _25606_/Y
 _25607_/Y
 _25608_/Y
 _25609_/Y
 _25610_/Y
 _25611_/Y
 _25612_/Y
 _25613_/Y
 _25614_/Y
 _25615_/X
 _25616_/Y
 _25617_/Y
 _25618_/Y
 _25619_/Y
 _25620_/Y
 _25621_/Y
 _25622_/Y
 _25623_/Y
 _25624_/Y
 _25625_/Y
 _25626_/X
 _25627_/Y
 _25628_/Y
 _25629_/Y
 _25630_/Y
 _25631_/Y
 _25632_/Y
 _25633_/Y
 _25634_/X
 _25635_/Y
 _25636_/Y
 _25637_/Y
 _25638_/Y
 _25639_/X
 _25640_/X
 _25641_/X
 _25642_/Y
 _25643_/X
 _25644_/Y
 _25645_/X
 _25646_/Y
 _25647_/Y
 _25648_/X
 _25649_/Y
 _25650_/Y
 _25651_/X
 _25652_/Y
 _25653_/Y
 _25654_/X
 _25655_/Y
 _25656_/X
 _25657_/Y
 _25658_/Y
 _25659_/Y
 _25660_/Y
 _25661_/X
 _25662_/Y
 _25663_/Y
 _25664_/X
 _25665_/Y
 _25666_/Y
 _25667_/Y
 _25668_/Y
 _25669_/Y
 _25670_/X
 _25671_/Y
 _25672_/Y
 _25673_/Y
 _25674_/Y
 _25675_/Y
 _25676_/Y
 _25677_/X
 _25678_/Y
 _25679_/Y
 _25680_/Y
 _25681_/Y
 _25682_/Y
 _25683_/Y
 _25684_/Y
 _25685_/Y
 _25686_/Y
 _25687_/Y
 _25688_/Y
 _25689_/Y
 _25690_/Y
 _25691_/X
 _25692_/Y
 _25693_/Y
 _25694_/Y
 _25695_/Y
 _25696_/Y
 _25697_/Y
 _25698_/X
 _25699_/Y
 _25700_/Y
 _25701_/Y
 _25702_/Y
 _25703_/Y
 _25704_/Y
 _25705_/Y
 _25706_/X
 _25707_/Y
 _25708_/Y
 _25709_/Y
 _25710_/Y
 _25711_/Y
 _25712_/Y
 _25713_/Y
 _25714_/Y
 _25715_/Y
 _25716_/X
 _25717_/Y
 _25718_/Y
 _25719_/X
 _25720_/Y
 _25721_/Y
 _25722_/Y
 _25723_/Y
 _25724_/X
 _25725_/Y
 _25726_/Y
 _25727_/Y
 _25728_/Y
 _25729_/Y
 _25730_/Y
 _25731_/Y
 _25732_/Y
 _25733_/X
 _25734_/Y
 _25735_/Y
 _25736_/Y
 _25737_/Y
 _25738_/Y
 _25739_/Y
 _25740_/X
 _25741_/Y
 _25742_/Y
 _25743_/Y
 _25744_/Y
 _25745_/Y
 _25746_/Y
 _25747_/Y
 _25748_/Y
 _25749_/Y
 _25750_/Y
 _25751_/Y
 _25752_/Y
 _25753_/X
 _25754_/Y
 _25755_/Y
 _25756_/Y
 _25757_/Y
 _25758_/X
 _25759_/Y
 _25760_/Y
 _25761_/Y
 _25762_/X
 _25763_/Y
 _25764_/X
 _25765_/X
 _25766_/Y
 _25767_/Y
 _25768_/Y
 _25769_/Y
 _25770_/Y
 _25771_/Y
 _25772_/Y
 _25773_/X
 _25774_/Y
 _25775_/Y
 _25776_/Y
 _25777_/Y
 _25778_/Y
 _25779_/Y
 _25780_/Y
 _25781_/Y
 _25782_/Y
 _25783_/Y
 _25784_/Y
 _25785_/X
 _25786_/Y
 _25787_/Y
 _25788_/X
 _25789_/Y
 _25790_/Y
 _25791_/Y
 _25792_/X
 _25793_/Y
 _25794_/Y
 _25795_/Y
 _25796_/Y
 _25797_/Y
 _25798_/Y
 _25799_/Y
 _25800_/X
 _25801_/Y
 _25802_/Y
 _25803_/Y
 _25804_/Y
 _25805_/X
 _25806_/Y
 _25807_/X
 _25808_/X
 _25809_/Y
 _25810_/Y
 _25811_/Y
 _25812_/Y
 _25813_/Y
 _25814_/X
 _25815_/X
 _25816_/X
 _25817_/Y
 _25818_/X
 _25819_/Y
 _25820_/Y
 _25821_/Y
 _25822_/Y
 _25823_/Y
 _25824_/Y
 _25825_/Y
 _25826_/Y
 _25827_/Y
 _25828_/Y
 _25829_/Y
 _25830_/X
 _25831_/Y
 _25832_/X
 _25833_/X
 _25834_/X
 _25835_/Y
 _25836_/Y
 _25837_/X
 _25838_/Y
 _25839_/X
 _25840_/Y
 _25841_/Y
 _25842_/Y
 _25843_/Y
 _25844_/Y
 _25845_/Y
 _25846_/Y
 _25847_/Y
 _25848_/Y
 _25849_/X
 _25850_/Y
 _25851_/Y
 _25852_/X
 _25853_/Y
 _25854_/Y
 _25855_/Y
 _25856_/Y
 _25857_/Y
 _25858_/Y
 _25859_/Y
 _25860_/X
 _25861_/Y
 _25862_/X
 _25863_/Y
 _25864_/Y
 _25865_/Y
 _25866_/Y
 _25867_/Y
 _25868_/Y
 _25869_/Y
 _25870_/Y
 _25871_/Y
 _25872_/Y
 _25873_/Y
 _25874_/Y
 _25875_/Y
 _25876_/Y
 _25877_/Y
 _25878_/X
 _25879_/Y
 _25880_/X
 _25881_/X
 _25882_/Y
 _25883_/Y
 _25884_/Y
 _25885_/Y
 _25886_/Y
 _25887_/X
 _25888_/Y
 _25889_/Y
 _25890_/X
 _25891_/Y
 _25892_/Y
 _25893_/Y
 _25894_/Y
 _25895_/Y
 _25896_/Y
 _25897_/Y
 _25898_/X
 _25899_/Y
 _25900_/Y
 _25901_/Y
 _25902_/Y
 _25903_/X
 _25904_/Y
 _25905_/X
 _25906_/Y
 _25907_/Y
 _25908_/Y
 _25909_/Y
 _25910_/Y
 _25911_/X
 _25912_/Y
 _25913_/Y
 _25914_/Y
 _25915_/Y
 _25916_/X
 _25917_/X
 _25918_/Y
 _25919_/Y
 _25920_/Y
 _25921_/Y
 _25922_/Y
 _25923_/X
 _25924_/Y
 _25925_/X
 _25926_/Y
 _25927_/Y
 _25928_/X
 _25929_/Y
 _25930_/Y
 _25931_/Y
 _25932_/Y
 _25933_/X
 _25934_/Y
 _25935_/Y
 _25936_/Y
 _25937_/X
 _25938_/X
 _25939_/Y
 _25940_/X
 _25941_/Y
 _25942_/Y
 _25943_/Y
 _25944_/Y
 _25945_/X
 _25946_/Y
 _25947_/X
 _25948_/Y
 _25949_/Y
 _25950_/Y
 _25951_/Y
 _25952_/X
 _25953_/X
 _25954_/X
 _25955_/Y
 _25956_/Y
 _25957_/Y
 _25958_/Y
 _25959_/Y
 _25960_/Y
 _25961_/Y
 _25962_/X
 _25963_/X
 _25964_/Y
 _25965_/Y
 _25966_/Y
 _25967_/X
 _25968_/Y
 _25969_/Y
 _25970_/Y
 _25971_/X
 _25972_/Y
 _25973_/X
 _25974_/Y
 _25975_/X
 _25976_/Y
 _25977_/Y
 _25978_/Y
 _25979_/X
 _25980_/X
 _25981_/Y
 _25982_/X
 _25983_/Y
 _25984_/Y
 _25985_/Y
 _25986_/Y
 _25987_/Y
 _25988_/Y
 _25989_/Y
 _25990_/Y
 _25991_/Y
 _25992_/Y
 _25993_/Y
 _25994_/Y
 _25995_/X
 _25996_/X
 _25997_/X
 _25998_/X
 _25999_/X
 _26000_/Y
 _26001_/Y
 _26002_/Y
 _26003_/Y
 _26004_/Y
 _26005_/Y
 _26006_/Y
 _26007_/Y
 _26008_/Y
 _26009_/Y
 _26010_/Y
 _26011_/Y
 _26012_/Y
 _26013_/Y
 _26014_/Y
 _26015_/X
 _26016_/Y
 _26017_/Y
 _26018_/X
 _26019_/Y
 _26020_/Y
 _26021_/Y
 _26022_/Y
 _26023_/Y
 _26024_/Y
 _26025_/Y
 _26026_/Y
 _26027_/X
 _26028_/Y
 _26029_/Y
 _26030_/Y
 _26031_/X
 _26032_/Y
 _26033_/Y
 _26034_/Y
 _26035_/Y
 _26036_/Y
 _26037_/Y
 _26038_/Y
 _26039_/Y
 _26040_/X
 _26041_/Y
 _26042_/Y
 _26043_/Y
 _26044_/Y
 _26045_/Y
 _26046_/Y
 _26047_/Y
 _26048_/Y
 _26049_/Y
 _26050_/Y
 _26051_/Y
 _26052_/X
 _26053_/Y
 _26054_/Y
 _26055_/Y
 _26056_/Y
 _26057_/X
 _26058_/X
 _26059_/Y
 _26060_/Y
 _26061_/Y
 _26062_/Y
 _26063_/Y
 _26064_/X
 _26065_/Y
 _26066_/Y
 _26067_/X
 _26068_/X
 _26069_/X
 _26070_/Y
 _26071_/Y
 _26072_/X
 _26073_/Y
 _26074_/Y
 _26075_/Y
 _26076_/Y
 _26077_/X
 _26078_/Y
 _26079_/Y
 _26080_/Y
 _26081_/Y
 _26082_/Y
 _26083_/Y
 _26084_/Y
 _26085_/Y
 _26086_/X
 _26087_/Y
 _26088_/Y
 _26089_/Y
 _26090_/Y
 _26091_/X
 _26092_/Y
 _26093_/X
 _26094_/Y
 _26095_/Y
 _26096_/X
 _26097_/X
 _26098_/X
 _26099_/Y
 _26100_/Y
 _26101_/Y
 _26102_/Y
 _26103_/Y
 _26104_/Y
 _26105_/Y
 _26106_/Y
 _26107_/Y
 _26108_/Y
 _26109_/Y
 _26110_/Y
 _26111_/Y
 _26112_/Y
 _26113_/Y
 _26114_/Y
 _26115_/Y
 _26116_/Y
 _26117_/Y
 _26118_/Y
 _26119_/X
 _26120_/X
 _26121_/Y
 _26122_/Y
 _26123_/Y
 _26124_/Y
 _26125_/Y
 _26126_/Y
 _26127_/Y
 _26128_/Y
 _26129_/Y
 _26130_/Y
 _26131_/Y
 _26132_/Y
 _26133_/Y
 _26134_/X
 _26135_/Y
 _26136_/Y
 _26137_/Y
 _26138_/Y
 _26139_/Y
 _26140_/X
 _26141_/Y
 _26142_/X
 _26143_/Y
 _26144_/Y
 _26145_/Y
 _26146_/Y
 _26147_/Y
 _26148_/Y
 _26149_/Y
 _26150_/Y
 _26151_/Y
 _26152_/X
 _26153_/Y
 _26154_/Y
 _26155_/X
 _26156_/X
 _26157_/X
 _26158_/X
 _26159_/X
 _26160_/X
 _26161_/X
 _26162_/X
 _26163_/X
 _26164_/Y
 _26165_/Y
 _26166_/Y
 _26167_/Y
 _26168_/Y
 _26169_/Y
 _26170_/Y
 _26171_/Y
 _26172_/Y
 _26173_/Y
 _26174_/X
 _26175_/Y
 _26176_/X
 _26177_/Y
 _26178_/Y
 _26179_/Y
 _26180_/Y
 _26181_/Y
 _26182_/Y
 _26183_/Y
 _26184_/Y
 _26185_/Y
 _26186_/X
 _26187_/X
 _26188_/X
 _26189_/X
 _26190_/Y
 _26191_/Y
 _26192_/X
 _26193_/Y
 _26194_/Y
 _26195_/Y
 _26196_/Y
 _26197_/Y
 _26198_/Y
 _26199_/Y
 _26200_/Y
 _26201_/Y
 _26202_/X
 _26203_/X
 _26204_/Y
 _26205_/Y
 _26206_/Y
 _26207_/Y
 _26208_/Y
 _26209_/X
 _26210_/Y
 _26211_/Y
 _26212_/Y
 _26213_/Y
 _26214_/Y
 _26215_/X
 _26216_/X
 _26217_/Y
 _26218_/Y
 _26219_/Y
 _26220_/X
 _26221_/X
 _26222_/Y
 _26223_/Y
 _26224_/Y
 _26225_/X
 _26226_/Y
 _26227_/Y
 _26228_/Y
 _26229_/Y
 _26230_/Y
 _26231_/Y
 _26232_/Y
 _26233_/Y
 _26234_/Y
 _26235_/Y
 _26236_/Y
 _26237_/X
 _26238_/X
 _26239_/Y
 _26240_/Y
 _26241_/Y
 _26242_/Y
 _26243_/Y
 _26244_/Y
 _26245_/Y
 _26246_/Y
 _26247_/Y
 _26248_/Y
 _26249_/Y
 _26250_/Y
 _26251_/Y
 _26252_/Y
 _26253_/Y
 _26254_/Y
 _26255_/Y
 _26256_/Y
 _26257_/Y
 _26258_/Y
 _26259_/Y
 _26260_/X
 _26261_/Y
 _26262_/X
 _26263_/Y
 _26264_/Y
 _26265_/X
 _26266_/Y
 _26267_/X
 _26268_/Y
 _26269_/Y
 _26270_/Y
 _26271_/Y
 _26272_/Y
 _26273_/Y
 _26274_/Y
 _26275_/Y
 _26276_/Y
 _26277_/X
 _26278_/Y
 _26279_/Y
 _26280_/Y
 _26281_/Y
 _26282_/Y
 _26283_/X
 _26284_/Y
 _26285_/Y
 _26286_/Y
 _26287_/Y
 _26288_/Y
 _26289_/Y
 _26290_/Y
 _26291_/Y
 _26292_/Y
 _26293_/Y
 _26294_/Y
 _26295_/Y
 _26296_/Y
 _26297_/Y
 _26298_/Y
 _26299_/X
 _26300_/X
 _26301_/X
 _26302_/Y
 _26303_/Y
 _26304_/Y
 _26305_/Y
 _26306_/X
 _26307_/Y
 _26308_/Y
 _26309_/Y
 _26310_/Y
 _26311_/Y
 _26312_/Y
 _26313_/X
 _26314_/Y
 _26315_/Y
 _26316_/Y
 _26317_/Y
 _26318_/Y
 _26319_/X
 _26320_/Y
 _26321_/Y
 _26322_/X
 _26323_/Y
 _26324_/Y
 _26325_/Y
 _26326_/Y
 _26327_/Y
 _26328_/Y
 _26329_/Y
 _26330_/Y
 _26331_/Y
 _26332_/Y
 _26333_/Y
 _26334_/Y
 _26335_/Y
 _26336_/X
 _26337_/Y
 _26338_/Y
 _26339_/Y
 _26340_/Y
 _26341_/Y
 _26342_/Y
 _26343_/Y
 _26344_/Y
 _26345_/Y
 _26346_/Y
 _26347_/Y
 _26348_/Y
 _26349_/Y
 _26350_/Y
 _26351_/Y
 _26352_/Y
 _26353_/Y
 _26354_/X
 _26355_/Y
 _26356_/X
 _26357_/Y
 _26358_/Y
 _26359_/X
 _26360_/Y
 _26361_/Y
 _26362_/Y
 _26363_/Y
 _26364_/Y
 _26365_/Y
 _26366_/X
 _26367_/Y
 _26368_/Y
 _26369_/Y
 _26370_/Y
 _26371_/Y
 _26372_/X
 _26373_/X
 _26374_/X
 _26375_/Y
 _26376_/Y
 _26377_/Y
 _26378_/Y
 _26379_/Y
 _26380_/Y
 _26381_/Y
 _26382_/Y
 _26383_/Y
 _26384_/Y
 _26385_/Y
 _26386_/X
 _26387_/Y
 _26388_/Y
 _26389_/Y
 _26390_/Y
 _26391_/Y
 _26392_/Y
 _26393_/X
 _26394_/Y
 _26395_/Y
 _26396_/Y
 _26397_/Y
 _26398_/Y
 _26399_/Y
 _26400_/Y
 _26401_/Y
 _26402_/Y
 _26403_/Y
 _26404_/X
 _26405_/Y
 _26406_/Y
 _26407_/Y
 _26408_/X
 _26409_/Y
 _26410_/Y
 _26411_/Y
 _26412_/Y
 _26413_/X
 _26414_/Y
 _26415_/Y
 _26416_/X
 _26417_/Y
 _26418_/Y
 _26419_/Y
 _26420_/X
 _26421_/X
 _26422_/Y
 _26423_/Y
 _26424_/Y
 _26425_/Y
 _26426_/Y
 _26427_/Y
 _26428_/X
 _26429_/Y
 _26430_/Y
 _26431_/Y
 _26432_/Y
 _26433_/Y
 _26434_/Y
 _26435_/Y
 _26436_/Y
 _26437_/X
 _26438_/Y
 _26439_/Y
 _26440_/Y
 _26441_/Y
 _26442_/Y
 _26443_/Y
 _26444_/Y
 _26445_/Y
 _26446_/Y
 _26447_/X
 _26448_/Y
 _26449_/X
 _26450_/Y
 _26451_/Y
 _26452_/Y
 _26453_/Y
 _26454_/Y
 _26455_/Y
 _26456_/Y
 _26457_/Y
 _26458_/Y
 _26459_/Y
 _26460_/Y
 _26461_/X
 _26462_/Y
 _26463_/X
 _26464_/Y
 _26465_/Y
 _26466_/Y
 _26467_/Y
 _26468_/X
 _26469_/Y
 _26470_/X
 _26471_/X
 _26472_/Y
 _26473_/Y
 _26474_/Y
 _26475_/Y
 _26476_/Y
 _26477_/X
 _26478_/Y
 _26479_/Y
 _26480_/Y
 _26481_/Y
 _26482_/Y
 _26483_/Y
 _26484_/Y
 _26485_/Y
 _26486_/X
 _26487_/Y
 _26488_/Y
 _26489_/X
 _26490_/Y
 _26491_/X
 _26492_/Y
 _26493_/Y
 _26494_/Y
 _26495_/Y
 _26496_/Y
 _26497_/Y
 _26498_/Y
 _26499_/Y
 _26500_/X
 _26501_/Y
 _26502_/X
 _26503_/X
 _26504_/Y
 _26505_/Y
 _26506_/Y
 _26507_/Y
 _26508_/Y
 _26509_/Y
 _26510_/Y
 _26511_/Y
 _26512_/Y
 _26513_/Y
 _26514_/Y
 _26515_/Y
 _26516_/Y
 _26517_/Y
 _26518_/Y
 _26519_/Y
 _26520_/Y
 _26521_/Y
 _26522_/Y
 _26523_/Y
 _26524_/X
 _26525_/Y
 _26526_/X
 _26527_/Y
 _26528_/X
 _26529_/X
 _26530_/Y
 _26531_/X
 _26532_/Y
 _26533_/X
 _26534_/Y
 _26535_/Y
 _26536_/Y
 _26537_/Y
 _26538_/X
 _26539_/Y
 _26540_/Y
 _26541_/Y
 _26542_/Y
 _26543_/Y
 _26544_/Y
 _26545_/Y
 _26546_/Y
 _26547_/Y
 _26548_/X
 _26549_/Y
 _26550_/Y
 _26551_/X
 _26552_/X
 _26553_/Y
 _26554_/Y
 _26555_/X
 _26556_/Y
 _26557_/Y
 _26558_/Y
 _26559_/X
 _26560_/Y
 _26561_/X
 _26562_/X
 _26563_/Y
 _26564_/Y
 _26565_/X
 _26566_/X
 _26567_/Y
 _26568_/X
 _26569_/Y
 _26570_/Y
 _26571_/X
 _26572_/X
 _26573_/Y
 _26574_/X
 _26575_/X
 _26576_/Y
 _26577_/X
 _26578_/X
 _26579_/Y
 _26580_/Y
 _26581_/Y
 _26582_/Y
 _26583_/X
 _26584_/Y
 _26585_/Y
 _26586_/Y
 _26587_/Y
 _26588_/Y
 _26589_/Y
 _26590_/Y
 _26591_/Y
 _26592_/Y
 _26593_/Y
 _26594_/X
 _26595_/Y
 _26596_/Y
 _26597_/Y
 _26598_/Y
 _26599_/Y
 _26600_/Y
 _26601_/Y
 _26602_/Y
 _26603_/Y
 _26604_/Y
 _26605_/Y
 _26606_/Y
 _26607_/Y
 _26608_/Y
 _26609_/Y
 _26610_/X
 _26611_/Y
 _26612_/Y
 _26613_/Y
 _26614_/Y
 _26615_/Y
 _26616_/Y
 _26617_/X
 _26618_/Y
 _26619_/Y
 _26620_/X
 _26621_/X
 _26622_/Y
 _26623_/Y
 _26624_/X
 _26625_/Y
 _26626_/Y
 _26627_/X
 _26628_/Y
 _26629_/X
 _26630_/Y
 _26631_/Y
 _26632_/Y
 _26633_/Y
 _26634_/X
 _26635_/Y
 _26636_/X
 _26637_/X
 _26638_/Y
 _26639_/Y
 _26640_/X
 _26641_/X
 _26642_/Y
 _26643_/Y
 _26644_/Y
 _26645_/Y
 _26646_/Y
 _26647_/X
 _26648_/X
 _26649_/X
 _26650_/Y
 _26651_/Y
 _26652_/Y
 _26653_/Y
 _26654_/Y
 _26655_/X
 _26656_/X
 _26657_/Y
 _26658_/Y
 _26659_/Y
 _26660_/Y
 _26661_/X
 _26662_/Y
 _26663_/Y
 _26664_/Y
 _26665_/Y
 _26666_/Y
 _26667_/Y
 _26668_/X
 _26669_/Y
 _26670_/Y
 _26671_/Y
 _26672_/Y
 _26673_/X
 _26674_/Y
 _26675_/X
 _26676_/Y
 _26677_/Y
 _26678_/Y
 _26679_/Y
 _26680_/Y
 _26681_/Y
 _26682_/Y
 _26683_/Y
 _26684_/Y
 _26685_/Y
 _26686_/X
 _26687_/Y
 _26688_/Y
 _26689_/X
 _26690_/Y
 _26691_/Y
 _26692_/X
 _26693_/Y
 _26694_/Y
 _26695_/Y
 _26696_/Y
 _26697_/Y
 _26698_/X
 _26699_/Y
 _26700_/Y
 _26701_/Y
 _26702_/Y
 _26703_/Y
 _26704_/X
 _26705_/Y
 _26706_/X
 _26707_/Y
 _26708_/X
 _26709_/X
 _26710_/Y
 _26711_/Y
 _26712_/Y
 _26713_/Y
 _26714_/Y
 _26715_/Y
 _26716_/X
 _26717_/X
 _26718_/Y
 _26719_/X
 _26720_/Y
 _26721_/Y
 _26722_/Y
 _26723_/Y
 _26724_/Y
 _26725_/Y
 _26726_/Y
 _26727_/Y
 _26728_/X
 _26729_/Y
 _26730_/Y
 _26731_/X
 _26732_/Y
 _26733_/Y
 _26734_/Y
 _26735_/Y
 _26736_/Y
 _26737_/Y
 _26738_/Y
 _26739_/X
 _26740_/X
 _26741_/Y
 _26742_/Y
 _26743_/Y
 _26744_/X
 _26745_/Y
 _26746_/Y
 _26747_/Y
 _26748_/X
 _26749_/Y
 _26750_/Y
 _26751_/X
 _26752_/Y
 _26753_/Y
 _26754_/Y
 _26755_/Y
 _26756_/Y
 _26757_/X
 _26758_/Y
 _26759_/X
 _26760_/Y
 _26761_/X
 _26762_/Y
 _26763_/Y
 _26764_/Y
 _26765_/Y
 _26766_/Y
 _26767_/Y
 _26768_/Y
 _26769_/Y
 _26770_/Y
 _26771_/Y
 _26772_/X
 _26773_/Y
 _26774_/Y
 _26775_/Y
 _26776_/Y
 _26777_/Y
 _26778_/Y
 _26779_/Y
 _26780_/X
 _26781_/X
 _26782_/Y
 _26783_/X
 _26784_/Y
 _26785_/Y
 _26786_/Y
 _26787_/X
 _26788_/Y
 _26789_/Y
 _26790_/X
 _26791_/Y
 _26792_/Y
 _26793_/Y
 _26794_/X
 _26795_/Y
 _26796_/Y
 _26797_/Y
 _26798_/Y
 _26799_/Y
 _26800_/X
 _26801_/Y
 _26802_/Y
 _26803_/X
 _26804_/Y
 _26805_/X
 _26806_/Y
 _26807_/Y
 _26808_/Y
 _26809_/Y
 _26810_/Y
 _26811_/Y
 _26812_/Y
 _26813_/X
 _26814_/Y
 _26815_/Y
 _26816_/X
 _26817_/Y
 _26818_/Y
 _26819_/Y
 _26820_/Y
 _26821_/X
 _26822_/Y
 _26823_/X
 _26824_/Y
 _26825_/Y
 _26826_/Y
 _26827_/Y
 _26828_/Y
 _26829_/Y
 _26830_/Y
 _26831_/Y
 _26832_/Y
 _26833_/Y
 _26834_/Y
 _26835_/Y
 _26836_/Y
 _26837_/Y
 _26838_/X
 _26839_/X
 _26840_/Y
 _26841_/X
 _26842_/Y
 _26843_/Y
 _26844_/Y
 _26845_/Y
 _26846_/X
 _26847_/X
 _26848_/Y
 _26849_/Y
 _26850_/X
 _26851_/Y
 _26852_/Y
 _26853_/Y
 _26854_/Y
 _26855_/Y
 _26856_/Y
 _26857_/X
 _26858_/Y
 _26859_/Y
 _26860_/Y
 _26861_/Y
 _26862_/Y
 _26863_/X
 _26864_/Y
 _26865_/X
 _26866_/Y
 _26867_/X
 _26868_/X
 _26869_/Y
 _26870_/X
 _26871_/Y
 _26872_/Y
 _26873_/X
 _26874_/X
 _26875_/X
 _26876_/Y
 _26877_/Y
 _26878_/X
 _26879_/Y
 _26880_/X
 _26881_/Y
 _26882_/Y
 _26883_/Y
 _26884_/Y
 _26885_/X
 _26886_/X
 _26887_/Y
 _26888_/X
 _26889_/Y
 _26890_/Y
 _26891_/X
 _26892_/Y
 _26893_/X
 _26894_/Y
 _26895_/Y
 _26896_/Y
 _26897_/Y
 _26898_/Y
 _26899_/Y
 _26900_/Y
 _26901_/Y
 _26902_/Y
 _26903_/Y
 _26904_/Y
 _26905_/Y
 _26906_/Y
 _26907_/Y
 _26908_/Y
 _26909_/Y
 _26910_/Y
 _26911_/X
 _26912_/Y
 _26913_/Y
 _26914_/X
 _26915_/Y
 _26916_/Y
 _26917_/X
 _26918_/Y
 _26919_/X
 _26920_/Y
 _26921_/Y
 _26922_/Y
 _26923_/X
 _26924_/Y
 _26925_/Y
 _26926_/X
 _26927_/Y
 _26928_/Y
 _26929_/X
 _26930_/Y
 _26931_/Y
 _26932_/X
 _26933_/Y
 _26934_/X
 _26935_/Y
 _26936_/Y
 _26937_/Y
 _26938_/Y
 _26939_/Y
 _26940_/Y
 _26941_/Y
 _26942_/Y
 _26943_/Y
 _26944_/X
 _26945_/Y
 _26946_/X
 _26947_/Y
 _26948_/Y
 _26949_/Y
 _26950_/X
 _26951_/Y
 _26952_/X
 _26953_/Y
 _26954_/Y
 _26955_/Y
 _26956_/X
 _26957_/Y
 _26958_/X
 _26959_/Y
 _26960_/Y
 _26961_/Y
 _26962_/Y
 _26963_/Y
 _26964_/Y
 _26965_/Y
 _26966_/X
 _26967_/Y
 _26968_/Y
 _26969_/X
 _26970_/X
 _26971_/Y
 _26972_/X
 _26973_/X
 _26974_/X
 _26975_/Y
 _26976_/Y
 _26977_/Y
 _26978_/Y
 _26979_/X
 _26980_/X
 _26981_/Y
 _26982_/Y
 _26983_/Y
 _26984_/Y
 _26985_/Y
 _26986_/X
 _26987_/Y
 _26988_/Y
 _26989_/X
 _26990_/Y
 _26991_/Y
 _26992_/Y
 _26993_/Y
 _26994_/Y
 _26995_/Y
 _26996_/Y
 _26997_/Y
 _26998_/Y
 _26999_/Y
 _27000_/Y
 _27001_/Y
 _27002_/Y
 _27003_/Y
 _27004_/X
 _27005_/Y
 _27006_/Y
 _27007_/X
 _27008_/Y
 _27009_/Y
 _27010_/Y
 _27011_/Y
 _27012_/Y
 _27013_/Y
 _27014_/Y
 _27015_/Y
 _27016_/Y
 _27017_/Y
 _27018_/Y
 _27019_/Y
 _27020_/Y
 _27021_/Y
 _27022_/Y
 _27023_/X
 _27024_/Y
 _27025_/Y
 _27026_/Y
 _27027_/X
 _27028_/Y
 _27029_/Y
 _27030_/Y
 _27031_/X
 _27032_/Y
 _27033_/Y
 _27034_/X
 _27035_/Y
 _27036_/Y
 _27037_/Y
 _27038_/Y
 _27039_/Y
 _27040_/Y
 _27041_/Y
 _27042_/Y
 _27043_/Y
 _27044_/Y
 _27045_/Y
 _27046_/Y
 _27047_/X
 _27048_/X
 _27049_/Y
 _27050_/Y
 _27051_/Y
 _27052_/Y
 _27053_/Y
 _27054_/Y
 _27055_/Y
 _27056_/Y
 _27057_/Y
 _27058_/X
 _27059_/X
 _27060_/Y
 _27061_/Y
 _27062_/Y
 _27063_/Y
 _27064_/Y
 _27065_/Y
 _27066_/X
 _27067_/Y
 _27068_/X
 _27069_/Y
 _27070_/Y
 _27071_/Y
 _27072_/X
 _27073_/Y
 _27074_/Y
 _27075_/X
 _27076_/X
 _27077_/X
 _27078_/Y
 _27079_/X
 _27080_/X
 _27081_/Y
 _27082_/Y
 _27083_/Y
 _27084_/X
 _27085_/Y
 _27086_/Y
 _27087_/X
 _27088_/Y
 _27089_/Y
 _27090_/Y
 _27091_/Y
 _27092_/Y
 _27093_/Y
 _27094_/Y
 _27095_/X
 _27096_/Y
 _27097_/Y
 _27098_/Y
 _27099_/X
 _27100_/Y
 _27101_/Y
 _27102_/Y
 _27103_/X
 _27104_/Y
 _27105_/X
 _27106_/Y
 _27107_/X
 _27108_/Y
 _27109_/Y
 _27110_/Y
 _27111_/Y
 _27112_/Y
 _27113_/Y
 _27114_/X
 _27115_/Y
 _27116_/Y
 _27117_/X
 _27118_/Y
 _27119_/Y
 _27120_/Y
 _27121_/X
 _27122_/Y
 _27123_/Y
 _27124_/Y
 _27125_/Y
 _27126_/Y
 _27127_/Y
 _27128_/X
 _27129_/Y
 _27130_/Y
 _27131_/Y
 _27132_/Y
 _27133_/Y
 _27134_/Y
 _27135_/X
 _27136_/Y
 _27137_/X
 _27138_/Y
 _27139_/Y
 _27140_/Y
 _27141_/Y
 _27142_/X
 _27143_/Y
 _27144_/Y
 _27145_/Y
 _27146_/X
 _27147_/X
 _27148_/Y
 _27149_/X
 _27150_/Y
 _27151_/X
 _27152_/X
 _27153_/Y
 _27154_/Y
 _27155_/Y
 _27156_/Y
 _27157_/Y
 _27158_/Y
 _27159_/X
 _27160_/Y
 _27161_/Y
 _27162_/Y
 _27163_/Y
 _27164_/Y
 _27165_/Y
 _27166_/X
 _27167_/X
 _27168_/X
 _27169_/Y
 _27170_/Y
 _27171_/Y
 _27172_/Y
 _27173_/Y
 _27174_/Y
 _27175_/X
 _27176_/X
 _27177_/Y
 _27178_/Y
 _27179_/Y
 _27180_/Y
 _27181_/Y
 _27182_/Y
 _27183_/Y
 _27184_/Y
 _27185_/Y
 _27186_/Y
 _27187_/Y
 _27188_/X
 _27189_/X
 _27190_/Y
 _27191_/Y
 _27192_/X
 _27193_/Y
 _27194_/Y
 _27195_/Y
 _27196_/Y
 _27197_/Y
 _27198_/X
 _27199_/Y
 _27200_/Y
 _27201_/Y
 _27202_/Y
 _27203_/Y
 _27204_/Y
 _27205_/Y
 _27206_/Y
 _27207_/X
 _27208_/Y
 _27209_/Y
 _27210_/Y
 _27211_/X
 _27212_/Y
 _27213_/Y
 _27214_/Y
 _27215_/Y
 _27216_/Y
 _27217_/Y
 _27218_/X
 _27219_/Y
 _27220_/Y
 _27221_/X
 _27222_/Y
 _27223_/Y
 _27224_/Y
 _27225_/Y
 _27226_/Y
 _27227_/Y
 _27228_/Y
 _27229_/Y
 _27230_/Y
 _27231_/X
 _27232_/Y
 _27233_/Y
 _27234_/Y
 _27235_/Y
 _27236_/X
 _27237_/Y
 _27238_/Y
 _27239_/X
 _27240_/Y
 _27241_/Y
 _27242_/X
 _27243_/Y
 _27244_/Y
 _27245_/X
 _27246_/Y
 _27247_/Y
 _27248_/Y
 _27249_/Y
 _27250_/Y
 _27251_/Y
 _27252_/Y
 _27253_/Y
 _27254_/Y
 _27255_/X
 _27256_/Y
 _27257_/Y
 _27258_/Y
 _27259_/Y
 _27260_/Y
 _27261_/Y
 _27262_/Y
 _27263_/X
 _27264_/Y
 _27265_/Y
 _27266_/Y
 _27267_/Y
 _27268_/Y
 _27269_/Y
 _27270_/X
 _27271_/Y
 _27272_/Y
 _27273_/Y
 _27274_/Y
 _27275_/Y
 _27276_/Y
 _27277_/Y
 _27278_/Y
 _27279_/X
 _27280_/Y
 _27281_/Y
 _27282_/Y
 _27283_/X
 _27284_/X
 _27285_/Y
 _27286_/X
 _27287_/Y
 _27288_/Y
 _27289_/Y
 _27290_/X
 _27291_/Y
 _27292_/Y
 _27293_/Y
 _27294_/Y
 _27295_/X
 _27296_/Y
 _27297_/Y
 _27298_/Y
 _27299_/Y
 _27300_/Y
 _27301_/Y
 _27302_/Y
 _27303_/X
 _27304_/Y
 _27305_/Y
 _27306_/Y
 _27307_/Y
 _27308_/Y
 _27309_/Y
 _27310_/X
 _27311_/Y
 _27312_/Y
 _27313_/Y
 _27314_/X
 _27315_/Y
 _27316_/X
 _27317_/Y
 _27318_/Y
 _27319_/X
 _27320_/Y
 _27321_/Y
 _27322_/Y
 _27323_/Y
 _27324_/Y
 _27325_/Y
 _27326_/Y
 _27327_/Y
 _27328_/Y
 _27329_/X
 _27330_/Y
 _27331_/X
 _27332_/Y
 _27333_/Y
 _27334_/Y
 _27335_/Y
 _27336_/Y
 _27337_/Y
 _27338_/Y
 _27339_/Y
 _27340_/Y
 _27341_/Y
 _27342_/Y
 _27343_/Y
 _27344_/Y
 _27345_/X
 _27346_/Y
 _27347_/Y
 _27348_/Y
 _27349_/X
 _27350_/X
 _27351_/Y
 _27352_/Y
 _27353_/Y
 _27354_/Y
 _27355_/Y
 _27356_/Y
 _27357_/Y
 _27358_/Y
 _27359_/Y
 _27360_/Y
 _27361_/X
 _27362_/Y
 _27363_/X
 _27364_/Y
 _27365_/Y
 _27366_/X
 _27367_/Y
 _27368_/Y
 _27369_/Y
 _27370_/Y
 _27371_/X
 _27372_/Y
 _27373_/X
 _27374_/Y
 _27375_/Y
 _27376_/Y
 _27377_/Y
 _27378_/Y
 _27379_/X
 _27380_/Y
 _27381_/Y
 _27382_/Y
 _27383_/Y
 _27384_/Y
 _27385_/Y
 _27386_/Y
 _27387_/X
 _27388_/Y
 _27389_/X
 _27390_/X
 _27391_/X
 _27392_/X
 _27393_/X
 _27394_/X
 _27395_/Y
 _27396_/X
 _27397_/Y
 _27398_/Y
 _27399_/Y
 _27400_/X
 _27401_/Y
 _27402_/Y
 _27403_/Y
 _27404_/Y
 _27405_/Y
 _27406_/Y
 _27407_/Y
 _27408_/Y
 _27409_/X
 _27410_/Y
 _27411_/Y
 _27412_/Y
 _27413_/X
 _27414_/X
 _27415_/Y
 _27416_/Y
 _27417_/X
 _27418_/Y
 _27419_/X
 _27420_/Y
 _27421_/Y
 _27422_/Y
 _27423_/Y
 _27424_/Y
 _27425_/X
 _27426_/Y
 _27427_/Y
 _27428_/X
 _27429_/Y
 _27430_/Y
 _27431_/Y
 _27432_/Y
 _27433_/X
 _27434_/Y
 _27435_/X
 _27436_/Y
 _27437_/X
 _27438_/Y
 _27439_/Y
 _27440_/X
 _27441_/Y
 _27442_/Y
 _27443_/Y
 _27444_/Y
 _27445_/Y
 _27446_/Y
 _27447_/X
 _27448_/Y
 _27449_/Y
 _27450_/X
 _27451_/X
 _27452_/Y
 _27453_/Y
 _27454_/Y
 _27455_/Y
 _27456_/X
 _27457_/X
 _27458_/Y
 _27459_/Y
 _27460_/Y
 _27461_/Y
 _27462_/Y
 _27463_/Y
 _27464_/Y
 _27465_/X
 _27466_/Y
 _27467_/Y
 _27468_/Y
 _27469_/Y
 _27470_/Y
 _27471_/X
 _27472_/Y
 _27473_/Y
 _27474_/Y
 _27475_/Y
 _27476_/Y
 _27477_/Y
 _27478_/Y
 _27479_/Y
 _27480_/Y
 _27481_/X
 _27482_/Y
 _27483_/X
 _27484_/Y
 _27485_/Y
 _27486_/X
 _27487_/Y
 _27488_/Y
 _27489_/Y
 _27490_/Y
 _27491_/Y
 _27492_/Y
 _27493_/Y
 _27494_/Y
 _27495_/Y
 _27496_/Y
 _27497_/Y
 _27498_/X
 _27499_/X
 _27500_/X
 _27501_/Y
 _27502_/X
 _27503_/Y
 _27504_/X
 _27505_/Y
 _27506_/Y
 _27507_/Y
 _27508_/X
 _27509_/Y
 _27510_/X
 _27511_/Y
 _27512_/Y
 _27513_/X
 _27514_/Y
 _27515_/X
 _27516_/Y
 _27517_/Y
 _27518_/Y
 _27519_/Y
 _27520_/Y
 _27521_/X
 _27522_/Y
 _27523_/Y
 _27524_/X
 _27525_/Y
 _27526_/Y
 _27527_/Y
 _27528_/X
 _27529_/Y
 _27530_/Y
 _27531_/Y
 _27532_/X
 _27533_/X
 _27534_/Y
 _27535_/Y
 _27536_/X
 _27537_/Y
 _27538_/Y
 _27539_/Y
 _27540_/Y
 _27541_/Y
 _27542_/X
 _27543_/Y
 _27544_/Y
 _27545_/Y
 _27546_/Y
 _27547_/Y
 _27548_/X
 _27549_/Y
 _27550_/Y
 _27551_/X
 _27552_/Y
 _27553_/Y
 _27554_/Y
 _27555_/Y
 _27556_/Y
 _27557_/X
 _27558_/Y
 _27559_/Y
 _27560_/Y
 _27561_/Y
 _27562_/Y
 _27563_/Y
 _27564_/Y
 _27565_/X
 _27566_/Y
 _27567_/X
 _27568_/X
 _27569_/Y
 _27570_/Y
 _27571_/X
 _27572_/Y
 _27573_/X
 _27574_/Y
 _27575_/X
 _27576_/Y
 _27577_/X
 _27578_/X
 _27579_/Y
 _27580_/X
 _27581_/X
 _27582_/X
 _27583_/Y
 _27584_/Y
 _27585_/Y
 _27586_/Y
 _27587_/Y
 _27588_/X
 _27589_/Y
 _27590_/X
 _27591_/Y
 _27592_/X
 _27593_/Y
 _27594_/X
 _27595_/Y
 _27596_/Y
 _27597_/Y
 _27598_/X
 _27599_/Y
 _27600_/Y
 _27601_/Y
 _27602_/Y
 _27603_/X
 _27604_/X
 _27605_/Y
 _27606_/Y
 _27607_/Y
 _27608_/Y
 _27609_/X
 _27610_/Y
 _27611_/Y
 _27612_/Y
 _27613_/X
 _27614_/X
 _27615_/Y
 _27616_/Y
 _27617_/Y
 _27618_/Y
 _27619_/X
 _27620_/Y
 _27621_/X
 _27622_/Y
 _27623_/Y
 _27624_/X
 _27625_/Y
 _27626_/Y
 _27627_/Y
 _27628_/X
 _27629_/Y
 _27630_/X
 _27631_/X
 _27632_/Y
 _27633_/X
 _27634_/X
 _27635_/Y
 _27636_/Y
 _27637_/Y
 _27638_/Y
 _27639_/X
 _27640_/Y
 _27641_/Y
 _27642_/Y
 _27643_/Y
 _27644_/X
 _27645_/Y
 _27646_/Y
 _27647_/Y
 _27648_/Y
 _27649_/X
 _27650_/Y
 _27651_/Y
 _27652_/Y
 _27653_/X
 _27654_/Y
 _27655_/X
 _27656_/Y
 _27657_/X
 _27658_/X
 _27659_/X
 _27660_/Y
 _27661_/Y
 _27662_/X
 _27663_/Y
 _27664_/Y
 _27665_/Y
 _27666_/Y
 _27667_/X
 _27668_/X
 _27669_/Y
 _27670_/Y
 _27671_/Y
 _27672_/Y
 _27673_/Y
 _27674_/Y
 _27675_/X
 _27676_/X
 _27677_/Y
 _27678_/X
 _27679_/Y
 _27680_/X
 _27681_/X
 _27682_/Y
 _27683_/Y
 _27684_/Y
 _27685_/Y
 _27686_/Y
 _27687_/Y
 _27688_/Y
 _27689_/X
 _27690_/Y
 _27691_/Y
 _27692_/Y
 _27693_/Y
 _27694_/Y
 _27695_/X
 _27696_/Y
 _27697_/X
 _27698_/Y
 _27699_/X
 _27700_/Y
 _27701_/X
 _27702_/X
 _27703_/Y
 _27704_/Y
 _27705_/Y
 _27706_/Y
 _27707_/Y
 _27708_/X
 _27709_/X
 _27710_/Y
 _27711_/X
 _27712_/Y
 _27713_/X
 _27714_/Y
 _27715_/Y
 _27716_/X
 _27717_/Y
 _27718_/Y
 _27719_/Y
 _27720_/Y
 _27721_/Y
 _27722_/X
 _27723_/Y
 _27724_/Y
 _27725_/Y
 _27726_/X
 _27727_/Y
 _27728_/Y
 _27729_/Y
 _27730_/X
 _27731_/X
 _27732_/Y
 _27733_/Y
 _27734_/X
 _27735_/Y
 _27736_/Y
 _27737_/Y
 _27738_/Y
 _27739_/X
 _27740_/Y
 _27741_/Y
 _27742_/Y
 _27743_/Y
 _27744_/Y
 _27745_/X
 _27746_/X
 _27747_/Y
 _27748_/Y
 _27749_/Y
 _27750_/Y
 _27751_/Y
 _27752_/Y
 _27753_/Y
 _27754_/Y
 _27755_/Y
 _27756_/X
 _27757_/X
 _27758_/Y
 _27759_/Y
 _27760_/X
 _27761_/Y
 _27762_/Y
 _27763_/Y
 _27764_/Y
 _27765_/Y
 _27766_/Y
 _27767_/Y
 _27768_/X
 _27769_/Y
 _27770_/Y
 _27771_/Y
 _27772_/X
 _27773_/Y
 _27774_/Y
 _27775_/Y
 _27776_/Y
 _27777_/Y
 _27778_/Y
 _27779_/Y
 _27780_/X
 _27781_/Y
 _27782_/Y
 _27783_/Y
 _27784_/X
 _27785_/Y
 _27786_/Y
 _27787_/X
 _27788_/Y
 _27789_/Y
 _27790_/X
 _27791_/Y
 _27792_/Y
 _27793_/Y
 _27794_/Y
 _27795_/Y
 _27796_/X
 _27797_/Y
 _27798_/X
 _27799_/X
 _27800_/Y
 _27801_/Y
 _27802_/X
 _27803_/X
 _27804_/Y
 _27805_/Y
 _27806_/X
 _27807_/Y
 _27808_/Y
 _27809_/X
 _27810_/Y
 _27811_/Y
 _27812_/X
 _27813_/Y
 _27814_/X
 _27815_/Y
 _27816_/X
 _27817_/X
 _27818_/X
 _27819_/Y
 _27820_/Y
 _27821_/Y
 _27822_/Y
 _27823_/X
 _27824_/Y
 _27825_/Y
 _27826_/X
 _27827_/X
 _27828_/X
 _27829_/Y
 _27830_/Y
 _27831_/X
 _27832_/X
 _27833_/Y
 _27834_/Y
 _27835_/Y
 _27836_/Y
 _27837_/Y
 _27838_/Y
 _27839_/X
 _27840_/Y
 _27841_/Y
 _27842_/X
 _27843_/Y
 _27844_/Y
 _27845_/Y
 _27846_/Y
 _27847_/Y
 _27848_/X
 _27849_/Y
 _27850_/X
 _27851_/Y
 _27852_/Y
 _27853_/Y
 _27854_/Y
 _27855_/Y
 _27856_/X
 _27857_/Y
 _27858_/Y
 _27859_/Y
 _27860_/Y
 _27861_/X
 _27862_/Y
 _27863_/Y
 _27864_/Y
 _27865_/Y
 _27866_/Y
 _27867_/X
 _27868_/Y
 _27869_/Y
 _27870_/Y
 _27871_/Y
 _27872_/Y
 _27873_/Y
 _27874_/Y
 _27875_/Y
 _27876_/Y
 _27877_/Y
 _27878_/Y
 _27879_/Y
 _27880_/Y
 _27881_/Y
 _27882_/Y
 _27883_/Y
 _27884_/X
 _27885_/Y
 _27886_/Y
 _27887_/X
 _27888_/Y
 _27889_/Y
 _27890_/Y
 _27891_/Y
 _27892_/Y
 _27893_/Y
 _27894_/Y
 _27895_/Y
 _27896_/Y
 _27897_/Y
 _27898_/Y
 _27899_/Y
 _27900_/Y
 _27901_/Y
 _27902_/Y
 _27903_/Y
 _27904_/Y
 _27905_/Y
 _27906_/Y
 _27907_/Y
 _27908_/Y
 _27909_/Y
 _27910_/Y
 _27911_/Y
 _27912_/Y
 _27913_/Y
 _27914_/X
 _27915_/Y
 _27916_/Y
 _27917_/Y
 _27918_/Y
 _27919_/Y
 _27920_/Y
 _27921_/Y
 _27922_/Y
 _27923_/X
 _27924_/X
 _27925_/Y
 _27926_/X
 _27927_/X
 _27928_/Y
 _27929_/X
 _27930_/Y
 _27931_/Y
 _27932_/Y
 _27933_/X
 _27934_/Y
 _27935_/Y
 _27936_/X
 _27937_/Y
 _27938_/X
 _27939_/X
 _27940_/X
 _27941_/Y
 _27942_/Y
 _27943_/Y
 _27944_/Y
 _27945_/Y
 _27946_/Y
 _27947_/X
 _27948_/Y
 _27949_/Y
 _27950_/Y
 _27951_/Y
 _27952_/Y
 _27953_/Y
 _27954_/X
 _27955_/X
 _27956_/X
 _27957_/Y
 _27958_/Y
 _27959_/Y
 _27960_/Y
 _27961_/Y
 _27962_/X
 _27963_/X
 _27964_/Y
 _27965_/Y
 _27966_/X
 _27967_/Y
 _27968_/Y
 _27969_/Y
 _27970_/Y
 _27971_/Y
 _27972_/Y
 _27973_/Y
 _27974_/Y
 _27975_/Y
 _27976_/Y
 _27977_/Y
 _27978_/X
 _27979_/X
 _27980_/X
 _27981_/X
 _27982_/Y
 _27983_/Y
 _27984_/Y
 _27985_/Y
 _27986_/Y
 _27987_/Y
 _27988_/Y
 _27989_/Y
 _27990_/X
 _27991_/Y
 _27992_/Y
 _27993_/Y
 _27994_/X
 _27995_/Y
 _27996_/Y
 _27997_/X
 _27998_/Y
 _27999_/Y
 _28000_/X
 _28001_/Y
 _28002_/Y
 _28003_/Y
 _28004_/X
 _28005_/Y
 _28006_/Y
 _28007_/Y
 _28008_/Y
 _28009_/Y
 _28010_/Y
 _28011_/Y
 _28012_/Y
 _28013_/Y
 _28014_/X
 _28015_/X
 _28016_/Y
 _28017_/Y
 _28018_/X
 _28019_/Y
 _28020_/Y
 _28021_/Y
 _28022_/Y
 _28023_/Y
 _28024_/Y
 _28025_/Y
 _28026_/X
 _28027_/Y
 _28028_/X
 _28029_/X
 _28030_/Y
 _28031_/Y
 _28032_/Y
 _28033_/Y
 _28034_/X
 _28035_/Y
 _28036_/Y
 _28037_/Y
 _28038_/Y
 _28039_/Y
 _28040_/Y
 _28041_/Y
 _28042_/Y
 _28043_/Y
 _28044_/Y
 _28045_/Y
 _28046_/Y
 _28047_/Y
 _28048_/Y
 _28049_/X
 _28050_/X
 _28051_/Y
 _28052_/Y
 _28053_/Y
 _28054_/Y
 _28055_/Y
 _28056_/Y
 _28057_/X
 _28058_/Y
 _28059_/Y
 _28060_/Y
 _28061_/Y
 _28062_/Y
 _28063_/X
 _28064_/Y
 _28065_/X
 _28066_/Y
 _28067_/Y
 _28068_/Y
 _28069_/X
 _28070_/Y
 _28071_/Y
 _28072_/Y
 _28073_/Y
 _28074_/Y
 _28075_/Y
 _28076_/Y
 _28077_/Y
 _28078_/Y
 _28079_/Y
 _28080_/X
 _28081_/Y
 _28082_/Y
 _28083_/Y
 _28084_/Y
 _28085_/X
 _28086_/Y
 _28087_/Y
 _28088_/Y
 _28089_/Y
 _28090_/X
 _28091_/Y
 _28092_/X
 _28093_/Y
 _28094_/Y
 _28095_/Y
 _28096_/Y
 _28097_/Y
 _28098_/Y
 _28099_/X
 _28100_/Y
 _28101_/X
 _28102_/Y
 _28103_/Y
 _28104_/Y
 _28105_/Y
 _28106_/X
 _28107_/X
 _28108_/Y
 _28109_/Y
 _28110_/Y
 _28111_/Y
 _28112_/Y
 _28113_/Y
 _28114_/Y
 _28115_/Y
 _28116_/Y
 _28117_/X
 _28118_/Y
 _28119_/Y
 _28120_/Y
 _28121_/Y
 _28122_/Y
 _28123_/Y
 _28124_/Y
 _28125_/Y
 _28126_/Y
 _28127_/Y
 _28128_/Y
 _28129_/Y
 _28130_/X
 _28131_/Y
 _28132_/X
 _28133_/Y
 _28134_/Y
 _28135_/Y
 _28136_/Y
 _28137_/Y
 _28138_/Y
 _28139_/Y
 _28140_/X
 _28141_/Y
 _28142_/Y
 _28143_/Y
 _28144_/Y
 _28145_/X
 _28146_/Y
 _28147_/Y
 _28148_/X
 _28149_/Y
 _28150_/Y
 _28151_/X
 _28152_/Y
 _28153_/Y
 _28154_/Y
 _28155_/Y
 _28156_/Y
 _28157_/Y
 _28158_/Y
 _28159_/Y
 _28160_/Y
 _28161_/Y
 _28162_/Y
 _28163_/X
 _28164_/Y
 _28165_/Y
 _28166_/Y
 _28167_/X
 _28168_/Y
 _28169_/X
 _28170_/Y
 _28171_/Y
 _28172_/Y
 _28173_/Y
 _28174_/X
 _28175_/Y
 _28176_/Y
 _28177_/Y
 _28178_/Y
 _28179_/Y
 _28180_/X
 _28181_/X
 _28182_/Y
 _28183_/Y
 _28184_/Y
 _28185_/Y
 _28186_/Y
 _28187_/X
 _28188_/Y
 _28189_/X
 _28190_/Y
 _28191_/Y
 _28192_/Y
 _28193_/Y
 _28194_/Y
 _28195_/X
 _28196_/Y
 _28197_/Y
 _28198_/Y
 _28199_/Y
 _28200_/Y
 _28201_/Y
 _28202_/Y
 _28203_/X
 _28204_/X
 _28205_/Y
 _28206_/Y
 _28207_/Y
 _28208_/Y
 _28209_/Y
 _28210_/Y
 _28211_/Y
 _28212_/X
 _28213_/Y
 _28214_/Y
 _28215_/Y
 _28216_/Y
 _28217_/Y
 _28218_/X
 _28219_/Y
 _28220_/Y
 _28221_/Y
 _28222_/Y
 _28223_/X
 _28224_/X
 _28225_/Y
 _28226_/Y
 _28227_/Y
 _28228_/Y
 _28229_/Y
 _28230_/Y
 _28231_/Y
 _28232_/Y
 _28233_/Y
 _28234_/X
 _28235_/Y
 _28236_/Y
 _28237_/Y
 _28238_/Y
 _28239_/X
 _28240_/Y
 _28241_/Y
 _28242_/Y
 _28243_/Y
 _28244_/Y
 _28245_/Y
 _28246_/X
 _28247_/X
 _28248_/Y
 _28249_/X
 _28250_/Y
 _28251_/Y
 _28252_/Y
 _28253_/X
 _28254_/X
 _28255_/Y
 _28256_/X
 _28257_/Y
 _28258_/Y
 _28259_/Y
 _28260_/Y
 _28261_/Y
 _28262_/X
 _28263_/Y
 _28264_/Y
 _28265_/Y
 _28266_/Y
 _28267_/X
 _28268_/Y
 _28269_/Y
 _28270_/Y
 _28271_/Y
 _28272_/Y
 _28273_/Y
 _28274_/Y
 _28275_/Y
 _28276_/Y
 _28277_/Y
 _28278_/Y
 _28279_/Y
 _28280_/Y
 _28281_/Y
 _28282_/Y
 _28283_/X
 _28284_/Y
 _28285_/Y
 _28286_/X
 _28287_/Y
 _28288_/Y
 _28289_/X
 _28290_/Y
 _28291_/Y
 _28292_/X
 _28293_/Y
 _28294_/Y
 _28295_/Y
 _28296_/X
 _28297_/X
 _28298_/Y
 _28299_/Y
 _28300_/Y
 _28301_/Y
 _28302_/Y
 _28303_/Y
 _28304_/Y
 _28305_/Y
 _28306_/Y
 _28307_/Y
 _28308_/Y
 _28309_/Y
 _28310_/Y
 _28311_/Y
 _28312_/X
 _28313_/Y
 _28314_/Y
 _28315_/Y
 _28316_/Y
 _28317_/Y
 _28318_/Y
 _28319_/Y
 _28320_/X
 _28321_/X
 _28322_/Y
 _28323_/Y
 _28324_/Y
 _28325_/X
 _28326_/Y
 _28327_/Y
 _28328_/Y
 _28329_/Y
 _28330_/Y
 _28331_/X
 _28332_/X
 _28333_/Y
 _28334_/X
 _28335_/Y
 _28336_/Y
 _28337_/Y
 _28338_/Y
 _28339_/Y
 _28340_/Y
 _28341_/Y
 _28342_/Y
 _28343_/Y
 _28344_/Y
 _28345_/Y
 _28346_/Y
 _28347_/X
 _28348_/Y
 _28349_/Y
 _28350_/Y
 _28351_/X
 _28352_/Y
 _28353_/X
 _28354_/Y
 _28355_/Y
 _28356_/Y
 _28357_/Y
 _28358_/Y
 _28359_/Y
 _28360_/Y
 _28361_/Y
 _28362_/X
 _28363_/Y
 _28364_/X
 _28365_/Y
 _28366_/X
 _28367_/X
 _28368_/Y
 _28369_/Y
 _28370_/Y
 _28371_/X
 _28372_/X
 _28373_/Y
 _28374_/Y
 _28375_/X
 _28376_/Y
 _28377_/Y
 _28378_/Y
 _28379_/Y
 _28380_/Y
 _28381_/Y
 _28382_/Y
 _28383_/Y
 _28384_/Y
 _28385_/Y
 _28386_/Y
 _28387_/X
 _28388_/Y
 _28389_/Y
 _28390_/X
 _28391_/X
 _28392_/X
 _28393_/Y
 _28394_/Y
 _28395_/Y
 _28396_/X
 _28397_/Y
 _28398_/X
 _28399_/X
 _28400_/X
 _28401_/Y
 _28402_/Y
 _28403_/Y
 _28404_/X
 _28405_/Y
 _28406_/Y
 _28407_/Y
 _28408_/X
 _28409_/Y
 _28410_/Y
 _28411_/Y
 _28412_/Y
 _28413_/Y
 _28414_/Y
 _28415_/Y
 _28416_/Y
 _28417_/Y
 _28418_/Y
 _28419_/Y
 _28420_/X
 _28421_/Y
 _28422_/X
 _28423_/Y
 _28424_/Y
 _28425_/X
 _28426_/X
 _28427_/Y
 _28428_/Y
 _28429_/Y
 _28430_/Y
 _28431_/X
 _28432_/Y
 _28433_/Y
 _28434_/Y
 _28435_/Y
 _28436_/X
 _28437_/Y
 _28438_/Y
 _28439_/Y
 _28440_/Y
 _28441_/X
 _28442_/Y
 _28443_/Y
 _28444_/Y
 _28445_/X
 _28446_/Y
 _28447_/Y
 _28448_/X
 _28449_/Y
 _28450_/Y
 _28451_/X
 _28452_/Y
 _28453_/X
 _28454_/Y
 _28455_/Y
 _28456_/X
 _28457_/Y
 _28458_/Y
 _28459_/Y
 _28460_/X
 _28461_/Y
 _28462_/Y
 _28463_/X
 _28464_/X
 _28465_/Y
 _28466_/Y
 _28467_/Y
 _28468_/X
 _28469_/Y
 _28470_/Y
 _28471_/Y
 _28472_/Y
 _28473_/Y
 _28474_/Y
 _28475_/Y
 _28476_/Y
 _28477_/Y
 _28478_/Y
 _28479_/X
 _28480_/Y
 _28481_/Y
 _28482_/Y
 _28483_/Y
 _28484_/Y
 _28485_/Y
 _28486_/Y
 _28487_/Y
 _28488_/Y
 _28489_/Y
 _28490_/X
 _28491_/X
 _28492_/Y
 _28493_/Y
 _28494_/Y
 _28495_/Y
 _28496_/Y
 _28497_/X
 _28498_/X
 _28499_/X
 _28500_/X
 _28501_/Y
 _28502_/X
 _28503_/Y
 _28504_/X
 _28505_/Y
 _28506_/Y
 _28507_/X
 _28508_/X
 _28509_/Y
 _28510_/X
 _28511_/Y
 _28512_/Y
 _28513_/X
 _28514_/Y
 _28515_/Y
 _28516_/Y
 _28517_/Y
 _28518_/Y
 _28519_/X
 _28520_/Y
 _28521_/Y
 _28522_/Y
 _28523_/Y
 _28524_/Y
 _28525_/X
 _28526_/Y
 _28527_/Y
 _28528_/Y
 _28529_/Y
 _28530_/Y
 _28531_/Y
 _28532_/Y
 _28533_/Y
 _28534_/Y
 _28535_/Y
 _28536_/X
 _28537_/Y
 _28538_/X
 _28539_/Y
 _28540_/Y
 _28541_/Y
 _28542_/Y
 _28543_/Y
 _28544_/Y
 _28545_/Y
 _28546_/Y
 _28547_/Y
 _28548_/X
 _28549_/Y
 _28550_/Y
 _28551_/X
 _28552_/Y
 _28553_/Y
 _28554_/Y
 _28555_/Y
 _28556_/Y
 _28557_/Y
 _28558_/X
 _28559_/Y
 _28560_/Y
 _28561_/Y
 _28562_/Y
 _28563_/Y
 _28564_/X
 _28565_/Y
 _28566_/Y
 _28567_/X
 _28568_/X
 _28569_/Y
 _28570_/Y
 _28571_/Y
 _28572_/Y
 _28573_/Y
 _28574_/Y
 _28575_/Y
 _28576_/Y
 _28577_/Y
 _28578_/X
 _28579_/X
 _28580_/Y
 _28581_/Y
 _28582_/Y
 _28583_/Y
 _28584_/Y
 _28585_/Y
 _28586_/Y
 _28587_/Y
 _28588_/Y
 _28589_/Y
 _28590_/Y
 _28591_/Y
 _28592_/X
 _28593_/X
 _28594_/Y
 _28595_/Y
 _28596_/Y
 _28597_/Y
 _28598_/Y
 _28599_/Y
 _28600_/X
 _28601_/Y
 _28602_/Y
 _28603_/Y
 _28604_/Y
 _28605_/X
 _28606_/Y
 _28607_/Y
 _28608_/Y
 _28609_/X
 _28610_/Y
 _28611_/Y
 _28612_/Y
 _28613_/X
 _28614_/Y
 _28615_/Y
 _28616_/X
 _28617_/Y
 _28618_/Y
 _28619_/Y
 _28620_/Y
 _28621_/Y
 _28622_/Y
 _28623_/X
 _28624_/X
 _28625_/Y
 _28626_/X
 _28627_/Y
 _28628_/X
 _28629_/Y
 _28630_/Y
 _28631_/Y
 _28632_/Y
 _28633_/Y
 _28634_/Y
 _28635_/Y
 _28636_/Y
 _28637_/X
 _28638_/Y
 _28639_/X
 _28640_/Y
 _28641_/Y
 _28642_/X
 _28643_/Y
 _28644_/Y
 _28645_/Y
 _28646_/Y
 _28647_/X
 _28648_/Y
 _28649_/Y
 _28650_/Y
 _28651_/Y
 _28652_/X
 _28653_/Y
 _28654_/Y
 _28655_/X
 _28656_/Y
 _28657_/Y
 _28658_/X
 _28659_/X
 _28660_/Y
 _28661_/Y
 _28662_/Y
 _28663_/Y
 _28664_/Y
 _28665_/Y
 _28666_/Y
 _28667_/X
 _28668_/Y
 _28669_/Y
 _28670_/Y
 _28671_/Y
 _28672_/X
 _28673_/X
 _28674_/Y
 _28675_/X
 _28676_/X
 _28677_/Y
 _28678_/Y
 _28679_/Y
 _28680_/Y
 _28681_/X
 _28682_/Y
 _28683_/Y
 _28684_/Y
 _28685_/X
 _28686_/X
 _28687_/X
 _28688_/X
 _28689_/Y
 _28690_/Y
 _28691_/Y
 _28692_/Y
 _28693_/Y
 _28694_/Y
 _28695_/Y
 _28696_/Y
 _28697_/Y
 _28698_/Y
 _28699_/Y
 _28700_/Y
 _28701_/Y
 _28702_/Y
 _28703_/Y
 _28704_/Y
 _28705_/Y
 _28706_/Y
 _28707_/Y
 _28708_/X
 _28709_/Y
 _28710_/Y
 _28711_/Y
 _28712_/Y
 _28713_/Y
 _28714_/Y
 _28715_/Y
 _28716_/Y
 _28717_/Y
 _28718_/Y
 _28719_/Y
 _28720_/Y
 _28721_/Y
 _28722_/Y
 _28723_/Y
 _28724_/Y
 _28725_/X
 _28726_/Y
 _28727_/Y
 _28728_/Y
 _28729_/Y
 _28730_/Y
 _28731_/Y
 _28732_/X
 _28733_/Y
 _28734_/Y
 _28735_/Y
 _28736_/Y
 _28737_/Y
 _28738_/Y
 _28739_/Y
 _28740_/Y
 _28741_/X
 _28742_/Y
 _28743_/Y
 _28744_/Y
 _28745_/Y
 _28746_/Y
 _28747_/X
 _28748_/Y
 _28749_/X
 _28750_/Y
 _28751_/X
 _28752_/X
 _28753_/Y
 _28754_/Y
 _28755_/Y
 _28756_/Y
 _28757_/Y
 _28758_/Y
 _28759_/Y
 _28760_/Y
 _28761_/Y
 _28762_/Y
 _28763_/Y
 _28764_/X
 _28765_/Y
 _28766_/X
 _28767_/Y
 _28768_/Y
 _28769_/X
 _28770_/Y
 _28771_/Y
 _28772_/Y
 _28773_/Y
 _28774_/Y
 _28775_/Y
 _28776_/Y
 _28777_/Y
 _28778_/Y
 _28779_/Y
 _28780_/Y
 _28781_/Y
 _28782_/Y
 _28783_/Y
 _28784_/Y
 _28785_/Y
 _28786_/X
 _28787_/Y
 _28788_/Y
 _28789_/X
 _28790_/Y
 _28791_/Y
 _28792_/Y
 _28793_/Y
 _28794_/X
 _28795_/Y
 _28796_/X
 _28797_/Y
 _28798_/Y
 _28799_/X
 _28800_/Y
 _28801_/Y
 _28802_/Y
 _28803_/Y
 _28804_/Y
 _28805_/Y
 _28806_/Y
 _28807_/Y
 _28808_/X
 _28809_/Y
 _28810_/Y
 _28811_/Y
 _28812_/Y
 _28813_/X
 _28814_/Y
 _28815_/Y
 _28816_/Y
 _28817_/X
 _28818_/X
 _28819_/Y
 _28820_/Y
 _28821_/Y
 _28822_/Y
 _28823_/Y
 _28824_/Y
 _28825_/Y
 _28826_/Y
 _28827_/Y
 _28828_/X
 _28829_/Y
 _28830_/Y
 _28831_/Y
 _28832_/Y
 _28833_/Y
 _28834_/Y
 _28835_/Y
 _28836_/Y
 _28837_/X
 _28838_/Y
 _28839_/Y
 _28840_/Y
 _28841_/Y
 _28842_/Y
 _28843_/Y
 _28844_/Y
 _28845_/Y
 _28846_/Y
 _28847_/Y
 _28848_/Y
 _28849_/Y
 _28850_/Y
 _28851_/Y
 _28852_/Y
 _28853_/Y
 _28854_/X
 _28855_/X
 _28856_/Y
 _28857_/Y
 _28858_/Y
 _28859_/X
 _28860_/Y
 _28861_/Y
 _28862_/X
 _28863_/Y
 _28864_/X
 _28865_/X
 _28866_/X
 _28867_/Y
 _28868_/Y
 _28869_/Y
 _28870_/Y
 _28871_/Y
 _28872_/Y
 _28873_/Y
 _28874_/Y
 _28875_/Y
 _28876_/Y
 _28877_/Y
 _28878_/X
 _28879_/Y
 _28880_/Y
 _28881_/Y
 _28882_/X
 _28883_/Y
 _28884_/Y
 _28885_/X
 _28886_/Y
 _28887_/Y
 _28888_/Y
 _28889_/Y
 _28890_/Y
 _28891_/X
 _28892_/Y
 _28893_/Y
 _28894_/Y
 _28895_/Y
 _28896_/Y
 _28897_/Y
 _28898_/X
 _28899_/X
 _28900_/Y
 _28901_/Y
 _28902_/Y
 _28903_/Y
 _28904_/Y
 _28905_/X
 _28906_/Y
 _28907_/X
 _28908_/Y
 _28909_/Y
 _28910_/Y
 _28911_/Y
 _28912_/Y
 _28913_/X
 _28914_/Y
 _28915_/Y
 _28916_/Y
 _28917_/Y
 _28918_/Y
 _28919_/Y
 _28920_/Y
 _28921_/Y
 _28922_/Y
 _28923_/X
 _28924_/X
 _28925_/X
 _28926_/Y
 _28927_/X
 _28928_/Y
 _28929_/Y
 _28930_/Y
 _28931_/Y
 _28932_/Y
 _28933_/Y
 _28934_/Y
 _28935_/Y
 _28936_/X
 _28937_/Y
 _28938_/Y
 _28939_/Y
 _28940_/Y
 _28941_/Y
 _28942_/X
 _28943_/Y
 _28944_/Y
 _28945_/Y
 _28946_/Y
 _28947_/Y
 _28948_/Y
 _28949_/X
 _28950_/Y
 _28951_/Y
 _28952_/Y
 _28953_/Y
 _28954_/Y
 _28955_/Y
 _28956_/Y
 _28957_/Y
 _28958_/Y
 _28959_/Y
 _28960_/Y
 _28961_/Y
 _28962_/Y
 _28963_/Y
 _28964_/X
 _28965_/Y
 _28966_/Y
 _28967_/Y
 _28968_/Y
 _28969_/Y
 _28970_/Y
 _28971_/Y
 _28972_/Y
 _28973_/X
 _28974_/Y
 _28975_/Y
 _28976_/Y
 _28977_/Y
 _28978_/X
 _28979_/Y
 _28980_/X
 _28981_/Y
 _28982_/Y
 _28983_/Y
 _28984_/Y
 _28985_/Y
 _28986_/Y
 _28987_/Y
 _28988_/X
 _28989_/X
 _28990_/Y
 _28991_/Y
 _28992_/Y
 _28993_/Y
 _28994_/Y
 _28995_/Y
 _28996_/Y
 _28997_/X
 _28998_/Y
 _28999_/Y
 _29000_/X
 _29001_/Y
 _29002_/Y
 _29003_/Y
 _29004_/Y
 _29005_/Y
 _29006_/Y
 _29007_/X
 _29008_/Y
 _29009_/Y
 _29010_/Y
 _29011_/Y
 _29012_/Y
 _29013_/X
 _29014_/Y
 _29015_/Y
 _29016_/Y
 _29017_/Y
 _29018_/Y
 _29019_/Y
 _29020_/X
 _29021_/Y
 _29022_/Y
 _29023_/Y
 _29024_/Y
 _29025_/Y
 _29026_/X
 _29027_/Y
 _29028_/X
 _29029_/Y
 _29030_/Y
 _29031_/Y
 _29032_/Y
 _29033_/Y
 _29034_/Y
 _29035_/Y
 _29036_/Y
 _29037_/Y
 _29038_/X
 _29039_/X
 _29040_/Y
 _29041_/X
 _29042_/X
 _29043_/Y
 _29044_/Y
 _29045_/Y
 _29046_/Y
 _29047_/Y
 _29048_/Y
 _29049_/X
 _29050_/X
 _29051_/Y
 _29052_/Y
 _29053_/X
 _29054_/Y
 _29055_/Y
 _29056_/X
 _29057_/Y
 _29058_/Y
 _29059_/Y
 _29060_/X
 _29061_/Y
 _29062_/Y
 _29063_/X
 _29064_/Y
 _29065_/Y
 _29066_/Y
 _29067_/Y
 _29068_/Y
 _29069_/Y
 _29070_/X
 _29071_/Y
 _29072_/Y
 _29073_/Y
 _29074_/Y
 _29075_/X
 _29076_/Y
 _29077_/Y
 _29078_/Y
 _29079_/Y
 _29080_/Y
 _29081_/Y
 _29082_/Y
 _29083_/Y
 _29084_/X
 _29085_/Y
 _29086_/Y
 _29087_/X
 _29088_/Y
 _29089_/Y
 _29090_/Y
 _29091_/Y
 _29092_/Y
 _29093_/Y
 _29094_/X
 _29095_/Y
 _29096_/Y
 _29097_/X
 _29098_/Y
 _29099_/Y
 _29100_/Y
 _29101_/Y
 _29102_/Y
 _29103_/Y
 _29104_/X
 _29105_/Y
 _29106_/X
 _29107_/Y
 _29108_/X
 _29109_/Y
 _29110_/Y
 _29111_/Y
 _29112_/X
 _29113_/X
 _29114_/Y
 _29115_/X
 _29116_/Y
 _29117_/Y
 _29118_/Y
 _29119_/Y
 _29120_/Y
 _29121_/Y
 _29122_/X
 _29123_/Y
 _29124_/Y
 _29125_/Y
 _29126_/Y
 _29127_/Y
 _29128_/Y
 _29129_/X
 _29130_/Y
 _29131_/Y
 _29132_/Y
 _29133_/X
 _29134_/X
 _29135_/Y
 _29136_/X
 _29137_/Y
 _29138_/X
 _29139_/X
 _29140_/Y
 _29141_/Y
 _29142_/Y
 _29143_/Y
 _29144_/Y
 _29145_/Y
 _29146_/Y
 _29147_/Y
 _29148_/Y
 _29149_/Y
 _29150_/Y
 _29151_/Y
 _29152_/Y
 _29153_/X
 _29154_/Y
 _29155_/Y
 _29156_/Y
 _29157_/Y
 _29158_/Y
 _29159_/Y
 _29160_/X
 _29161_/Y
 _29162_/X
 _29163_/Y
 _29164_/Y
 _29165_/X
 _29166_/Y
 _29167_/Y
 _29168_/Y
 _29169_/Y
 _29170_/Y
 _29171_/Y
 _29172_/Y
 _29173_/Y
 _29174_/Y
 _29175_/Y
 _29176_/Y
 _29177_/Y
 _29178_/Y
 _29179_/Y
 _29180_/X
 _29181_/Y
 _29182_/Y
 _29183_/Y
 _29184_/X
 _29185_/X
 _29186_/Y
 _29187_/X
 _29188_/Y
 _29189_/X
 _29190_/Y
 _29191_/Y
 _29192_/Y
 _29193_/X
 _29194_/X
 _29195_/Y
 _29196_/X
 _29197_/Y
 _29198_/Y
 _29199_/Y
 _29200_/Y
 _29201_/Y
 _29202_/X
 _29203_/Y
 _29204_/Y
 _29205_/Y
 _29206_/Y
 _29207_/Y
 _29208_/Y
 _29209_/X
 _29210_/Y
 _29211_/Y
 _29212_/Y
 _29213_/X
 _29214_/Y
 _29215_/Y
 _29216_/Y
 _29217_/X
 _29218_/Y
 _29219_/X
 _29220_/Y
 _29221_/Y
 _29222_/Y
 _29223_/X
 _29224_/Y
 _29225_/Y
 _29226_/Y
 _29227_/Y
 _29228_/Y
 _29229_/X
 _29230_/Y
 _29231_/X
 _29232_/Y
 _29233_/Y
 _29234_/Y
 _29235_/Y
 _29236_/Y
 _29237_/Y
 _29238_/Y
 _29239_/X
 _29240_/X
 _29241_/Y
 _29242_/Y
 _29243_/Y
 _29244_/Y
 _29245_/Y
 _29246_/Y
 _29247_/Y
 _29248_/X
 _29249_/Y
 _29250_/Y
 _29251_/X
 _29252_/Y
 _29253_/X
 _29254_/X
 _29255_/Y
 _29256_/Y
 _29257_/Y
 _29258_/Y
 _29259_/Y
 _29260_/Y
 _29261_/Y
 _29262_/X
 _29263_/Y
 _29264_/Y
 _29265_/X
 _29266_/X
 _29267_/Y
 _29268_/Y
 _29269_/Y
 _29270_/Y
 _29271_/Y
 _29272_/Y
 _29273_/Y
 _29274_/Y
 _29275_/X
 _29276_/Y
 _29277_/X
 _29278_/Y
 _29279_/Y
 _29280_/Y
 _29281_/Y
 _29282_/X
 _29283_/Y
 _29284_/Y
 _29285_/Y
 _29286_/X
 _29287_/Y
 _29288_/Y
 _29289_/Y
 _29290_/Y
 _29291_/Y
 _29292_/Y
 _29293_/Y
 _29294_/X
 _29295_/Y
 _29296_/X
 _29297_/X
 _29298_/X
 _29299_/X
 _29300_/Y
 _29301_/Y
 _29302_/Y
 _29303_/X
 _29304_/Y
 _29305_/Y
 _29306_/X
 _29307_/X
 _29308_/Y
 _29309_/Y
 _29310_/Y
 _29311_/X
 _29312_/X
 _29313_/Y
 _29314_/Y
 _29315_/Y
 _29316_/X
 _29317_/Y
 _29318_/Y
 _29319_/Y
 _29320_/Y
 _29321_/Y
 _29322_/X
 _29323_/Y
 _29324_/Y
 _29325_/X
 _29326_/Y
 _29327_/Y
 _29328_/X
 _29329_/Y
 _29330_/Y
 _29331_/X
 _29332_/Y
 _29333_/X
 _29334_/Y
 _29335_/X
 _29336_/Y
 _29337_/Y
 _29338_/Y
 _29339_/Y
 _29340_/Y
 _29341_/Y
 _29342_/Y
 _29343_/X
 _29344_/Y
 _29345_/Y
 _29346_/Y
 _29347_/Y
 _29348_/X
 _29349_/Y
 _29350_/Y
 _29351_/Y
 _29352_/Y
 _29353_/Y
 _29354_/Y
 _29355_/Y
 _29356_/Y
 _29357_/Y
 _29358_/X
 _29359_/Y
 _29360_/Y
 _29361_/X
 _29362_/Y
 _29363_/Y
 _29364_/Y
 _29365_/Y
 _29366_/X
 _29367_/Y
 _29368_/Y
 _29369_/Y
 _29370_/X
 _29371_/Y
 _29372_/X
 _29373_/X
 _29374_/Y
 _29375_/Y
 _29376_/Y
 _29377_/Y
 _29378_/X
 _29379_/Y
 _29380_/Y
 _29381_/Y
 _29382_/X
 _29383_/Y
 _29384_/Y
 _29385_/X
 _29386_/Y
 _29387_/Y
 _29388_/Y
 _29389_/Y
 _29390_/X
 _29391_/Y
 _29392_/Y
 _29393_/Y
 _29394_/Y
 _29395_/X
 _29396_/Y
 _29397_/X
 _29398_/Y
 _29399_/Y
 _29400_/X
 _29401_/X
 _29402_/Y
 _29403_/Y
 _29404_/Y
 _29405_/Y
 _29406_/X
 _29407_/Y
 _29408_/Y
 _29409_/X
 _29410_/X
 _29411_/Y
 _29412_/Y
 _29413_/X
 _29414_/Y
 _29415_/Y
 _29416_/Y
 _29417_/X
 _29418_/X
 _29419_/Y
 _29420_/Y
 _29421_/X
 _29422_/Y
 _29423_/Y
 _29424_/Y
 _29425_/Y
 _29426_/X
 _29427_/Y
 _29428_/Y
 _29429_/X
 _29430_/Y
 _29431_/Y
 _29432_/Y
 _29433_/X
 _29434_/Y
 _29435_/Y
 _29436_/Y
 _29437_/Y
 _29438_/Y
 _29439_/Y
 _29440_/Y
 _29441_/X
 _29442_/X
 _29443_/X
 _29444_/Y
 _29445_/Y
 _29446_/Y
 _29447_/Y
 _29448_/Y
 _29449_/X
 _29450_/X
 _29451_/X
 _29452_/Y
 _29453_/Y
 _29454_/Y
 _29455_/Y
 _29456_/X
 _29457_/Y
 _29458_/Y
 _29459_/Y
 _29460_/X
 _29461_/Y
 _29462_/Y
 _29463_/Y
 _29464_/Y
 _29465_/X
 _29466_/Y
 _29467_/Y
 _29468_/X
 _29469_/X
 _29470_/Y
 _29471_/Y
 _29472_/X
 _29473_/Y
 _29474_/Y
 _29475_/Y
 _29476_/X
 _29477_/X
 _29478_/X
 _29479_/X
 _29480_/Y
 _29481_/Y
 _29482_/Y
 _29483_/Y
 _29484_/X
 _29485_/Y
 _29486_/Y
 _29487_/Y
 _29488_/Y
 _29489_/Y
 _29490_/Y
 _29491_/Y
 _29492_/Y
 _29493_/Y
 _29494_/Y
 _29495_/Y
 _29496_/X
 _29497_/Y
 _29498_/X
 _29499_/Y
 _29500_/X
 _29501_/Y
 _29502_/Y
 _29503_/Y
 _29504_/Y
 _29505_/Y
 _29506_/X
 _29507_/Y
 _29508_/Y
 _29509_/Y
 _29510_/Y
 _29511_/Y
 _29512_/Y
 _29513_/Y
 _29514_/Y
 _29515_/Y
 _29516_/X
 _29517_/Y
 _29518_/Y
 _29519_/Y
 _29520_/Y
 _29521_/Y
 _29522_/Y
 _29523_/Y
 _29524_/X
 _29525_/Y
 _29526_/Y
 _29527_/Y
 _29528_/Y
 _29529_/Y
 _29530_/Y
 _29531_/Y
 _29532_/Y
 _29533_/X
 _29534_/X
 _29535_/Y
 _29536_/Y
 _29537_/Y
 _29538_/Y
 _29539_/Y
 _29540_/X
 _29541_/Y
 _29542_/Y
 _29543_/Y
 _29544_/Y
 _29545_/Y
 _29546_/X
 _29547_/Y
 _29548_/Y
 _29549_/X
 _29550_/Y
 _29551_/X
 _29552_/Y
 _29553_/Y
 _29554_/Y
 _29555_/Y
 _29556_/Y
 _29557_/X
 _29558_/Y
 _29559_/X
 _29560_/X
 _29561_/Y
 _29562_/Y
 _29563_/Y
 _29564_/Y
 _29565_/Y
 _29566_/Y
 _29567_/Y
 _29568_/Y
 _29569_/Y
 _29570_/Y
 _29571_/Y
 _29572_/X
 _29573_/Y
 _29574_/Y
 _29575_/Y
 _29576_/Y
 _29577_/Y
 _29578_/Y
 _29579_/Y
 _29580_/Y
 _29581_/Y
 _29582_/Y
 _29583_/Y
 _29584_/X
 _29585_/Y
 _29586_/Y
 _29587_/X
 _29588_/Y
 _29589_/Y
 _29590_/Y
 _29591_/Y
 _29592_/Y
 _29593_/X
 _29594_/Y
 _29595_/Y
 _29596_/Y
 _29597_/Y
 _29598_/Y
 _29599_/Y
 _29600_/Y
 _29601_/Y
 _29602_/Y
 _29603_/Y
 _29604_/Y
 _29605_/Y
 _29606_/Y
 _29607_/Y
 _29608_/Y
 _29609_/X
 _29610_/Y
 _29611_/Y
 _29612_/Y
 _29613_/Y
 _29614_/Y
 _29615_/Y
 _29616_/Y
 _29617_/Y
 _29618_/Y
 _29619_/Y
 _29620_/X
 _29621_/Y
 _29622_/Y
 _29623_/Y
 _29624_/Y
 _29625_/Y
 _29626_/X
 _29627_/Y
 _29628_/Y
 _29629_/Y
 _29630_/Y
 _29631_/X
 _29632_/Y
 _29633_/Y
 _29634_/X
 _29635_/Y
 _29636_/Y
 _29637_/Y
 _29638_/Y
 _29639_/Y
 _29640_/Y
 _29641_/Y
 _29642_/X
 _29643_/Y
 _29644_/Y
 _29645_/X
 _29646_/Y
 _29647_/Y
 _29648_/Y
 _29649_/Y
 _29650_/Y
 _29651_/X
 _29652_/Y
 _29653_/Y
 _29654_/Y
 _29655_/Y
 _29656_/X
 _29657_/X
 _29658_/Y
 _29659_/Y
 _29660_/Y
 _29661_/Y
 _29662_/Y
 _29663_/X
 _29664_/Y
 _29665_/X
 _29666_/Y
 _29667_/Y
 _29668_/Y
 _29669_/Y
 _29670_/Y
 _29671_/Y
 _29672_/Y
 _29673_/Y
 _29674_/Y
 _29675_/X
 _29676_/Y
 _29677_/Y
 _29678_/Y
 _29679_/Y
 _29680_/Y
 _29681_/Y
 _29682_/Y
 _29683_/Y
 _29684_/Y
 _29685_/Y
 _29686_/Y
 _29687_/Y
 _29688_/Y
 _29689_/Y
 _29690_/Y
 _29691_/Y
 _29692_/Y
 _29693_/Y
 _29694_/X
 _29695_/Y
 _29696_/Y
 _29697_/Y
 _29698_/X
 _29699_/X
 _29700_/Y
 _29701_/Y
 _29702_/X
 _29703_/X
 _29704_/Y
 _29705_/X
 _29706_/Y
 _29707_/Y
 _29708_/Y
 _29709_/Y
 _29710_/Y
 _29711_/X
 _29712_/Y
 _29713_/Y
 _29714_/X
 _29715_/X
 _29716_/Y
 _29717_/Y
 _29718_/Y
 _29719_/Y
 _29720_/X
 _29721_/Y
 _29722_/Y
 _29723_/Y
 _29724_/X
 _29725_/X
 _29726_/Y
 _29727_/Y
 _29728_/Y
 _29729_/Y
 _29730_/Y
 _29731_/Y
 _29732_/X
 _29733_/Y
 _29734_/Y
 _29735_/Y
 _29736_/Y
 _29737_/Y
 _29738_/Y
 _29739_/Y
 _29740_/X
 _29741_/Y
 _29742_/X
 _29743_/Y
 _29744_/X
 _29745_/Y
 _29746_/Y
 _29747_/Y
 _29748_/Y
 _29749_/Y
 _29750_/Y
 _29751_/Y
 _29752_/Y
 _29753_/Y
 _29754_/Y
 _29755_/Y
 _29756_/Y
 _29757_/Y
 _29758_/Y
 _29759_/Y
 _29760_/Y
 _29761_/X
 _29762_/Y
 _29763_/X
 _29764_/Y
 _29765_/Y
 _29766_/Y
 _29767_/Y
 _29768_/X
 _29769_/Y
 _29770_/Y
 _29771_/Y
 _29772_/Y
 _29773_/Y
 _29774_/Y
 _29775_/Y
 _29776_/Y
 _29777_/X
 _29778_/Y
 _29779_/Y
 _29780_/Y
 _29781_/Y
 _29782_/Y
 _29783_/Y
 _29784_/Y
 _29785_/X
 _29786_/Y
 _29787_/X
 _29788_/Y
 _29789_/X
 _29790_/Y
 _29791_/Y
 _29792_/X
 _29793_/Y
 _29794_/Y
 _29795_/Y
 _29796_/Y
 _29797_/Y
 _29798_/Y
 _29799_/X
 _29800_/X
 _29801_/Y
 _29802_/Y
 _29803_/X
 _29804_/Y
 _29805_/Y
 _29806_/X
 _29807_/X
 _29808_/X
 _29809_/Y
 _29810_/Y
 _29811_/Y
 _29812_/Y
 _29813_/Y
 _29814_/Y
 _29815_/Y
 _29816_/Y
 _29817_/Y
 _29818_/Y
 _29819_/Y
 _29820_/Y
 _29821_/Y
 _29822_/Y
 _29823_/Y
 _29824_/Y
 _29825_/Y
 _29826_/Y
 _29827_/Y
 _29828_/Y
 _29829_/X
 _29830_/Y
 _29831_/Y
 _29832_/Y
 _29833_/X
 _29834_/Y
 _29835_/Y
 _29836_/Y
 _29837_/Y
 _29838_/Y
 _29839_/Y
 _29840_/Y
 _29841_/Y
 _29842_/Y
 _29843_/Y
 _29844_/Y
 _29845_/Y
 _29846_/Y
 _29847_/Y
 _29848_/Y
 _29849_/Y
 _29850_/Y
 _29851_/X
 _29852_/Y
 _29853_/X
 _29854_/Y
 _29855_/X
 _29856_/Y
 _29857_/X
 _29858_/Y
 _29859_/Y
 _29860_/Y
 _29861_/Y
 _29862_/Y
 _29863_/Y
 _29864_/X
 _29865_/X
 _29866_/Y
 _29867_/Y
 _29868_/X
 _29869_/Y
 _29870_/Y
 _29871_/Y
 _29872_/X
 _29873_/X
 _29874_/Y
 _29875_/Y
 _29876_/X
 _29877_/Y
 _29878_/Y
 _29879_/Y
 _29880_/Y
 _29881_/Y
 _29882_/Y
 _29883_/Y
 _29884_/Y
 _29885_/Y
 _29886_/Y
 _29887_/X
 _29888_/Y
 _29889_/Y
 _29890_/Y
 _29891_/Y
 _29892_/X
 _29893_/Y
 _29894_/Y
 _29895_/Y
 _29896_/X
 _29897_/X
 _29898_/Y
 _29899_/Y
 _29900_/Y
 _29901_/Y
 _29902_/Y
 _29903_/Y
 _29904_/Y
 _29905_/Y
 _29906_/Y
 _29907_/X
 _29908_/Y
 _29909_/X
 _29910_/Y
 _29911_/Y
 _29912_/Y
 _29913_/Y
 _29914_/X
 _29915_/Y
 _29916_/Y
 _29917_/Y
 _29918_/X
 _29919_/Y
 _29920_/X
 _29921_/Y
 _29922_/Y
 _29923_/Y
 _29924_/X
 _29925_/Y
 _29926_/Y
 _29927_/Y
 _29928_/Y
 _29929_/Y
 _29930_/Y
 _29931_/Y
 _29932_/Y
 _29933_/X
 _29934_/Y
 _29935_/Y
 _29936_/X
 _29937_/Y
 _29938_/Y
 _29939_/Y
 _29940_/Y
 _29941_/X
 _29942_/Y
 _29943_/Y
 _29944_/X
 _29945_/Y
 _29946_/Y
 _29947_/Y
 _29948_/X
 _29949_/X
 _29950_/X
 _29951_/Y
 _29952_/Y
 _29953_/Y
 _29954_/Y
 _29955_/Y
 _29956_/Y
 _29957_/Y
 _29958_/X
 _29959_/Y
 _29960_/Y
 _29961_/Y
 _29962_/Y
 _29963_/Y
 _29964_/Y
 _29965_/X
 _29966_/Y
 _29967_/Y
 _29968_/Y
 _29969_/X
 _29970_/Y
 _29971_/Y
 _29972_/X
 _29973_/Y
 _29974_/Y
 _29975_/Y
 _29976_/Y
 _29977_/Y
 _29978_/Y
 _29979_/Y
 _29980_/Y
 _29981_/Y
 _29982_/X
 _29983_/Y
 _29984_/X
 _29985_/Y
 _29986_/Y
 _29987_/Y
 _29988_/X
 _29989_/X
 _29990_/Y
 _29991_/Y
 _29992_/Y
 _29993_/X
 _29994_/Y
 _29995_/Y
 _29996_/Y
 _29997_/X
 _29998_/Y
 _29999_/Y
 _30000_/Y
 _30001_/Y
 _30002_/Y
 _30003_/Y
 _30004_/X
 _30005_/X
 _30006_/Y
 _30007_/Y
 _30008_/Y
 _30009_/X
 _30010_/Y
 _30011_/Y
 _30012_/Y
 _30013_/Y
 _30014_/Y
 _30015_/Y
 _30016_/X
 _30017_/Y
 _30018_/Y
 _30019_/Y
 _30020_/Y
 _30021_/X
 _30022_/Y
 _30023_/Y
 _30024_/Y
 _30025_/Y
 _30026_/Y
 _30027_/Y
 _30028_/Y
 _30029_/X
 _30030_/Y
 _30031_/Y
 _30032_/Y
 _30033_/Y
 _30034_/X
 _30035_/X
 _30036_/Y
 _30037_/Y
 _30038_/Y
 _30039_/X
 _30040_/Y
 _30041_/Y
 _30042_/Y
 _30043_/X
 _30044_/Y
 _30045_/Y
 _30046_/X
 _30047_/Y
 _30048_/Y
 _30049_/Y
 _30050_/X
 _30051_/Y
 _30052_/Y
 _30053_/Y
 _30054_/Y
 _30055_/X
 _30056_/Y
 _30057_/Y
 _30058_/X
 _30059_/Y
 _30060_/X
 _30061_/Y
 _30062_/Y
 _30063_/Y
 _30064_/Y
 _30065_/Y
 _30066_/Y
 _30067_/Y
 _30068_/Y
 _30069_/Y
 _30070_/X
 _30071_/Y
 _30072_/Y
 _30073_/Y
 _30074_/X
 _30075_/X
 _30076_/Y
 _30077_/Y
 _30078_/Y
 _30079_/Y
 _30080_/Y
 _30081_/Y
 _30082_/Y
 _30083_/X
 _30084_/Y
 _30085_/Y
 _30086_/Y
 _30087_/X
 _30088_/X
 _30089_/Y
 _30090_/Y
 _30091_/Y
 _30092_/X
 _30093_/Y
 _30094_/Y
 _30095_/Y
 _30096_/Y
 _30097_/Y
 _30098_/Y
 _30099_/Y
 _30100_/Y
 _30101_/X
 _30102_/Y
 _30103_/Y
 _30104_/Y
 _30105_/Y
 _30106_/Y
 _30107_/Y
 _30108_/Y
 _30109_/Y
 _30110_/Y
 _30111_/Y
 _30112_/Y
 _30113_/Y
 _30114_/Y
 _30115_/Y
 _30116_/Y
 _30117_/X
 _30118_/Y
 _30119_/Y
 _30120_/Y
 _30121_/Y
 _30122_/Y
 _30123_/X
 _30124_/Y
 _30125_/Y
 _30126_/X
 _30127_/Y
 _30128_/Y
 _30129_/Y
 _30130_/Y
 _30131_/X
 _30132_/Y
 _30133_/Y
 _30134_/Y
 _30135_/X
 _30136_/Y
 _30137_/Y
 _30138_/Y
 _30139_/Y
 _30140_/Y
 _30141_/Y
 _30142_/Y
 _30143_/Y
 _30144_/Y
 _30145_/X
 _30146_/Y
 _30147_/Y
 _30148_/X
 _30149_/X
 _30150_/Y
 _30151_/Y
 _30152_/X
 _30153_/Y
 _30154_/Y
 _30155_/Y
 _30156_/Y
 _30157_/X
 _30158_/Y
 _30159_/X
 _30160_/Y
 _30161_/X
 _30162_/Y
 _30163_/Y
 _30164_/Y
 _30165_/X
 _30166_/Y
 _30167_/Y
 _30168_/Y
 _30169_/Y
 _30170_/Y
 _30171_/Y
 _30172_/Y
 _30173_/X
 _30174_/Y
 _30175_/Y
 _30176_/X
 _30177_/Y
 _30178_/Y
 _30179_/Y
 _30180_/Y
 _30181_/Y
 _30182_/Y
 _30183_/Y
 _30184_/Y
 _30185_/Y
 _30186_/Y
 _30187_/Y
 _30188_/Y
 _30189_/X
 _30190_/Y
 _30191_/Y
 _30192_/Y
 _30193_/Y
 _30194_/X
 _30195_/Y
 _30196_/Y
 _30197_/Y
 _30198_/Y
 _30199_/Y
 _30200_/X
 _30201_/Y
 _30202_/Y
 _30203_/Y
 _30204_/Y
 _30205_/Y
 _30206_/Y
 _30207_/Y
 _30208_/Y
 _30209_/Y
 _30210_/Y
 _30211_/Y
 _30212_/Y
 _30213_/Y
 _30214_/Y
 _30215_/Y
 _30216_/X
 _30217_/Y
 _30218_/Y
 _30219_/Y
 _30220_/Y
 _30221_/X
 _30222_/X
 _30223_/Y
 _30224_/Y
 _30225_/Y
 _30226_/Y
 _30227_/Y
 _30228_/Y
 _30229_/Y
 _30230_/Y
 _30231_/X
 _30232_/Y
 _30233_/Y
 _30234_/Y
 _30235_/X
 _30236_/Y
 _30237_/Y
 _30238_/Y
 _30239_/X
 _30240_/Y
 _30241_/X
 _30242_/Y
 _30243_/Y
 _30244_/X
 _30245_/Y
 _30246_/Y
 _30247_/Y
 _30248_/X
 _30249_/Y
 _30250_/X
 _30251_/X
 _30252_/Y
 _30253_/Y
 _30254_/Y
 _30255_/Y
 _30256_/Y
 _30257_/Y
 _30258_/X
 _30259_/Y
 _30260_/X
 _30261_/X
 _30262_/Y
 _30263_/Y
 _30264_/Y
 _30265_/Y
 _30266_/Y
 _30267_/X
 _30268_/Y
 _30269_/Y
 _30270_/Y
 _30271_/X
 _30272_/X
 _30273_/Y
 _30274_/X
 _30275_/X
 _30276_/Y
 _30277_/X
 _30278_/Y
 _30279_/Y
 _30280_/Y
 _30281_/Y
 _30282_/Y
 _30283_/X
 _30284_/Y
 _30285_/X
 _30286_/Y
 _30287_/X
 _30288_/Y
 _30289_/Y
 _30290_/X
 _30291_/Y
 _30292_/X
 _30293_/Y
 _30294_/X
 _30295_/Y
 _30296_/Y
 _30297_/Y
 _30298_/Y
 _30299_/X
 _30300_/Y
 _30301_/X
 _30302_/Y
 _30303_/X
 _30304_/Y
 _30305_/Y
 _30306_/Y
 _30307_/Y
 _30308_/Y
 _30309_/X
 _30310_/Y
 _30311_/Y
 _30312_/X
 _30313_/X
 _30314_/X
 _30315_/Y
 _30316_/Y
 _30317_/Y
 _30318_/Y
 _30319_/X
 _30320_/Y
 _30321_/X
 _30322_/X
 _30323_/X
 _30324_/Y
 _30325_/Y
 _30326_/X
 _30327_/Y
 _30328_/Y
 _30329_/Y
 _30330_/Y
 _30331_/Y
 _30332_/Y
 _30333_/Y
 _30334_/X
 _30335_/Y
 _30336_/Y
 _30337_/Y
 _30338_/X
 _30339_/Y
 _30340_/Y
 _30341_/Y
 _30342_/X
 _30343_/X
 _30344_/Y
 _30345_/Y
 _30346_/Y
 _30347_/X
 _30348_/Y
 _30349_/X
 _30350_/Y
 _30351_/Y
 _30352_/Y
 _30353_/Y
 _30354_/Y
 _30355_/X
 _30356_/Y
 _30357_/X
 _30358_/Y
 _30359_/Y
 _30360_/Y
 _30361_/Y
 _30362_/Y
 _30363_/Y
 _30364_/Y
 _30365_/Y
 _30366_/X
 _30367_/Y
 _30368_/Y
 _30369_/X
 _30370_/Y
 _30371_/Y
 _30372_/Y
 _30373_/Y
 _30374_/Y
 _30375_/Y
 _30376_/Y
 _30377_/Y
 _30378_/Y
 _30379_/Y
 _30380_/Y
 _30381_/Y
 _30382_/Y
 _30383_/Y
 _30384_/Y
 _30385_/Y
 _30386_/Y
 _30387_/Y
 _30388_/Y
 _30389_/Y
 _30390_/Y
 _30391_/Y
 _30392_/Y
 _30393_/Y
 _30394_/Y
 _30395_/Y
 _30396_/Y
 _30397_/Y
 _30398_/Y
 _30399_/Y
 _30400_/X
 _30401_/X
 _30402_/Y
 _30403_/Y
 _30404_/Y
 _30405_/Y
 _30406_/Y
 _30407_/Y
 _30408_/Y
 _30409_/Y
 _30410_/Y
 _30411_/X
 _30412_/Y
 _30413_/Y
 _30414_/Y
 _30415_/Y
 _30416_/Y
 _30417_/Y
 _30418_/Y
 _30419_/Y
 _30420_/Y
 _30421_/Y
 _30422_/Y
 _30423_/X
 _30424_/Y
 _30425_/Y
 _30426_/Y
 _30427_/Y
 _30428_/Y
 _30429_/Y
 _30430_/Y
 _30431_/Y
 _30432_/Y
 _30433_/Y
 _30434_/Y
 _30435_/Y
 _30436_/Y
 _30437_/Y
 _30438_/Y
 _30439_/Y
 _30440_/Y
 _30441_/Y
 _30442_/Y
 _30443_/Y
 _30444_/Y
 _30445_/Y
 _30446_/Y
 _30447_/Y
 _30448_/Y
 _30449_/X
 _30450_/X
 _30451_/X
 _30452_/X
 _30453_/X
 _30454_/X
 _30455_/X
 _30456_/X
 _30457_/Y
 _30458_/X
 _30459_/X
 _30460_/X
 _30461_/X
 _30462_/X
 _30463_/X
 _30464_/X
 _30465_/X
 _30466_/X
 _30467_/X
 _30468_/Y
 _30469_/X
 _30470_/X
 _30471_/X
 _30472_/X
 _30473_/X
 _30474_/X
 _30475_/X
 _30476_/X
 _30477_/X
 _30478_/X
 _30479_/X
 _30480_/X
 _30481_/X
 _30482_/X
 _30483_/X
 _30484_/X
 _30485_/X
 _30486_/X
 _30487_/X
 _30488_/X
 _30489_/X
 _30490_/X
 _30491_/Y
 _30492_/Y
 _30493_/Y
 _30494_/Y
 _30495_/Y
 _30496_/Y
 _30497_/Y
 _30498_/Y
 _30499_/Y
 _30500_/Y
 _30501_/Y
 _30502_/Y
 _30503_/Y
 _30504_/Y
 _30505_/Y
 _30506_/Y
 _30507_/Y
 _30508_/Y
 _30509_/Y
 _30510_/Y
 _30511_/Y
 _30512_/Y
 _30513_/Y
 _30514_/Y
 _30515_/Y
 _30516_/Y
 _30517_/Y
 _30518_/Y
 _30519_/Y
 _30520_/Y
 _30521_/Y
 _30522_/Y
 _30523_/Y
 _30524_/Y
 _30525_/Y
 _30526_/Y
 _30527_/Y
 _30528_/Y
 _30529_/Y
 _30530_/Y
 _30531_/Y
 _30532_/Y
 _30533_/Y
 _30534_/Y
 _30535_/Y
 _30536_/Y
 _30537_/Y
 _30538_/Y
 _30539_/Y
 _30540_/Y
 _30541_/Y
 _30542_/Y
 _30543_/Y
 _30544_/Y
 _30545_/Y
 _30546_/X
 _30547_/Y
 _30548_/Y
 _30549_/Y
 _30550_/Y
 _30551_/Y
 _30552_/Y
 _30553_/Y
 _30554_/Y
 _30555_/Y
 _30556_/Y
 _30557_/Y
 _30558_/Y
 _30559_/Y
 _30560_/Y
 _30561_/Y
 _30562_/Y
 _30563_/Y
 _30564_/Y
 _30565_/Y
 _30566_/Y
 _30567_/Y
 _30568_/Y
 _30569_/Y
 _30570_/Y
 _30571_/Y
 _30572_/Y
 _30573_/Y
 _30574_/Y
 _30575_/Y
 _30576_/Y
 _30577_/X
 _30578_/Y
 _30579_/Y
 _30580_/Y
 _30581_/Y
 _30582_/Y
 _30583_/Y
 _30584_/Y
 _30585_/Y
 _30586_/Y
 _30587_/Y
 _30588_/Y
 _30589_/Y
 _30590_/Y
 _30591_/Y
 _30592_/Y
 _30593_/Y
 _30594_/Y
 _30595_/Y
 _30596_/Y
 _30597_/Y
 _30598_/X
 _30599_/Y
 _30600_/Y
 _30601_/X
 _30602_/Y
 _30603_/Y
 _30604_/Y
 _30605_/Y
 _30606_/X
 _30607_/Y
 _30608_/Y
 _30609_/Y
 _30610_/X
 _30611_/Y
 _30612_/Y
 _30613_/X
 _30614_/Y
 _30615_/Y
 _30616_/Y
 _30617_/Y
 _30618_/Y
 _30619_/Y
 _30620_/Y
 _30621_/X
 _30622_/Y
 _30623_/Y
 _30624_/Y
 _30625_/Y
 _30626_/X
 _30627_/Y
 _30628_/Y
 _30629_/Y
 _30630_/Y
 _30631_/Y
 _30632_/X
 _30633_/Y
 _30634_/Y
 _30635_/Y
 _30636_/Y
 _30637_/Y
 _30638_/X
 _30639_/Y
 _30640_/Y
 _30641_/Y
 _30642_/Y
 _30643_/Y
 _30644_/Y
 _30645_/Y
 _30646_/Y
 _30647_/Y
 _30648_/Y
 _30649_/Y
 _30650_/Y
 _30651_/Y
 _30652_/Y
 _30653_/Y
 _30654_/Y
 _30655_/Y
 _30656_/Y
 _30657_/Y
 _30658_/Y
 _30659_/Y
 _30660_/Y
 _30661_/Y
 _30662_/X
 _30663_/Y
 _30664_/Y
 _30665_/Y
 _30666_/Y
 _30667_/Y
 _30668_/Y
 _30669_/Y
 _30670_/Y
 _30671_/Y
 _30672_/Y
 _30673_/Y
 _30674_/Y
 _30675_/Y
 _30676_/Y
 _30677_/Y
 _30678_/Y
 _30679_/Y
 _30680_/Y
 _30681_/Y
 _30682_/Y
 _30683_/Y
 _30684_/Y
 _30685_/Y
 _30686_/Y
 _30687_/Y
 _30688_/Y
 _30689_/Y
 _30690_/X
 _30691_/Y
 _30692_/Y
 _30693_/Y
 _30694_/Y
 _30695_/Y
 _30696_/Y
 _30697_/Y
 _30698_/Y
 _30699_/Y
 _30700_/Y
 _30701_/Y
 _30702_/Y
 _30703_/Y
 _30704_/Y
 _30705_/Y
 _30706_/Y
 _30707_/Y
 _30708_/Y
 _30709_/Y
 _30710_/X
 _30711_/Y
 _30712_/X
 _30713_/Y
 _30714_/Y
 _30715_/X
 _30716_/Y
 _30717_/Y
 _30718_/Y
 _30719_/Y
 _30720_/X
 _30721_/Y
 _30722_/Y
 _30723_/Y
 _30724_/Y
 _30725_/Y
 _30726_/Y
 _30727_/Y
 _30728_/Y
 _30729_/Y
 _30730_/X
 _30731_/Y
 _30732_/Y
 _30733_/Y
 _30734_/Y
 _30735_/Y
 _30736_/Y
 _30737_/Y
 _30738_/Y
 _30739_/Y
 _30740_/Y
 _30741_/Y
 _30742_/Y
 _30743_/Y
 _30744_/X
 _30745_/Y
 _30746_/Y
 _30747_/Y
 _30748_/Y
 _30749_/Y
 _30750_/Y
 _30751_/Y
 _30752_/Y
 _30753_/Y
 _30754_/Y
 _30755_/Y
 _30756_/Y
 _30757_/Y
 _30758_/Y
 _30759_/X
 _30760_/Y
 _30761_/Y
 _30762_/Y
 _30763_/Y
 _30764_/Y
 _30765_/Y
 _30766_/Y
 _30767_/Y
 _30768_/Y
 _30769_/Y
 _30770_/Y
 _30771_/Y
 _30772_/Y
 _30773_/Y
 _30774_/Y
 _30775_/Y
 _30776_/Y
 _30777_/Y
 _30778_/Y
 _30779_/X
 _30780_/Y
 _30781_/Y
 _30782_/Y
 _30783_/Y
 _30784_/Y
 _30785_/Y
 _30786_/Y
 _30787_/Y
 _30788_/Y
 _30789_/Y
 _30790_/Y
 _30791_/Y
 _30792_/Y
 _30793_/Y
 _30794_/Y
 _30795_/Y
 _30796_/Y
 _30797_/Y
 _30798_/Y
 _30799_/Y
 _30800_/Y
 _30801_/Y
 _30802_/Y
 _30803_/Y
 _30804_/Y
 _30805_/X
 _30806_/Y
 _30807_/Y
 _30808_/Y
 _30809_/Y
 _30810_/Y
 _30811_/Y
 _30812_/Y
 _30813_/Y
 _30814_/Y
 _30815_/Y
 _30816_/Y
 _30817_/Y
 _30818_/Y
 _30819_/Y
 _30820_/Y
 _30821_/Y
 _30822_/Y
 _30823_/Y
 _30824_/Y
 _30825_/Y
 _30826_/Y
 _30827_/X
 _30828_/Y
 _30829_/Y
 _30830_/Y
 _30831_/Y
 _30832_/Y
 _30833_/X
 _30834_/X
 _30835_/Y
 _30836_/Y
 _30837_/Y
 _30838_/Y
 _30839_/Y
 _30840_/Y
 _30841_/Y
 _30842_/Y
 _30843_/Y
 _30844_/Y
 _30845_/X
 _30846_/X
 _30847_/Y
 _30848_/Y
 _30849_/X
 _30850_/X
 _30851_/Y
 _30852_/Y
 _30853_/Y
 _30854_/Y
 _30855_/Y
 _30856_/Y
 _30857_/Y
 _30858_/Y
 _30859_/X
 _30860_/Y
 _30861_/Y
 _30862_/X
 _30863_/Y
 _30864_/Y
 _30865_/Y
 _30866_/Y
 _30867_/Y
 _30868_/X
 _30869_/Y
 _30870_/Y
 _30871_/Y
 _30872_/X
 _30873_/Y
 _30874_/X
 _30875_/Y
 _30876_/X
 _30877_/Y
 _30878_/Y
 _30879_/Y
 _30880_/Y
 _30881_/Y
 _30882_/X
 _30883_/Y
 _30884_/Y
 _30885_/Y
 _30886_/Y
 _30887_/Y
 _30888_/Y
 _30889_/X
 _30890_/X
 _30891_/Y
 _30892_/Y
 _30893_/Y
 _30894_/Y
 _30895_/Y
 _30896_/Y
 _30897_/Y
 _30898_/Y
 _30899_/Y
 _30900_/Y
 _30901_/Y
 _30902_/Y
 _30903_/Y
 _30904_/Y
 _30905_/Y
 _30906_/Y
 _30907_/Y
 _30908_/Y
 _30909_/Y
 _30910_/Y
 _30911_/Y
 _30912_/Y
 _30913_/Y
 _30914_/Y
 _30915_/Y
 _30916_/Y
 _30917_/Y
 _30918_/Y
 _30919_/Y
 _30920_/Y
 _30921_/Y
 _30922_/X
 _30923_/Y
 _30924_/Y
 _30925_/X
 _30926_/Y
 _30927_/Y
 _30928_/X
 _30929_/Y
 _30930_/Y
 _30931_/Y
 _30932_/Y
 _30933_/Y
 _30934_/X
 _30935_/X
 _30936_/Y
 _30937_/X
 _30938_/Y
 _30939_/Y
 _30940_/Y
 _30941_/Y
 _30942_/Y
 _30943_/Y
 _30944_/Y
 _30945_/Y
 _30946_/X
 _30947_/X
 _30948_/Y
 _30949_/Y
 _30950_/Y
 _30951_/Y
 _30952_/Y
 _30953_/Y
 _30954_/Y
 _30955_/Y
 _30956_/Y
 _30957_/Y
 _30958_/Y
 _30959_/Y
 _30960_/Y
 _30961_/Y
 _30962_/Y
 _30963_/Y
 _30964_/Y
 _30965_/Y
 _30966_/Y
 _30967_/X
 _30968_/Y
 _30969_/X
 _30970_/Y
 _30971_/Y
 _30972_/Y
 _30973_/Y
 _30974_/Y
 _30975_/Y
 _30976_/Y
 _30977_/Y
 _30978_/Y
 _30979_/X
 _30980_/Y
 _30981_/Y
 _30982_/Y
 _30983_/Y
 _30984_/Y
 _30985_/Y
 _30986_/Y
 _30987_/X
 _30988_/Y
 _30989_/Y
 _30990_/Y
 _30991_/Y
 _30992_/Y
 _30993_/Y
 _30994_/Y
 _30995_/Y
 _30996_/Y
 _30997_/Y
 _30998_/Y
 _30999_/Y
 _31000_/Y
 _31001_/Y
 _31002_/Y
 _31003_/Y
 _31004_/Y
 _31005_/Y
 _31006_/Y
 _31007_/Y
 _31008_/X
 _31009_/Y
 _31010_/Y
 _31011_/Y
 _31012_/Y
 _31013_/Y
 _31014_/Y
 _31015_/Y
 _31016_/Y
 _31017_/X
 _31018_/Y
 _31019_/X
 _31020_/Y
 _31021_/Y
 _31022_/Y
 _31023_/Y
 _31024_/Y
 _31025_/Y
 _31026_/Y
 _31027_/Y
 _31028_/X
 _31029_/Y
 _31030_/X
 _31031_/Y
 _31032_/Y
 _31033_/Y
 _31034_/Y
 _31035_/X
 _31036_/Y
 _31037_/Y
 _31038_/Y
 _31039_/Y
 _31040_/Y
 _31041_/Y
 _31042_/Y
 _31043_/Y
 _31044_/Y
 _31045_/Y
 _31046_/Y
 _31047_/Y
 _31048_/Y
 _31049_/Y
 _31050_/Y
 _31051_/Y
 _31052_/Y
 _31053_/Y
 _31054_/Y
 _31055_/Y
 _31056_/Y
 _31057_/Y
 _31058_/Y
 _31059_/Y
 _31060_/Y
 _31061_/X
 _31062_/Y
 _31063_/Y
 _31064_/Y
 _31065_/Y
 _31066_/Y
 _31067_/X
 _31068_/Y
 _31069_/X
 _31070_/X
 _31071_/Y
 _31072_/Y
 _31073_/Y
 _31074_/Y
 _31075_/Y
 _31076_/Y
 _31077_/Y
 _31078_/Y
 _31079_/Y
 _31080_/Y
 _31081_/Y
 _31082_/Y
 _31083_/Y
 _31084_/Y
 _31085_/Y
 _31086_/Y
 _31087_/X
 _31088_/X
 _31089_/Y
 _31090_/X
 _31091_/Y
 _31092_/Y
 _31093_/Y
 _31094_/Y
 _31095_/Y
 _31096_/Y
 _31097_/Y
 _31098_/Y
 _31099_/Y
 _31100_/Y
 _31101_/Y
 _31102_/Y
 _31103_/Y
 _31104_/Y
 _31105_/Y
 _31106_/Y
 _31107_/Y
 _31108_/X
 _31109_/Y
 _31110_/Y
 _31111_/X
 _31112_/Y
 _31113_/Y
 _31114_/Y
 _31115_/Y
 _31116_/Y
 _31117_/Y
 _31118_/Y
 _31119_/X
 _31120_/Y
 _31121_/Y
 _31122_/Y
 _31123_/Y
 _31124_/Y
 _31125_/Y
 _31126_/Y
 _31127_/Y
 _31128_/X
 _31129_/Y
 _31130_/Y
 _31131_/Y
 _31132_/Y
 _31133_/Y
 _31134_/Y
 _31135_/Y
 _31136_/Y
 _31137_/X
 _31138_/X
 _31139_/Y
 _31140_/X
 _31141_/X
 _31142_/Y
 _31143_/Y
 _31144_/Y
 _31145_/Y
 _31146_/Y
 _31147_/Y
 _31148_/Y
 _31149_/Y
 _31150_/Y
 _31151_/Y
 _31152_/Y
 _31153_/Y
 _31154_/X
 _31155_/Y
 _31156_/Y
 _31157_/Y
 _31158_/Y
 _31159_/Y
 _31160_/Y
 _31161_/Y
 _31162_/Y
 _31163_/X
 _31164_/Y
 _31165_/Y
 _31166_/Y
 _31167_/Y
 _31168_/Y
 _31169_/Y
 _31170_/Y
 _31171_/Y
 _31172_/Y
 _31173_/Y
 _31174_/X
 _31175_/Y
 _31176_/Y
 _31177_/Y
 _31178_/X
 _31179_/X
 _31180_/Y
 _31181_/Y
 _31182_/Y
 _31183_/Y
 _31184_/Y
 _31185_/Y
 _31186_/Y
 _31187_/Y
 _31188_/Y
 _31189_/Y
 _31190_/Y
 _31191_/Y
 _31192_/X
 _31193_/Y
 _31194_/Y
 _31195_/Y
 _31196_/Y
 _31197_/Y
 _31198_/Y
 _31199_/X
 _31200_/Y
 _31201_/Y
 _31202_/Y
 _31203_/Y
 _31204_/X
 _31205_/Y
 _31206_/Y
 _31207_/Y
 _31208_/X
 _31209_/Y
 _31210_/Y
 _31211_/X
 _31212_/X
 _31213_/X
 _31214_/X
 _31215_/X
 _31216_/X
 _31217_/X
 _31218_/X
 _31219_/X
 _31220_/Y
 _31221_/X
 _31222_/X
 _31223_/X
 _31224_/X
 _31225_/X
 _31226_/X
 _31227_/X
 _31228_/X
 _31229_/X
 _31230_/X
 _31231_/Y
 _31232_/X
 _31233_/X
 _31234_/X
 _31235_/X
 _31236_/X
 _31237_/X
 _31238_/X
 _31239_/X
 _31240_/X
 _31241_/Y
 _31242_/Y
 _31243_/Y
 _31244_/Y
 _31245_/X
 _31246_/Y
 _31247_/Y
 _31248_/Y
 _31249_/Y
 _31250_/Y
 _31251_/Y
 _31252_/Y
 _31253_/Y
 _31254_/Y
 _31255_/Y
 _31256_/Y
 _31257_/Y
 _31258_/X
 _31259_/Y
 _31260_/Y
 _31261_/Y
 _31262_/Y
 _31263_/Y
 _31264_/Y
 _31265_/Y
 _31266_/X
 _31267_/Y
 _31268_/Y
 _31269_/Y
 _31270_/Y
 _31271_/X
 _31272_/Y
 _31273_/Y
 _31274_/Y
 _31275_/Y
 _31276_/X
 _31277_/Y
 _31278_/Y
 _31279_/Y
 _31280_/X
 _31281_/Y
 _31282_/Y
 _31283_/Y
 _31284_/Y
 _31285_/Y
 _31286_/Y
 _31287_/Y
 _31288_/Y
 _31289_/Y
 _31290_/Y
 _31291_/Y
 _31292_/Y
 _31293_/X
 _31294_/Y
 _31295_/Y
 _31296_/Y
 _31297_/Y
 _31298_/Y
 _31299_/Y
 _31300_/Y
 _31301_/X
 _31302_/Y
 _31303_/Y
 _31304_/Y
 _31305_/Y
 _31306_/X
 _31307_/Y
 _31308_/Y
 _31309_/Y
 _31310_/Y
 _31311_/X
 _31312_/Y
 _31313_/Y
 _31314_/Y
 _31315_/Y
 _31316_/Y
 _31317_/Y
 _31318_/Y
 _31319_/X
 _31320_/Y
 _31321_/Y
 _31322_/X
 _31323_/Y
 _31324_/Y
 _31325_/X
 _31326_/Y
 _31327_/Y
 _31328_/Y
 _31329_/Y
 _31330_/Y
 _31331_/Y
 _31332_/X
 _31333_/Y
 _31334_/Y
 _31335_/Y
 _31336_/X
 _31337_/Y
 _31338_/Y
 _31339_/Y
 _31340_/Y
 _31341_/Y
 _31342_/Y
 _31343_/Y
 _31344_/Y
 _31345_/Y
 _31346_/Y
 _31347_/Y
 _31348_/Y
 _31349_/X
 _31350_/Y
 _31351_/Y
 _31352_/Y
 _31353_/Y
 _31354_/Y
 _31355_/Y
 _31356_/Y
 _31357_/X
 _31358_/Y
 _31359_/Y
 _31360_/Y
 _31361_/Y
 _31362_/X
 _31363_/Y
 _31364_/Y
 _31365_/Y
 _31366_/Y
 _31367_/X
 _31368_/Y
 _31369_/Y
 _31370_/Y
 _31371_/X
 _31372_/Y
 _31373_/Y
 _31374_/Y
 _31375_/Y
 _31376_/Y
 _31377_/Y
 _31378_/Y
 _31379_/Y
 _31380_/Y
 _31381_/Y
 _31382_/Y
 _31383_/Y
 _31384_/X
 _31385_/Y
 _31386_/Y
 _31387_/Y
 _31388_/Y
 _31389_/Y
 _31390_/Y
 _31391_/Y
 _31392_/X
 _31393_/Y
 _31394_/Y
 _31395_/Y
 _31396_/Y
 _31397_/X
 _31398_/Y
 _31399_/Y
 _31400_/Y
 _31401_/Y
 _31402_/X
 _31403_/Y
 _31404_/Y
 _31405_/Y
 _31406_/Y
 _31407_/Y
 _31408_/Y
 _31409_/Y
 _31410_/X
 _31411_/Y
 _31412_/Y
 _31413_/X
 _31414_/Y
 _31415_/Y
 _31416_/X
 _31417_/Y
 _31418_/Y
 _31419_/Y
 _31420_/Y
 _31421_/Y
 _31422_/Y
 _31423_/X
 _31424_/Y
 _31425_/Y
 _31426_/Y
 _31427_/Y
 _31428_/X
 _31429_/Y
 _31430_/Y
 _31431_/Y
 _31432_/Y
 _31433_/Y
 _31434_/X
 _31435_/Y
 _31436_/Y
 _31437_/Y
 _31438_/Y
 _31439_/X
 _31440_/Y
 _31441_/Y
 _31442_/Y
 _31443_/Y
 _31444_/X
 _31445_/Y
 _31446_/Y
 _31447_/Y
 _31448_/Y
 _31449_/Y
 _31450_/Y
 _31451_/Y
 _31452_/Y
 _31453_/Y
 _31454_/Y
 _31455_/Y
 _31456_/Y
 _31457_/Y
 _31458_/X
 _31459_/Y
 _31460_/Y
 _31461_/Y
 _31462_/Y
 _31463_/Y
 _31464_/X
 _31465_/Y
 _31466_/Y
 _31467_/Y
 _31468_/Y
 _31469_/Y
 _31470_/Y
 _31471_/Y
 _31472_/Y
 _31473_/Y
 _31474_/Y
 _31475_/Y
 _31476_/Y
 _31477_/X
 _31478_/Y
 _31479_/Y
 _31480_/Y
 _31481_/Y
 _31482_/Y
 _31483_/Y
 _31484_/Y
 _31485_/X
 _31486_/Y
 _31487_/Y
 _31488_/Y
 _31489_/Y
 _31490_/X
 _31491_/Y
 _31492_/Y
 _31493_/Y
 _31494_/Y
 _31495_/X
 _31496_/Y
 _31497_/Y
 _31498_/Y
 _31499_/X
 _31500_/Y
 _31501_/Y
 _31502_/Y
 _31503_/Y
 _31504_/Y
 _31505_/Y
 _31506_/Y
 _31507_/Y
 _31508_/Y
 _31509_/Y
 _31510_/Y
 _31511_/Y
 _31512_/X
 _31513_/Y
 _31514_/Y
 _31515_/Y
 _31516_/Y
 _31517_/Y
 _31518_/Y
 _31519_/Y
 _31520_/X
 _31521_/Y
 _31522_/Y
 _31523_/Y
 _31524_/Y
 _31525_/X
 _31526_/Y
 _31527_/Y
 _31528_/Y
 _31529_/Y
 _31530_/X
 _31531_/Y
 _31532_/Y
 _31533_/Y
 _31534_/Y
 _31535_/Y
 _31536_/Y
 _31537_/Y
 _31538_/X
 _31539_/Y
 _31540_/Y
 _31541_/X
 _31542_/Y
 _31543_/Y
 _31544_/X
 _31545_/Y
 _31546_/Y
 _31547_/Y
 _31548_/Y
 _31549_/Y
 _31550_/Y
 _31551_/X
 _31552_/Y
 _31553_/Y
 _31554_/Y
 _31555_/Y
 _31556_/Y
 _31557_/Y
 _31558_/Y
 _31559_/X
 _31560_/Y
 _31561_/Y
 _31562_/X
 _31563_/Y
 _31564_/Y
 _31565_/X
 _31566_/Y
 _31567_/Y
 _31568_/Y
 _31569_/Y
 _31570_/Y
 _31571_/Y
 _31572_/X
 _31573_/Y
 _31574_/Y
 _31575_/Y
 _31576_/Y
 _31577_/Y
 _31578_/Y
 _31579_/Y
 _31580_/X
 _31581_/Y
 _31582_/Y
 _31583_/X
 _31584_/Y
 _31585_/Y
 _31586_/X
 _31587_/Y
 _31588_/Y
 _31589_/Y
 _31590_/Y
 _31591_/Y
 _31592_/Y
 _31593_/X
 _31594_/Y
 _31595_/Y
 _31596_/Y
 _31597_/Y
 _31598_/X
 _31599_/Y
 _31600_/Y
 _31601_/Y
 _31602_/Y
 _31603_/Y
 _31604_/X
 _31605_/Y
 _31606_/Y
 _31607_/Y
 _31608_/Y
 _31609_/X
 _31610_/Y
 _31611_/Y
 _31612_/Y
 _31613_/Y
 _31614_/X
 _31615_/Y
 _31616_/Y
 _31617_/Y
 _31618_/Y
 _31619_/Y
 _31620_/Y
 _31621_/Y
 _31622_/Y
 _31623_/Y
 _31624_/Y
 _31625_/Y
 _31626_/Y
 _31627_/Y
 _31628_/X
 _31629_/Y
 _31630_/Y
 _31631_/Y
 _31632_/Y
 _31633_/Y
 _31634_/Y
 _31635_/Y
 _31636_/Y
 _31637_/X
 _31638_/Y
 _31639_/Y
 _31640_/Y
 _31641_/Y
 _31642_/Y
 _31643_/Y
 _31644_/Y
 _31645_/Y
 _31646_/Y
 _31647_/Y
 _31648_/Y
 _31649_/Y
 _31650_/Y
 _31651_/Y
 _31652_/X
 _31653_/Y
 _31654_/Y
 _31655_/Y
 _31656_/Y
 _31657_/Y
 _31658_/Y
 _31659_/Y
 _31660_/X
 _31661_/X
 _31662_/Y
 _31663_/X
 _31664_/Y
 _31665_/Y
 _31666_/Y
 _31667_/Y
 _31668_/Y
 _31669_/Y
 _31670_/Y
 _31671_/Y
 _31672_/Y
 _31673_/Y
 _31674_/Y
 _31675_/Y
 _31676_/Y
 _31677_/Y
 _31678_/Y
 _31679_/Y
 _31680_/Y
 _31681_/Y
 _31682_/Y
 _31683_/Y
 _31684_/X
 _31685_/Y
 _31686_/Y
 _31687_/Y
 _31688_/Y
 _31689_/Y
 _31690_/Y
 _31691_/Y
 _31692_/X
 _31693_/X
 _31694_/Y
 _31695_/X
 _31696_/Y
 _31697_/Y
 _31698_/Y
 _31699_/Y
 _31700_/Y
 _31701_/Y
 _31702_/Y
 _31703_/Y
 _31704_/Y
 _31705_/Y
 _31706_/Y
 _31707_/Y
 _31708_/Y
 _31709_/X
 _31710_/Y
 _31711_/Y
 _31712_/X
 _31713_/Y
 _31714_/Y
 _31715_/X
 _31716_/Y
 _31717_/Y
 _31718_/Y
 _31719_/Y
 _31720_/Y
 _31721_/Y
 _31722_/X
 _31723_/Y
 _31724_/Y
 _31725_/X
 _31726_/Y
 _31727_/Y
 _31728_/X
 _31729_/Y
 _31730_/Y
 _31731_/Y
 _31732_/Y
 _31733_/Y
 _31734_/X
 _31735_/Y
 _31736_/Y
 _31737_/X
 _31738_/Y
 _31739_/Y
 _31740_/X
 _31741_/Y
 _31742_/Y
 _31743_/X
 _31744_/Y
 _31745_/Y
 _31746_/X
 _31747_/X
 _31748_/Y
 _31749_/Y
 _31750_/X
 _31751_/Y
 _31752_/Y
 _31753_/Y
 _31754_/Y
 _31755_/X
 _31756_/X
 _31757_/Y
 _31758_/Y
 _31759_/Y
 _31760_/Y
 _31761_/Y
 _31762_/Y
 _31763_/Y
 _31764_/Y
 _31765_/Y
 _31766_/X
 _31767_/Y
 _31768_/Y
 _31769_/Y
 _31770_/Y
 _31771_/Y
 _31772_/Y
 _31773_/Y
 _31774_/Y
 _31775_/Y
 _31776_/Y
 _31777_/Y
 _31778_/X
 _31779_/Y
 _31780_/Y
 _31781_/Y
 _31782_/Y
 _31783_/Y
 _31784_/Y
 _31785_/Y
 _31786_/Y
 _31787_/Y
 _31788_/Y
 _31789_/Y
 _31790_/Y
 _31791_/Y
 _31792_/Y
 _31793_/X
 _31794_/Y
 _31795_/Y
 _31796_/Y
 _31797_/Y
 _31798_/Y
 _31799_/X
 _31800_/X
 _31801_/X
 _31802_/Y
 _31803_/Y
 _31804_/Y
 _31805_/Y
 _31806_/Y
 _31807_/Y
 _31808_/Y
 _31809_/Y
 _31810_/Y
 _31811_/X
 _31812_/X
 _31813_/Y
 _31814_/Y
 _31815_/X
 _31816_/Y
 _31817_/X
 _31818_/Y
 _31819_/Y
 _31820_/X
 _31821_/Y
 _31822_/Y
 _31823_/Y
 _31824_/Y
 _31825_/Y
 _31826_/X
 _31827_/Y
 _31828_/Y
 _31829_/Y
 _31830_/X
 _31831_/Y
 _31832_/Y
 _31833_/Y
 _31834_/Y
 _31835_/Y
 _31836_/Y
 _31837_/Y
 _31838_/X
 _31839_/Y
 _31840_/Y
 _31841_/Y
 _31842_/Y
 _31843_/Y
 _31844_/X
 _31845_/Y
 _31846_/Y
 _31847_/Y
 _31848_/Y
 _31849_/Y
 _31850_/Y
 _31851_/Y
 _31852_/Y
 _31853_/Y
 _31854_/X
 _31855_/X
 _31856_/Y
 _31857_/Y
 _31858_/Y
 _31859_/Y
 _31860_/Y
 _31861_/Y
 _31862_/Y
 _31863_/Y
 _31864_/Y
 _31865_/Y
 _31866_/X
 _31867_/Y
 _31868_/X
 _31869_/Y
 _31870_/Y
 _31871_/X
 _31872_/Y
 _31873_/Y
 _31874_/Y
 _31875_/X
 _31876_/Y
 _31877_/X
 _31878_/Y
 _31879_/Y
 _31880_/Y
 _31881_/Y
 _31882_/Y
 _31883_/Y
 _31884_/Y
 _31885_/Y
 _31886_/X
 _31887_/Y
 _31888_/Y
 _31889_/Y
 _31890_/Y
 _31891_/Y
 _31892_/Y
 _31893_/Y
 _31894_/X
 _31895_/Y
 _31896_/Y
 _31897_/Y
 _31898_/Y
 _31899_/Y
 _31900_/Y
 _31901_/Y
 _31902_/Y
 _31903_/X
 _31904_/Y
 _31905_/Y
 _31906_/Y
 _31907_/X
 _31908_/X
 _31909_/Y
 _31910_/Y
 _31911_/X
 _31912_/Y
 _31913_/Y
 _31914_/X
 _31915_/X
 _31916_/Y
 _31917_/Y
 _31918_/Y
 _31919_/Y
 _31920_/X
 _31921_/Y
 _31922_/Y
 _31923_/Y
 _31924_/Y
 _31925_/X
 _31926_/Y
 _31927_/Y
 _31928_/Y
 _31929_/Y
 _31930_/Y
 _31931_/Y
 _31932_/Y
 _31933_/Y
 _31934_/X
 _31935_/X
 _31936_/Y
 _31937_/X
 _31938_/Y
 _31939_/Y
 _31940_/X
 _31941_/X
 _31942_/Y
 _31943_/X
 _31944_/Y
 _31945_/Y
 _31946_/X
 _31947_/X
 _31948_/Y
 _31949_/Y
 _31950_/Y
 _31951_/Y
 _31952_/Y
 _31953_/Y
 _31954_/Y
 _31955_/Y
 _31956_/Y
 _31957_/Y
 _31958_/Y
 _31959_/Y
 _31960_/X
 _31961_/X
 _31962_/X
 _31963_/X
 _31964_/Y
 _31965_/X
 _31966_/Y
 _31967_/X
 _31968_/Y
 _31969_/Y
 _31970_/X
 _31971_/Y
 _31972_/Y
 _31973_/Y
 _31974_/Y
 _31975_/Y
 _31976_/Y
 _31977_/X
 _31978_/Y
 _31979_/Y
 _31980_/Y
 _31981_/Y
 _31982_/X
 _31983_/Y
 _31984_/Y
 _31985_/Y
 _31986_/Y
 _31987_/Y
 _31988_/Y
 _31989_/Y
 _31990_/X
 _31991_/Y
 _31992_/Y
 _31993_/Y
 _31994_/X
 _31995_/Y
 _31996_/Y
 _31997_/Y
 _31998_/Y
 _31999_/Y
 _32000_/Y
 _32001_/X
 _32002_/X
 _32003_/Y
 _32004_/Y
 _32005_/X
 _32006_/Y
 _32007_/Y
 _32008_/Y
 _32009_/Y
 _32010_/Y
 _32011_/Y
 _32012_/X
 _32013_/Y
 _32014_/X
 _32015_/Y
 _32016_/Y
 _32017_/Y
 _32018_/Y
 _32019_/Y
 _32020_/Y
 _32021_/Y
 _32022_/Y
 _32023_/Y
 _32024_/Y
 _32025_/Y
 _32026_/X
 _32027_/Y
 _32028_/X
 _32029_/X
 _32030_/Y
 _32031_/X
 _32032_/Y
 _32033_/X
 _32034_/Y
 _32035_/Y
 _32036_/Y
 _32037_/Y
 _32038_/Y
 _32039_/Y
 _32040_/Y
 _32041_/Y
 _32042_/Y
 _32043_/X
 _32044_/Y
 _32045_/Y
 _32046_/Y
 _32047_/Y
 _32048_/Y
 _32049_/Y
 _32050_/Y
 _32051_/Y
 _32052_/Y
 _32053_/Y
 _32054_/X
 _32055_/X
 _32056_/X
 _32057_/Y
 _32058_/Y
 _32059_/Y
 _32060_/Y
 _32061_/Y
 _32062_/X
 _32063_/Y
 _32064_/Y
 _32065_/X
 _32066_/Y
 _32067_/Y
 _32068_/X
 _32069_/Y
 _32070_/X
 _32071_/X
 _32072_/X
 _32073_/Y
 _32074_/Y
 _32075_/Y
 _32076_/Y
 _32077_/Y
 _32078_/Y
 _32079_/Y
 _32080_/Y
 _32081_/Y
 _32082_/Y
 _32083_/X
 _32084_/X
 _32085_/Y
 _32086_/X
 _32087_/Y
 _32088_/Y
 _32089_/Y
 _32090_/Y
 _32091_/Y
 _32092_/Y
 _32093_/Y
 _32094_/Y
 _32095_/Y
 _32096_/Y
 _32097_/Y
 _32098_/X
 _32099_/Y
 _32100_/Y
 _32101_/Y
 _32102_/Y
 _32103_/Y
 _32104_/Y
 _32105_/Y
 _32106_/Y
 _32107_/Y
 _32108_/Y
 _32109_/Y
 _32110_/X
 _32111_/X
 _32112_/Y
 _32113_/Y
 _32114_/Y
 _32115_/Y
 _32116_/Y
 _32117_/Y
 _32118_/Y
 _32119_/X
 _32120_/Y
 _32121_/Y
 _32122_/Y
 _32123_/Y
 _32124_/Y
 _32125_/Y
 _32126_/Y
 _32127_/Y
 _32128_/Y
 _32129_/Y
 _32130_/Y
 _32131_/X
 _32132_/X
 _32133_/Y
 _32134_/Y
 _32135_/Y
 _32136_/X
 _32137_/Y
 _32138_/Y
 _32139_/X
 _32140_/Y
 _32141_/X
 _32142_/Y
 _32143_/Y
 _32144_/Y
 _32145_/Y
 _32146_/Y
 _32147_/Y
 _32148_/Y
 _32149_/Y
 _32150_/X
 _32151_/Y
 _32152_/Y
 _32153_/X
 _32154_/Y
 _32155_/Y
 _32156_/Y
 _32157_/Y
 _32158_/Y
 _32159_/Y
 _32160_/Y
 _32161_/X
 _32162_/Y
 _32163_/Y
 _32164_/Y
 _32165_/Y
 _32166_/Y
 _32167_/Y
 _32168_/Y
 _32169_/Y
 _32170_/Y
 _32171_/Y
 _32172_/Y
 _32173_/X
 _32174_/Y
 _32175_/Y
 _32176_/Y
 _32177_/Y
 _32178_/Y
 _32179_/Y
 _32180_/Y
 _32181_/Y
 _32182_/Y
 _32183_/Y
 _32184_/Y
 _32185_/Y
 _32186_/Y
 _32187_/Y
 _32188_/Y
 _32189_/Y
 _32190_/Y
 _32191_/Y
 _32192_/X
 _32193_/Y
 _32194_/Y
 _32195_/Y
 _32196_/X
 _32197_/X
 _32198_/Y
 _32199_/Y
 _32200_/Y
 _32201_/Y
 _32202_/X
 _32203_/X
 _32204_/Y
 _32205_/Y
 _32206_/Y
 _32207_/X
 _32208_/Y
 _32209_/Y
 _32210_/Y
 _32211_/Y
 _32212_/Y
 _32213_/X
 _32214_/Y
 _32215_/X
 _32216_/Y
 _32217_/Y
 _32218_/Y
 _32219_/Y
 _32220_/Y
 _32221_/Y
 _32222_/Y
 _32223_/Y
 _32224_/X
 _32225_/Y
 _32226_/Y
 _32227_/Y
 _32228_/Y
 _32229_/X
 _32230_/Y
 _32231_/Y
 _32232_/Y
 _32233_/X
 _32234_/Y
 _32235_/Y
 _32236_/Y
 _32237_/Y
 _32238_/Y
 _32239_/Y
 _32240_/X
 _32241_/X
 _32242_/Y
 _32243_/Y
 _32244_/Y
 _32245_/Y
 _32246_/X
 _32247_/Y
 _32248_/Y
 _32249_/Y
 _32250_/Y
 _32251_/Y
 _32252_/Y
 _32253_/Y
 _32254_/Y
 _32255_/Y
 _32256_/Y
 _32257_/Y
 _32258_/Y
 _32259_/Y
 _32260_/Y
 _32261_/Y
 _32262_/X
 _32263_/Y
 _32264_/Y
 _32265_/Y
 _32266_/X
 _32267_/X
 _32268_/X
 _32269_/X
 _32270_/Y
 _32271_/Y
 _32272_/Y
 _32273_/Y
 _32274_/X
 _32275_/Y
 _32276_/Y
 _32277_/Y
 _32278_/X
 _32279_/X
 _32280_/X
 _32281_/X
 _32282_/Y
 _32283_/Y
 _32284_/Y
 _32285_/Y
 _32286_/Y
 _32287_/Y
 _32288_/Y
 _32289_/Y
 _32290_/Y
 _32291_/X
 _32292_/Y
 _32293_/Y
 _32294_/X
 _32295_/Y
 _32296_/Y
 _32297_/Y
 _32298_/Y
 _32299_/X
 _32300_/X
 _32301_/Y
 _32302_/Y
 _32303_/Y
 _32304_/Y
 _32305_/X
 _32306_/Y
 _32307_/X
 _32308_/Y
 _32309_/X
 _32310_/X
 _32311_/Y
 _32312_/X
 _32313_/X
 _32314_/Y
 _32315_/Y
 _32316_/Y
 _32317_/Y
 _32318_/Y
 _32319_/Y
 _32320_/Y
 _32321_/X
 _32322_/Y
 _32323_/Y
 _32324_/Y
 _32325_/Y
 _32326_/Y
 _32327_/Y
 _32328_/X
 _32329_/Y
 _32330_/Y
 _32331_/Y
 _32332_/Y
 _32333_/Y
 _32334_/Y
 _32335_/Y
 _32336_/Y
 _32337_/Y
 _32338_/Y
 _32339_/Y
 _32340_/X
 _32341_/Y
 _32342_/X
 _32343_/Y
 _32344_/Y
 _32345_/Y
 _32346_/Y
 _32347_/Y
 _32348_/Y
 _32349_/Y
 _32350_/X
 _32351_/Y
 _32352_/Y
 _32353_/X
 _32354_/X
 _32355_/Y
 _32356_/Y
 _32357_/Y
 _32358_/Y
 _32359_/Y
 _32360_/Y
 _32361_/Y
 _32362_/X
 _32363_/Y
 _32364_/Y
 _32365_/Y
 _32366_/Y
 _32367_/Y
 _32368_/Y
 _32369_/X
 _32370_/Y
 _32371_/X
 _32372_/Y
 _32373_/Y
 _32374_/Y
 _32375_/X
 _32376_/Y
 _32377_/X
 _32378_/Y
 _32379_/Y
 _32380_/Y
 _32381_/Y
 _32382_/Y
 _32383_/X
 _32384_/Y
 _32385_/X
 _32386_/X
 _32387_/Y
 _32388_/Y
 _32389_/Y
 _32390_/Y
 _32391_/Y
 _32392_/Y
 _32393_/X
 _32394_/X
 _32395_/Y
 _32396_/X
 _32397_/Y
 _32398_/Y
 _32399_/Y
 _32400_/X
 _32401_/Y
 _32402_/Y
 _32403_/Y
 _32404_/Y
 _32405_/Y
 _32406_/Y
 _32407_/Y
 _32408_/X
 _32409_/Y
 _32410_/X
 _32411_/Y
 _32412_/Y
 _32413_/Y
 _32414_/X
 _32415_/Y
 _32416_/Y
 _32417_/Y
 _32418_/Y
 _32419_/X
 _32420_/Y
 _32421_/Y
 _32422_/Y
 _32423_/Y
 _32424_/Y
 _32425_/Y
 _32426_/Y
 _32427_/X
 _32428_/Y
 _32429_/X
 _32430_/Y
 _32431_/Y
 _32432_/Y
 _32433_/Y
 _32434_/Y
 _32435_/X
 _32436_/Y
 _32437_/Y
 _32438_/Y
 _32439_/Y
 _32440_/Y
 _32441_/X
 _32442_/X
 _32443_/Y
 _32444_/Y
 _32445_/Y
 _32446_/Y
 _32447_/Y
 _32448_/Y
 _32449_/Y
 _32450_/Y
 _32451_/X
 _32452_/Y
 _32453_/Y
 _32454_/X
 _32455_/X
 _32456_/Y
 _32457_/X
 _32458_/X
 _32459_/Y
 _32460_/Y
 _32461_/Y
 _32462_/Y
 _32463_/X
 _32464_/X
 _32465_/Y
 _32466_/X
 _32467_/Y
 _32468_/Y
 _32469_/Y
 _32470_/Y
 _32471_/Y
 _32472_/Y
 _32473_/Y
 _32474_/Y
 _32475_/X
 _32476_/Y
 _32477_/Y
 _32478_/X
 _32479_/Y
 _32480_/X
 _32481_/X
 _32482_/Y
 _32483_/X
 _32484_/X
 _32485_/Y
 _32486_/X
 _32487_/Y
 _32488_/Y
 _32489_/X
 _32490_/Y
 _32491_/X
 _32492_/Y
 _32493_/Y
 _32494_/Y
 _32495_/X
 _32496_/Y
 _32497_/Y
 _32498_/Y
 _32499_/Y
 _32500_/Y
 _32501_/Y
 _32502_/X
 _32503_/Y
 _32504_/Y
 _32505_/Y
 _32506_/Y
 _32507_/X
 _32508_/X
 _32509_/Y
 _32510_/Y
 _32511_/Y
 _32512_/X
 _32513_/Y
 _32514_/X
 _32515_/Y
 _32516_/Y
 _32517_/X
 _32518_/X
 _32519_/Y
 _32520_/Y
 _32521_/Y
 _32522_/Y
 _32523_/X
 _32524_/X
 _32525_/Y
 _32526_/X
 _32527_/X
 _32528_/X
 _32529_/Y
 _32530_/Y
 _32531_/Y
 _32532_/Y
 _32533_/Y
 _32534_/Y
 _32535_/Y
 _32536_/X
 _32537_/Y
 _32538_/Y
 _32539_/Y
 _32540_/Y
 _32541_/Y
 _32542_/Y
 _32543_/Y
 _32544_/Y
 _32545_/Y
 _32546_/Y
 _32547_/X
 _32548_/X
 _32549_/X
 _32550_/X
 _32551_/X
 _32552_/Y
 _32553_/Y
 _32554_/X
 _32555_/Y
 _32556_/X
 _32557_/Y
 _32558_/Y
 _32559_/Y
 _32560_/Y
 _32561_/Y
 _32562_/Y
 _32563_/Y
 _32564_/Y
 _32565_/X
 _32566_/Y
 _32567_/Y
 _32568_/Y
 _32569_/X
 _32570_/Y
 _32571_/X
 _32572_/Y
 _32573_/X
 _32574_/Y
 _32575_/Y
 _32576_/Y
 _32577_/Y
 _32578_/X
 _32579_/Y
 _32580_/Y
 _32581_/Y
 _32582_/Y
 _32583_/X
 _32584_/Y
 _32585_/X
 _32586_/X
 _32587_/X
 _32588_/Y
 _32589_/Y
 _32590_/Y
 _32591_/X
 _32592_/Y
 _32593_/Y
 _32594_/X
 _32595_/Y
 _32596_/Y
 _32597_/X
 _32598_/Y
 _32599_/Y
 _32600_/Y
 _32601_/X
 _32602_/Y
 _32603_/X
 _32604_/Y
 _32605_/X
 _32606_/Y
 _32607_/Y
 _32608_/Y
 _32609_/X
 _32610_/Y
 _32611_/X
 _32612_/Y
 _32613_/Y
 _32614_/X
 _32615_/Y
 _32616_/Y
 _32617_/Y
 _32618_/Y
 _32619_/Y
 _32620_/X
 _32621_/Y
 _32622_/Y
 _32623_/X
 _32624_/Y
 _32625_/X
 _32626_/Y
 _32627_/X
 _32628_/Y
 _32629_/X
 _32630_/Y
 _32631_/X
 _32632_/Y
 _32633_/Y
 _32634_/Y
 _32635_/Y
 _32636_/Y
 _32637_/Y
 _32638_/Y
 _32639_/X
 _32640_/Y
 _32641_/Y
 _32642_/Y
 _32643_/Y
 _32644_/Y
 _32645_/X
 _32646_/Y
 _32647_/X
 _32648_/Y
 _32649_/X
 _32650_/Y
 _32651_/Y
 _32652_/X
 _32653_/Y
 _32654_/Y
 _32655_/Y
 _32656_/Y
 _32657_/Y
 _32658_/X
 _32659_/Y
 _32660_/X
 _32661_/X
 _32662_/Y
 _32663_/Y
 _32664_/Y
 _32665_/Y
 _32666_/Y
 _32667_/Y
 _32668_/X
 _32669_/Y
 _32670_/Y
 _32671_/Y
 _32672_/Y
 _32673_/Y
 _32674_/Y
 _32675_/Y
 _32676_/Y
 _32677_/Y
 _32678_/Y
 _32679_/Y
 _32680_/Y
 _32681_/Y
 _32682_/Y
 _32683_/X
 _32684_/X
 _32685_/Y
 _32686_/Y
 _32687_/X
 _32688_/X
 _32689_/Y
 _32690_/Y
 _32691_/X
 _32692_/Y
 _32693_/X
 _32694_/X
 _32695_/Y
 _32696_/Y
 _32697_/Y
 _32698_/Y
 _32699_/Y
 _32700_/Y
 _32701_/X
 _32702_/X
 _32703_/Y
 _32704_/Y
 _32705_/Y
 _32706_/Y
 _32707_/Y
 _32708_/Y
 _32709_/Y
 _32710_/Y
 _32711_/X
 _32712_/X
 _32713_/Y
 _32714_/Y
 _32715_/Y
 _32716_/Y
 _32717_/X
 _32718_/Y
 _32719_/X
 _32720_/Y
 _32721_/Y
 _32722_/Y
 _32723_/X
 _32724_/Y
 _32725_/Y
 _32726_/Y
 _32727_/Y
 _32728_/Y
 _32729_/Y
 _32730_/Y
 _32731_/X
 _32732_/Y
 _32733_/Y
 _32734_/Y
 _32735_/Y
 _32736_/Y
 _32737_/Y
 _32738_/Y
 _32739_/Y
 _32740_/X
 _32741_/Y
 _32742_/X
 _32743_/Y
 _32744_/X
 _32745_/X
 _32746_/X
 _32747_/Y
 _32748_/X
 _32749_/X
 _32750_/X
 _32751_/Y
 _32752_/Y
 _32753_/Y
 _32754_/Y
 _32755_/X
 _32756_/X
 _32757_/Y
 _32758_/Y
 _32759_/Y
 _32760_/Y
 _32761_/Y
 _32762_/X
 _32763_/Y
 _32764_/Y
 _32765_/Y
 _32766_/Y
 _32767_/Y
 _32768_/Y
 _32769_/X
 _32770_/Y
 _32771_/Y
 _32772_/Y
 _32773_/Y
 _32774_/Y
 _32775_/Y
 _32776_/Y
 _32777_/Y
 _32778_/Y
 _32779_/Y
 _32780_/Y
 _32781_/X
 _32782_/X
 _32783_/Y
 _32784_/Y
 _32785_/Y
 _32786_/X
 _32787_/X
 _32788_/Y
 _32789_/Y
 _32790_/X
 _32791_/Y
 _32792_/Y
 _32793_/X
 _32794_/X
 _32795_/Y
 _32796_/Y
 _32797_/Y
 _32798_/Y
 _32799_/Y
 _32800_/Y
 _32801_/Y
 _32802_/X
 _32803_/Y
 _32804_/Y
 _32805_/Y
 _32806_/Y
 _32807_/Y
 _32808_/Y
 _32809_/X
 _32810_/Y
 _32811_/X
 _32812_/Y
 _32813_/Y
 _32814_/Y
 _32815_/Y
 _32816_/X
 _32817_/Y
 _32818_/Y
 _32819_/Y
 _32820_/Y
 _32821_/Y
 _32822_/X
 _32823_/Y
 _32824_/X
 _32825_/X
 _32826_/X
 _32827_/Y
 _32828_/Y
 _32829_/Y
 _32830_/Y
 _32831_/Y
 _32832_/X
 _32833_/X
 _32834_/Y
 _32835_/X
 _32836_/Y
 _32837_/Y
 _32838_/Y
 _32839_/X
 _32840_/Y
 _32841_/Y
 _32842_/Y
 _32843_/Y
 _32844_/Y
 _32845_/Y
 _32846_/Y
 _32847_/Y
 _32848_/Y
 _32849_/Y
 _32850_/Y
 _32851_/Y
 _32852_/X
 _32853_/Y
 _32854_/Y
 _32855_/Y
 _32856_/Y
 _32857_/X
 _32858_/Y
 _32859_/Y
 _32860_/Y
 _32861_/Y
 _32862_/Y
 _32863_/Y
 _32864_/Y
 _32865_/X
 _32866_/Y
 _32867_/Y
 _32868_/Y
 _32869_/Y
 _32870_/Y
 _32871_/Y
 _32872_/Y
 _32873_/Y
 _32874_/X
 _32875_/Y
 _32876_/Y
 _32877_/Y
 _32878_/Y
 _32879_/Y
 _32880_/X
 _32881_/Y
 _32882_/Y
 _32883_/Y
 _32884_/Y
 _32885_/Y
 _32886_/Y
 _32887_/Y
 _32888_/Y
 _32889_/Y
 _32890_/Y
 _32891_/X
 _32892_/Y
 _32893_/X
 _32894_/X
 _32895_/X
 _32896_/Y
 _32897_/X
 _32898_/X
 _32899_/Y
 _32900_/Y
 _32901_/Y
 _32902_/Y
 _32903_/Y
 _32904_/X
 _32905_/Y
 _32906_/X
 _32907_/Y
 _32908_/Y
 _32909_/Y
 _32910_/X
 _32911_/Y
 _32912_/Y
 _32913_/Y
 _32914_/Y
 _32915_/Y
 _32916_/Y
 _32917_/Y
 _32918_/X
 _32919_/Y
 _32920_/X
 _32921_/X
 _32922_/Y
 _32923_/X
 _32924_/X
 _32925_/Y
 _32926_/X
 _32927_/Y
 _32928_/Y
 _32929_/X
 _32930_/Y
 _32931_/Y
 _32932_/Y
 _32933_/Y
 _32934_/X
 _32935_/Y
 _32936_/X
 _32937_/Y
 _32938_/Y
 _32939_/Y
 _32940_/Y
 _32941_/X
 _32942_/Y
 _32943_/X
 _32944_/Y
 _32945_/Y
 _32946_/Y
 _32947_/Y
 _32948_/X
 _32949_/Y
 _32950_/X
 _32951_/Y
 _32952_/Y
 _32953_/Y
 _32954_/X
 _32955_/Y
 _32956_/X
 _32957_/Y
 _32958_/Y
 _32959_/X
 _32960_/X
 _32961_/Y
 _32962_/X
 _32963_/Y
 _32964_/Y
 _32965_/Y
 _32966_/Y
 _32967_/Y
 _32968_/Y
 _32969_/Y
 _32970_/Y
 _32971_/Y
 _32972_/Y
 _32973_/Y
 _32974_/X
 _32975_/Y
 _32976_/Y
 _32977_/X
 _32978_/Y
 _32979_/Y
 _32980_/Y
 _32981_/X
 _32982_/Y
 _32983_/Y
 _32984_/Y
 _32985_/Y
 _32986_/Y
 _32987_/Y
 _32988_/Y
 _32989_/Y
 _32990_/Y
 _32991_/Y
 _32992_/Y
 _32993_/Y
 _32994_/Y
 _32995_/X
 _32996_/Y
 _32997_/X
 _32998_/X
 _32999_/Y
 _33000_/X
 _33001_/Y
 _33002_/Y
 _33003_/X
 _33004_/Y
 _33005_/X
 _33006_/Y
 _33007_/Y
 _33008_/Y
 _33009_/Y
 _33010_/Y
 _33011_/X
 _33012_/X
 _33013_/Y
 _33014_/Y
 _33015_/X
 _33016_/Y
 _33017_/Y
 _33018_/Y
 _33019_/Y
 _33020_/Y
 _33021_/X
 _33022_/Y
 _33023_/Y
 _33024_/Y
 _33025_/Y
 _33026_/Y
 _33027_/Y
 _33028_/Y
 _33029_/Y
 _33030_/X
 _33031_/Y
 _33032_/Y
 _33033_/Y
 _33034_/Y
 _33035_/Y
 _33036_/X
 _33037_/Y
 _33038_/Y
 _33039_/Y
 _33040_/Y
 _33041_/Y
 _33042_/X
 _33043_/Y
 _33044_/X
 _33045_/Y
 _33046_/X
 _33047_/Y
 _33048_/Y
 _33049_/X
 _33050_/Y
 _33051_/Y
 _33052_/X
 _33053_/Y
 _33054_/Y
 _33055_/X
 _33056_/X
 _33057_/Y
 _33058_/Y
 _33059_/Y
 _33060_/Y
 _33061_/X
 _33062_/X
 _33063_/X
 _33064_/Y
 _33065_/X
 _33066_/Y
 _33067_/X
 _33068_/Y
 _33069_/Y
 _33070_/X
 _33071_/Y
 _33072_/Y
 _33073_/Y
 _33074_/Y
 _33075_/Y
 _33076_/X
 _33077_/Y
 _33078_/X
 _33079_/X
 _33080_/Y
 _33081_/Y
 _33082_/Y
 _33083_/Y
 _33084_/Y
 _33085_/Y
 _33086_/Y
 _33087_/Y
 _33088_/Y
 _33089_/X
 _33090_/X
 _33091_/Y
 _33092_/X
 _33093_/Y
 _33094_/X
 _33095_/Y
 _33096_/Y
 _33097_/Y
 _33098_/Y
 _33099_/Y
 _33100_/X
 _33101_/Y
 _33102_/Y
 _33103_/Y
 _33104_/Y
 _33105_/Y
 _33106_/X
 _33107_/X
 _33108_/Y
 _33109_/Y
 _33110_/Y
 _33111_/Y
 _33112_/X
 _33113_/X
 _33114_/Y
 _33115_/Y
 _33116_/Y
 _33117_/Y
 _33118_/Y
 _33119_/Y
 _33120_/Y
 _33121_/Y
 _33122_/Y
 _33123_/Y
 _33124_/Y
 _33125_/Y
 _33126_/X
 _33127_/Y
 _33128_/Y
 _33129_/X
 _33130_/Y
 _33131_/Y
 _33132_/Y
 _33133_/Y
 _33134_/Y
 _33135_/Y
 _33136_/Y
 _33137_/Y
 _33138_/Y
 _33139_/Y
 _33140_/Y
 _33141_/X
 _33142_/Y
 _33143_/Y
 _33144_/Y
 _33145_/Y
 _33146_/Y
 _33147_/Y
 _33148_/Y
 _33149_/Y
 _33150_/Y
 _33151_/Y
 _33152_/Y
 _33153_/Y
 _33154_/Y
 _33155_/Y
 _33156_/X
 _33157_/X
 _33158_/Y
 _33159_/Y
 _33160_/Y
 _33161_/Y
 _33162_/Y
 _33163_/X
 _33164_/Y
 _33165_/X
 _33166_/Y
 _33167_/X
 _33168_/X
 _33169_/Y
 _33170_/Y
 _33171_/Y
 _33172_/Y
 _33173_/Y
 _33174_/Y
 _33175_/Y
 _33176_/Y
 _33177_/Y
 _33178_/Y
 _33179_/Y
 _33180_/Y
 _33181_/Y
 _33182_/Y
 _33183_/Y
 _33184_/X
 _33185_/Y
 _33186_/Y
 _33187_/Y
 _33188_/Y
 _33189_/Y
 _33190_/Y
 _33191_/Y
 _33192_/Y
 _33193_/Y
 _33194_/Y
 _33195_/Y
 _33196_/X
 _33197_/Y
 _33198_/X
 _33199_/Y
 _33200_/Y
 _33201_/Y
 _33202_/X
 _33203_/Y
 _33204_/Y
 _33205_/X
 _33206_/Y
 _33207_/Y
 _33208_/Y
 _33209_/X
 _33210_/X
 _33211_/Y
 _33212_/Y
 _33213_/Y
 _33214_/Y
 _33215_/Y
 _33216_/Y
 _33217_/Y
 _33218_/X
 _33219_/Y
 _33220_/Y
 _33221_/Y
 _33222_/Y
 _33223_/Y
 _33224_/Y
 _33225_/X
 _33226_/Y
 _33227_/X
 _33228_/X
 _33229_/Y
 _33230_/X
 _33231_/Y
 _33232_/X
 _33233_/Y
 _33234_/Y
 _33235_/Y
 _33236_/Y
 _33237_/Y
 _33238_/X
 _33239_/Y
 _33240_/X
 _33241_/X
 _33242_/Y
 _33243_/Y
 _33244_/Y
 _33245_/Y
 _33246_/Y
 _33247_/Y
 _33248_/X
 _33249_/X
 _33250_/Y
 _33251_/X
 _33252_/Y
 _33253_/Y
 _33254_/Y
 _33255_/X
 _33256_/Y
 _33257_/Y
 _33258_/Y
 _33259_/Y
 _33260_/Y
 _33261_/Y
 _33262_/Y
 _33263_/Y
 _33264_/Y
 _33265_/Y
 _33266_/Y
 _33267_/Y
 _33268_/Y
 _33269_/X
 _33270_/Y
 _33271_/Y
 _33272_/Y
 _33273_/Y
 _33274_/X
 _33275_/Y
 _33276_/Y
 _33277_/Y
 _33278_/Y
 _33279_/Y
 _33280_/Y
 _33281_/Y
 _33282_/X
 _33283_/Y
 _33284_/X
 _33285_/Y
 _33286_/Y
 _33287_/Y
 _33288_/Y
 _33289_/Y
 _33290_/X
 _33291_/Y
 _33292_/Y
 _33293_/Y
 _33294_/Y
 _33295_/Y
 _33296_/X
 _33297_/Y
 _33298_/Y
 _33299_/Y
 _33300_/Y
 _33301_/Y
 _33302_/Y
 _33303_/X
 _33304_/Y
 _33305_/Y
 _33306_/X
 _33307_/Y
 _33308_/X
 _33309_/X
 _33310_/X
 _33311_/Y
 _33312_/X
 _33313_/X
 _33314_/Y
 _33315_/Y
 _33316_/Y
 _33317_/Y
 _33318_/X
 _33319_/X
 _33320_/Y
 _33321_/X
 _33322_/Y
 _33323_/Y
 _33324_/Y
 _33325_/X
 _33326_/Y
 _33327_/Y
 _33328_/Y
 _33329_/Y
 _33330_/X
 _33331_/Y
 _33332_/Y
 _33333_/X
 _33334_/Y
 _33335_/X
 _33336_/X
 _33337_/Y
 _33338_/X
 _33339_/X
 _33340_/Y
 _33341_/X
 _33342_/Y
 _33343_/Y
 _33344_/X
 _33345_/Y
 _33346_/X
 _33347_/Y
 _33348_/Y
 _33349_/Y
 _33350_/X
 _33351_/Y
 _33352_/Y
 _33353_/Y
 _33354_/Y
 _33355_/X
 _33356_/Y
 _33357_/X
 _33358_/Y
 _33359_/Y
 _33360_/Y
 _33361_/Y
 _33362_/X
 _33363_/Y
 _33364_/X
 _33365_/Y
 _33366_/Y
 _33367_/X
 _33368_/Y
 _33369_/X
 _33370_/Y
 _33371_/Y
 _33372_/X
 _33373_/X
 _33374_/Y
 _33375_/X
 _33376_/Y
 _33377_/Y
 _33378_/Y
 _33379_/Y
 _33380_/Y
 _33381_/Y
 _33382_/Y
 _33383_/Y
 _33384_/Y
 _33385_/Y
 _33386_/Y
 _33387_/X
 _33388_/Y
 _33389_/Y
 _33390_/Y
 _33391_/Y
 _33392_/Y
 _33393_/Y
 _33394_/X
 _33395_/Y
 _33396_/Y
 _33397_/Y
 _33398_/Y
 _33399_/Y
 _33400_/Y
 _33401_/Y
 _33402_/Y
 _33403_/Y
 _33404_/Y
 _33405_/Y
 _33406_/X
 _33407_/X
 _33408_/X
 _33409_/Y
 _33410_/Y
 _33411_/Y
 _33412_/Y
 _33413_/Y
 _33414_/Y
 _33415_/Y
 _33416_/Y
 _33417_/X
 _33418_/X
 _33419_/X
 _33420_/Y
 _33421_/Y
 _33422_/Y
 _33423_/X
 _33424_/Y
 _33425_/Y
 _33426_/Y
 _33427_/Y
 _33428_/Y
 _33429_/Y
 _33430_/Y
 _33431_/X
 _33432_/Y
 _33433_/X
 _33434_/Y
 _33435_/Y
 _33436_/Y
 _33437_/Y
 _33438_/Y
 _33439_/X
 _33440_/X
 _33441_/Y
 _33442_/Y
 _33443_/Y
 _33444_/Y
 _33445_/X
 _33446_/Y
 _33447_/Y
 _33448_/Y
 _33449_/Y
 _33450_/Y
 _33451_/X
 _33452_/X
 _33453_/Y
 _33454_/X
 _33455_/X
 _33456_/X
 _33457_/Y
 _33458_/Y
 _33459_/Y
 _33460_/Y
 _33461_/X
 _33462_/Y
 _33463_/X
 _33464_/Y
 _33465_/Y
 _33466_/X
 _33467_/Y
 _33468_/Y
 _33469_/Y
 _33470_/X
 _33471_/Y
 _33472_/X
 _33473_/Y
 _33474_/X
 _33475_/Y
 _33476_/Y
 _33477_/Y
 _33478_/Y
 _33479_/Y
 _33480_/Y
 _33481_/Y
 _33482_/Y
 _33483_/X
 _33484_/Y
 _33485_/Y
 _33486_/Y
 _33487_/Y
 _33488_/Y
 _33489_/X
 _33490_/Y
 _33491_/Y
 _33492_/X
 _33493_/Y
 _33494_/X
 _33495_/Y
 _33496_/X
 _33497_/Y
 _33498_/X
 _33499_/X
 _33500_/Y
 _33501_/Y
 _33502_/Y
 _33503_/Y
 _33504_/Y
 _33505_/Y
 _33506_/X
 _33507_/Y
 _33508_/Y
 _33509_/Y
 _33510_/Y
 _33511_/X
 _33512_/Y
 _33513_/X
 _33514_/X
 _33515_/Y
 _33516_/X
 _33517_/Y
 _33518_/Y
 _33519_/Y
 _33520_/X
 _33521_/Y
 _33522_/Y
 _33523_/Y
 _33524_/Y
 _33525_/X
 _33526_/Y
 _33527_/X
 _33528_/X
 _33529_/Y
 _33530_/Y
 _33531_/Y
 _33532_/Y
 _33533_/Y
 _33534_/X
 _33535_/Y
 _33536_/Y
 _33537_/Y
 _33538_/Y
 _33539_/X
 _33540_/Y
 _33541_/Y
 _33542_/Y
 _33543_/Y
 _33544_/Y
 _33545_/Y
 _33546_/Y
 _33547_/Y
 _33548_/X
 _33549_/X
 _33550_/Y
 _33551_/Y
 _33552_/Y
 _33553_/Y
 _33554_/X
 _33555_/Y
 _33556_/X
 _33557_/Y
 _33558_/X
 _33559_/Y
 _33560_/Y
 _33561_/X
 _33562_/Y
 _33563_/Y
 _33564_/X
 _33565_/Y
 _33566_/X
 _33567_/Y
 _33568_/Y
 _33569_/Y
 _33570_/X
 _33571_/Y
 _33572_/Y
 _33573_/Y
 _33574_/X
 _33575_/Y
 _33576_/Y
 _33577_/Y
 _33578_/Y
 _33579_/X
 _33580_/Y
 _33581_/Y
 _33582_/X
 _33583_/Y
 _33584_/Y
 _33585_/X
 _33586_/Y
 _33587_/Y
 _33588_/Y
 _33589_/Y
 _33590_/Y
 _33591_/Y
 _33592_/X
 _33593_/Y
 _33594_/Y
 _33595_/Y
 _33596_/Y
 _33597_/Y
 _33598_/Y
 _33599_/Y
 _33600_/Y
 _33601_/Y
 _33602_/X
 _33603_/Y
 _33604_/Y
 _33605_/Y
 _33606_/Y
 _33607_/Y
 _33608_/Y
 _33609_/Y
 _33610_/Y
 _33611_/X
 _33612_/Y
 _33613_/Y
 _33614_/Y
 _33615_/X
 _33616_/Y
 _33617_/Y
 _33618_/X
 _33619_/Y
 _33620_/Y
 _33621_/Y
 _33622_/Y
 _33623_/Y
 _33624_/Y
 _33625_/Y
 _33626_/Y
 _33627_/Y
 _33628_/Y
 _33629_/Y
 _33630_/Y
 _33631_/Y
 _33632_/Y
 _33633_/Y
 _33634_/Y
 _33635_/Y
 _33636_/Y
 _33637_/Y
 _33638_/Y
 _33639_/Y
 _33640_/Y
 _33641_/X
 _33642_/Y
 _33643_/Y
 _33644_/Y
 _33645_/Y
 _33646_/X
 _33647_/Y
 _33648_/Y
 _33649_/Y
 _33650_/Y
 _33651_/Y
 _33652_/X
 _33653_/Y
 _33654_/X
 _33655_/Y
 _33656_/Y
 _33657_/X
 _33658_/Y
 _33659_/Y
 _33660_/Y
 _33661_/X
 _33662_/Y
 _33663_/Y
 _33664_/Y
 _33665_/X
 _33666_/Y
 _33667_/X
 _33668_/Y
 _33669_/Y
 _33670_/X
 _33671_/Y
 _33672_/Y
 _33673_/X
 _33674_/Y
 _33675_/Y
 _33676_/Y
 _33677_/Y
 _33678_/X
 _33679_/Y
 _33680_/X
 _33681_/X
 _33682_/Y
 _33683_/Y
 _33684_/X
 _33685_/Y
 _33686_/Y
 _33687_/Y
 _33688_/Y
 _33689_/Y
 _33690_/Y
 _33691_/Y
 _33692_/X
 _33693_/Y
 _33694_/Y
 _33695_/Y
 _33696_/X
 _33697_/Y
 _33698_/Y
 _33699_/X
 _33700_/Y
 _33701_/Y
 _33702_/X
 _33703_/Y
 _33704_/Y
 _33705_/Y
 _33706_/Y
 _33707_/Y
 _33708_/Y
 _33709_/Y
 _33710_/Y
 _33711_/Y
 _33712_/Y
 _33713_/Y
 _33714_/Y
 _33715_/Y
 _33716_/X
 _33717_/Y
 _33718_/Y
 _33719_/Y
 _33720_/Y
 _33721_/Y
 _33722_/Y
 _33723_/Y
 _33724_/Y
 _33725_/Y
 _33726_/X
 _33727_/Y
 _33728_/Y
 _33729_/Y
 _33730_/Y
 _33731_/Y
 _33732_/Y
 _33733_/X
 _33734_/Y
 _33735_/Y
 _33736_/Y
 _33737_/Y
 _33738_/Y
 _33739_/Y
 _33740_/Y
 _33741_/Y
 _33742_/X
 _33743_/Y
 _33744_/Y
 _33745_/X
 _33746_/Y
 _33747_/X
 _33748_/Y
 _33749_/Y
 _33750_/Y
 _33751_/Y
 _33752_/Y
 _33753_/X
 _33754_/X
 _33755_/Y
 _33756_/X
 _33757_/Y
 _33758_/Y
 _33759_/Y
 _33760_/Y
 _33761_/Y
 _33762_/Y
 _33763_/X
 _33764_/Y
 _33765_/X
 _33766_/Y
 _33767_/Y
 _33768_/Y
 _33769_/Y
 _33770_/Y
 _33771_/Y
 _33772_/Y
 _33773_/X
 _33774_/Y
 _33775_/Y
 _33776_/X
 _33777_/X
 _33778_/Y
 _33779_/Y
 _33780_/Y
 _33781_/Y
 _33782_/Y
 _33783_/Y
 _33784_/Y
 _33785_/Y
 _33786_/Y
 _33787_/Y
 _33788_/Y
 _33789_/X
 _33790_/Y
 _33791_/X
 _33792_/Y
 _33793_/Y
 _33794_/Y
 _33795_/Y
 _33796_/Y
 _33797_/Y
 _33798_/X
 _33799_/Y
 _33800_/X
 _33801_/Y
 _33802_/Y
 _33803_/Y
 _33804_/Y
 _33805_/Y
 _33806_/Y
 _33807_/Y
 _33808_/Y
 _33809_/X
 _33810_/Y
 _33811_/X
 _33812_/Y
 _33813_/Y
 _33814_/X
 _33815_/Y
 _33816_/Y
 _33817_/X
 _33818_/X
 _33819_/Y
 _33820_/Y
 _33821_/Y
 _33822_/Y
 _33823_/Y
 _33824_/Y
 _33825_/Y
 _33826_/Y
 _33827_/X
 _33828_/Y
 _33829_/X
 _33830_/Y
 _33831_/Y
 _33832_/Y
 _33833_/Y
 _33834_/Y
 _33835_/Y
 _33836_/Y
 _33837_/X
 _33838_/Y
 _33839_/Y
 _33840_/Y
 _33841_/Y
 _33842_/Y
 _33843_/X
 _33844_/Y
 _33845_/Y
 _33846_/Y
 _33847_/Y
 _33848_/Y
 _33849_/Y
 _33850_/Y
 _33851_/Y
 _33852_/Y
 _33853_/X
 _33854_/X
 _33855_/X
 _33856_/Y
 _33857_/Y
 _33858_/Y
 _33859_/X
 _33860_/Y
 _33861_/Y
 _33862_/Y
 _33863_/Y
 _33864_/Y
 _33865_/Y
 _33866_/Y
 _33867_/X
 _33868_/Y
 _33869_/Y
 _33870_/X
 _33871_/Y
 _33872_/Y
 _33873_/Y
 _33874_/X
 _33875_/Y
 _33876_/Y
 _33877_/Y
 _33878_/Y
 _33879_/Y
 _33880_/Y
 _33881_/X
 _33882_/X
 _33883_/Y
 _33884_/Y
 _33885_/Y
 _33886_/Y
 _33887_/Y
 _33888_/Y
 _33889_/X
 _33890_/Y
 _33891_/Y
 _33892_/Y
 _33893_/Y
 _33894_/X
 _33895_/X
 _33896_/X
 _33897_/Y
 _33898_/X
 _33899_/Y
 _33900_/X
 _33901_/Y
 _33902_/X
 _33903_/Y
 _33904_/Y
 _33905_/X
 _33906_/Y
 _33907_/Y
 _33908_/Y
 _33909_/Y
 _33910_/Y
 _33911_/Y
 _33912_/Y
 _33913_/Y
 _33914_/X
 _33915_/Y
 _33916_/Y
 _33917_/Y
 _33918_/Y
 _33919_/Y
 _33920_/X
 _33921_/Y
 _33922_/X
 _33923_/Y
 _33924_/X
 _33925_/Y
 _33926_/Y
 _33927_/X
 _33928_/Y
 _33929_/X
 _33930_/X
 _33931_/Y
 _33932_/X
 _33933_/Y
 _33934_/Y
 _33935_/X
 _33936_/Y
 _33937_/Y
 _33938_/Y
 _33939_/Y
 _33940_/X
 _33941_/X
 _33942_/Y
 _33943_/X
 _33944_/Y
 _33945_/X
 _33946_/Y
 _33947_/Y
 _33948_/Y
 _33949_/Y
 _33950_/Y
 _33951_/Y
 _33952_/X
 _33953_/Y
 _33954_/X
 _33955_/X
 _33956_/Y
 _33957_/Y
 _33958_/Y
 _33959_/Y
 _33960_/Y
 _33961_/Y
 _33962_/Y
 _33963_/Y
 _33964_/Y
 _33965_/Y
 _33966_/Y
 _33967_/Y
 _33968_/Y
 _33969_/X
 _33970_/Y
 _33971_/Y
 _33972_/Y
 _33973_/Y
 _33974_/Y
 _33975_/Y
 _33976_/X
 _33977_/X
 _33978_/Y
 _33979_/Y
 _33980_/X
 _33981_/X
 _33982_/Y
 _33983_/X
 _33984_/Y
 _33985_/Y
 _33986_/X
 _33987_/Y
 _33988_/Y
 _33989_/Y
 _33990_/Y
 _33991_/Y
 _33992_/Y
 _33993_/Y
 _33994_/Y
 _33995_/X
 _33996_/X
 _33997_/Y
 _33998_/Y
 _33999_/Y
 _34000_/X
 _34001_/X
 _34002_/Y
 _34003_/Y
 _34004_/X
 _34005_/Y
 _34006_/Y
 _34007_/Y
 _34008_/Y
 _34009_/X
 _34010_/Y
 _34011_/Y
 _34012_/Y
 _34013_/Y
 _34014_/X
 _34015_/Y
 _34016_/Y
 _34017_/Y
 _34018_/Y
 _34019_/Y
 _34020_/Y
 _34021_/Y
 _34022_/Y
 _34023_/Y
 _34024_/X
 _34025_/X
 _34026_/Y
 _34027_/Y
 _34028_/Y
 _34029_/Y
 _34030_/Y
 _34031_/X
 _34032_/Y
 _34033_/Y
 _34034_/Y
 _34035_/X
 _34036_/X
 _34037_/Y
 _34038_/Y
 _34039_/Y
 _34040_/Y
 _34041_/Y
 _34042_/X
 _34043_/Y
 _34044_/Y
 _34045_/Y
 _34046_/X
 _34047_/Y
 _34048_/Y
 _34049_/Y
 _34050_/Y
 _34051_/Y
 _34052_/Y
 _34053_/Y
 _34054_/X
 _34055_/Y
 _34056_/Y
 _34057_/Y
 _34058_/X
 _34059_/X
 _34060_/Y
 _34061_/Y
 _34062_/Y
 _34063_/X
 _34064_/Y
 _34065_/X
 _34066_/Y
 _34067_/X
 _34068_/X
 _34069_/Y
 _34070_/X
 _34071_/Y
 _34072_/Y
 _34073_/X
 _34074_/Y
 _34075_/Y
 _34076_/Y
 _34077_/X
 _34078_/X
 _34079_/Y
 _34080_/Y
 _34081_/Y
 _34082_/Y
 _34083_/Y
 _34084_/Y
 _34085_/Y
 _34086_/Y
 _34087_/Y
 _34088_/Y
 _34089_/X
 _34090_/Y
 _34091_/Y
 _34092_/Y
 _34093_/Y
 _34094_/Y
 _34095_/Y
 _34096_/Y
 _34097_/Y
 _34098_/X
 _34099_/Y
 _34100_/Y
 _34101_/Y
 _34102_/Y
 _34103_/Y
 _34104_/X
 _34105_/Y
 _34106_/X
 _34107_/Y
 _34108_/Y
 _34109_/Y
 _34110_/Y
 _34111_/Y
 _34112_/X
 _34113_/X
 _34114_/Y
 _34115_/Y
 _34116_/X
 _34117_/Y
 _34118_/Y
 _34119_/Y
 _34120_/Y
 _34121_/Y
 _34122_/X
 _34123_/Y
 _34124_/Y
 _34125_/Y
 _34126_/Y
 _34127_/X
 _34128_/Y
 _34129_/Y
 _34130_/Y
 _34131_/Y
 _34132_/Y
 _34133_/Y
 _34134_/Y
 _34135_/Y
 _34136_/X
 _34137_/Y
 _34138_/Y
 _34139_/Y
 _34140_/Y
 _34141_/X
 _34142_/Y
 _34143_/Y
 _34144_/Y
 _34145_/Y
 _34146_/Y
 _34147_/Y
 _34148_/Y
 _34149_/X
 _34150_/Y
 _34151_/Y
 _34152_/Y
 _34153_/X
 _34154_/Y
 _34155_/X
 _34156_/Y
 _34157_/Y
 _34158_/Y
 _34159_/X
 _34160_/Y
 _34161_/X
 _34162_/Y
 _34163_/Y
 _34164_/Y
 _34165_/Y
 _34166_/Y
 _34167_/Y
 _34168_/Y
 _34169_/Y
 _34170_/Y
 _34171_/Y
 _34172_/X
 _34173_/Y
 _34174_/X
 _34175_/X
 _34176_/X
 _34177_/Y
 _34178_/X
 _34179_/Y
 _34180_/X
 _34181_/Y
 _34182_/Y
 _34183_/Y
 _34184_/X
 _34185_/Y
 _34186_/Y
 _34187_/X
 _34188_/Y
 _34189_/Y
 _34190_/Y
 _34191_/Y
 _34192_/Y
 _34193_/Y
 _34194_/Y
 _34195_/Y
 _34196_/X
 _34197_/Y
 _34198_/Y
 _34199_/X
 _34200_/Y
 _34201_/X
 _34202_/X
 _34203_/Y
 _34204_/X
 _34205_/X
 _34206_/Y
 _34207_/X
 _34208_/Y
 _34209_/Y
 _34210_/X
 _34211_/Y
 _34212_/Y
 _34213_/Y
 _34214_/Y
 _34215_/X
 _34216_/Y
 _34217_/Y
 _34218_/Y
 _34219_/Y
 _34220_/X
 _34221_/Y
 _34222_/X
 _34223_/Y
 _34224_/Y
 _34225_/Y
 _34226_/Y
 _34227_/X
 _34228_/Y
 _34229_/X
 _34230_/Y
 _34231_/Y
 _34232_/X
 _34233_/Y
 _34234_/X
 _34235_/Y
 _34236_/Y
 _34237_/X
 _34238_/X
 _34239_/Y
 _34240_/X
 _34241_/Y
 _34242_/Y
 _34243_/Y
 _34244_/Y
 _34245_/Y
 _34246_/Y
 _34247_/Y
 _34248_/Y
 _34249_/Y
 _34250_/Y
 _34251_/Y
 _34252_/X
 _34253_/Y
 _34254_/Y
 _34255_/Y
 _34256_/Y
 _34257_/Y
 _34258_/Y
 _34259_/X
 _34260_/Y
 _34261_/Y
 _34262_/Y
 _34263_/Y
 _34264_/Y
 _34265_/Y
 _34266_/Y
 _34267_/Y
 _34268_/Y
 _34269_/Y
 _34270_/Y
 _34271_/Y
 _34272_/Y
 _34273_/X
 _34274_/X
 _34275_/X
 _34276_/Y
 _34277_/Y
 _34278_/X
 _34279_/Y
 _34280_/Y
 _34281_/Y
 _34282_/Y
 _34283_/Y
 _34284_/Y
 _34285_/Y
 _34286_/Y
 _34287_/X
 _34288_/Y
 _34289_/X
 _34290_/Y
 _34291_/Y
 _34292_/Y
 _34293_/X
 _34294_/X
 _34295_/X
 _34296_/X
 _34297_/Y
 _34298_/Y
 _34299_/Y
 _34300_/Y
 _34301_/X
 _34302_/Y
 _34303_/Y
 _34304_/Y
 _34305_/Y
 _34306_/Y
 _34307_/X
 _34308_/X
 _34309_/Y
 _34310_/X
 _34311_/Y
 _34312_/Y
 _34313_/X
 _34314_/Y
 _34315_/Y
 _34316_/Y
 _34317_/X
 _34318_/Y
 _34319_/X
 _34320_/Y
 _34321_/Y
 _34322_/X
 _34323_/Y
 _34324_/Y
 _34325_/Y
 _34326_/X
 _34327_/Y
 _34328_/X
 _34329_/Y
 _34330_/X
 _34331_/Y
 _34332_/Y
 _34333_/Y
 _34334_/Y
 _34335_/Y
 _34336_/Y
 _34337_/Y
 _34338_/Y
 _34339_/X
 _34340_/Y
 _34341_/Y
 _34342_/Y
 _34343_/Y
 _34344_/Y
 _34345_/X
 _34346_/Y
 _34347_/Y
 _34348_/X
 _34349_/Y
 _34350_/X
 _34351_/Y
 _34352_/X
 _34353_/Y
 _34354_/X
 _34355_/X
 _34356_/Y
 _34357_/Y
 _34358_/Y
 _34359_/Y
 _34360_/Y
 _34361_/Y
 _34362_/X
 _34363_/Y
 _34364_/Y
 _34365_/Y
 _34366_/Y
 _34367_/X
 _34368_/Y
 _34369_/X
 _34370_/X
 _34371_/Y
 _34372_/X
 _34373_/Y
 _34374_/Y
 _34375_/Y
 _34376_/Y
 _34377_/Y
 _34378_/Y
 _34379_/Y
 _34380_/X
 _34381_/Y
 _34382_/X
 _34383_/X
 _34384_/Y
 _34385_/Y
 _34386_/Y
 _34387_/Y
 _34388_/Y
 _34389_/X
 _34390_/Y
 _34391_/Y
 _34392_/Y
 _34393_/Y
 _34394_/X
 _34395_/Y
 _34396_/Y
 _34397_/Y
 _34398_/Y
 _34399_/Y
 _34400_/Y
 _34401_/Y
 _34402_/Y
 _34403_/X
 _34404_/X
 _34405_/Y
 _34406_/Y
 _34407_/Y
 _34408_/Y
 _34409_/X
 _34410_/Y
 _34411_/X
 _34412_/Y
 _34413_/X
 _34414_/Y
 _34415_/Y
 _34416_/X
 _34417_/Y
 _34418_/Y
 _34419_/X
 _34420_/Y
 _34421_/X
 _34422_/Y
 _34423_/Y
 _34424_/Y
 _34425_/X
 _34426_/Y
 _34427_/Y
 _34428_/Y
 _34429_/X
 _34430_/Y
 _34431_/Y
 _34432_/Y
 _34433_/Y
 _34434_/X
 _34435_/Y
 _34436_/Y
 _34437_/X
 _34438_/Y
 _34439_/Y
 _34440_/X
 _34441_/Y
 _34442_/Y
 _34443_/Y
 _34444_/Y
 _34445_/Y
 _34446_/Y
 _34447_/X
 _34448_/Y
 _34449_/Y
 _34450_/Y
 _34451_/Y
 _34452_/Y
 _34453_/Y
 _34454_/Y
 _34455_/Y
 _34456_/Y
 _34457_/X
 _34458_/Y
 _34459_/Y
 _34460_/Y
 _34461_/Y
 _34462_/Y
 _34463_/Y
 _34464_/Y
 _34465_/Y
 _34466_/X
 _34467_/Y
 _34468_/Y
 _34469_/Y
 _34470_/Y
 _34471_/X
 _34472_/Y
 _34473_/Y
 _34474_/Y
 _34475_/Y
 _34476_/Y
 _34477_/Y
 _34478_/Y
 _34479_/Y
 _34480_/Y
 _34481_/Y
 _34482_/Y
 _34483_/Y
 _34484_/Y
 _34485_/Y
 _34486_/Y
 _34487_/Y
 _34488_/Y
 _34489_/Y
 _34490_/Y
 _34491_/Y
 _34492_/Y
 _34493_/X
 _34494_/Y
 _34495_/Y
 _34496_/Y
 _34497_/Y
 _34498_/X
 _34499_/Y
 _34500_/Y
 _34501_/Y
 _34502_/Y
 _34503_/Y
 _34504_/Y
 _34505_/Y
 _34506_/Y
 _34507_/Y
 _34508_/X
 _34509_/Y
 _34510_/Y
 _34511_/Y
 _34512_/X
 _34513_/Y
 _34514_/Y
 _34515_/Y
 _34516_/Y
 _34517_/Y
 _34518_/Y
 _34519_/X
 _34520_/Y
 _34521_/X
 _34522_/Y
 _34523_/Y
 _34524_/X
 _34525_/Y
 _34526_/Y
 _34527_/X
 _34528_/Y
 _34529_/Y
 _34530_/Y
 _34531_/Y
 _34532_/X
 _34533_/Y
 _34534_/X
 _34535_/X
 _34536_/Y
 _34537_/Y
 _34538_/X
 _34539_/Y
 _34540_/Y
 _34541_/Y
 _34542_/Y
 _34543_/Y
 _34544_/Y
 _34545_/Y
 _34546_/X
 _34547_/Y
 _34548_/Y
 _34549_/Y
 _34550_/X
 _34551_/Y
 _34552_/Y
 _34553_/X
 _34554_/Y
 _34555_/Y
 _34556_/X
 _34557_/Y
 _34558_/Y
 _34559_/Y
 _34560_/Y
 _34561_/Y
 _34562_/Y
 _34563_/Y
 _34564_/X
 _34565_/X
 _34566_/Y
 _34567_/Y
 _34568_/Y
 _34569_/Y
 _34570_/X
 _34571_/Y
 _34572_/Y
 _34573_/Y
 _34574_/Y
 _34575_/Y
 _34576_/Y
 _34577_/Y
 _34578_/Y
 _34579_/Y
 _34580_/X
 _34581_/Y
 _34582_/Y
 _34583_/Y
 _34584_/Y
 _34585_/Y
 _34586_/Y
 _34587_/X
 _34588_/Y
 _34589_/Y
 _34590_/Y
 _34591_/Y
 _34592_/Y
 _34593_/Y
 _34594_/Y
 _34595_/Y
 _34596_/X
 _34597_/Y
 _34598_/Y
 _34599_/X
 _34600_/Y
 _34601_/X
 _34602_/Y
 _34603_/Y
 _34604_/Y
 _34605_/Y
 _34606_/Y
 _34607_/X
 _34608_/X
 _34609_/Y
 _34610_/X
 _34611_/Y
 _34612_/Y
 _34613_/Y
 _34614_/Y
 _34615_/X
 _34616_/Y
 _34617_/X
 _34618_/Y
 _34619_/X
 _34620_/Y
 _34621_/Y
 _34622_/Y
 _34623_/Y
 _34624_/Y
 _34625_/Y
 _34626_/Y
 _34627_/X
 _34628_/Y
 _34629_/X
 _34630_/X
 _34631_/Y
 _34632_/Y
 _34633_/Y
 _34634_/Y
 _34635_/Y
 _34636_/Y
 _34637_/Y
 _34638_/Y
 _34639_/Y
 _34640_/Y
 _34641_/Y
 _34642_/X
 _34643_/Y
 _34644_/X
 _34645_/Y
 _34646_/Y
 _34647_/Y
 _34648_/Y
 _34649_/Y
 _34650_/Y
 _34651_/X
 _34652_/Y
 _34653_/X
 _34654_/Y
 _34655_/Y
 _34656_/Y
 _34657_/Y
 _34658_/Y
 _34659_/X
 _34660_/Y
 _34661_/Y
 _34662_/Y
 _34663_/Y
 _34664_/Y
 _34665_/X
 _34666_/Y
 _34667_/Y
 _34668_/X
 _34669_/Y
 _34670_/Y
 _34671_/X
 _34672_/X
 _34673_/Y
 _34674_/Y
 _34675_/Y
 _34676_/Y
 _34677_/Y
 _34678_/Y
 _34679_/Y
 _34680_/X
 _34681_/Y
 _34682_/X
 _34683_/Y
 _34684_/X
 _34685_/Y
 _34686_/Y
 _34687_/Y
 _34688_/Y
 _34689_/Y
 _34690_/X
 _34691_/Y
 _34692_/Y
 _34693_/Y
 _34694_/Y
 _34695_/Y
 _34696_/Y
 _34697_/Y
 _34698_/Y
 _34699_/Y
 _34700_/Y
 _34701_/Y
 _34702_/Y
 _34703_/Y
 _34704_/Y
 _34705_/Y
 _34706_/X
 _34707_/X
 _34708_/X
 _34709_/Y
 _34710_/Y
 _34711_/X
 _34712_/Y
 _34713_/Y
 _34714_/Y
 _34715_/Y
 _34716_/Y
 _34717_/Y
 _34718_/Y
 _34719_/X
 _34720_/Y
 _34721_/X
 _34722_/Y
 _34723_/Y
 _34724_/Y
 _34725_/Y
 _34726_/Y
 _34727_/X
 _34728_/X
 _34729_/Y
 _34730_/Y
 _34731_/Y
 _34732_/Y
 _34733_/Y
 _34734_/X
 _34735_/Y
 _34736_/Y
 _34737_/Y
 _34738_/Y
 _34739_/X
 _34740_/Y
 _34741_/X
 _34742_/X
 _34743_/Y
 _34744_/Y
 _34745_/Y
 _34746_/Y
 _34747_/X
 _34748_/X
 _34749_/X
 _34750_/Y
 _34751_/X
 _34752_/Y
 _34753_/X
 _34754_/Y
 _34755_/Y
 _34756_/Y
 _34757_/Y
 _34758_/X
 _34759_/Y
 _34760_/X
 _34761_/Y
 _34762_/X
 _34763_/Y
 _34764_/Y
 _34765_/Y
 _34766_/Y
 _34767_/X
 _34768_/Y
 _34769_/Y
 _34770_/Y
 _34771_/Y
 _34772_/Y
 _34773_/X
 _34774_/Y
 _34775_/X
 _34776_/Y
 _34777_/X
 _34778_/Y
 _34779_/X
 _34780_/Y
 _34781_/Y
 _34782_/Y
 _34783_/X
 _34784_/Y
 _34785_/Y
 _34786_/X
 _34787_/X
 _34788_/Y
 _34789_/X
 _34790_/Y
 _34791_/Y
 _34792_/Y
 _34793_/Y
 _34794_/Y
 _34795_/Y
 _34796_/Y
 _34797_/X
 _34798_/Y
 _34799_/Y
 _34800_/Y
 _34801_/X
 _34802_/Y
 _34803_/X
 _34804_/Y
 _34805_/X
 _34806_/Y
 _34807_/Y
 _34808_/Y
 _34809_/Y
 _34810_/Y
 _34811_/Y
 _34812_/X
 _34813_/Y
 _34814_/X
 _34815_/X
 _34816_/Y
 _34817_/Y
 _34818_/Y
 _34819_/Y
 _34820_/Y
 _34821_/X
 _34822_/Y
 _34823_/Y
 _34824_/Y
 _34825_/X
 _34826_/Y
 _34827_/X
 _34828_/Y
 _34829_/Y
 _34830_/Y
 _34831_/Y
 _34832_/Y
 _34833_/Y
 _34834_/X
 _34835_/Y
 _34836_/Y
 _34837_/Y
 _34838_/Y
 _34839_/Y
 _34840_/Y
 _34841_/Y
 _34842_/Y
 _34843_/X
 _34844_/X
 _34845_/Y
 _34846_/Y
 _34847_/X
 _34848_/X
 _34849_/Y
 _34850_/X
 _34851_/Y
 _34852_/Y
 _34853_/X
 _34854_/Y
 _34855_/Y
 _34856_/Y
 _34857_/Y
 _34858_/Y
 _34859_/Y
 _34860_/Y
 _34861_/Y
 _34862_/Y
 _34863_/X
 _34864_/X
 _34865_/Y
 _34866_/Y
 _34867_/Y
 _34868_/X
 _34869_/Y
 _34870_/Y
 _34871_/X
 _34872_/Y
 _34873_/Y
 _34874_/Y
 _34875_/Y
 _34876_/X
 _34877_/Y
 _34878_/Y
 _34879_/Y
 _34880_/Y
 _34881_/Y
 _34882_/Y
 _34883_/X
 _34884_/Y
 _34885_/Y
 _34886_/Y
 _34887_/Y
 _34888_/X
 _34889_/Y
 _34890_/Y
 _34891_/Y
 _34892_/Y
 _34893_/Y
 _34894_/Y
 _34895_/X
 _34896_/X
 _34897_/Y
 _34898_/Y
 _34899_/Y
 _34900_/Y
 _34901_/Y
 _34902_/X
 _34903_/Y
 _34904_/X
 _34905_/Y
 _34906_/X
 _34907_/X
 _34908_/Y
 _34909_/Y
 _34910_/Y
 _34911_/Y
 _34912_/Y
 _34913_/Y
 _34914_/Y
 _34915_/Y
 _34916_/X
 _34917_/Y
 _34918_/Y
 _34919_/Y
 _34920_/Y
 _34921_/Y
 _34922_/Y
 _34923_/Y
 _34924_/X
 _34925_/Y
 _34926_/Y
 _34927_/Y
 _34928_/Y
 _34929_/Y
 _34930_/Y
 _34931_/Y
 _34932_/Y
 _34933_/X
 _34934_/Y
 _34935_/X
 _34936_/Y
 _34937_/X
 _34938_/X
 _34939_/Y
 _34940_/X
 _34941_/Y
 _34942_/Y
 _34943_/Y
 _34944_/Y
 _34945_/X
 _34946_/Y
 _34947_/X
 _34948_/X
 _34949_/Y
 _34950_/Y
 _34951_/Y
 _34952_/Y
 _34953_/Y
 _34954_/Y
 _34955_/Y
 _34956_/X
 _34957_/Y
 _34958_/Y
 _34959_/Y
 _34960_/X
 _34961_/Y
 _34962_/Y
 _34963_/Y
 _34964_/Y
 _34965_/Y
 _34966_/Y
 _34967_/Y
 _34968_/Y
 _34969_/X
 _34970_/Y
 _34971_/Y
 _34972_/Y
 _34973_/Y
 _34974_/Y
 _34975_/X
 _34976_/Y
 _34977_/X
 _34978_/Y
 _34979_/Y
 _34980_/Y
 _34981_/Y
 _34982_/Y
 _34983_/X
 _34984_/X
 _34985_/Y
 _34986_/Y
 _34987_/X
 _34988_/Y
 _34989_/Y
 _34990_/Y
 _34991_/Y
 _34992_/Y
 _34993_/X
 _34994_/Y
 _34995_/Y
 _34996_/Y
 _34997_/Y
 _34998_/Y
 _34999_/Y
 _35000_/Y
 _35001_/Y
 _35002_/Y
 _35003_/Y
 _35004_/Y
 _35005_/Y
 _35006_/Y
 _35007_/X
 _35008_/Y
 _35009_/Y
 _35010_/Y
 _35011_/Y
 _35012_/X
 _35013_/Y
 _35014_/Y
 _35015_/Y
 _35016_/Y
 _35017_/Y
 _35018_/Y
 _35019_/X
 _35020_/X
 _35021_/Y
 _35022_/X
 _35023_/Y
 _35024_/X
 _35025_/Y
 _35026_/X
 _35027_/Y
 _35028_/Y
 _35029_/Y
 _35030_/Y
 _35031_/Y
 _35032_/X
 _35033_/Y
 _35034_/Y
 _35035_/Y
 _35036_/Y
 _35037_/Y
 _35038_/Y
 _35039_/Y
 _35040_/Y
 _35041_/Y
 _35042_/X
 _35043_/Y
 _35044_/X
 _35045_/X
 _35046_/X
 _35047_/Y
 _35048_/X
 _35049_/X
 _35050_/Y
 _35051_/Y
 _35052_/Y
 _35053_/Y
 _35054_/Y
 _35055_/X
 _35056_/Y
 _35057_/Y
 _35058_/X
 _35059_/Y
 _35060_/Y
 _35061_/Y
 _35062_/X
 _35063_/Y
 _35064_/Y
 _35065_/Y
 _35066_/Y
 _35067_/X
 _35068_/Y
 _35069_/Y
 _35070_/X
 _35071_/Y
 _35072_/X
 _35073_/X
 _35074_/Y
 _35075_/X
 _35076_/X
 _35077_/Y
 _35078_/X
 _35079_/Y
 _35080_/Y
 _35081_/X
 _35082_/Y
 _35083_/X
 _35084_/Y
 _35085_/Y
 _35086_/Y
 _35087_/X
 _35088_/Y
 _35089_/Y
 _35090_/Y
 _35091_/Y
 _35092_/X
 _35093_/Y
 _35094_/X
 _35095_/Y
 _35096_/Y
 _35097_/Y
 _35098_/Y
 _35099_/X
 _35100_/X
 _35101_/X
 _35102_/Y
 _35103_/Y
 _35104_/Y
 _35105_/X
 _35106_/Y
 _35107_/X
 _35108_/Y
 _35109_/Y
 _35110_/X
 _35111_/X
 _35112_/X
 _35113_/Y
 _35114_/Y
 _35115_/Y
 _35116_/Y
 _35117_/Y
 _35118_/Y
 _35119_/Y
 _35120_/Y
 _35121_/Y
 _35122_/Y
 _35123_/Y
 _35124_/Y
 _35125_/Y
 _35126_/Y
 _35127_/Y
 _35128_/X
 _35129_/Y
 _35130_/Y
 _35131_/Y
 _35132_/X
 _35133_/Y
 _35134_/Y
 _35135_/Y
 _35136_/Y
 _35137_/Y
 _35138_/Y
 _35139_/Y
 _35140_/Y
 _35141_/Y
 _35142_/Y
 _35143_/Y
 _35144_/Y
 _35145_/X
 _35146_/Y
 _35147_/Y
 _35148_/Y
 _35149_/Y
 _35150_/Y
 _35151_/Y
 _35152_/Y
 _35153_/Y
 _35154_/X
 _35155_/Y
 _35156_/Y
 _35157_/Y
 _35158_/Y
 _35159_/Y
 _35160_/Y
 _35161_/X
 _35162_/Y
 _35163_/Y
 _35164_/Y
 _35165_/Y
 _35166_/Y
 _35167_/Y
 _35168_/Y
 _35169_/Y
 _35170_/Y
 _35171_/Y
 _35172_/Y
 _35173_/Y
 _35174_/Y
 _35175_/Y
 _35176_/Y
 _35177_/Y
 _35178_/Y
 _35179_/Y
 _35180_/Y
 _35181_/Y
 _35182_/Y
 _35183_/X
 _35184_/Y
 _35185_/Y
 _35186_/Y
 _35187_/Y
 _35188_/X
 _35189_/X
 _35190_/Y
 _35191_/Y
 _35192_/Y
 _35193_/Y
 _35194_/Y
 _35195_/X
 _35196_/Y
 _35197_/Y
 _35198_/Y
 _35199_/Y
 _35200_/Y
 _35201_/Y
 _35202_/X
 _35203_/Y
 _35204_/Y
 _35205_/Y
 _35206_/Y
 _35207_/X
 _35208_/Y
 _35209_/Y
 _35210_/Y
 _35211_/Y
 _35212_/X
 _35213_/Y
 _35214_/Y
 _35215_/Y
 _35216_/X
 _35217_/Y
 _35218_/X
 _35219_/X
 _35220_/Y
 _35221_/Y
 _35222_/Y
 _35223_/Y
 _35224_/Y
 _35225_/Y
 _35226_/Y
 _35227_/Y
 _35228_/Y
 _35229_/Y
 _35230_/Y
 _35231_/X
 _35232_/Y
 _35233_/Y
 _35234_/X
 _35235_/Y
 _35236_/Y
 _35237_/Y
 _35238_/X
 _35239_/Y
 _35240_/Y
 _35241_/Y
 _35242_/Y
 _35243_/Y
 _35244_/X
 _35245_/X
 _35246_/Y
 _35247_/Y
 _35248_/Y
 _35249_/X
 _35250_/Y
 _35251_/X
 _35252_/Y
 _35253_/X
 _35254_/Y
 _35255_/Y
 _35256_/Y
 _35257_/X
 _35258_/Y
 _35259_/Y
 _35260_/Y
 _35261_/Y
 _35262_/X
 _35263_/Y
 _35264_/Y
 _35265_/Y
 _35266_/Y
 _35267_/Y
 _35268_/Y
 _35269_/X
 _35270_/X
 _35271_/Y
 _35272_/X
 _35273_/Y
 _35274_/Y
 _35275_/Y
 _35276_/X
 _35277_/X
 _35278_/Y
 _35279_/Y
 _35280_/X
 _35281_/Y
 _35282_/X
 _35283_/Y
 _35284_/Y
 _35285_/Y
 _35286_/Y
 _35287_/Y
 _35288_/Y
 _35289_/Y
 _35290_/X
 _35291_/Y
 _35292_/Y
 _35293_/X
 _35294_/X
 _35295_/Y
 _35296_/Y
 _35297_/X
 _35298_/Y
 _35299_/Y
 _35300_/X
 _35301_/Y
 _35302_/Y
 _35303_/Y
 _35304_/Y
 _35305_/Y
 _35306_/X
 _35307_/Y
 _35308_/Y
 _35309_/Y
 _35310_/Y
 _35311_/X
 _35312_/X
 _35313_/Y
 _35314_/Y
 _35315_/X
 _35316_/Y
 _35317_/Y
 _35318_/Y
 _35319_/X
 _35320_/X
 _35321_/Y
 _35322_/Y
 _35323_/X
 _35324_/Y
 _35325_/Y
 _35326_/Y
 _35327_/Y
 _35328_/Y
 _35329_/Y
 _35330_/X
 _35331_/Y
 _35332_/Y
 _35333_/Y
 _35334_/Y
 _35335_/Y
 _35336_/Y
 _35337_/X
 _35338_/Y
 _35339_/X
 _35340_/Y
 _35341_/Y
 _35342_/Y
 _35343_/Y
 _35344_/Y
 _35345_/X
 _35346_/X
 _35347_/Y
 _35348_/X
 _35349_/Y
 _35350_/Y
 _35351_/Y
 _35352_/Y
 _35353_/Y
 _35354_/X
 _35355_/Y
 _35356_/Y
 _35357_/Y
 _35358_/Y
 _35359_/Y
 _35360_/Y
 _35361_/Y
 _35362_/Y
 _35363_/Y
 _35364_/Y
 _35365_/Y
 _35366_/Y
 _35367_/Y
 _35368_/Y
 _35369_/Y
 _35370_/Y
 _35371_/Y
 _35372_/X
 _35373_/Y
 _35374_/Y
 _35375_/Y
 _35376_/Y
 _35377_/Y
 _35378_/Y
 _35379_/X
 _35380_/Y
 _35381_/X
 _35382_/X
 _35383_/Y
 _35384_/Y
 _35385_/X
 _35386_/Y
 _35387_/Y
 _35388_/Y
 _35389_/Y
 _35390_/X
 _35391_/Y
 _35392_/X
 _35393_/Y
 _35394_/X
 _35395_/Y
 _35396_/Y
 _35397_/Y
 _35398_/X
 _35399_/Y
 _35400_/Y
 _35401_/Y
 _35402_/Y
 _35403_/Y
 _35404_/Y
 _35405_/X
 _35406_/Y
 _35407_/X
 _35408_/Y
 _35409_/Y
 _35410_/X
 _35411_/Y
 _35412_/Y
 _35413_/Y
 _35414_/Y
 _35415_/Y
 _35416_/X
 _35417_/Y
 _35418_/Y
 _35419_/X
 _35420_/Y
 _35421_/X
 _35422_/Y
 _35423_/Y
 _35424_/Y
 _35425_/X
 _35426_/Y
 _35427_/Y
 _35428_/X
 _35429_/Y
 _35430_/X
 _35431_/Y
 _35432_/Y
 _35433_/Y
 _35434_/Y
 _35435_/Y
 _35436_/Y
 _35437_/X
 _35438_/Y
 _35439_/Y
 _35440_/Y
 _35441_/Y
 _35442_/Y
 _35443_/Y
 _35444_/Y
 _35445_/Y
 _35446_/Y
 _35447_/Y
 _35448_/Y
 _35449_/Y
 _35450_/Y
 _35451_/Y
 _35452_/Y
 _35453_/Y
 _35454_/X
 _35455_/Y
 _35456_/Y
 _35457_/Y
 _35458_/Y
 _35459_/X
 _35460_/X
 _35461_/X
 _35462_/Y
 _35463_/Y
 _35464_/Y
 _35465_/X
 _35466_/Y
 _35467_/Y
 _35468_/Y
 _35469_/X
 _35470_/Y
 _35471_/Y
 _35472_/Y
 _35473_/Y
 _35474_/X
 _35475_/Y
 _35476_/Y
 _35477_/X
 _35478_/Y
 _35479_/Y
 _35480_/Y
 _35481_/Y
 _35482_/Y
 _35483_/X
 _35484_/Y
 _35485_/Y
 _35486_/Y
 _35487_/Y
 _35488_/Y
 _35489_/Y
 _35490_/Y
 _35491_/Y
 _35492_/Y
 _35493_/Y
 _35494_/Y
 _35495_/X
 _35496_/Y
 _35497_/Y
 _35498_/X
 _35499_/Y
 _35500_/X
 _35501_/Y
 _35502_/Y
 _35503_/X
 _35504_/Y
 _35505_/Y
 _35506_/Y
 _35507_/X
 _35508_/Y
 _35509_/X
 _35510_/Y
 _35511_/Y
 _35512_/Y
 _35513_/Y
 _35514_/Y
 _35515_/Y
 _35516_/Y
 _35517_/Y
 _35518_/X
 _35519_/Y
 _35520_/Y
 _35521_/X
 _35522_/Y
 _35523_/Y
 _35524_/Y
 _35525_/Y
 _35526_/Y
 _35527_/X
 _35528_/Y
 _35529_/Y
 _35530_/X
 _35531_/Y
 _35532_/Y
 _35533_/X
 _35534_/Y
 _35535_/Y
 _35536_/Y
 _35537_/X
 _35538_/Y
 _35539_/Y
 _35540_/Y
 _35541_/Y
 _35542_/Y
 _35543_/Y
 _35544_/Y
 _35545_/Y
 _35546_/Y
 _35547_/Y
 _35548_/Y
 _35549_/Y
 _35550_/Y
 _35551_/Y
 _35552_/Y
 _35553_/Y
 _35554_/X
 _35555_/Y
 _35556_/Y
 _35557_/Y
 _35558_/Y
 _35559_/Y
 _35560_/X
 _35561_/Y
 _35562_/Y
 _35563_/Y
 _35564_/Y
 _35565_/Y
 _35566_/Y
 _35567_/Y
 _35568_/X
 _35569_/X
 _35570_/X
 _35571_/Y
 _35572_/Y
 _35573_/Y
 _35574_/X
 _35575_/Y
 _35576_/Y
 _35577_/Y
 _35578_/Y
 _35579_/Y
 _35580_/Y
 _35581_/Y
 _35582_/X
 _35583_/Y
 _35584_/Y
 _35585_/X
 _35586_/Y
 _35587_/Y
 _35588_/Y
 _35589_/X
 _35590_/Y
 _35591_/Y
 _35592_/Y
 _35593_/Y
 _35594_/Y
 _35595_/X
 _35596_/Y
 _35597_/X
 _35598_/Y
 _35599_/Y
 _35600_/Y
 _35601_/Y
 _35602_/Y
 _35603_/Y
 _35604_/X
 _35605_/Y
 _35606_/Y
 _35607_/Y
 _35608_/Y
 _35609_/X
 _35610_/X
 _35611_/X
 _35612_/Y
 _35613_/X
 _35614_/Y
 _35615_/X
 _35616_/Y
 _35617_/X
 _35618_/Y
 _35619_/X
 _35620_/Y
 _35621_/Y
 _35622_/Y
 _35623_/Y
 _35624_/Y
 _35625_/Y
 _35626_/Y
 _35627_/Y
 _35628_/Y
 _35629_/X
 _35630_/Y
 _35631_/Y
 _35632_/Y
 _35633_/Y
 _35634_/Y
 _35635_/X
 _35636_/Y
 _35637_/X
 _35638_/Y
 _35639_/X
 _35640_/Y
 _35641_/Y
 _35642_/X
 _35643_/Y
 _35644_/X
 _35645_/X
 _35646_/Y
 _35647_/Y
 _35648_/Y
 _35649_/Y
 _35650_/Y
 _35651_/Y
 _35652_/X
 _35653_/Y
 _35654_/Y
 _35655_/Y
 _35656_/Y
 _35657_/X
 _35658_/Y
 _35659_/Y
 _35660_/X
 _35661_/Y
 _35662_/X
 _35663_/Y
 _35664_/X
 _35665_/Y
 _35666_/Y
 _35667_/Y
 _35668_/Y
 _35669_/Y
 _35670_/Y
 _35671_/X
 _35672_/Y
 _35673_/X
 _35674_/X
 _35675_/Y
 _35676_/Y
 _35677_/Y
 _35678_/Y
 _35679_/Y
 _35680_/Y
 _35681_/Y
 _35682_/Y
 _35683_/X
 _35684_/Y
 _35685_/Y
 _35686_/Y
 _35687_/Y
 _35688_/X
 _35689_/Y
 _35690_/Y
 _35691_/Y
 _35692_/Y
 _35693_/Y
 _35694_/Y
 _35695_/X
 _35696_/X
 _35697_/Y
 _35698_/Y
 _35699_/X
 _35700_/X
 _35701_/Y
 _35702_/X
 _35703_/Y
 _35704_/Y
 _35705_/X
 _35706_/Y
 _35707_/Y
 _35708_/Y
 _35709_/Y
 _35710_/Y
 _35711_/Y
 _35712_/Y
 _35713_/Y
 _35714_/X
 _35715_/Y
 _35716_/Y
 _35717_/Y
 _35718_/X
 _35719_/Y
 _35720_/Y
 _35721_/X
 _35722_/Y
 _35723_/Y
 _35724_/Y
 _35725_/Y
 _35726_/Y
 _35727_/Y
 _35728_/Y
 _35729_/Y
 _35730_/Y
 _35731_/Y
 _35732_/Y
 _35733_/X
 _35734_/Y
 _35735_/Y
 _35736_/Y
 _35737_/Y
 _35738_/Y
 _35739_/X
 _35740_/Y
 _35741_/Y
 _35742_/Y
 _35743_/Y
 _35744_/Y
 _35745_/Y
 _35746_/X
 _35747_/X
 _35748_/Y
 _35749_/Y
 _35750_/Y
 _35751_/Y
 _35752_/Y
 _35753_/X
 _35754_/Y
 _35755_/X
 _35756_/Y
 _35757_/X
 _35758_/X
 _35759_/Y
 _35760_/Y
 _35761_/Y
 _35762_/Y
 _35763_/Y
 _35764_/Y
 _35765_/Y
 _35766_/Y
 _35767_/X
 _35768_/Y
 _35769_/Y
 _35770_/Y
 _35771_/Y
 _35772_/Y
 _35773_/Y
 _35774_/Y
 _35775_/X
 _35776_/Y
 _35777_/Y
 _35778_/Y
 _35779_/Y
 _35780_/Y
 _35781_/Y
 _35782_/Y
 _35783_/Y
 _35784_/X
 _35785_/Y
 _35786_/X
 _35787_/Y
 _35788_/X
 _35789_/Y
 _35790_/Y
 _35791_/Y
 _35792_/X
 _35793_/Y
 _35794_/Y
 _35795_/Y
 _35796_/Y
 _35797_/X
 _35798_/Y
 _35799_/X
 _35800_/X
 _35801_/Y
 _35802_/Y
 _35803_/Y
 _35804_/Y
 _35805_/Y
 _35806_/Y
 _35807_/Y
 _35808_/X
 _35809_/Y
 _35810_/Y
 _35811_/Y
 _35812_/X
 _35813_/Y
 _35814_/Y
 _35815_/Y
 _35816_/Y
 _35817_/X
 _35818_/Y
 _35819_/X
 _35820_/Y
 _35821_/X
 _35822_/Y
 _35823_/Y
 _35824_/Y
 _35825_/Y
 _35826_/Y
 _35827_/X
 _35828_/Y
 _35829_/X
 _35830_/Y
 _35831_/Y
 _35832_/Y
 _35833_/Y
 _35834_/Y
 _35835_/X
 _35836_/X
 _35837_/Y
 _35838_/Y
 _35839_/X
 _35840_/Y
 _35841_/Y
 _35842_/Y
 _35843_/Y
 _35844_/Y
 _35845_/X
 _35846_/Y
 _35847_/Y
 _35848_/Y
 _35849_/Y
 _35850_/Y
 _35851_/Y
 _35852_/Y
 _35853_/Y
 _35854_/Y
 _35855_/Y
 _35856_/Y
 _35857_/Y
 _35858_/Y
 _35859_/X
 _35860_/Y
 _35861_/Y
 _35862_/Y
 _35863_/Y
 _35864_/X
 _35865_/Y
 _35866_/Y
 _35867_/Y
 _35868_/Y
 _35869_/Y
 _35870_/Y
 _35871_/X
 _35872_/X
 _35873_/Y
 _35874_/X
 _35875_/Y
 _35876_/X
 _35877_/Y
 _35878_/X
 _35879_/Y
 _35880_/Y
 _35881_/Y
 _35882_/Y
 _35883_/Y
 _35884_/X
 _35885_/Y
 _35886_/Y
 _35887_/Y
 _35888_/Y
 _35889_/Y
 _35890_/Y
 _35891_/Y
 _35892_/Y
 _35893_/Y
 _35894_/X
 _35895_/Y
 _35896_/X
 _35897_/X
 _35898_/X
 _35899_/Y
 _35900_/X
 _35901_/X
 _35902_/Y
 _35903_/Y
 _35904_/Y
 _35905_/Y
 _35906_/Y
 _35907_/X
 _35908_/Y
 _35909_/Y
 _35910_/X
 _35911_/Y
 _35912_/Y
 _35913_/Y
 _35914_/X
 _35915_/Y
 _35916_/Y
 _35917_/Y
 _35918_/Y
 _35919_/X
 _35920_/Y
 _35921_/Y
 _35922_/X
 _35923_/Y
 _35924_/X
 _35925_/X
 _35926_/Y
 _35927_/X
 _35928_/X
 _35929_/Y
 _35930_/X
 _35931_/Y
 _35932_/Y
 _35933_/X
 _35934_/Y
 _35935_/X
 _35936_/Y
 _35937_/Y
 _35938_/Y
 _35939_/X
 _35940_/Y
 _35941_/Y
 _35942_/Y
 _35943_/Y
 _35944_/X
 _35945_/Y
 _35946_/X
 _35947_/Y
 _35948_/Y
 _35949_/Y
 _35950_/Y
 _35951_/X
 _35952_/X
 _35953_/Y
 _35954_/Y
 _35955_/Y
 _35956_/X
 _35957_/Y
 _35958_/X
 _35959_/Y
 _35960_/Y
 _35961_/X
 _35962_/X
 _35963_/Y
 _35964_/X
 _35965_/Y
 _35966_/Y
 _35967_/Y
 _35968_/Y
 _35969_/Y
 _35970_/Y
 _35971_/Y
 _35972_/Y
 _35973_/X
 _35974_/X
 _35975_/X
 _35976_/Y
 _35977_/Y
 _35978_/Y
 _35979_/Y
 _35980_/Y
 _35981_/Y
 _35982_/Y
 _35983_/X
 _35984_/Y
 _35985_/Y
 _35986_/Y
 _35987_/Y
 _35988_/Y
 _35989_/Y
 _35990_/Y
 _35991_/Y
 _35992_/Y
 _35993_/Y
 _35994_/Y
 _35995_/Y
 _35996_/Y
 _35997_/X
 _35998_/X
 _35999_/X
 _36000_/Y
 _36001_/Y
 _36002_/X
 _36003_/Y
 _36004_/Y
 _36005_/Y
 _36006_/Y
 _36007_/Y
 _36008_/Y
 _36009_/Y
 _36010_/Y
 _36011_/X
 _36012_/Y
 _36013_/X
 _36014_/Y
 _36015_/Y
 _36016_/Y
 _36017_/Y
 _36018_/X
 _36019_/X
 _36020_/Y
 _36021_/Y
 _36022_/Y
 _36023_/Y
 _36024_/Y
 _36025_/Y
 _36026_/Y
 _36027_/X
 _36028_/Y
 _36029_/X
 _36030_/X
 _36031_/Y
 _36032_/Y
 _36033_/X
 _36034_/X
 _36035_/Y
 _36036_/Y
 _36037_/Y
 _36038_/Y
 _36039_/X
 _36040_/X
 _36041_/X
 _36042_/Y
 _36043_/X
 _36044_/Y
 _36045_/X
 _36046_/Y
 _36047_/X
 _36048_/X
 _36049_/X
 _36050_/Y
 _36051_/Y
 _36052_/Y
 _36053_/Y
 _36054_/Y
 _36055_/Y
 _36056_/Y
 _36057_/Y
 _36058_/X
 _36059_/Y
 _36060_/Y
 _36061_/Y
 _36062_/Y
 _36063_/Y
 _36064_/X
 _36065_/Y
 _36066_/Y
 _36067_/X
 _36068_/Y
 _36069_/X
 _36070_/Y
 _36071_/X
 _36072_/Y
 _36073_/X
 _36074_/Y
 _36075_/X
 _36076_/Y
 _36077_/Y
 _36078_/Y
 _36079_/Y
 _36080_/Y
 _36081_/Y
 _36082_/Y
 _36083_/Y
 _36084_/Y
 _36085_/Y
 _36086_/X
 _36087_/X
 _36088_/Y
 _36089_/X
 _36090_/Y
 _36091_/X
 _36092_/Y
 _36093_/Y
 _36094_/X
 _36095_/Y
 _36096_/Y
 _36097_/Y
 _36098_/Y
 _36099_/X
 _36100_/Y
 _36101_/X
 _36102_/X
 _36103_/Y
 _36104_/Y
 _36105_/Y
 _36106_/Y
 _36107_/Y
 _36108_/Y
 _36109_/X
 _36110_/Y
 _36111_/Y
 _36112_/Y
 _36113_/Y
 _36114_/Y
 _36115_/Y
 _36116_/Y
 _36117_/Y
 _36118_/Y
 _36119_/Y
 _36120_/Y
 _36121_/Y
 _36122_/Y
 _36123_/X
 _36124_/X
 _36125_/Y
 _36126_/Y
 _36127_/X
 _36128_/X
 _36129_/Y
 _36130_/X
 _36131_/Y
 _36132_/Y
 _36133_/X
 _36134_/Y
 _36135_/Y
 _36136_/Y
 _36137_/Y
 _36138_/Y
 _36139_/Y
 _36140_/Y
 _36141_/Y
 _36142_/Y
 _36143_/X
 _36144_/X
 _36145_/Y
 _36146_/Y
 _36147_/Y
 _36148_/Y
 _36149_/Y
 _36150_/Y
 _36151_/Y
 _36152_/Y
 _36153_/Y
 _36154_/X
 _36155_/Y
 _36156_/Y
 _36157_/Y
 _36158_/Y
 _36159_/X
 _36160_/Y
 _36161_/Y
 _36162_/Y
 _36163_/Y
 _36164_/X
 _36165_/Y
 _36166_/Y
 _36167_/Y
 _36168_/Y
 _36169_/X
 _36170_/X
 _36171_/Y
 _36172_/X
 _36173_/Y
 _36174_/Y
 _36175_/Y
 _36176_/Y
 _36177_/Y
 _36178_/X
 _36179_/Y
 _36180_/Y
 _36181_/X
 _36182_/Y
 _36183_/X
 _36184_/X
 _36185_/X
 _36186_/Y
 _36187_/Y
 _36188_/Y
 _36189_/Y
 _36190_/Y
 _36191_/Y
 _36192_/X
 _36193_/Y
 _36194_/X
 _36195_/Y
 _36196_/Y
 _36197_/Y
 _36198_/Y
 _36199_/X
 _36200_/Y
 _36201_/Y
 _36202_/X
 _36203_/Y
 _36204_/Y
 _36205_/Y
 _36206_/Y
 _36207_/Y
 _36208_/X
 _36209_/Y
 _36210_/Y
 _36211_/Y
 _36212_/Y
 _36213_/Y
 _36214_/Y
 _36215_/Y
 _36216_/Y
 _36217_/Y
 _36218_/Y
 _36219_/Y
 _36220_/Y
 _36221_/X
 _36222_/X
 _36223_/Y
 _36224_/Y
 _36225_/Y
 _36226_/Y
 _36227_/Y
 _36228_/Y
 _36229_/Y
 _36230_/X
 _36231_/Y
 _36232_/Y
 _36233_/X
 _36234_/X
 _36235_/Y
 _36236_/Y
 _36237_/Y
 _36238_/Y
 _36239_/Y
 _36240_/Y
 _36241_/Y
 _36242_/Y
 _36243_/Y
 _36244_/Y
 _36245_/Y
 _36246_/X
 _36247_/Y
 _36248_/Y
 _36249_/Y
 _36250_/X
 _36251_/Y
 _36252_/X
 _36253_/X
 _36254_/Y
 _36255_/X
 _36256_/Y
 _36257_/Y
 _36258_/Y
 _36259_/Y
 _36260_/Y
 _36261_/Y
 _36262_/Y
 _36263_/X
 _36264_/Y
 _36265_/X
 _36266_/X
 _36267_/Y
 _36268_/Y
 _36269_/Y
 _36270_/Y
 _36271_/Y
 _36272_/X
 _36273_/Y
 _36274_/Y
 _36275_/Y
 _36276_/X
 _36277_/Y
 _36278_/Y
 _36279_/Y
 _36280_/X
 _36281_/Y
 _36282_/Y
 _36283_/Y
 _36284_/Y
 _36285_/Y
 _36286_/X
 _36287_/Y
 _36288_/Y
 _36289_/Y
 _36290_/Y
 _36291_/Y
 _36292_/Y
 _36293_/X
 _36294_/X
 _36295_/Y
 _36296_/Y
 _36297_/Y
 _36298_/Y
 _36299_/X
 _36300_/Y
 _36301_/Y
 _36302_/X
 _36303_/Y
 _36304_/X
 _36305_/Y
 _36306_/Y
 _36307_/X
 _36308_/Y
 _36309_/Y
 _36310_/Y
 _36311_/Y
 _36312_/Y
 _36313_/Y
 _36314_/Y
 _36315_/Y
 _36316_/X
 _36317_/Y
 _36318_/Y
 _36319_/Y
 _36320_/Y
 _36321_/Y
 _36322_/Y
 _36323_/Y
 _36324_/Y
 _36325_/Y
 _36326_/Y
 _36327_/Y
 _36328_/Y
 _36329_/Y
 _36330_/Y
 _36331_/X
 _36332_/Y
 _36333_/X
 _36334_/Y
 _36335_/Y
 _36336_/Y
 _36337_/X
 _36338_/X
 _36339_/Y
 _36340_/X
 _36341_/Y
 _36342_/Y
 _36343_/Y
 _36344_/Y
 _36345_/Y
 _36346_/X
 _36347_/Y
 _36348_/X
 _36349_/Y
 _36350_/X
 _36351_/Y
 _36352_/Y
 _36353_/Y
 _36354_/Y
 _36355_/Y
 _36356_/X
 _36357_/Y
 _36358_/X
 _36359_/Y
 _36360_/Y
 _36361_/Y
 _36362_/Y
 _36363_/Y
 _36364_/Y
 _36365_/Y
 _36366_/Y
 _36367_/Y
 _36368_/Y
 _36369_/Y
 _36370_/Y
 _36371_/Y
 _36372_/Y
 _36373_/Y
 _36374_/Y
 _36375_/X
 _36376_/Y
 _36377_/Y
 _36378_/Y
 _36379_/Y
 _36380_/Y
 _36381_/Y
 _36382_/X
 _36383_/Y
 _36384_/X
 _36385_/Y
 _36386_/Y
 _36387_/Y
 _36388_/Y
 _36389_/Y
 _36390_/Y
 _36391_/Y
 _36392_/Y
 _36393_/Y
 _36394_/Y
 _36395_/X
 _36396_/Y
 _36397_/Y
 _36398_/X
 _36399_/Y
 _36400_/Y
 _36401_/X
 _36402_/X
 _36403_/X
 _36404_/Y
 _36405_/Y
 _36406_/Y
 _36407_/Y
 _36408_/Y
 _36409_/Y
 _36410_/Y
 _36411_/Y
 _36412_/X
 _36413_/Y
 _36414_/Y
 _36415_/Y
 _36416_/Y
 _36417_/Y
 _36418_/Y
 _36419_/X
 _36420_/Y
 _36421_/X
 _36422_/Y
 _36423_/Y
 _36424_/Y
 _36425_/Y
 _36426_/Y
 _36427_/Y
 _36428_/Y
 _36429_/Y
 _36430_/Y
 _36431_/Y
 _36432_/Y
 _36433_/Y
 _36434_/Y
 _36435_/Y
 _36436_/X
 _36437_/X
 _36438_/X
 _36439_/Y
 _36440_/Y
 _36441_/Y
 _36442_/X
 _36443_/Y
 _36444_/Y
 _36445_/Y
 _36446_/Y
 _36447_/Y
 _36448_/Y
 _36449_/Y
 _36450_/Y
 _36451_/X
 _36452_/Y
 _36453_/X
 _36454_/Y
 _36455_/Y
 _36456_/Y
 _36457_/Y
 _36458_/Y
 _36459_/X
 _36460_/X
 _36461_/Y
 _36462_/Y
 _36463_/Y
 _36464_/Y
 _36465_/X
 _36466_/Y
 _36467_/Y
 _36468_/Y
 _36469_/X
 _36470_/Y
 _36471_/Y
 _36472_/Y
 _36473_/Y
 _36474_/X
 _36475_/Y
 _36476_/X
 _36477_/Y
 _36478_/Y
 _36479_/Y
 _36480_/X
 _36481_/X
 _36482_/Y
 _36483_/Y
 _36484_/X
 _36485_/Y
 _36486_/Y
 _36487_/Y
 _36488_/Y
 _36489_/Y
 _36490_/X
 _36491_/X
 _36492_/Y
 _36493_/X
 _36494_/X
 _36495_/X
 _36496_/X
 _36497_/Y
 _36498_/Y
 _36499_/Y
 _36500_/X
 _36501_/Y
 _36502_/Y
 _36503_/Y
 _36504_/Y
 _36505_/Y
 _36506_/X
 _36507_/Y
 _36508_/Y
 _36509_/X
 _36510_/Y
 _36511_/X
 _36512_/Y
 _36513_/X
 _36514_/Y
 _36515_/X
 _36516_/X
 _36517_/Y
 _36518_/Y
 _36519_/Y
 _36520_/Y
 _36521_/Y
 _36522_/Y
 _36523_/Y
 _36524_/Y
 _36525_/Y
 _36526_/Y
 _36527_/Y
 _36528_/X
 _36529_/X
 _36530_/Y
 _36531_/X
 _36532_/Y
 _36533_/X
 _36534_/Y
 _36535_/Y
 _36536_/Y
 _36537_/Y
 _36538_/Y
 _36539_/Y
 _36540_/X
 _36541_/Y
 _36542_/X
 _36543_/X
 _36544_/Y
 _36545_/Y
 _36546_/Y
 _36547_/Y
 _36548_/Y
 _36549_/Y
 _36550_/X
 _36551_/Y
 _36552_/X
 _36553_/Y
 _36554_/Y
 _36555_/X
 _36556_/Y
 _36557_/Y
 _36558_/X
 _36559_/Y
 _36560_/Y
 _36561_/Y
 _36562_/Y
 _36563_/Y
 _36564_/Y
 _36565_/X
 _36566_/X
 _36567_/Y
 _36568_/Y
 _36569_/X
 _36570_/X
 _36571_/Y
 _36572_/X
 _36573_/Y
 _36574_/Y
 _36575_/X
 _36576_/Y
 _36577_/Y
 _36578_/Y
 _36579_/Y
 _36580_/Y
 _36581_/Y
 _36582_/Y
 _36583_/Y
 _36584_/X
 _36585_/X
 _36586_/Y
 _36587_/Y
 _36588_/Y
 _36589_/X
 _36590_/X
 _36591_/Y
 _36592_/Y
 _36593_/X
 _36594_/Y
 _36595_/Y
 _36596_/Y
 _36597_/Y
 _36598_/X
 _36599_/Y
 _36600_/Y
 _36601_/Y
 _36602_/Y
 _36603_/Y
 _36604_/Y
 _36605_/Y
 _36606_/Y
 _36607_/Y
 _36608_/Y
 _36609_/X
 _36610_/Y
 _36611_/Y
 _36612_/Y
 _36613_/X
 _36614_/Y
 _36615_/Y
 _36616_/Y
 _36617_/Y
 _36618_/Y
 _36619_/Y
 _36620_/X
 _36621_/Y
 _36622_/Y
 _36623_/Y
 _36624_/X
 _36625_/X
 _36626_/Y
 _36627_/Y
 _36628_/Y
 _36629_/Y
 _36630_/Y
 _36631_/X
 _36632_/Y
 _36633_/Y
 _36634_/X
 _36635_/Y
 _36636_/Y
 _36637_/Y
 _36638_/Y
 _36639_/Y
 _36640_/Y
 _36641_/X
 _36642_/Y
 _36643_/Y
 _36644_/Y
 _36645_/Y
 _36646_/X
 _36647_/X
 _36648_/Y
 _36649_/Y
 _36650_/Y
 _36651_/X
 _36652_/Y
 _36653_/X
 _36654_/Y
 _36655_/X
 _36656_/Y
 _36657_/Y
 _36658_/Y
 _36659_/X
 _36660_/Y
 _36661_/Y
 _36662_/X
 _36663_/Y
 _36664_/Y
 _36665_/Y
 _36666_/X
 _36667_/Y
 _36668_/Y
 _36669_/X
 _36670_/Y
 _36671_/X
 _36672_/Y
 _36673_/X
 _36674_/X
 _36675_/Y
 _36676_/Y
 _36677_/X
 _36678_/Y
 _36679_/Y
 _36680_/Y
 _36681_/Y
 _36682_/X
 _36683_/Y
 _36684_/X
 _36685_/Y
 _36686_/Y
 _36687_/Y
 _36688_/Y
 _36689_/Y
 _36690_/Y
 _36691_/Y
 _36692_/X
 _36693_/Y
 _36694_/X
 _36695_/Y
 _36696_/Y
 _36697_/Y
 _36698_/Y
 _36699_/Y
 _36700_/Y
 _36701_/Y
 _36702_/X
 _36703_/X
 _36704_/Y
 _36705_/Y
 _36706_/Y
 _36707_/Y
 _36708_/Y
 _36709_/Y
 _36710_/X
 _36711_/Y
 _36712_/Y
 _36713_/Y
 _36714_/Y
 _36715_/Y
 _36716_/Y
 _36717_/Y
 _36718_/Y
 _36719_/Y
 _36720_/Y
 _36721_/Y
 _36722_/Y
 _36723_/Y
 _36724_/Y
 _36725_/Y
 _36726_/Y
 _36727_/Y
 _36728_/Y
 _36729_/Y
 _36730_/Y
 _36731_/Y
 _36732_/X
 _36733_/Y
 _36734_/Y
 _36735_/Y
 _36736_/Y
 _36737_/X
 _36738_/Y
 _36739_/Y
 _36740_/X
 _36741_/Y
 _36742_/Y
 _36743_/Y
 _36744_/X
 _36745_/Y
 _36746_/X
 _36747_/Y
 _36748_/Y
 _36749_/Y
 _36750_/X
 _36751_/Y
 _36752_/Y
 _36753_/Y
 _36754_/Y
 _36755_/Y
 _36756_/X
 _36757_/Y
 _36758_/Y
 _36759_/X
 _36760_/Y
 _36761_/X
 _36762_/Y
 _36763_/Y
 _36764_/Y
 _36765_/Y
 _36766_/X
 _36767_/Y
 _36768_/Y
 _36769_/X
 _36770_/Y
 _36771_/Y
 _36772_/Y
 _36773_/X
 _36774_/Y
 _36775_/Y
 _36776_/X
 _36777_/Y
 _36778_/X
 _36779_/Y
 _36780_/Y
 _36781_/Y
 _36782_/Y
 _36783_/Y
 _36784_/Y
 _36785_/X
 _36786_/X
 _36787_/Y
 _36788_/Y
 _36789_/Y
 _36790_/X
 _36791_/Y
 _36792_/X
 _36793_/Y
 _36794_/Y
 _36795_/Y
 _36796_/Y
 _36797_/Y
 _36798_/Y
 _36799_/Y
 _36800_/X
 _36801_/Y
 _36802_/Y
 _36803_/Y
 _36804_/Y
 _36805_/Y
 _36806_/Y
 _36807_/Y
 _36808_/Y
 _36809_/Y
 _36810_/X
 _36811_/Y
 _36812_/X
 _36813_/Y
 _36814_/Y
 _36815_/Y
 _36816_/Y
 _36817_/Y
 _36818_/Y
 _36819_/Y
 _36820_/Y
 _36821_/X
 _36822_/Y
 _36823_/X
 _36824_/Y
 _36825_/X
 _36826_/Y
 _36827_/Y
 _36828_/X
 _36829_/X
 _36830_/Y
 _36831_/Y
 _36832_/Y
 _36833_/Y
 _36834_/Y
 _36835_/Y
 _36836_/Y
 _36837_/Y
 _36838_/X
 _36839_/Y
 _36840_/X
 _36841_/Y
 _36842_/Y
 _36843_/Y
 _36844_/Y
 _36845_/Y
 _36846_/Y
 _36847_/Y
 _36848_/Y
 _36849_/Y
 _36850_/Y
 _36851_/Y
 _36852_/X
 _36853_/Y
 _36854_/Y
 _36855_/Y
 _36856_/X
 _36857_/Y
 _36858_/Y
 _36859_/Y
 _36860_/Y
 _36861_/Y
 _36862_/Y
 _36863_/X
 _36864_/Y
 _36865_/X
 _36866_/Y
 _36867_/X
 _36868_/Y
 _36869_/Y
 _36870_/Y
 _36871_/Y
 _36872_/Y
 _36873_/X
 _36874_/Y
 _36875_/Y
 _36876_/Y
 _36877_/X
 _36878_/Y
 _36879_/Y
 _36880_/Y
 _36881_/Y
 _36882_/Y
 _36883_/Y
 _36884_/X
 _36885_/Y
 _36886_/Y
 _36887_/Y
 _36888_/Y
 _36889_/Y
 _36890_/X
 _36891_/X
 _36892_/Y
 _36893_/Y
 _36894_/Y
 _36895_/Y
 _36896_/Y
 _36897_/Y
 _36898_/Y
 _36899_/X
 _36900_/Y
 _36901_/Y
 _36902_/X
 _36903_/Y
 _36904_/X
 _36905_/X
 _36906_/Y
 _36907_/Y
 _36908_/Y
 _36909_/Y
 _36910_/X
 _36911_/Y
 _36912_/Y
 _36913_/Y
 _36914_/X
 _36915_/Y
 _36916_/X
 _36917_/Y
 _36918_/Y
 _36919_/Y
 _36920_/Y
 _36921_/Y
 _36922_/Y
 _36923_/X
 _36924_/Y
 _36925_/X
 _36926_/Y
 _36927_/Y
 _36928_/Y
 _36929_/Y
 _36930_/Y
 _36931_/X
 _36932_/Y
 _36933_/Y
 _36934_/Y
 _36935_/Y
 _36936_/Y
 _36937_/Y
 _36938_/X
 _36939_/Y
 _36940_/Y
 _36941_/Y
 _36942_/X
 _36943_/Y
 _36944_/X
 _36945_/Y
 _36946_/Y
 _36947_/Y
 _36948_/Y
 _36949_/X
 _36950_/Y
 _36951_/Y
 _36952_/Y
 _36953_/Y
 _36954_/Y
 _36955_/Y
 _36956_/Y
 _36957_/Y
 _36958_/Y
 _36959_/Y
 _36960_/Y
 _36961_/Y
 _36962_/Y
 _36963_/X
 _36964_/Y
 _36965_/Y
 _36966_/Y
 _36967_/Y
 _36968_/X
 _36969_/Y
 _36970_/Y
 _36971_/X
 _36972_/Y
 _36973_/Y
 _36974_/Y
 _36975_/X
 _36976_/Y
 _36977_/Y
 _36978_/Y
 _36979_/Y
 _36980_/Y
 _36981_/X
 _36982_/Y
 _36983_/Y
 _36984_/X
 _36985_/X
 _36986_/Y
 _36987_/X
 _36988_/Y
 _36989_/Y
 _36990_/Y
 _36991_/Y
 _36992_/Y
 _36993_/Y
 _36994_/Y
 _36995_/Y
 _36996_/Y
 _36997_/X
 _36998_/Y
 _36999_/Y
 _37000_/X
 _37001_/Y
 _37002_/Y
 _37003_/Y
 _37004_/Y
 _37005_/X
 _37006_/Y
 _37007_/Y
 _37008_/X
 _37009_/Y
 _37010_/X
 _37011_/X
 _37012_/Y
 _37013_/X
 _37014_/Y
 _37015_/Y
 _37016_/X
 _37017_/Y
 _37018_/X
 _37019_/Y
 _37020_/Y
 _37021_/Y
 _37022_/Y
 _37023_/Y
 _37024_/Y
 _37025_/Y
 _37026_/X
 _37027_/Y
 _37028_/X
 _37029_/Y
 _37030_/X
 _37031_/X
 _37032_/Y
 _37033_/Y
 _37034_/Y
 _37035_/Y
 _37036_/X
 _37037_/X
 _37038_/X
 _37039_/X
 _37040_/Y
 _37041_/Y
 _37042_/Y
 _37043_/Y
 _37044_/Y
 _37045_/Y
 _37046_/Y
 _37047_/X
 _37048_/X
 _37049_/X
 _37050_/Y
 _37051_/Y
 _37052_/Y
 _37053_/Y
 _37054_/X
 _37055_/X
 _37056_/Y
 _37057_/Y
 _37058_/Y
 _37059_/Y
 _37060_/Y
 _37061_/Y
 _37062_/X
 _37063_/Y
 _37064_/Y
 _37065_/X
 _37066_/Y
 _37067_/Y
 _37068_/X
 _37069_/Y
 _37070_/Y
 _37071_/X
 _37072_/X
 _37073_/Y
 _37074_/Y
 _37075_/Y
 _37076_/X
 _37077_/Y
 _37078_/X
 _37079_/Y
 _37080_/X
 _37081_/Y
 _37082_/Y
 _37083_/Y
 _37084_/Y
 _37085_/Y
 _37086_/X
 _37087_/Y
 _37088_/Y
 _37089_/Y
 _37090_/Y
 _37091_/Y
 _37092_/Y
 _37093_/Y
 _37094_/Y
 _37095_/X
 _37096_/Y
 _37097_/Y
 _37098_/Y
 _37099_/Y
 _37100_/Y
 _37101_/Y
 _37102_/Y
 _37103_/Y
 _37104_/Y
 _37105_/X
 _37106_/X
 _37107_/Y
 _37108_/Y
 _37109_/Y
 _37110_/Y
 _37111_/X
 _37112_/Y
 _37113_/Y
 _37114_/X
 _37115_/Y
 _37116_/Y
 _37117_/X
 _37118_/X
 _37119_/Y
 _37120_/Y
 _37121_/Y
 _37122_/Y
 _37123_/Y
 _37124_/Y
 _37125_/Y
 _37126_/Y
 _37127_/Y
 _37128_/Y
 _37129_/Y
 _37130_/Y
 _37131_/Y
 _37132_/Y
 _37133_/Y
 _37134_/X
 _37135_/X
 _37136_/Y
 _37137_/Y
 _37138_/Y
 _37139_/Y
 _37140_/X
 _37141_/X
 _37142_/Y
 _37143_/X
 _37144_/Y
 _37145_/X
 _37146_/X
 _37147_/Y
 _37148_/Y
 _37149_/X
 _37150_/X
 _37151_/Y
 _37152_/Y
 _37153_/X
 _37154_/Y
 _37155_/Y
 _37156_/X
 _37157_/Y
 _37158_/Y
 _37159_/Y
 _37160_/Y
 _37161_/Y
 _37162_/X
 _37163_/Y
 _37164_/Y
 _37165_/Y
 _37166_/Y
 _37167_/X
 _37168_/Y
 _37169_/Y
 _37170_/X
 _37171_/X
 _37172_/Y
 _37173_/X
 _37174_/Y
 _37175_/X
 _37176_/Y
 _37177_/Y
 _37178_/Y
 _37179_/X
 _37180_/Y
 _37181_/Y
 _37182_/Y
 _37183_/Y
 _37184_/Y
 _37185_/Y
 _37186_/Y
 _37187_/Y
 _37188_/Y
 _37189_/Y
 _37190_/Y
 _37191_/Y
 _37192_/Y
 _37193_/Y
 _37194_/Y
 _37195_/Y
 _37196_/Y
 _37197_/Y
 _37198_/Y
 _37199_/X
 _37200_/X
 _37201_/Y
 _37202_/Y
 _37203_/Y
 _37204_/X
 _37205_/X
 _37206_/Y
 _37207_/Y
 _37208_/X
 _37209_/Y
 _37210_/Y
 _37211_/Y
 _37212_/Y
 _37213_/Y
 _37214_/Y
 _37215_/X
 _37216_/Y
 _37217_/Y
 _37218_/X
 _37219_/Y
 _37220_/Y
 _37221_/Y
 _37222_/Y
 _37223_/X
 _37224_/Y
 _37225_/Y
 _37226_/Y
 _37227_/Y
 _37228_/Y
 _37229_/Y
 _37230_/Y
 _37231_/Y
 _37232_/Y
 _37233_/X
 _37234_/Y
 _37235_/Y
 _37236_/Y
 _37237_/Y
 _37238_/X
 _37239_/X
 _37240_/Y
 _37241_/Y
 _37242_/X
 _37243_/Y
 _37244_/Y
 _37245_/X
 _37246_/Y
 _37247_/Y
 _37248_/Y
 _37249_/Y
 _37250_/Y
 _37251_/Y
 _37252_/Y
 _37253_/Y
 _37254_/Y
 _37255_/Y
 _37256_/X
 _37257_/X
 _37258_/Y
 _37259_/X
 _37260_/Y
 _37261_/Y
 _37262_/Y
 _37263_/Y
 _37264_/X
 _37265_/X
 _37266_/Y
 _37267_/Y
 _37268_/Y
 _37269_/Y
 _37270_/X
 _37271_/Y
 _37272_/X
 _37273_/X
 _37274_/Y
 _37275_/Y
 _37276_/Y
 _37277_/X
 _37278_/X
 _37279_/Y
 _37280_/Y
 _37281_/Y
 _37282_/Y
 _37283_/X
 _37284_/Y
 _37285_/Y
 _37286_/Y
 _37287_/Y
 _37288_/Y
 _37289_/Y
 _37290_/X
 _37291_/Y
 _37292_/Y
 _37293_/Y
 _37294_/Y
 _37295_/X
 _37296_/X
 _37297_/Y
 _37298_/Y
 _37299_/Y
 _37300_/Y
 _37301_/Y
 _37302_/Y
 _37303_/Y
 _37304_/Y
 _37305_/Y
 _37306_/Y
 _37307_/X
 _37308_/Y
 _37309_/Y
 _37310_/Y
 _37311_/Y
 _37312_/Y
 _37313_/Y
 _37314_/Y
 _37315_/Y
 _37316_/Y
 _37317_/Y
 _37318_/X
 _37319_/Y
 _37320_/Y
 _37321_/Y
 _37322_/Y
 _37323_/Y
 _37324_/Y
 _37325_/Y
 _37326_/X
 _37327_/Y
 _37328_/Y
 _37329_/Y
 _37330_/Y
 _37331_/Y
 _37332_/Y
 _37333_/Y
 _37334_/Y
 _37335_/X
 _37336_/Y
 _37337_/Y
 _37338_/Y
 _37339_/Y
 _37340_/X
 _37341_/Y
 _37342_/Y
 _37343_/Y
 _37344_/Y
 _37345_/Y
 _37346_/Y
 _37347_/Y
 _37348_/X
 _37349_/Y
 _37350_/Y
 _37351_/Y
 _37352_/X
 _37353_/Y
 _37354_/Y
 _37355_/X
 _37356_/X
 _37357_/X
 _37358_/X
 _37359_/Y
 _37360_/Y
 _37361_/Y
 _37362_/Y
 _37363_/Y
 _37364_/Y
 _37365_/Y
 _37366_/Y
 _37367_/Y
 _37368_/Y
 _37369_/Y
 _37370_/X
 _37371_/X
 _37372_/Y
 _37373_/Y
 _37374_/Y
 _37375_/X
 _37376_/Y
 _37377_/Y
 _37378_/Y
 _37379_/Y
 _37380_/Y
 _37381_/Y
 _37382_/Y
 _37383_/Y
 _37384_/Y
 _37385_/Y
 _37386_/Y
 _37387_/X
 _37388_/Y
 _37389_/Y
 _37390_/Y
 _37391_/Y
 _37392_/X
 _37393_/Y
 _37394_/Y
 _37395_/X
 _37396_/X
 _37397_/X
 _37398_/Y
 _37399_/Y
 _37400_/Y
 _37401_/Y
 _37402_/Y
 _37403_/Y
 _37404_/Y
 _37405_/Y
 _37406_/Y
 _37407_/X
 _37408_/X
 _37409_/X
 _37410_/Y
 _37411_/Y
 _37412_/Y
 _37413_/X
 _37414_/Y
 _37415_/Y
 _37416_/Y
 _37417_/Y
 _37418_/X
 _37419_/Y
 _37420_/X
 _37421_/X
 _37422_/X
 _37423_/Y
 _37424_/Y
 _37425_/Y
 _37426_/Y
 _37427_/Y
 _37428_/X
 _37429_/X
 _37430_/Y
 _37431_/Y
 _37432_/Y
 _37433_/Y
 _37434_/Y
 _37435_/X
 _37436_/Y
 _37437_/Y
 _37438_/X
 _37439_/Y
 _37440_/Y
 _37441_/X
 _37442_/Y
 _37443_/Y
 _37444_/Y
 _37445_/Y
 _37446_/X
 _37447_/X
 _37448_/Y
 _37449_/Y
 _37450_/X
 _37451_/Y
 _37452_/Y
 _37453_/X
 _37454_/X
 _37455_/Y
 _37456_/X
 _37457_/Y
 _37458_/X
 _37459_/X
 _37460_/X
 _37461_/Y
 _37462_/Y
 _37463_/Y
 _37464_/Y
 _37465_/Y
 _37466_/Y
 _37467_/Y
 _37468_/Y
 _37469_/Y
 _37470_/Y
 _37471_/X
 _37472_/Y
 _37473_/Y
 _37474_/Y
 _37475_/Y
 _37476_/Y
 _37477_/X
 _37478_/Y
 _37479_/Y
 _37480_/Y
 _37481_/Y
 _37482_/X
 _37483_/Y
 _37484_/X
 _37485_/Y
 _37486_/Y
 _37487_/Y
 _37488_/Y
 _37489_/Y
 _37490_/Y
 _37491_/Y
 _37492_/Y
 _37493_/X
 _37494_/Y
 _37495_/Y
 _37496_/Y
 _37497_/X
 _37498_/Y
 _37499_/X
 _37500_/Y
 _37501_/X
 _37502_/Y
 _37503_/Y
 _37504_/X
 _37505_/Y
 _37506_/Y
 _37507_/Y
 _37508_/Y
 _37509_/Y
 _37510_/Y
 _37511_/Y
 _37512_/Y
 _37513_/Y
 _37514_/Y
 _37515_/X
 _37516_/Y
 _37517_/Y
 _37518_/Y
 _37519_/Y
 _37520_/Y
 _37521_/X
 _37522_/X
 _37523_/Y
 _37524_/Y
 _37525_/Y
 _37526_/Y
 _37527_/Y
 _37528_/Y
 _37529_/X
 _37530_/Y
 _37531_/Y
 _37532_/X
 _37533_/Y
 _37534_/Y
 _37535_/Y
 _37536_/Y
 _37537_/Y
 _37538_/Y
 _37539_/Y
 _37540_/Y
 _37541_/X
 _37542_/Y
 _37543_/X
 _37544_/X
 _37545_/Y
 _37546_/Y
 _37547_/X
 _37548_/X
 _37549_/Y
 _37550_/X
 _37551_/X
 _37552_/Y
 _37553_/Y
 _37554_/Y
 _37555_/Y
 _37556_/Y
 _37557_/Y
 _37558_/Y
 _37559_/Y
 _37560_/Y
 _37561_/X
 _37562_/Y
 _37563_/Y
 _37564_/Y
 _37565_/Y
 _37566_/Y
 _37567_/X
 _37568_/Y
 _37569_/Y
 _37570_/Y
 _37571_/Y
 _37572_/Y
 _37573_/Y
 _37574_/Y
 _37575_/Y
 _37576_/Y
 _37577_/Y
 _37578_/X
 _37579_/Y
 _37580_/X
 _37581_/Y
 _37582_/X
 _37583_/X
 _37584_/Y
 _37585_/X
 _37586_/Y
 _37587_/Y
 _37588_/Y
 _37589_/X
 _37590_/X
 _37591_/X
 _37592_/Y
 _37593_/Y
 _37594_/Y
 _37595_/Y
 _37596_/X
 _37597_/Y
 _37598_/Y
 _37599_/X
 _37600_/Y
 _37601_/Y
 _37602_/Y
 _37603_/Y
 _37604_/Y
 _37605_/Y
 _37606_/Y
 _37607_/X
 _37608_/Y
 _37609_/X
 _37610_/X
 _37611_/Y
 _37612_/Y
 _37613_/Y
 _37614_/X
 _37615_/X
 _37616_/Y
 _37617_/Y
 _37618_/Y
 _37619_/Y
 _37620_/Y
 _37621_/X
 _37622_/Y
 _37623_/Y
 _37624_/Y
 _37625_/Y
 _37626_/Y
 _37627_/Y
 _37628_/Y
 _37629_/Y
 _37630_/Y
 _37631_/Y
 _37632_/X
 _37633_/Y
 _37634_/Y
 _37635_/Y
 _37636_/Y
 _37637_/Y
 _37638_/Y
 _37639_/Y
 _37640_/Y
 _37641_/Y
 _37642_/X
 _37643_/X
 _37644_/Y
 _37645_/Y
 _37646_/X
 _37647_/X
 _37648_/Y
 _37649_/Y
 _37650_/Y
 _37651_/Y
 _37652_/X
 _37653_/Y
 _37654_/Y
 _37655_/Y
 _37656_/Y
 _37657_/Y
 _37658_/Y
 _37659_/Y
 _37660_/Y
 _37661_/Y
 _37662_/Y
 _37663_/Y
 _37664_/Y
 _37665_/Y
 _37666_/X
 _37667_/Y
 _37668_/Y
 _37669_/X
 _37670_/Y
 _37671_/Y
 _37672_/X
 _37673_/Y
 _37674_/X
 _37675_/X
 _37676_/Y
 _37677_/Y
 _37678_/Y
 _37679_/X
 _37680_/Y
 _37681_/Y
 _37682_/Y
 _37683_/Y
 _37684_/Y
 _37685_/X
 _37686_/Y
 _37687_/Y
 _37688_/Y
 _37689_/Y
 _37690_/X
 _37691_/X
 _37692_/Y
 _37693_/X
 _37694_/X
 _37695_/Y
 _37696_/Y
 _37697_/X
 _37698_/Y
 _37699_/Y
 _37700_/Y
 _37701_/Y
 _37702_/Y
 _37703_/Y
 _37704_/Y
 _37705_/X
 _37706_/Y
 _37707_/Y
 _37708_/Y
 _37709_/Y
 _37710_/Y
 _37711_/Y
 _37712_/Y
 _37713_/Y
 _37714_/Y
 _37715_/Y
 _37716_/Y
 _37717_/Y
 _37718_/Y
 _37719_/Y
 _37720_/Y
 _37721_/Y
 _37722_/Y
 _37723_/Y
 _37724_/X
 _37725_/Y
 _37726_/Y
 _37727_/X
 _37728_/Y
 _37729_/Y
 _37730_/Y
 _37731_/Y
 _37732_/Y
 _37733_/Y
 _37734_/Y
 _37735_/Y
 _37736_/Y
 _37737_/Y
 _37738_/Y
 _37739_/X
 _37740_/Y
 _37741_/Y
 _37742_/Y
 _37743_/Y
 _37744_/X
 _37745_/Y
 _37746_/X
 _37747_/Y
 _37748_/Y
 _37749_/Y
 _37750_/X
 _37751_/X
 _37752_/Y
 _37753_/X
 _37754_/Y
 _37755_/Y
 _37756_/X
 _37757_/Y
 _37758_/Y
 _37759_/Y
 _37760_/X
 _37761_/Y
 _37762_/Y
 _37763_/Y
 _37764_/Y
 _37765_/X
 _37766_/Y
 _37767_/Y
 _37768_/Y
 _37769_/Y
 _37770_/X
 _37771_/Y
 _37772_/Y
 _37773_/Y
 _37774_/Y
 _37775_/Y
 _37776_/Y
 _37777_/Y
 _37778_/Y
 _37779_/Y
 _37780_/X
 _37781_/X
 _37782_/Y
 _37783_/Y
 _37784_/X
 _37785_/Y
 _37786_/Y
 _37787_/X
 _37788_/X
 _37789_/X
 _37790_/Y
 _37791_/Y
 _37792_/Y
 _37793_/Y
 _37794_/Y
 _37795_/Y
 _37796_/X
 _37797_/Y
 _37798_/Y
 _37799_/Y
 _37800_/Y
 _37801_/X
 _37802_/Y
 _37803_/X
 _37804_/Y
 _37805_/Y
 _37806_/Y
 _37807_/X
 _37808_/Y
 _37809_/Y
 _37810_/X
 _37811_/Y
 _37812_/Y
 _37813_/Y
 _37814_/Y
 _37815_/Y
 _37816_/Y
 _37817_/Y
 _37818_/Y
 _37819_/Y
 _37820_/Y
 _37821_/X
 _37822_/Y
 _37823_/Y
 _37824_/Y
 _37825_/X
 _37826_/X
 _37827_/Y
 _37828_/Y
 _37829_/Y
 _37830_/Y
 _37831_/Y
 _37832_/X
 _37833_/X
 _37834_/X
 _37835_/Y
 _37836_/Y
 _37837_/Y
 _37838_/Y
 _37839_/X
 _37840_/Y
 _37841_/X
 _37842_/Y
 _37843_/X
 _37844_/Y
 _37845_/Y
 _37846_/Y
 _37847_/X
 _37848_/X
 _37849_/X
 _37850_/Y
 _37851_/X
 _37852_/Y
 _37853_/X
 _37854_/Y
 _37855_/Y
 _37856_/Y
 _37857_/Y
 _37858_/Y
 _37859_/Y
 _37860_/Y
 _37861_/X
 _37862_/X
 _37863_/Y
 _37864_/X
 _37865_/Y
 _37866_/Y
 _37867_/X
 _37868_/Y
 _37869_/X
 _37870_/X
 _37871_/Y
 _37872_/Y
 _37873_/Y
 _37874_/Y
 _37875_/X
 _37876_/Y
 _37877_/X
 _37878_/Y
 _37879_/X
 _37880_/Y
 _37881_/Y
 _37882_/X
 _37883_/Y
 _37884_/Y
 _37885_/X
 _37886_/Y
 _37887_/Y
 _37888_/Y
 _37889_/X
 _37890_/Y
 _37891_/Y
 _37892_/X
 _37893_/Y
 _37894_/Y
 _37895_/Y
 _37896_/Y
 _37897_/Y
 _37898_/Y
 _37899_/Y
 _37900_/X
 _37901_/Y
 _37902_/X
 _37903_/Y
 _37904_/X
 _37905_/Y
 _37906_/Y
 _37907_/Y
 _37908_/X
 _37909_/Y
 _37910_/Y
 _37911_/Y
 _37912_/X
 _37913_/Y
 _37914_/X
 _37915_/X
 _37916_/Y
 _37917_/Y
 _37918_/Y
 _37919_/Y
 _37920_/Y
 _37921_/Y
 _37922_/X
 _37923_/Y
 _37924_/X
 _37925_/Y
 _37926_/Y
 _37927_/Y
 _37928_/Y
 _37929_/Y
 _37930_/Y
 _37931_/Y
 _37932_/Y
 _37933_/X
 _37934_/X
 _37935_/X
 _37936_/Y
 _37937_/X
 _37938_/Y
 _37939_/Y
 _37940_/Y
 _37941_/Y
 _37942_/X
 _37943_/Y
 _37944_/X
 _37945_/Y
 _37946_/Y
 _37947_/X
 _37948_/X
 _37949_/Y
 _37950_/X
 _37951_/Y
 _37952_/X
 _37953_/Y
 _37954_/Y
 _37955_/X
 _37956_/Y
 _37957_/X
 _37958_/X
 _37959_/Y
 _37960_/Y
 _37961_/Y
 _37962_/Y
 _37963_/Y
 _37964_/X
 _37965_/X
 _37966_/Y
 _37967_/X
 _37968_/X
 _37969_/Y
 _37970_/Y
 _37971_/Y
 _37972_/Y
 _37973_/X
 _37974_/Y
 _37975_/Y
 _37976_/X
 _37977_/Y
 _37978_/Y
 _37979_/Y
 _37980_/Y
 _37981_/X
 _37982_/Y
 _37983_/Y
 _37984_/X
 _37985_/Y
 _37986_/Y
 _37987_/Y
 _37988_/Y
 _37989_/X
 _37990_/Y
 _37991_/Y
 _37992_/Y
 _37993_/X
 _37994_/Y
 _37995_/Y
 _37996_/X
 _37997_/Y
 _37998_/X
 _37999_/Y
 _38000_/Y
 _38001_/Y
 _38002_/X
 _38003_/Y
 _38004_/Y
 _38005_/Y
 _38006_/Y
 _38007_/Y
 _38008_/Y
 _38009_/X
 _38010_/X
 _38011_/Y
 _38012_/Y
 _38013_/Y
 _38014_/Y
 _38015_/Y
 _38016_/Y
 _38017_/Y
 _38018_/X
 _38019_/Y
 _38020_/X
 _38021_/Y
 _38022_/X
 _38023_/X
 _38024_/Y
 _38025_/Y
 _38026_/X
 _38027_/Y
 _38028_/Y
 _38029_/Y
 _38030_/X
 _38031_/Y
 _38032_/Y
 _38033_/Y
 _38034_/Y
 _38035_/Y
 _38036_/Y
 _38037_/Y
 _38038_/Y
 _38039_/Y
 _38040_/Y
 _38041_/Y
 _38042_/Y
 _38043_/Y
 _38044_/Y
 _38045_/X
 _38046_/Y
 _38047_/Y
 _38048_/X
 _38049_/Y
 _38050_/Y
 _38051_/Y
 _38052_/X
 _38053_/Y
 _38054_/X
 _38055_/Y
 _38056_/Y
 _38057_/Y
 _38058_/X
 _38059_/Y
 _38060_/Y
 _38061_/Y
 _38062_/Y
 _38063_/Y
 _38064_/Y
 _38065_/Y
 _38066_/Y
 _38067_/X
 _38068_/X
 _38069_/X
 _38070_/Y
 _38071_/Y
 _38072_/Y
 _38073_/Y
 _38074_/Y
 _38075_/Y
 _38076_/X
 _38077_/Y
 _38078_/Y
 _38079_/Y
 _38080_/Y
 _38081_/Y
 _38082_/Y
 _38083_/X
 _38084_/Y
 _38085_/X
 _38086_/X
 _38087_/Y
 _38088_/Y
 _38089_/Y
 _38090_/X
 _38091_/Y
 _38092_/Y
 _38093_/Y
 _38094_/Y
 _38095_/Y
 _38096_/X
 _38097_/Y
 _38098_/Y
 _38099_/Y
 _38100_/Y
 _38101_/X
 _38102_/Y
 _38103_/Y
 _38104_/X
 _38105_/Y
 _38106_/X
 _38107_/Y
 _38108_/X
 _38109_/Y
 _38110_/X
 _38111_/Y
 _38112_/Y
 _38113_/X
 _38114_/Y
 _38115_/Y
 _38116_/Y
 _38117_/Y
 _38118_/Y
 _38119_/Y
 _38120_/Y
 _38121_/Y
 _38122_/Y
 _38123_/Y
 _38124_/Y
 _38125_/Y
 _38126_/Y
 _38127_/Y
 _38128_/X
 _38129_/Y
 _38130_/Y
 _38131_/Y
 _38132_/Y
 _38133_/Y
 _38134_/Y
 _38135_/Y
 _38136_/Y
 _38137_/X
 _38138_/Y
 _38139_/Y
 _38140_/Y
 _38141_/Y
 _38142_/Y
 _38143_/Y
 _38144_/X
 _38145_/Y
 _38146_/Y
 _38147_/X
 _38148_/Y
 _38149_/Y
 _38150_/X
 _38151_/X
 _38152_/Y
 _38153_/X
 _38154_/X
 _38155_/X
 _38156_/Y
 _38157_/Y
 _38158_/X
 _38159_/X
 _38160_/Y
 _38161_/X
 _38162_/Y
 _38163_/X
 _38164_/Y
 _38165_/Y
 _38166_/X
 _38167_/Y
 _38168_/Y
 _38169_/Y
 _38170_/Y
 _38171_/Y
 _38172_/Y
 _38173_/Y
 _38174_/X
 _38175_/Y
 _38176_/Y
 _38177_/Y
 _38178_/Y
 _38179_/Y
 _38180_/Y
 _38181_/Y
 _38182_/Y
 _38183_/X
 _38184_/X
 _38185_/Y
 _38186_/X
 _38187_/Y
 _38188_/Y
 _38189_/Y
 _38190_/Y
 _38191_/Y
 _38192_/Y
 _38193_/Y
 _38194_/Y
 _38195_/Y
 _38196_/Y
 _38197_/Y
 _38198_/Y
 _38199_/Y
 _38200_/Y
 _38201_/X
 _38202_/Y
 _38203_/X
 _38204_/Y
 _38205_/Y
 _38206_/Y
 _38207_/Y
 _38208_/Y
 _38209_/X
 _38210_/X
 _38211_/Y
 _38212_/Y
 _38213_/X
 _38214_/Y
 _38215_/Y
 _38216_/X
 _38217_/Y
 _38218_/Y
 _38219_/X
 _38220_/X
 _38221_/Y
 _38222_/Y
 _38223_/Y
 _38224_/Y
 _38225_/Y
 _38226_/Y
 _38227_/Y
 _38228_/Y
 _38229_/Y
 _38230_/Y
 _38231_/Y
 _38232_/Y
 _38233_/Y
 _38234_/Y
 _38235_/Y
 _38236_/Y
 _38237_/X
 _38238_/Y
 _38239_/X
 _38240_/Y
 _38241_/Y
 _38242_/Y
 _38243_/Y
 _38244_/Y
 _38245_/Y
 _38246_/Y
 _38247_/Y
 _38248_/Y
 _38249_/Y
 _38250_/Y
 _38251_/Y
 _38252_/Y
 _38253_/Y
 _38254_/Y
 _38255_/Y
 _38256_/Y
 _38257_/X
 _38258_/Y
 _38259_/Y
 _38260_/Y
 _38261_/X
 _38262_/Y
 _38263_/Y
 _38264_/Y
 _38265_/Y
 _38266_/Y
 _38267_/X
 _38268_/X
 _38269_/Y
 _38270_/Y
 _38271_/Y
 _38272_/Y
 _38273_/Y
 _38274_/Y
 _38275_/Y
 _38276_/Y
 _38277_/Y
 _38278_/Y
 _38279_/Y
 _38280_/Y
 _38281_/Y
 _38282_/Y
 _38283_/Y
 _38284_/Y
 _38285_/Y
 _38286_/Y
 _38287_/Y
 _38288_/Y
 _38289_/Y
 _38290_/Y
 _38291_/Y
 _38292_/X
 _38293_/Y
 _38294_/Y
 _38295_/Y
 _38296_/Y
 _38297_/Y
 _38298_/Y
 _38299_/X
 _38300_/Y
 _38301_/Y
 _38302_/Y
 _38303_/Y
 _38304_/X
 _38305_/Y
 _38306_/Y
 _38307_/Y
 _38308_/X
 _38309_/X
 _38310_/Y
 _38311_/Y
 _38312_/Y
 _38313_/Y
 _38314_/Y
 _38315_/X
 _38316_/Y
 _38317_/Y
 _38318_/Y
 _38319_/Y
 _38320_/Y
 _38321_/Y
 _38322_/Y
 _38323_/Y
 _38324_/X
 _38325_/Y
 _38326_/Y
 _38327_/X
 _38328_/X
 _38329_/Y
 _38330_/X
 _38331_/Y
 _38332_/Y
 _38333_/Y
 _38334_/Y
 _38335_/Y
 _38336_/Y
 _38337_/Y
 _38338_/Y
 _38339_/Y
 _38340_/Y
 _38341_/Y
 _38342_/Y
 _38343_/Y
 _38344_/Y
 _38345_/Y
 _38346_/X
 _38347_/Y
 _38348_/X
 _38349_/Y
 _38350_/X
 _38351_/Y
 _38352_/Y
 _38353_/Y
 _38354_/Y
 _38355_/Y
 _38356_/Y
 _38357_/Y
 _38358_/Y
 _38359_/X
 _38360_/X
 _38361_/Y
 _38362_/Y
 _38363_/Y
 _38364_/X
 _38365_/Y
 _38366_/X
 _38367_/X
 _38368_/Y
 _38369_/Y
 _38370_/Y
 _38371_/Y
 _38372_/X
 _38373_/Y
 _38374_/Y
 _38375_/Y
 _38376_/Y
 _38377_/X
 _38378_/Y
 _38379_/Y
 _38380_/X
 _38381_/Y
 _38382_/Y
 _38383_/Y
 _38384_/Y
 _38385_/Y
 _38386_/Y
 _38387_/X
 _38388_/Y
 _38389_/X
 _38390_/Y
 _38391_/X
 _38392_/Y
 _38393_/Y
 _38394_/Y
 _38395_/X
 _38396_/Y
 _38397_/Y
 _38398_/Y
 _38399_/X
 _38400_/Y
 _38401_/Y
 _38402_/Y
 _38403_/Y
 _38404_/Y
 _38405_/Y
 _38406_/X
 _38407_/Y
 _38408_/Y
 _38409_/Y
 _38410_/X
 _38411_/Y
 _38412_/Y
 _38413_/Y
 _38414_/Y
 _38415_/Y
 _38416_/Y
 _38417_/Y
 _38418_/X
 _38419_/Y
 _38420_/Y
 _38421_/X
 _38422_/Y
 _38423_/X
 _38424_/Y
 _38425_/Y
 _38426_/Y
 _38427_/X
 _38428_/Y
 _38429_/X
 _38430_/Y
 _38431_/Y
 _38432_/X
 _38433_/Y
 _38434_/Y
 _38435_/X
 _38436_/X
 _38437_/Y
 _38438_/Y
 _38439_/Y
 _38440_/Y
 _38441_/Y
 _38442_/Y
 _38443_/Y
 _38444_/Y
 _38445_/Y
 _38446_/Y
 _38447_/Y
 _38448_/Y
 _38449_/X
 _38450_/Y
 _38451_/Y
 _38452_/Y
 _38453_/Y
 _38454_/Y
 _38455_/Y
 _38456_/Y
 _38457_/X
 _38458_/Y
 _38459_/X
 _38460_/Y
 _38461_/Y
 _38462_/X
 _38463_/Y
 _38464_/X
 _38465_/Y
 _38466_/Y
 _38467_/Y
 _38468_/X
 _38469_/Y
 _38470_/Y
 _38471_/X
 _38472_/Y
 _38473_/Y
 _38474_/Y
 _38475_/X
 _38476_/X
 _38477_/Y
 _38478_/X
 _38479_/X
 _38480_/Y
 _38481_/X
 _38482_/Y
 _38483_/Y
 _38484_/Y
 _38485_/Y
 _38486_/X
 _38487_/Y
 _38488_/Y
 _38489_/Y
 _38490_/Y
 _38491_/X
 _38492_/X
 _38493_/Y
 _38494_/Y
 _38495_/Y
 _38496_/Y
 _38497_/Y
 _38498_/Y
 _38499_/Y
 _38500_/Y
 _38501_/Y
 _38502_/Y
 _38503_/Y
 _38504_/Y
 _38505_/Y
 _38506_/Y
 _38507_/Y
 _38508_/Y
 _38509_/Y
 _38510_/Y
 _38511_/X
 _38512_/Y
 _38513_/Y
 _38514_/Y
 _38515_/Y
 _38516_/Y
 _38517_/Y
 _38518_/Y
 _38519_/Y
 _38520_/X
 _38521_/Y
 _38522_/Y
 _38523_/Y
 _38524_/X
 _38525_/Y
 _38526_/Y
 _38527_/Y
 _38528_/Y
 _38529_/X
 _38530_/Y
 _38531_/Y
 _38532_/X
 _38533_/Y
 _38534_/Y
 _38535_/Y
 _38536_/X
 _38537_/Y
 _38538_/Y
 _38539_/X
 _38540_/Y
 _38541_/Y
 _38542_/Y
 _38543_/Y
 _38544_/Y
 _38545_/Y
 _38546_/Y
 _38547_/Y
 _38548_/Y
 _38549_/Y
 _38550_/Y
 _38551_/Y
 _38552_/Y
 _38553_/Y
 _38554_/X
 _38555_/Y
 _38556_/Y
 _38557_/X
 _38558_/Y
 _38559_/Y
 _38560_/Y
 _38561_/X
 _38562_/Y
 _38563_/X
 _38564_/Y
 _38565_/Y
 _38566_/Y
 _38567_/Y
 _38568_/X
 _38569_/Y
 _38570_/X
 _38571_/Y
 _38572_/Y
 _38573_/Y
 _38574_/Y
 _38575_/X
 _38576_/Y
 _38577_/Y
 _38578_/Y
 _38579_/Y
 _38580_/Y
 _38581_/X
 _38582_/Y
 _38583_/X
 _38584_/Y
 _38585_/Y
 _38586_/X
 _38587_/Y
 _38588_/X
 _38589_/Y
 _38590_/X
 _38591_/Y
 _38592_/Y
 _38593_/Y
 _38594_/Y
 _38595_/Y
 _38596_/Y
 _38597_/Y
 _38598_/Y
 _38599_/Y
 _38600_/Y
 _38601_/Y
 _38602_/Y
 _38603_/Y
 _38604_/Y
 _38605_/Y
 _38606_/Y
 _38607_/Y
 _38608_/X
 _38609_/X
 _38610_/Y
 _38611_/Y
 _38612_/Y
 _38613_/Y
 _38614_/X
 _38615_/Y
 _38616_/Y
 _38617_/Y
 _38618_/Y
 _38619_/X
 _38620_/Y
 _38621_/Y
 _38622_/Y
 _38623_/Y
 _38624_/Y
 _38625_/Y
 _38626_/Y
 _38627_/X
 _38628_/Y
 _38629_/Y
 _38630_/X
 _38631_/Y
 _38632_/Y
 _38633_/X
 _38634_/X
 _38635_/Y
 _38636_/Y
 _38637_/Y
 _38638_/Y
 _38639_/Y
 _38640_/Y
 _38641_/Y
 _38642_/Y
 _38643_/Y
 _38644_/Y
 _38645_/Y
 _38646_/X
 _38647_/Y
 _38648_/X
 _38649_/X
 _38650_/Y
 _38651_/Y
 _38652_/Y
 _38653_/Y
 _38654_/Y
 _38655_/X
 _38656_/Y
 _38657_/X
 _38658_/Y
 _38659_/Y
 _38660_/X
 _38661_/Y
 _38662_/Y
 _38663_/Y
 _38664_/Y
 _38665_/Y
 _38666_/Y
 _38667_/X
 _38668_/Y
 _38669_/Y
 _38670_/X
 _38671_/Y
 _38672_/X
 _38673_/X
 _38674_/Y
 _38675_/Y
 _38676_/X
 _38677_/Y
 _38678_/Y
 _38679_/X
 _38680_/X
 _38681_/Y
 _38682_/Y
 _38683_/Y
 _38684_/X
 _38685_/Y
 _38686_/Y
 _38687_/Y
 _38688_/Y
 _38689_/Y
 _38690_/Y
 _38691_/Y
 _38692_/Y
 _38693_/X
 _38694_/Y
 _38695_/X
 _38696_/Y
 _38697_/Y
 _38698_/X
 _38699_/Y
 _38700_/X
 _38701_/Y
 _38702_/Y
 _38703_/X
 _38704_/X
 _38705_/X
 _38706_/Y
 _38707_/Y
 _38708_/Y
 _38709_/Y
 _38710_/Y
 _38711_/Y
 _38712_/Y
 _38713_/Y
 _38714_/X
 _38715_/X
 _38716_/X
 _38717_/X
 _38718_/X
 _38719_/X
 _38720_/X
 _38721_/X
 _38722_/X
 _38723_/X
 _38724_/X
 _38725_/X
 _38726_/X
 _38727_/X
 _38728_/X
 _38729_/X
 _38730_/X
 _38731_/X
 _38732_/X
 _38733_/X
 _38734_/X
 _38735_/X
 _38736_/X
 _38737_/X
 _38738_/X
 _38739_/X
 _38740_/X
 _38741_/X
 _38742_/X
 _38743_/X
 _38744_/X
 _38745_/X
 _38746_/X
 _38747_/X
 _38748_/X
 _38749_/X
 _38750_/X
 _38751_/X
 _38752_/X
 _38753_/X
 _38754_/X
 _38755_/X
 _38756_/X
 _38757_/X
 _38758_/X
 _38759_/X
 _38760_/X
 _38761_/X
 _38762_/X
 _38763_/X
 _38764_/X
 _38765_/X
 _38766_/X
 _38767_/X
 _38768_/X
 _38769_/X
 _38770_/X
 _38771_/X
 _38772_/X
 _38773_/X
 _38774_/X
 _38775_/X
 _38776_/X
 _38777_/X
 _38778_/X
 _38779_/X
 _38780_/X
 _38781_/X
 _38782_/X
 _38783_/X
 _38784_/X
 _38785_/X
 _38786_/X
 _38787_/X
 _38788_/X
 _38789_/X
 _38790_/X
 _38791_/X
 _38792_/X
 _38793_/X
 _38794_/X
 _38795_/X
 _38796_/X
 _38797_/X
 _38798_/X
 _38799_/X
 _38800_/X
 _38801_/X
 _38802_/X
 _38803_/X
 _38804_/X
 _38805_/X
 _38806_/X
 _38807_/X
 _38808_/X
 _38809_/X
 _38810_/X
 _38811_/X
 _38812_/X
 _38813_/X
 _38814_/X
 _38815_/X
 _38816_/X
 _38817_/X
 _38818_/X
 _38819_/X
 _38820_/X
 _38821_/X
 _38822_/X
 _38823_/X
 _38824_/X
 _38825_/X
 _38826_/X
 _38827_/X
 _38828_/X
 _38829_/X
 _38830_/X
 _38831_/X
 _38832_/X
 _38833_/X
 _38834_/X
 _38835_/X
 _38836_/X
 _38837_/X
 _38838_/X
 _38839_/X
 _38840_/X
 _38841_/X
 _38842_/X
 _38843_/X
 _38844_/X
 _38845_/X
 _38846_/X
 _38847_/X
 _38848_/X
 _38849_/X
 _38850_/X
 _38851_/X
 _38852_/X
 _38853_/X
 _38854_/X
 _38855_/X
 _38856_/X
 _38857_/X
 _38858_/X
 _38859_/X
 _38860_/X
 _38861_/X
 _38862_/X
 _38863_/X
 _38864_/X
 _38865_/X
 _38866_/X
 _38867_/X
 _38868_/X
 _38869_/X
 _38870_/X
 _38871_/X
 _38872_/X
 _38873_/X
 _38874_/X
 _38875_/X
 _38876_/X
 _38877_/X
 _38878_/X
 _38879_/X
 _38880_/X
 _38881_/X
 _38882_/X
 _38883_/X
 _38884_/X
 _38885_/X
 _38886_/X
 _38887_/X
 _38888_/X
 _38889_/X
 _38890_/X
 _38891_/X
 _38892_/X
 _38893_/X
 _38894_/X
 _38895_/X
 _38896_/X
 _38897_/X
 _38898_/X
 _38899_/X
 _38900_/X
 _38901_/X
 _38902_/X
 _38903_/X
 _38904_/X
 _38905_/X
 _38906_/X
 _38907_/X
 _38908_/X
 _38909_/X
 _38910_/X
 _38911_/X
 _38912_/X
 _38913_/X
 _38914_/X
 _38915_/X
 _38916_/X
 _38917_/X
 _38918_/X
 _38919_/X
 _38920_/X
 _38921_/X
 _38922_/X
 _38923_/X
 _38924_/X
 _38925_/X
 _38926_/X
 _38927_/X
 _38928_/X
 _38929_/X
 _38930_/X
 _38931_/X
 _38932_/X
 _38933_/X
 _38934_/X
 _38935_/X
 _38936_/X
 _38937_/X
 _38938_/X
 _38939_/X
 _38940_/X
 _38941_/X
 _38942_/X
 _38943_/X
 _38944_/X
 _38945_/X
 _38946_/X
 _38947_/X
 _38948_/X
 _38949_/X
 _38950_/X
 _38951_/X
 _38952_/X
 _38953_/X
 _38954_/X
 _38955_/Y
 _38956_/X
 _38957_/Y
 _38958_/X
 _38959_/Y
 _38960_/X
 _38961_/X
 _38962_/X
 _38963_/X
 _38964_/X
 _38965_/X
 _38966_/X
 _38967_/X
 _38968_/X
 _38969_/X
 _38970_/X
 _38971_/X
 _38972_/X
 _38973_/X
 _38974_/X
 _38975_/X
 _38976_/X
 _38977_/X
 _38978_/X
 _38979_/X
 _38980_/X
 _38981_/X
 _38982_/X
 _38983_/X
 _38984_/X
 _38985_/X
 _38986_/X
 _38987_/X
 _38988_/X
 _38989_/X
 _38990_/X
 _38991_/X
 _38992_/X
 _38993_/X
 _38994_/X
 _38995_/X
 _38996_/X
 _38997_/X
 _38998_/X
 _38999_/X
 _39000_/X
 _39001_/X
 _39002_/X
 _39003_/X
 _39004_/X
 _39005_/X
 _39006_/X
 _39007_/X
 _39008_/X
 _39009_/X
 _39010_/X
 _39011_/X
 _39012_/X
 _39013_/X
 _39014_/X
 _39015_/X
 _39016_/X
 _39017_/X
 _39018_/X
 _39019_/X
 _39020_/X
 _39021_/X
 _39022_/X
 _39023_/X
 _39024_/X
 _39025_/X
 _39026_/X
 _39027_/X
 _39028_/X
 _39029_/X
 _39030_/X
 _39031_/X
 _39032_/X
 _39033_/X
 _39034_/X
 _39035_/X
 _39036_/X
 _39037_/X
 _39038_/X
 _39039_/X
 _39040_/Y
 _39041_/Y
 _39042_/Y
 _39043_/Y
 _39044_/X
 _39045_/X
 _39046_/X
 _39047_/X
 _39048_/X
 _39049_/X
 _39050_/X
 _39051_/X
 _39052_/X
 _39053_/X
 _39054_/X
 _39055_/X
 _39056_/X
 _39057_/X
 _39058_/X
 _39059_/X
 _39060_/X
 _39061_/X
 _39062_/X
 _39063_/X
 _39064_/X
 _39065_/X
 _39066_/X
 _39067_/X
 _39068_/X
 _39069_/X
 _39070_/X
 _39071_/X
 _39072_/X
 _39073_/X
 _39074_/X
 _39075_/X
 _39076_/X
 _39077_/Y
 _39078_/Y
 _39079_/Y
 _39080_/Y
 _39081_/Y
 _39082_/Y
 _39083_/Y
 _39084_/Y
 _39085_/Y
 _39086_/Y
 _39087_/Y
 _39088_/Y
 _39089_/Y
 _39090_/Y
 _39091_/Y
 _39092_/Y
 _39093_/Y
 _39094_/Y
 _39095_/Y
 _39096_/Y
 _39097_/Y
 _39098_/Y
 _39099_/Y
 _39100_/Y
 _39101_/Y
 _39102_/Y
 _39103_/Y
 _39104_/Y
 _39105_/Y
 _39106_/Y
 _39107_/Y
 _39108_/Y
 _39109_/Y
 _39110_/Y
 _39111_/Y
 _39112_/Y
 _39113_/Y
 _39114_/Y
 _39115_/Y
 _39116_/Y
 _39117_/Y
 _39118_/Y
 _39119_/Y
 _39120_/Y
 _39121_/Y
 _39122_/Y
 _39123_/Y
 _39124_/Y
 _39125_/Y
 _39126_/Y
 _39127_/Y
 _39128_/Y
 _39129_/Y
 _39130_/Y
 _39131_/Y
 _39132_/Y
 _39133_/Y
 _39134_/Y
 _39135_/Y
 _39136_/Y
 _39137_/Y
 _39138_/Y
 _39139_/Y
 _39140_/Y
 _39141_/Y
 _39142_/Y
 _39143_/Y
 _39144_/Y
 _39145_/Y
 _39146_/Y
 _39147_/Y
 _39148_/Y
 _39149_/Y
 _39150_/Y
 _39151_/Y
 _39152_/Y
 _39153_/Y
 _39154_/Y
 _39155_/Y
 _39156_/Y
 _39157_/Y
 _39158_/Y
 _39159_/Y
 _39160_/Y
 _39161_/Y
 _39162_/Y
 _39163_/Y
 _39164_/Y
 _39165_/Y
 _39166_/Y
 _39167_/Y
 _39168_/Y
 _39169_/Y
 _39170_/Y
 _39171_/Y
 _39172_/Y
 _39173_/Y
 _39174_/Y
 _39175_/Y
 _39176_/Y
 _39177_/Y
 _39178_/Y
 _39179_/Y
 _39180_/Y
 _39181_/Y
 _39182_/Y
 _39183_/Y
 _39184_/Y
 _39185_/Y
 _39186_/Y
 _39187_/Y
 _39188_/Y
 _39189_/Y
 _39190_/Y
 _39191_/Y
 _39192_/Y
 _39193_/Y
 _39194_/Y
 _39195_/Y
 _39196_/Y
 _39197_/Y
 _39198_/Y
 _39199_/Y
 _39200_/Y
 _39201_/Y
 _39202_/Y
 _39203_/Y
 _39204_/Y
 _39205_/X
 _39206_/X
 _39207_/X
 _39208_/X
 _39209_/X
 _39210_/X
 _39211_/X
 _39212_/X
 _39213_/Y
 _39214_/Y
 _39215_/X
 _39216_/X
 _39217_/X
 _39218_/X
 _39219_/X
 _39220_/X
 _39221_/X
 _39222_/Y
 _39223_/Y
 _39224_/Y
 _39225_/Y
 _39226_/Y
 _39227_/Y
 _39228_/Y
 _39229_/Y
 _39230_/Y
 _39231_/Y
 _39232_/Y
 _39233_/Y
 _39234_/Y
 _39235_/Y
 _39236_/Y
 _39237_/Y
 _39238_/Y
 _39239_/Y
 _39240_/X
 _39241_/X
 _39242_/X
 _39243_/Y
 _39244_/Y
 _39245_/X
 _39246_/X
 _39247_/Y
 _39248_/Y
 _39249_/Y
 _39250_/Y
 _39251_/Y
 _39252_/Y
 _39253_/Y
 _39254_/Y
 _39255_/Y
 _39256_/Y
 _39257_/Y
 _39258_/Y
 _39259_/X
 _39260_/Y
 _39261_/Y
 _39262_/Y
 _39263_/Y
 _39264_/Y
 _39265_/Y
 _39266_/Y
 _39267_/Y
 _39268_/Y
 _39269_/Y
 _39270_/Y
 _39271_/Y
 _39272_/X
 _39273_/Y
 _39274_/Y
 _39275_/X
 _39276_/X
 _39277_/Y
 _39278_/Y
 _39279_/X
 _39280_/X
 _39281_/Y
 _39282_/Y
 _39283_/X
 _39284_/X
 _39285_/X
 _39286_/X
 _39287_/Y
 _39288_/Y
 _39289_/Y
 _39290_/X
 _39291_/Y
 _39292_/Y
 _39293_/Y
 _39294_/Y
 _39295_/Y
 _39296_/Y
 _39297_/Y
 _39298_/Y
 _39299_/Y
 _39300_/Y
 _39301_/Y
 _39302_/Y
 _39303_/Y
 _39304_/Y
 _39305_/Y
 _39306_/Y
 _39307_/Y
 _39308_/Y
 _39309_/Y
 _39310_/Y
 _39311_/Y
 _39312_/Y
 _39313_/Y
 _39314_/Y
 _39315_/X
 _39316_/Y
 _39317_/X
 _39318_/Y
 _39319_/X
 _39320_/X
 _39321_/X
 _39322_/X
 _39323_/X
 _39324_/Y
 _39325_/Y
 _39326_/X
 _39327_/Y
 _39328_/Y
 _39329_/Y
 _39330_/X
 _39331_/Y
 _39332_/X
 _39333_/X
 _39334_/Y
 _39335_/Y
 _39336_/Y
 _39337_/Y
 _39338_/Y
 _39339_/X
 _39340_/X
 _39341_/X
 _39342_/X
 _39343_/X
 _39344_/Y
 _39345_/X
 _39346_/X
 _39347_/Y
 _39348_/Y
 _39349_/Y
 _39350_/X
 _39351_/Y
 _39352_/X
 _39353_/X
 _39354_/Y
 _39355_/Y
 _39356_/Y
 _39357_/X
 _39358_/Y
 _39359_/Y
 _39360_/Y
 _39361_/Y
 _39362_/Y
 _39363_/X
 _39364_/X
 _39365_/X
 _39366_/X
 _39367_/X
 _39368_/Y
 _39369_/X
 _39370_/Y
 _39371_/X
 _39372_/Y
 _39373_/Y
 _39374_/X
 _39375_/Y
 _39376_/X
 _39377_/X
 _39378_/Y
 _39379_/Y
 _39380_/Y
 _39381_/Y
 _39382_/Y
 _39383_/X
 _39384_/X
 _39385_/X
 _39386_/X
 _39387_/X
 _39388_/X
 _39389_/X
 _39390_/X
 _39391_/X
 _39392_/X
 _39393_/Y
 _39394_/Y
 _39395_/Y
 _39396_/X
 _39397_/X
 _39398_/X
 _39399_/X
 _39400_/X
 _39401_/Y
 _39402_/X
 _39403_/Y
 _39404_/X
 _39405_/Y
 _39406_/Y
 _39407_/X
 _39408_/Y
 _39409_/X
 _39410_/X
 _39411_/Y
 _39412_/Y
 _39413_/Y
 _39414_/Y
 _39415_/Y
 _39416_/Y
 _39417_/Y
 _39418_/Y
 _39419_/Y
 _39420_/X
 _39421_/X
 _39422_/X
 _39423_/X
 _39424_/X
 _39425_/X
 _39426_/X
 _39427_/X
 _39428_/X
 _39429_/X
 _39430_/Y
 _39431_/Y
 _39432_/Y
 _39433_/X
 _39434_/X
 _39435_/X
 _39436_/X
 _39437_/X
 _39438_/X
 _39439_/X
 _39440_/X
 _39441_/X
 _39442_/X
 _39443_/Y
 _39444_/Y
 _39445_/Y
 _39446_/X
 _39447_/X
 _39448_/X
 _39449_/X
 _39450_/X
 _39451_/Y
 _39452_/Y
 _39453_/X
 _39454_/Y
 _39455_/Y
 _39456_/Y
 _39457_/X
 _39458_/Y
 _39459_/X
 _39460_/Y
 _39461_/Y
 _39462_/Y
 _39463_/Y
 _39464_/X
 _39465_/Y
 _39466_/Y
 _39467_/Y
 _39468_/Y
 _39469_/Y
 _39470_/Y
 _39471_/Y
 _39472_/Y
 _39473_/Y
 _39474_/Y
 _39475_/Y
 _39476_/Y
 _39477_/Y
 _39478_/Y
 _39479_/Y
 _39480_/Y
 _39481_/Y
 _39482_/Y
 _39483_/Y
 _39484_/Y
 _39485_/Y
 _39486_/Y
 _39487_/Y
 _39488_/Y
 _39489_/Y
 _39490_/Y
 _39491_/Y
 _39492_/Y
 _39493_/Y
 _39494_/Y
 _39495_/Y
 _39496_/Y
 _39497_/Y
 _39498_/Y
 _39499_/Y
 _39500_/Y
 _39501_/Y
 _39502_/Y
 _39503_/Y
 _39504_/Y
 _39505_/Y
 _39506_/Y
 _39507_/Y
 _39508_/Y
 _39509_/Y
 _39510_/Y
 _39511_/Y
 _39512_/Y
 _39513_/Y
 _39514_/Y
 _39515_/Y
 _39516_/Y
 _39517_/Y
 _39518_/Y
 _39519_/Y
 _39520_/Y
 _39521_/Y
 _39522_/Y
 _39523_/Y
 _39524_/Y
 _39525_/Y
 _39526_/Y
 _39527_/Y
 _39528_/Y
 _39529_/Y
 _39530_/Y
 _39531_/Y
 _39532_/Y
 _39533_/Y
 _39534_/Y
 _39535_/Y
 _39536_/Y
 _39537_/Y
 _39538_/Y
 _39539_/Y
 _39540_/Y
 _39541_/Y
 _39542_/Y
 _39543_/Y
 _39544_/Y
 _39545_/Y
 _39546_/Y
 _39547_/Y
 _39548_/Y
 _39549_/Y
 _39550_/Y
 _39551_/Y
 _39552_/Y
 _39553_/Y
 _39554_/Y
 _39555_/Y
 _39556_/Y
 _39557_/Y
 _39558_/Y
 _39559_/Y
 _39560_/Y
 _39561_/Y
 _39562_/Y
 _39563_/Y
 _39564_/Y
 _39565_/Y
 _39566_/Y
 _39567_/Y
 _39568_/Y
 _39569_/Y
 _39570_/Y
 _39571_/Y
 _39572_/Y
 _39573_/Y
 _39574_/Y
 _39575_/Y
 _39576_/Y
 _39577_/Y
 _39578_/Y
 _39579_/Y
 _39580_/Y
 _39581_/Y
 _39582_/Y
 _39583_/Y
 _39584_/Y
 _39585_/Y
 _39586_/Y
 _39587_/Y
 _39588_/Y
 _39589_/Y
 _39590_/Y
 _39591_/Y
 _39592_/Y
 _39593_/Y
 _39594_/Y
 _39595_/Y
 _39596_/Y
 _39597_/Y
 _39598_/Y
 _39599_/Y
 _39600_/Y
 _39601_/Y
 _39602_/Y
 _39603_/Y
 _39604_/Y
 _39605_/Y
 _39606_/Y
 _39607_/Y
 _39608_/Y
 _39609_/Y
 _39610_/Y
 _39611_/Y
 _39612_/Y
 _39613_/Y
 _39614_/Y
 _39615_/Y
 _39616_/Y
 _39617_/Y
 _39618_/Y
 _39619_/Y
 _39620_/Y
 _39621_/Y
 _39622_/Y
 _39623_/Y
 _39624_/Y
 _39625_/Y
 _39626_/Y
 _39627_/Y
 _39628_/Y
 _39629_/Y
 _39630_/Y
 _39631_/Y
 _39632_/Y
 _39633_/Y
 _39634_/Y
 _39635_/Y
 _39636_/Y
 _39637_/Y
 _39638_/Y
 _39639_/Y
 _39640_/Y
 _39641_/Y
 _39642_/Y
 _39643_/Y
 _39644_/Y
 _39645_/Y
 _39646_/Y
 _39647_/Y
 _39648_/Y
 _39649_/Y
 _39650_/Y
 _39651_/Y
 _39652_/Y
 _39653_/Y
 _39654_/Y
 _39655_/Y
 _39656_/Y
 _39657_/Y
 _39658_/Y
 _39659_/Y
 _39660_/Y
 _39661_/Y
 _39662_/Y
 _39663_/Y
 _39664_/Y
 _39665_/Y
 _39666_/Y
 _39667_/Y
 _39668_/Y
 _39669_/Y
 _39670_/Y
 _39671_/Y
 _39672_/Y
 _39673_/Y
 _39674_/Y
 _39675_/Y
 _39676_/Y
 _39677_/Y
 _39678_/Y
 _39679_/Y
 _39680_/Y
 _39681_/Y
 _39682_/Y
 _39683_/Y
 _39684_/Y
 _39685_/Y
 _39686_/X
 _39687_/Y
 _39688_/Y
 _39689_/Y
 _39690_/Y
 _39691_/Y
 _39692_/Y
 _39693_/Y
 _39694_/Y
 _39695_/X
 _39696_/Y
 _39697_/Y
 _39698_/Y
 _39699_/Y
 _39700_/Y
 _39701_/Y
 _39702_/Y
 _39703_/Y
 _39704_/Y
 _39705_/Y
 _39706_/Y
 _39707_/Y
 _39708_/Y
 _39709_/X
 _39710_/X
 _39711_/Y
 _39712_/Y
 _39713_/Y
 _39714_/Y
 _39715_/Y
 _39716_/Y
 _39717_/Y
 _39718_/Y
 _39719_/Y
 _39720_/Y
 _39721_/Y
 _39722_/Y
 _39723_/Y
 _39724_/Y
 _39725_/Y
 _39726_/Y
 _39727_/Y
 _39728_/X
 _39729_/Y
 _39730_/Y
 _39731_/Y
 _39732_/Y
 _39733_/X
 _39734_/Y
 _39735_/X
 _39736_/Y
 _39737_/Y
 _39738_/Y
 _39739_/Y
 _39740_/Y
 _39741_/Y
 _39742_/Y
 _39743_/Y
 _39744_/Y
 _39745_/Y
 _39746_/Y
 _39747_/Y
 _39748_/Y
 _39749_/Y
 _39750_/Y
 _39751_/Y
 _39752_/Y
 _39753_/Y
 _39754_/Y
 _39755_/Y
 _39756_/Y
 _39757_/Y
 _39758_/X
 _39759_/Y
 _39760_/X
 _39761_/Y
 _39762_/Y
 _39763_/Y
 _39764_/Y
 _39765_/Y
 _39766_/Y
 _39767_/Y
 _39768_/Y
 _39769_/Y
 _39770_/Y
 _39771_/Y
 _39772_/Y
 _39773_/X
 _39774_/X
 _39775_/Y
 _39776_/Y
 _39777_/Y
 _39778_/Y
 _39779_/Y
 _39780_/Y
 _39781_/Y
 _39782_/Y
 _39783_/Y
 _39784_/Y
 _39785_/Y
 _39786_/Y
 _39787_/Y
 _39788_/X
 _39789_/Y
 _39790_/Y
 _39791_/Y
 _39792_/Y
 _39793_/Y
 _39794_/X
 _39795_/X
 _39796_/Y
 _39797_/Y
 _39798_/Y
 _39799_/X
 _39800_/Y
 _39801_/Y
 _39802_/Y
 _39803_/Y
 _39804_/X
 _39805_/Y
 _39806_/Y
 _39807_/Y
 _39808_/Y
 _39809_/Y
 _39810_/Y
 _39811_/Y
 _39812_/Y
 _39813_/Y
 _39814_/Y
 _39815_/Y
 _39816_/Y
 _39817_/Y
 _39818_/Y
 _39819_/Y
 _39820_/Y
 _39821_/Y
 _39822_/X
 _39823_/Y
 _39824_/Y
 _39825_/X
 _39826_/X
 _39827_/Y
 _39828_/Y
 _39829_/Y
 _39830_/Y
 _39831_/Y
 _39832_/X
 _39833_/Y
 _39834_/Y
 _39835_/X
 _39836_/Y
 _39837_/X
 _39838_/Y
 _39839_/Y
 _39840_/Y
 _39841_/X
 _39842_/Y
 _39843_/Y
 _39844_/Y
 _39845_/Y
 _39846_/X
 _39847_/X
 _39848_/X
 _39849_/Y
 _39850_/Y
 _39851_/Y
 _39852_/Y
 _39853_/Y
 _39854_/X
 _39855_/Y
 _39856_/Y
 _39857_/X
 _39858_/Y
 _39859_/Y
 _39860_/Y
 _39861_/Y
 _39862_/Y
 _39863_/X
 _39864_/Y
 _39865_/X
 _39866_/Y
 _39867_/Y
 _39868_/X
 _39869_/X
 _39870_/X
 _39871_/Y
 _39872_/Y
 _39873_/Y
 _39874_/Y
 _39875_/Y
 _39876_/Y
 _39877_/Y
 _39878_/Y
 _39879_/Y
 _39880_/Y
 _39881_/Y
 _39882_/Y
 _39883_/Y
 _39884_/X
 _39885_/Y
 _39886_/Y
 _39887_/Y
 _39888_/Y
 _39889_/Y
 _39890_/Y
 _39891_/Y
 _39892_/Y
 _39893_/Y
 _39894_/Y
 _39895_/Y
 _39896_/Y
 _39897_/Y
 _39898_/Y
 _39899_/Y
 _39900_/Y
 _39901_/Y
 _39902_/Y
 _39903_/Y
 _39904_/Y
 _39905_/Y
 _39906_/Y
 _39907_/Y
 _39908_/Y
 _39909_/X
 _39910_/Y
 _39911_/Y
 _39912_/Y
 _39913_/Y
 _39914_/Y
 _39915_/Y
 _39916_/Y
 _39917_/Y
 _39918_/X
 _39919_/Y
 _39920_/Y
 _39921_/X
 _39922_/Y
 _39923_/X
 _39924_/Y
 _39925_/Y
 _39926_/Y
 _39927_/Y
 _39928_/X
 _39929_/Y
 _39930_/Y
 _39931_/X
 _39932_/Y
 _39933_/Y
 _39934_/X
 _39935_/Y
 _39936_/Y
 _39937_/Y
 _39938_/X
 _39939_/Y
 _39940_/Y
 _39941_/X
 _39942_/Y
 _39943_/X
 _39944_/Y
 _39945_/Y
 _39946_/Y
 _39947_/Y
 _39948_/Y
 _39949_/X
 _39950_/Y
 _39951_/Y
 _39952_/X
 _39953_/Y
 _39954_/Y
 _39955_/Y
 _39956_/Y
 _39957_/Y
 _39958_/Y
 _39959_/Y
 _39960_/Y
 _39961_/Y
 _39962_/Y
 _39963_/X
 _39964_/Y
 _39965_/X
 _39966_/Y
 _39967_/Y
 _39968_/Y
 _39969_/Y
 _39970_/X
 _39971_/Y
 _39972_/Y
 _39973_/X
 _39974_/Y
 _39975_/Y
 _39976_/X
 _39977_/Y
 _39978_/Y
 _39979_/Y
 _39980_/X
 _39981_/Y
 _39982_/Y
 _39983_/X
 _39984_/Y
 _39985_/Y
 _39986_/Y
 _39987_/Y
 _39988_/Y
 _39989_/X
 _39990_/Y
 _39991_/Y
 _39992_/Y
 _39993_/Y
 _39994_/X
 _39995_/Y
 _39996_/X
 _39997_/Y
 _39998_/Y
 _39999_/X
 _40000_/Y
 _40001_/Y
 _40002_/X
 _40003_/Y
 _40004_/Y
 _40005_/Y
 _40006_/X
 _40007_/Y
 _40008_/Y
 _40009_/Y
 _40010_/Y
 _40011_/X
 _40012_/Y
 _40013_/X
 _40014_/Y
 _40015_/X
 _40016_/Y
 _40017_/Y
 _40018_/Y
 _40019_/Y
 _40020_/Y
 _40021_/Y
 _40022_/X
 _40023_/Y
 _40024_/Y
 _40025_/Y
 _40026_/Y
 _40027_/X
 _40028_/Y
 _40029_/Y
 _40030_/Y
 _40031_/Y
 _40032_/Y
 _40033_/Y
 _40034_/Y
 _40035_/X
 _40036_/Y
 _40037_/Y
 _40038_/Y
 _40039_/Y
 _40040_/Y
 _40041_/Y
 _40042_/Y
 _40043_/X
 _40044_/Y
 _40045_/Y
 _40046_/X
 _40047_/Y
 _40048_/Y
 _40049_/Y
 _40050_/Y
 _40051_/X
 _40052_/Y
 _40053_/X
 _40054_/Y
 _40055_/Y
 _40056_/X
 _40057_/Y
 _40058_/Y
 _40059_/Y
 _40060_/Y
 _40061_/Y
 _40062_/Y
 _40063_/Y
 _40064_/X
 _40065_/Y
 _40066_/Y
 _40067_/X
 _40068_/Y
 _40069_/Y
 _40070_/Y
 _40071_/Y
 _40072_/X
 _40073_/Y
 _40074_/Y
 _40075_/Y
 _40076_/Y
 _40077_/X
 _40078_/Y
 _40079_/Y
 _40080_/Y
 _40081_/Y
 _40082_/Y
 _40083_/Y
 _40084_/Y
 _40085_/Y
 _40086_/Y
 _40087_/Y
 _40088_/Y
 _40089_/Y
 _40090_/X
 _40091_/Y
 _40092_/Y
 _40093_/Y
 _40094_/Y
 _40095_/X
 _40096_/Y
 _40097_/Y
 _40098_/X
 _40099_/Y
 _40100_/Y
 _40101_/Y
 _40102_/Y
 _40103_/X
 _40104_/Y
 _40105_/X
 _40106_/X
 _40107_/Y
 _40108_/X
 _40109_/Y
 _40110_/Y
 _40111_/Y
 _40112_/Y
 _40113_/Y
 _40114_/Y
 _40115_/Y
 _40116_/Y
 _40117_/Y
 _40118_/Y
 _40119_/Y
 _40120_/Y
 _40121_/X
 _40122_/Y
 _40123_/Y
 _40124_/Y
 _40125_/Y
 _40126_/Y
 _40127_/Y
 _40128_/Y
 _40129_/Y
 _40130_/Y
 _40131_/Y
 _40132_/Y
 _40133_/Y
 _40134_/X
 _40135_/Y
 _40136_/Y
 _40137_/Y
 _40138_/Y
 _40139_/Y
 _40140_/Y
 _40141_/Y
 _40142_/Y
 _40143_/Y
 _40144_/Y
 _40145_/Y
 _40146_/X
 _40147_/Y
 _40148_/Y
 _40149_/Y
 _40150_/X
 _40151_/Y
 _40152_/X
 _40153_/Y
 _40154_/Y
 _40155_/Y
 _40156_/Y
 _40157_/Y
 _40158_/Y
 _40159_/Y
 _40160_/Y
 _40161_/Y
 _40162_/Y
 _40163_/Y
 _40164_/Y
 _40165_/Y
 _40166_/Y
 _40167_/Y
 _40168_/Y
 _40169_/X
 _40170_/Y
 _40171_/X
 _40172_/Y
 _40173_/Y
 _40174_/Y
 _40175_/Y
 _40176_/X
 _40177_/Y
 _40178_/Y
 _40179_/Y
 _40180_/Y
 _40181_/Y
 _40182_/X
 _40183_/Y
 _40184_/Y
 _40185_/X
 _40186_/X
 _40187_/Y
 _40188_/Y
 _40189_/Y
 _40190_/Y
 _40191_/X
 _40192_/Y
 _40193_/Y
 _40194_/Y
 _40195_/Y
 _40196_/X
 _40197_/Y
 _40198_/Y
 _40199_/Y
 _40200_/Y
 _40201_/X
 _40202_/Y
 _40203_/X
 _40204_/Y
 _40205_/Y
 _40206_/Y
 _40207_/Y
 _40208_/Y
 _40209_/Y
 _40210_/Y
 _40211_/Y
 _40212_/Y
 _40213_/Y
 _40214_/Y
 _40215_/Y
 _40216_/Y
 _40217_/Y
 _40218_/X
 _40219_/Y
 _40220_/X
 _40221_/Y
 _40222_/Y
 _40223_/X
 _40224_/X
 _40225_/Y
 _40226_/Y
 _40227_/Y
 _40228_/Y
 _40229_/Y
 _40230_/Y
 _40231_/X
 _40232_/X
 _40233_/Y
 _40234_/X
 _40235_/Y
 _40236_/Y
 _40237_/Y
 _40238_/Y
 _40239_/Y
 _40240_/X
 _40241_/Y
 _40242_/Y
 _40243_/X
 _40244_/Y
 _40245_/Y
 _40246_/Y
 _40247_/Y
 _40248_/X
 _40249_/Y
 _40250_/Y
 _40251_/Y
 _40252_/Y
 _40253_/Y
 _40254_/Y
 _40255_/Y
 _40256_/Y
 _40257_/Y
 _40258_/Y
 _40259_/Y
 _40260_/Y
 _40261_/Y
 _40262_/Y
 _40263_/X
 _40264_/Y
 _40265_/X
 _40266_/Y
 _40267_/Y
 _40268_/Y
 _40269_/Y
 _40270_/Y
 _40271_/Y
 _40272_/Y
 _40273_/Y
 _40274_/Y
 _40275_/Y
 _40276_/Y
 _40277_/Y
 _40278_/Y
 _40279_/Y
 _40280_/Y
 _40281_/Y
 _40282_/Y
 _40283_/Y
 _40284_/Y
 _40285_/Y
 _40286_/X
 _40287_/Y
 _40288_/Y
 _40289_/Y
 _40290_/Y
 _40291_/Y
 _40292_/Y
 _40293_/Y
 _40294_/Y
 _40295_/Y
 _40296_/Y
 _40297_/Y
 _40298_/Y
 _40299_/Y
 _40300_/Y
 _40301_/Y
 _40302_/X
 _40303_/Y
 _40304_/Y
 _40305_/Y
 _40306_/Y
 _40307_/Y
 _40308_/X
 _40309_/Y
 _40310_/Y
 _40311_/Y
 _40312_/X
 _40313_/Y
 _40314_/Y
 _40315_/Y
 _40316_/Y
 _40317_/Y
 _40318_/Y
 _40319_/Y
 _40320_/Y
 _40321_/Y
 _40322_/Y
 _40323_/Y
 _40324_/Y
 _40325_/X
 _40326_/Y
 _40327_/Y
 _40328_/Y
 _40329_/Y
 _40330_/Y
 _40331_/X
 _40332_/Y
 _40333_/X
 _40334_/Y
 _40335_/Y
 _40336_/Y
 _40337_/Y
 _40338_/Y
 _40339_/Y
 _40340_/Y
 _40341_/Y
 _40342_/Y
 _40343_/Y
 _40344_/Y
 _40345_/Y
 _40346_/Y
 _40347_/Y
 _40348_/X
 _40349_/Y
 _40350_/Y
 _40351_/Y
 _40352_/X
 _40353_/Y
 _40354_/Y
 _40355_/Y
 _40356_/Y
 _40357_/Y
 _40358_/Y
 _40359_/Y
 _40360_/Y
 _40361_/Y
 _40362_/X
 _40363_/Y
 _40364_/Y
 _40365_/Y
 _40366_/Y
 _40367_/X
 _40368_/Y
 _40369_/Y
 _40370_/Y
 _40371_/Y
 _40372_/Y
 _40373_/X
 _40374_/Y
 _40375_/X
 _40376_/Y
 _40377_/Y
 _40378_/Y
 _40379_/X
 _40380_/Y
 _40381_/Y
 _40382_/Y
 _40383_/Y
 _40384_/Y
 _40385_/X
 _40386_/Y
 _40387_/X
 _40388_/Y
 _40389_/Y
 _40390_/Y
 _40391_/Y
 _40392_/Y
 _40393_/Y
 _40394_/Y
 _40395_/Y
 _40396_/Y
 _40397_/Y
 _40398_/Y
 _40399_/Y
 _40400_/Y
 _40401_/Y
 _40402_/Y
 _40403_/Y
 _40404_/X
 _40405_/Y
 _40406_/Y
 _40407_/Y
 _40408_/X
 _40409_/Y
 _40410_/Y
 _40411_/Y
 _40412_/Y
 _40413_/Y
 _40414_/Y
 _40415_/X
 _40416_/Y
 _40417_/Y
 _40418_/Y
 _40419_/X
 _40420_/Y
 _40421_/Y
 _40422_/Y
 _40423_/Y
 _40424_/Y
 _40425_/X
 _40426_/Y
 _40427_/X
 _40428_/Y
 _40429_/Y
 _40430_/X
 _40431_/Y
 _40432_/Y
 _40433_/Y
 _40434_/Y
 _40435_/Y
 _40436_/Y
 _40437_/Y
 _40438_/Y
 _40439_/Y
 _40440_/X
 _40441_/Y
 _40442_/Y
 _40443_/Y
 _40444_/Y
 _40445_/Y
 _40446_/Y
 _40447_/Y
 _40448_/Y
 _40449_/Y
 _40450_/Y
 _40451_/Y
 _40452_/Y
 _40453_/Y
 _40454_/Y
 _40455_/Y
 _40456_/X
 _40457_/Y
 _40458_/Y
 _40459_/Y
 _40460_/Y
 _40461_/Y
 _40462_/Y
 _40463_/Y
 _40464_/Y
 _40465_/Y
 _40466_/Y
 _40467_/X
 _40468_/Y
 _40469_/Y
 _40470_/Y
 _40471_/Y
 _40472_/Y
 _40473_/X
 _40474_/Y
 _40475_/Y
 _40476_/Y
 _40477_/Y
 _40478_/Y
 _40479_/Y
 _40480_/X
 _40481_/Y
 _40482_/X
 _40483_/Y
 _40484_/Y
 _40485_/Y
 _40486_/Y
 _40487_/Y
 _40488_/Y
 _40489_/Y
 _40490_/Y
 _40491_/Y
 _40492_/Y
 _40493_/Y
 _40494_/Y
 _40495_/Y
 _40496_/Y
 _40497_/Y
 _40498_/Y
 _40499_/Y
 _40500_/Y
 _40501_/Y
 _40502_/Y
 _40503_/Y
 _40504_/X
 _40505_/Y
 _40506_/Y
 _40507_/Y
 _40508_/Y
 _40509_/Y
 _40510_/Y
 _40511_/X
 _40512_/X
 _40513_/X
 _40514_/X
 _40515_/X
 _40516_/X
 _40517_/X
 _40518_/Y
 _40519_/Y
 _40520_/X
 _40521_/X
 _40522_/X
 _40523_/X
 _40524_/X
 _40525_/X
 _40526_/X
 _40527_/X
 _40528_/X
 _40529_/X
 _40530_/X
 _40531_/X
 _40532_/X
 _40533_/X
 _40534_/X
 _40535_/X
 _40536_/X
 _40537_/X
 _40538_/X
 _40539_/X
 _40540_/Y
 _40541_/Y
 _40542_/X
 _40543_/X
 _40544_/X
 _40545_/X
 _40546_/Y
 _40547_/Y
 _40548_/Y
 _40549_/Y
 _40550_/Y
 _40551_/Y
 _40552_/Y
 _40553_/Y
 _40554_/Y
 _40555_/Y
 _40556_/X
 _40557_/X
 _40558_/X
 _40559_/X
 _40560_/X
 _40561_/X
 _40562_/X
 _40563_/Y
 _40564_/Y
 _40565_/X
 _40566_/X
 _40567_/Y
 _40568_/Y
 _40569_/X
 _40570_/X
 _40571_/X
 _40572_/X
 _40573_/Y
 _40574_/Y
 _40575_/X
 _40576_/Y
 _40577_/Y
 _40578_/Y
 _40579_/Y
 _40580_/Y
 _40581_/Y
 _40582_/Y
 _40583_/Y
 _40584_/Y
 _40585_/Y
 _40586_/Y
 _40587_/Y
 _40588_/X
 _40589_/X
 _40590_/X
 _40591_/X
 _40592_/X
 _40593_/X
 _40594_/X
 _40595_/X
 _40596_/X
 _40597_/X
 _40598_/X
 _40599_/X
 _40600_/X
 _40601_/X
 _40602_/X
 _40603_/X
 _40604_/X
 _40605_/X
 _40606_/X
 _40607_/X
 _40608_/X
 _40609_/X
 _40610_/X
 _40611_/X
 _40612_/X
 _40613_/X
 _40614_/X
 _40615_/X
 _40616_/X
 _40617_/X
 _40618_/X
 _40619_/X
 _40620_/X
 _40621_/X
 _40622_/X
 _40623_/X
 _40624_/X
 _40625_/X
 _40626_/X
 _40627_/X
 _40628_/X
 _40629_/X
 _40630_/X
 _40631_/X
 _40632_/X
 _40633_/X
 _40634_/X
 _40635_/X
 _40636_/X
 _40637_/X
 _40638_/X
 _40639_/X
 _40640_/X
 _40641_/X
 _40642_/X
 _40643_/X
 _40644_/X
 _40645_/X
 _40646_/X
 _40647_/X
 _40648_/X
 _40649_/X
 _40650_/X
 _40651_/X
 _40652_/X
 _40653_/X
 _40654_/X
 _40655_/X
 _40656_/X
 _40657_/X
 _40658_/X
 _40659_/X
 _40660_/X
 _40661_/X
 _40662_/X
 _40663_/X
 _40664_/X
 _40665_/X
 _40666_/X
 _40667_/X
 _40668_/X
 _40669_/X
 _40670_/X
 _40671_/X
 _40672_/X
 _40673_/X
 _40674_/X
 _40675_/X
 _40676_/X
 _40677_/Q
 _40678_/Q
 _40679_/Q
 _40680_/Q
 _40681_/Q
 _40682_/Q
 _40683_/Q
 _40684_/Q
 _40685_/Q
 _40686_/Q
 _40687_/Q
 _40688_/Q
 _40689_/Q
 _40690_/Q
 _40691_/Q
 _40692_/Q
 _40693_/Q
 _40694_/Q
 _40695_/Q
 _40696_/Q
 _40697_/Q
 _40698_/Q
 _40699_/Q
 _40700_/Q
 _40701_/Q
 _40702_/Q
 _40703_/Q
 _40704_/Q
 _40705_/Q
 _40706_/Q
 _40707_/Q
 _40708_/Q
 _40709_/Q
 _40710_/Q
 _40711_/Q
 _40712_/Q
 _40713_/Q
 _40714_/Q
 _40715_/Q
 _40716_/Q
 _40717_/Q
 _40718_/Q
 _40719_/Q
 _40720_/Q
 _40721_/Q
 _40722_/Q
 _40723_/Q
 _40724_/Q
 _40725_/Q
 _40726_/Q
 _40727_/Q
 _40728_/Q
 _40729_/Q
 _40730_/Q
 _40731_/Q
 _40732_/Q
 _40733_/Q
 _40734_/Q
 _40735_/Q
 _40736_/Q
 _40737_/Q
 _40738_/Q
 _40739_/Q
 _40740_/Q
 _40741_/Q
 _40742_/Q
 _40743_/Q
 _40744_/Q
 _40745_/Q
 _40746_/Q
 _40747_/Q
 _40748_/Q
 _40749_/Q
 _40750_/Q
 _40751_/Q
 _40752_/Q
 _40753_/Q
 _40754_/Q
 _40755_/Q
 _40756_/Q
 _40757_/Q
 _40758_/Q
 _40759_/Q
 _40760_/Q
 _40761_/Q
 _40762_/Q
 _40763_/Q
 _40764_/Q
 _40765_/Q
 _40766_/Q
 _40767_/Q
 _40768_/Q
 _40769_/Q
 _40770_/Q
 _40771_/Q
 _40772_/Q
 _40773_/Q
 _40774_/Q
 _40775_/Q
 _40776_/Q
 _40777_/Q
 _40778_/Q
 _40779_/Q
 _40780_/Q
 _40781_/Q
 _40782_/Q
 _40783_/Q
 _40784_/Q
 _40785_/Q
 _40786_/Q
 _40787_/Q
 _40788_/Q
 _40789_/Q
 _40790_/Q
 _40791_/Q
 _40792_/Q
 _40793_/Q
 _40794_/Q
 _40795_/Q
 _40796_/Q
 _40797_/Q
 _40798_/Q
 _40799_/Q
 _40800_/Q
 _40801_/Q
 _40802_/Q
 _40803_/Q
 _40804_/Q
 _40805_/Q
 _40806_/Q
 _40807_/Q
 _40808_/Q
 _40809_/Q
 _40810_/Q
 _40811_/Q
 _40812_/Q
 _40813_/Q
 _40814_/Q
 _40815_/Q
 _40816_/Q
 _40817_/Q
 _40818_/Q
 _40819_/Q
 _40820_/Q
 _40821_/Q
 _40822_/Q
 _40823_/Q
 _40824_/Q
 _40825_/Q
 _40826_/Q
 _40827_/Q
 _40828_/Q
 _40829_/Q
 _40830_/Q
 _40831_/Q
 _40832_/Q
 _40833_/Q
 _40834_/Q
 _40835_/Q
 _40836_/Q
 _40837_/Q
 _40838_/Q
 _40839_/Q
 _40840_/Q
 _40841_/Q
 _40842_/Q
 _40843_/Q
 _40844_/Q
 _40845_/Q
 _40846_/Q
 _40847_/Q
 _40848_/Q
 _40849_/Q
 _40850_/Q
 _40851_/Q
 _40852_/Q
 _40853_/Q
 _40854_/Q
 _40855_/Q
 _40856_/Q
 _40857_/Q
 _40858_/Q
 _40859_/Q
 _40860_/Q
 _40861_/Q
 _40862_/Q
 _40863_/Q
 _40864_/Q
 _40865_/Q
 _40866_/Q
 _40867_/Q
 _40868_/Q
 _40869_/Q
 _40870_/Q
 _40871_/Q
 _40872_/Q
 _40873_/Q
 _40874_/Q
 _40875_/Q
 _40876_/Q
 _40877_/Q
 _40878_/Q
 _40879_/Q
 _40880_/Q
 _40881_/Q
 _40882_/Q
 _40883_/Q
 _40884_/Q
 _40885_/Q
 _40886_/Q
 _40887_/Q
 _40888_/Q
 _40889_/Q
 _40890_/Q
 _40891_/Q
 _40892_/Q
 _40893_/Q
 _40894_/Q
 _40895_/Q
 _40896_/Q
 _40897_/Q
 _40898_/Q
 _40899_/Q
 _40900_/Q
 _40901_/Q
 _40902_/Q
 _40903_/Q
 _40904_/Q
 _40905_/Q
 _40906_/Q
 _40907_/Q
 _40908_/Q
 _40909_/Q
 _40910_/Q
 _40911_/Q
 _40912_/Q
 _40913_/Q
 _40914_/Q
 _40915_/Q
 _40916_/Q
 _40917_/Q
 _40918_/Q
 _40919_/Q
 _40920_/Q
 _40921_/Q
 _40922_/Q
 _40923_/Q
 _40924_/Q
 _40925_/Q
 _40926_/Q
 _40927_/Q
 _40928_/Q
 _40929_/Q
 _40930_/Q
 _40931_/Q
 _40932_/Q
 _40933_/Q
 _40934_/Q
 _40935_/Q
 _40936_/Q
 _40937_/Q
 _40938_/Q
 _40939_/Q
 _40940_/Q
 _40941_/Q
 _40942_/Q
 _40943_/Q
 _40944_/Q
 _40945_/Q
 _40946_/Q
 _40947_/Q
 _40948_/Q
 _40949_/Q
 _40950_/Q
 _40951_/Q
 _40952_/Q
 _40953_/Q
 _40954_/Q
 _40955_/Q
 _40956_/Q
 _40957_/Q
 _40958_/Q
 _40959_/Q
 _40960_/Q
 _40961_/Q
 _40962_/Q
 _40963_/Q
 _40964_/Q
 _40965_/Q
 _40966_/Q
 _40967_/Q
 _40968_/Q
 _40969_/Q
 _40970_/Q
 _40971_/Q
 _40972_/Q
 _40973_/Q
 _40974_/Q
 _40975_/Q
 _40976_/Q
 _40977_/Q
 _40978_/Q
 _40979_/Q
 _40980_/Q
 _40981_/Q
 _40982_/Q
 _40983_/Q
 _40984_/Q
 _40985_/Q
 _40986_/Q
 _40987_/Q
 _40988_/Q
 _40989_/Q
 _40990_/Q
 _40991_/Q
 _40992_/Q
 _40993_/Q
 _40994_/Q
 _40995_/Q
 _40996_/Q
 _40997_/Q
 _40998_/Q
 _40999_/Q
 _41000_/Q
 _41001_/Q
 _41002_/Q
 _41003_/Q
 _41004_/Q
 _41005_/Q
 _41006_/Q
 _41007_/Q
 _41008_/Q
 _41009_/Q
 _41010_/Q
 _41011_/Q
 _41012_/Q
 _41013_/Q
 _41014_/Q
 _41015_/Q
 _41016_/Q
 _41017_/Q
 _41018_/Q
 _41019_/Q
 _41020_/Q
 _41021_/Q
 _41022_/Q
 _41023_/Q
 _41024_/Q
 _41025_/Q
 _41026_/Q
 _41027_/Q
 _41028_/Q
 _41029_/Q
 _41030_/Q
 _41031_/Q
 _41032_/Q
 _41033_/Q
 _41034_/Q
 _41035_/Q
 _41036_/Q
 _41037_/Q
 _41038_/Q
 _41039_/Q
 _41040_/Q
 _41041_/Q
 _41042_/Q
 _41043_/Q
 _41044_/Q
 _41045_/Q
 _41046_/Q
 _41047_/Q
 _41048_/Q
 _41049_/Q
 _41050_/Q
 _41051_/Q
 _41052_/Q
 _41053_/Q
 _41054_/Q
 _41055_/Q
 _41056_/Q
 _41057_/Q
 _41058_/Q
 _41059_/Q
 _41060_/Q
 _41061_/Q
 _41062_/Q
 _41063_/Q
 _41064_/Q
 _41065_/Q
 _41066_/Q
 _41067_/Q
 _41068_/Q
 _41069_/Q
 _41070_/Q
 _41071_/Q
 _41072_/Q
 _41073_/Q
 _41074_/Q
 _41075_/Q
 _41076_/Q
 _41077_/Q
 _41078_/Q
 _41079_/Q
 _41080_/Q
 _41081_/Q
 _41082_/Q
 _41083_/Q
 _41084_/Q
 _41085_/Q
 _41086_/Q
 _41087_/Q
 _41088_/Q
 _41089_/Q
 _41090_/Q
 _41091_/Q
 _41092_/Q
 _41093_/Q
 _41094_/Q
 _41095_/Q
 _41096_/Q
 _41097_/Q
 _41098_/Q
 _41099_/Q
 _41100_/Q
 _41101_/Q
 _41102_/Q
 _41103_/Q
 _41104_/Q
 _41105_/Q
 _41106_/Q
 _41107_/Q
 _41108_/Q
 _41109_/Q
 _41110_/Q
 _41111_/Q
 _41112_/Q
 _41113_/Q
 _41114_/Q
 _41115_/Q
 _41116_/Q
 _41117_/Q
 _41118_/Q
 _41119_/Q
 _41120_/Q
 _41121_/Q
 _41122_/Q
 _41123_/Q
 _41124_/Q
 _41125_/Q
 _41126_/Q
 _41127_/Q
 _41128_/Q
 _41129_/Q
 _41130_/Q
 _41131_/Q
 _41132_/Q
 _41133_/Q
 _41134_/Q
 _41135_/Q
 _41136_/Q
 _41137_/Q
 _41138_/Q
 _41139_/Q
 _41140_/Q
 _41141_/Q
 _41142_/Q
 _41143_/Q
 _41144_/Q
 _41145_/Q
 _41146_/Q
 _41147_/Q
 _41148_/Q
 _41149_/Q
 _41150_/Q
 _41151_/Q
 _41152_/Q
 _41153_/Q
 _41154_/Q
 _41155_/Q
 _41156_/Q
 _41157_/Q
 _41158_/Q
 _41159_/Q
 _41160_/Q
 _41161_/Q
 _41162_/Q
 _41163_/Q
 _41164_/Q
 _41165_/Q
 _41166_/Q
 _41167_/Q
 _41168_/Q
 _41169_/Q
 _41170_/Q
 _41171_/Q
 _41172_/Q
 _41173_/Q
 _41174_/Q
 _41175_/Q
 _41176_/Q
 _41177_/Q
 _41178_/Q
 _41179_/Q
 _41180_/Q
 _41181_/Q
 _41182_/Q
 _41183_/Q
 _41184_/Q
 _41185_/Q
 _41186_/Q
 _41187_/Q
 _41188_/Q
 _41189_/Q
 _41190_/Q
 _41191_/Q
 _41192_/Q
 _41193_/Q
 _41194_/Q
 _41195_/Q
 _41196_/Q
 _41197_/Q
 _41198_/Q
 _41199_/Q
 _41200_/Q
 _41201_/Q
 _41202_/Q
 _41203_/Q
 _41204_/Q
 _41205_/Q
 _41206_/Q
 _41207_/Q
 _41208_/Q
 _41209_/Q
 _41210_/Q
 _41211_/Q
 _41212_/Q
 _41213_/Q
 _41214_/Q
 _41215_/Q
 _41216_/Q
 _41217_/Q
 _41218_/Q
 _41219_/Q
 _41220_/Q
 _41221_/Q
 _41222_/Q
 _41223_/Q
 _41224_/Q
 _41225_/Q
 _41226_/Q
 _41227_/Q
 _41228_/Q
 _41229_/Q
 _41230_/Q
 _41231_/Q
 _41232_/Q
 _41233_/Q
 _41234_/Q
 _41235_/Q
 _41236_/Q
 _41237_/Q
 _41238_/Q
 _41239_/Q
 _41240_/Q
 _41241_/Q
 _41242_/Q
 _41243_/Q
 _41244_/Q
 _41245_/Q
 _41246_/Q
 _41247_/Q
 _41248_/Q
 _41249_/Q
 _41250_/Q
 _41251_/Q
 _41252_/Q
 _41253_/Q
 _41254_/Q
 _41255_/Q
 _41256_/Q
 _41257_/Q
 _41258_/Q
 _41259_/Q
 _41260_/Q
 _41261_/Q
 _41262_/Q
 _41263_/Q
 _41264_/Q
 _41265_/Q
 _41266_/Q
 _41267_/Q
 _41268_/Q
 _41269_/Q
 _41270_/Q
 _41271_/Q
 _41272_/Q
 _41273_/Q
 _41274_/Q
 _41275_/Q
 _41276_/Q
 _41277_/Q
 _41278_/Q
 _41279_/Q
 _41280_/Q
 _41281_/Q
 _41282_/Q
 _41283_/Q
 _41284_/Q
 _41285_/Q
 _41286_/Q
 _41287_/Q
 _41288_/Q
 _41289_/Q
 _41290_/Q
 _41291_/Q
 _41292_/Q
 _41293_/Q
 _41294_/Q
 _41295_/Q
 _41296_/Q
 _41297_/Q
 _41298_/Q
 _41299_/Q
 _41300_/Q
 _41301_/Q
 _41302_/Q
 _41303_/Q
 _41304_/Q
 _41305_/Q
 _41306_/Q
 _41307_/Q
 _41308_/Q
 _41309_/Q
 _41310_/Q
 _41311_/Q
 _41312_/Q
 _41313_/Q
 _41314_/Q
 _41315_/Q
 _41316_/Q
 _41317_/Q
 _41318_/Q
 _41319_/Q
 _41320_/Q
 _41321_/Q
 _41322_/Q
 _41323_/Q
 _41324_/Q
 _41325_/Q
 _41326_/Q
 _41327_/Q
 _41328_/Q
 _41329_/Q
 _41330_/Q
 _41331_/Q
 _41332_/Q
 _41333_/Q
 _41334_/Q
 _41335_/Q
 _41336_/Q
 _41337_/Q
 _41338_/Q
 _41339_/Q
 _41340_/Q
 _41341_/Q
 _41342_/Q
 _41343_/Q
 _41344_/Q
 _41345_/Q
 _41346_/Q
 _41347_/Q
 _41348_/Q
 _41349_/Q
 _41350_/Q
 _41351_/Q
 _41352_/Q
 _41353_/Q
 _41354_/Q
 _41355_/Q
 _41356_/Q
 _41357_/Q
 _41358_/Q
 _41359_/Q
 _41360_/Q
 _41361_/Q
 _41362_/Q
 _41363_/Q
 _41364_/Q
 _41365_/Q
 _41366_/Q
 _41367_/Q
 _41368_/Q
 _41369_/Q
 _41370_/Q
 _41371_/Q
 _41372_/Q
 _41373_/Q
 _41374_/Q
 _41375_/Q
 _41376_/Q
 _41377_/Q
 _41378_/Q
 _41379_/Q
 _41380_/Q
 _41381_/Q
 _41382_/Q
 _41383_/Q
 _41384_/Q
 _41385_/Q
 _41386_/Q
 _41387_/Q
 _41388_/Q
 _41389_/Q
 _41390_/Q
 _41391_/Q
 _41392_/Q
 _41393_/Q
 _41394_/Q
 _41395_/Q
 _41396_/Q
 _41397_/Q
 _41398_/Q
 _41399_/Q
 _41400_/Q
 _41401_/Q
 _41402_/Q
 _41403_/Q
 _41404_/Q
 _41405_/Q
 _41406_/Q
 _41407_/Q
 _41408_/Q
 _41409_/Q
 _41410_/Q
 _41411_/Q
 _41412_/Q
 _41413_/Q
 _41414_/Q
 _41415_/Q
 _41416_/Q
 _41417_/Q
 _41418_/Q
 _41419_/Q
 _41420_/Q
 _41421_/Q
 _41422_/Q
 _41423_/Q
 _41424_/Q
 _41425_/Q
 _41426_/Q
 _41427_/Q
 _41428_/Q
 _41429_/Q
 _41430_/Q
 _41431_/Q
 _41432_/Q
 _41433_/Q
 _41434_/Q
 _41435_/Q
 _41436_/Q
 _41437_/Q
 _41438_/Q
 _41439_/Q
 _41440_/Q
 _41441_/Q
 _41442_/Q
 _41443_/Q
 _41444_/Q
 _41445_/Q
 _41446_/Q
 _41447_/Q
 _41448_/Q
 _41449_/Q
 _41450_/Q
 _41451_/Q
 _41452_/Q
 _41453_/Q
 _41454_/Q
 _41455_/Q
 _41456_/Q
 _41457_/Q
 _41458_/Q
 _41459_/Q
 _41460_/Q
 _41461_/Q
 _41462_/Q
 _41463_/Q
 _41464_/Q
 _41465_/Q
 _41466_/Q
 _41467_/Q
 _41468_/Q
 _41469_/Q
 _41470_/Q
 _41471_/Q
 _41472_/Q
 _41473_/Q
 _41474_/Q
 _41475_/Q
 _41476_/Q
 _41477_/Q
 _41478_/Q
 _41479_/Q
 _41480_/Q
 _41481_/Q
 _41482_/Q
 _41483_/Q
 _41484_/Q
 _41485_/Q
 _41486_/Q
 _41487_/Q
 _41488_/Q
 _41489_/Q
 _41490_/Q
 _41491_/Q
 _41492_/Q
 _41493_/Q
 _41494_/Q
 _41495_/Q
 _41496_/Q
 _41497_/Q
 _41498_/Q
 _41499_/Q
 _41500_/Q
 _41501_/Q
 _41502_/Q
 _41503_/Q
 _41504_/Q
 _41505_/Q
 _41506_/Q
 _41507_/Q
 _41508_/Q
 _41509_/Q
 _41510_/Q
 _41511_/Q
 _41512_/Q
 _41513_/Q
 _41514_/Q
 _41515_/Q
 _41516_/Q
 _41517_/Q
 _41518_/Q
 _41519_/Q
 _41520_/Q
 _41521_/Q
 _41522_/Q
 _41523_/Q
 _41524_/Q
 _41525_/Q
 _41526_/Q
 _41527_/Q
 _41528_/Q
 _41529_/Q
 _41530_/Q
 _41531_/Q
 _41532_/Q
 _41533_/Q
 _41534_/Q
 _41535_/Q
 _41536_/Q
 _41537_/Q
 _41538_/Q
 _41539_/Q
 _41540_/Q
 _41541_/Q
 _41542_/Q
 _41543_/Q
 _41544_/Q
 _41545_/Q
 _41546_/Q
 _41547_/Q
 _41548_/Q
 _41549_/Q
 _41550_/Q
 _41551_/Q
 _41552_/Q
 _41553_/Q
 _41554_/Q
 _41555_/Q
 _41556_/Q
 _41557_/Q
 _41558_/Q
 _41559_/Q
 _41560_/Q
 _41561_/Q
 _41562_/Q
 _41563_/Q
 _41564_/Q
 _41565_/Q
 _41566_/Q
 _41567_/Q
 _41568_/Q
 _41569_/Q
 _41570_/Q
 _41571_/Q
 _41572_/Q
 _41573_/Q
 _41574_/Q
 _41575_/Q
 _41576_/Q
 _41577_/Q
 _41578_/Q
 _41579_/Q
 _41580_/Q
 _41581_/Q
 _41582_/Q
 _41583_/Q
 _41584_/Q
 _41585_/Q
 _41586_/Q
 _41587_/Q
 _41588_/Q
 _41589_/Q
 _41590_/Q
 _41591_/Q
 _41592_/Q
 _41593_/Q
 _41594_/Q
 _41595_/Q
 _41596_/Q
 _41597_/Q
 _41598_/Q
 _41599_/Q
 _41600_/Q
 _41601_/Q
 _41602_/Q
 _41603_/Q
 _41604_/Q
 _41605_/Q
 _41606_/Q
 _41607_/Q
 _41608_/Q
 _41609_/Q
 _41610_/Q
 _41611_/Q
 _41612_/Q
 _41613_/Q
 _41614_/Q
 _41615_/Q
 _41616_/Q
 _41617_/Q
 _41618_/Q
 _41619_/Q
 _41620_/Q
 _41621_/Q
 _41622_/Q
 _41623_/Q
 _41624_/Q
 _41625_/Q
 _41626_/Q
 _41627_/Q
 _41628_/Q
 _41629_/Q
 _41630_/Q
 _41631_/Q
 _41632_/Q
 _41633_/Q
 _41634_/Q
 _41635_/Q
 _41636_/Q
 _41637_/Q
 _41638_/Q
 _41639_/Q
 _41640_/Q
 _41641_/Q
 _41642_/Q
 _41643_/Q
 _41644_/Q
 _41645_/Q
 _41646_/Q
 _41647_/Q
 _41648_/Q
 _41649_/Q
 _41650_/Q
 _41651_/Q
 _41652_/Q
 _41653_/Q
 _41654_/Q
 _41655_/Q
 _41656_/Q
 _41657_/Q
 _41658_/Q
 _41659_/Q
 _41660_/Q
 _41661_/Q
 _41662_/Q
 _41663_/Q
 _41664_/Q
 _41665_/Q
 _41666_/Q
 _41667_/Q
 _41668_/Q
 _41669_/Q
 _41670_/Q
 _41671_/Q
 _41672_/Q
 _41673_/Q
 _41674_/Q
 _41675_/Q
 _41676_/Q
 _41677_/Q
 _41678_/Q
 _41679_/Q
 _41680_/Q
 _41681_/Q
 _41682_/Q
 _41683_/Q
 _41684_/Q
 _41685_/Q
 _41686_/Q
 _41687_/Q
 _41688_/Q
 _41689_/Q
 _41690_/Q
 _41691_/Q
 _41692_/Q
 _41693_/Q
 _41694_/Q
 _41695_/Q
 _41696_/Q
 _41697_/Q
 _41698_/Q
 _41699_/Q
 _41700_/Q
 _41701_/Q
 _41702_/Q
 _41703_/Q
 _41704_/Q
 _41705_/Q
 _41706_/Q
 _41707_/Q
 _41708_/Q
 _41709_/Q
 _41710_/Q
 _41711_/Q
 _41712_/Q
 _41713_/Q
 _41714_/Q
 _41715_/Q
 _41716_/Q
 _41717_/Q
 _41718_/Q
 _41719_/Q
 _41720_/Q
 _41721_/Q
 _41722_/Q
 _41723_/Q
 _41724_/Q
 _41725_/Q
 _41726_/Q
 _41727_/Q
 _41728_/Q
 _41729_/Q
 _41730_/Q
 _41731_/Q
 _41732_/Q
 _41733_/Q
 _41734_/Q
 _41735_/Q
 _41736_/Q
 _41737_/Q
 _41738_/Q
 _41739_/Q
 _41740_/Q
 _41741_/Q
 _41742_/Q
 _41743_/Q
 _41744_/Q
 _41745_/Q
 _41746_/Q
 _41747_/Q
 _41748_/Q
 _41749_/Q
 _41750_/Q
 _41751_/Q
 _41752_/Q
 _41753_/Q
 _41754_/Q
 _41755_/Q
 _41756_/Q
 _41757_/Q
 _41758_/Q
 _41759_/Q
 _41760_/Q
 _41761_/Q
 _41762_/Q
 _41763_/Q
 _41764_/Q
 _41765_/Q
 _41766_/Q
 _41767_/Q
 _41768_/Q
 _41769_/Q
 _41770_/Q
 _41771_/Q
 _41772_/Q
 _41773_/Q
 _41774_/Q
 _41775_/Q
 _41776_/Q
 _41777_/Q
 _41778_/Q
 _41779_/Q
 _41780_/Q
 _41781_/Q
 _41782_/Q
 _41783_/Q
 _41784_/Q
 _41785_/Q
 _41786_/Q
 _41787_/Q
 _41788_/Q
 _41789_/Q
 _41790_/Q
 _41791_/Q
 _41792_/Q
 _41793_/Q
 _41794_/Q
 _41795_/Q
 _41796_/Q
 _41797_/Q
 _41798_/Q
 _41799_/Q
 _41800_/Q
 _41801_/Q
 _41802_/Q
 _41803_/Q
 _41804_/Q
 _41805_/Q
 _41806_/Q
 _41807_/Q
 _41808_/Q
 _41809_/Q
 _41810_/Q
 _41811_/Q
 _41812_/Q
 _41813_/Q
 _41814_/Q
 _41815_/Q
 _41816_/Q
 _41817_/Q
 _41818_/Q
 _41819_/Q
 _41820_/Q
 _41821_/Q
 _41822_/Q
 _41823_/Q
 _41824_/Q
 _41825_/Q
 _41826_/Q
 _41827_/Q
 _41828_/Q
 _41829_/Q
 _41830_/Q
 _41831_/Q
 _41832_/Q
 _41833_/Q
 _41834_/Q
 _41835_/Q
 _41836_/Q
 _41837_/Q
 _41838_/Q
 _41839_/Q
 _41840_/Q
 _41841_/Q
 _41842_/Q
 _41843_/Q
 _41844_/Q
 _41845_/Q
 _41846_/Q
 _41847_/Q
 _41848_/Q
 _41849_/Q
 _41850_/Q
 _41851_/Q
 _41852_/Q
 _41853_/Q
 _41854_/Q
 _41855_/Q
 _41856_/Q
 _41857_/Q
 _41858_/Q
 _41859_/Q
 _41860_/Q
 _41861_/Q
 _41862_/Q
 _41863_/Q
 _41864_/Q
 _41865_/Q
 _41866_/Q
 _41867_/Q
 _41868_/Q
 _41869_/Q
 _41870_/Q
 _41871_/Q
 _41872_/Q
 _41873_/Q
 _41874_/Q
 _41875_/Q
 _41876_/Q
 _41877_/Q
 _41878_/Q
 _41879_/Q
 _41880_/Q
 _41881_/Q
 _41882_/Q
 _41883_/Q
 _41884_/Q
 _41885_/Q
 _41886_/Q
 _41887_/Q
 _41888_/Q
 _41889_/Q
 _41890_/Q
 _41891_/Q
 _41892_/Q
 _41893_/Q
 _41894_/Q
 _41895_/Q
 _41896_/Q
 _41897_/Q
 _41898_/Q
 _41899_/Q
 _41900_/Q
 _41901_/Q
 _41902_/Q
 _41903_/Q
 _41904_/Q
 _41905_/Q
 _41906_/Q
 _41907_/Q
 _41908_/Q
 _41909_/Q
 _41910_/Q
 _41911_/Q
 _41912_/Q
 _41913_/Q
 _41914_/Q
 _41915_/Q
 _41916_/Q
 _41917_/Q
 _41918_/Q
 _41919_/Q
 _41920_/Q
 _41921_/Q
 _41922_/Q
 _41923_/Q
 _41924_/Q
 _41925_/Q
 _41926_/Q
 _41927_/Q
 _41928_/Q
 _41929_/Q
 _41930_/Q
 _41931_/Q
 _41932_/Q
 _41933_/Q
 _41934_/Q
 _41935_/Q
 _41936_/Q
 _41937_/Q
 _41938_/Q
 _41939_/Q
 _41940_/Q
 _41941_/Q
 _41942_/Q
 _41943_/Q
 _41944_/Q
 _41945_/Q
 _41946_/Q
 _41947_/Q
 _41948_/Q
 _41949_/Q
 _41950_/Q
 _41951_/Q
 _41952_/Q
 _41953_/Q
 _41954_/Q
 _41955_/Q
 _41956_/Q
 _41957_/Q
 _41958_/Q
 _41959_/Q
 _41960_/Q
 _41961_/Q
 _41962_/Q
 _41963_/Q
 _41964_/Q
 _41965_/Q
 _41966_/Q
 _41967_/Q
 _41968_/Q
 _41969_/Q
 _41970_/Q
 _41971_/Q
 _41972_/Q
 _41973_/Q
 _41974_/Q
 _41975_/Q
 _41976_/Q
 _41977_/Q
 _41978_/Q
 _41979_/Q
 _41980_/Q
 _41981_/Q
 _41982_/Q
 _41983_/Q
 _41984_/Q
 _41985_/Q
 _41986_/Q
 _41987_/Q
 _41988_/Q
 _41989_/Q
 _41990_/Q
 _41991_/Q
 _41992_/Q
 _41993_/Q
 _41994_/Q
 _41995_/Q
 _41996_/Q
 _41997_/Q
 _41998_/Q
 _41999_/Q
 _42000_/Q
 _42001_/Q
 _42002_/Q
 _42003_/Q
 _42004_/Q
 _42005_/Q
 _42006_/Q
 _42007_/Q
 _42008_/Q
 _42009_/Q
 _42010_/Q
 _42011_/Q
 _42012_/Q
 _42013_/Q
 _42014_/Q
 _42015_/Q
 _42016_/Q
 _42017_/Q
 _42018_/Q
 _42019_/Q
 _42020_/Q
 _42021_/Q
 _42022_/Q
 _42023_/Q
 _42024_/Q
 _42025_/Q
 _42026_/Q
 _42027_/Q
 _42028_/Q
 _42029_/Q
 _42030_/Q
 _42031_/Q
 _42032_/Q
 _42033_/Q
 _42034_/Q
 _42035_/Q
 _42036_/Q
 _42037_/Q
 _42038_/Q
 _42039_/Q
 _42040_/Q
 _42041_/Q
 _42042_/Q
 _42043_/Q
 _42044_/Q
 _42045_/Q
 _42046_/Q
 _42047_/Q
 _42048_/Q
 _42049_/Q
 _42050_/Q
 _42051_/Q
 _42052_/Q
 _42053_/Q
 _42054_/Q
 _42055_/Q
 _42056_/Q
 _42057_/Q
 _42058_/Q
 _42059_/Q
 _42060_/Q
 _42061_/Q
 _42062_/Q
 _42063_/Q
 _42064_/Q
 _42065_/Q
 _42066_/Q
 _42067_/Q
 _42068_/Q
 _42069_/Q
 _42070_/Q
 _42071_/Q
 _42072_/Q
 _42073_/Q
 _42074_/Q
 _42075_/Q
 _42076_/Q
 _42077_/Q
 _42078_/Q
 _42079_/Q
 _42080_/Q
 _42081_/Q
 _42082_/Q
 _42083_/Q
 _42084_/Q
 _42085_/Q
 _42086_/Q
 _42087_/Q
 _42088_/Q
 _42089_/Q
 _42090_/Q
 _42091_/Q
 _42092_/Q
 _42093_/Q
 _42094_/Q
 _42095_/Q
 _42096_/Q
 _42097_/Q
 _42098_/Q
 _42099_/Q
 _42100_/Q
 _42101_/Q
 _42102_/Q
 _42103_/Q
 _42104_/Q
 _42105_/Q
 _42106_/Q
 _42107_/Q
 _42108_/Q
 _42109_/Q
 _42110_/Q
 _42111_/Q
 _42112_/Q
 _42113_/Q
 _42114_/Q
 _42115_/Q
 _42116_/Q
 _42117_/Q
 _42118_/Q
 _42119_/Q
 _42120_/Q
 _42121_/Q
 _42122_/Q
 _42123_/Q
 _42124_/Q
 _42125_/Q
 _42126_/Q
 _42127_/Q
 _42128_/Q
 _42129_/Q
 _42130_/Q
 _42131_/Q
 _42132_/Q
 _42133_/Q
 _42134_/Q
 _42135_/Q
 _42136_/Q
 _42137_/Q
 _42138_/Q
 _42139_/Q
 _42140_/Q
 _42141_/Q
 _42142_/Q
 _42143_/Q
 _42144_/Q
 _42145_/Q
 _42146_/Q
 _42147_/Q
 _42148_/Q
 _42149_/Q
 _42150_/Q
 _42151_/Q
 _42152_/Q
 _42153_/Q
 _42154_/Q
 _42155_/Q
 _42156_/Q
 _42157_/Q
 _42158_/Q
 _42159_/Q
 _42160_/Q
 _42161_/Q
 _42162_/Q
 _42163_/Q
 _42164_/Q
 _42165_/Q
 _42166_/Q
 _42167_/Q
 _42168_/Q
 _42169_/Q
 _42170_/Q
 _42171_/Q
 _42172_/Q
 _42173_/Q
 _42174_/Q
 _42175_/Q
 _42176_/Q
 _42177_/Q
 _42178_/Q
 _42179_/Q
 _42180_/Q
 _42181_/Q
 _42182_/Q
 _42183_/Q
 _42184_/Q
 _42185_/Q
 _42186_/Q
 _42187_/Q
 _42188_/Q
 _42189_/Q
 _42190_/Q
 _42191_/Q
 _42192_/Q
 _42193_/Q
 _42194_/Q
 _42195_/Q
 _42196_/Q
 _42197_/Q
 _42198_/Q
 _42199_/Q
 _42200_/Q
 _42201_/Q
 _42202_/Q
 _42203_/Q
 _42204_/Q
 _42205_/Q
 _42206_/Q
 _42207_/Q
 _42208_/Q
 _42209_/Q
 _42210_/Q
 _42211_/Q
 _42212_/Q
 _42213_/Q
 _42214_/Q
 _42215_/Q
 _42216_/Q
 _42217_/Q
 _42218_/Q
 _42219_/Q
 _42220_/Q
 _42221_/Q
 _42222_/Q
 _42223_/Q
 _42224_/Q
 _42225_/Q
 _42226_/Q
 _42227_/Q
 _42228_/Q
 _42229_/Q
 _42230_/Q
 _42231_/Q
 _42232_/Q
 _42233_/Q
 _42234_/Q
 _42235_/Q
 _42236_/Q
 _42237_/Q
 _42238_/Q
 _42239_/Q
 _42240_/Q
 _42241_/Q
 _42242_/Q
 _42243_/Q
 _42244_/Q
 _42245_/Q
 _42246_/Q
 _42247_/Q
 _42248_/Q
 _42249_/Q
 _42250_/Q
 _42251_/Q
 _42252_/Q
 _42253_/Q
 _42254_/Q
 _42255_/Q
 _42256_/Q
 _42257_/Q
 _42258_/Q
 _42259_/Q
 _42260_/Q
 _42261_/Q
 _42262_/Q
 _42263_/Q
 _42264_/Q
 _42265_/Q
 _42266_/Q
 _42267_/Q
 _42268_/Q
 _42269_/Q
 _42270_/Q
 _42271_/Q
 _42272_/Q
 _42273_/Q
 _42274_/Q
 _42275_/Q
 _42276_/Q
 _42277_/Q
 _42278_/Q
 _42279_/Q
 _42280_/Q
 _42281_/Q
 _42282_/Q
 _42283_/Q
 _42284_/Q
 _42285_/Q
 _42286_/Q
 _42287_/Q
 _42288_/Q
 _42289_/Q
 _42290_/Q
 _42291_/Q
 _42292_/Q
 _42293_/Q
 _42294_/Q
 _42295_/Q
 _42296_/Q
 _42297_/Q
 _42298_/Q
 _42299_/Q
 _42300_/Q
 _42301_/Q
 _42302_/Q
 _42303_/Q
 _42304_/Q
 _42305_/Q
 _42306_/Q
 _42307_/Q
 _42308_/Q
 _42309_/Q
 _42310_/Q
 _42311_/Q
 _42312_/Q
 _42313_/Q
 _42314_/Q
 _42315_/Q
 _42316_/Q
 _42317_/Q
 _42318_/Q
 _42319_/Q
 _42320_/Q
 _42321_/Q
 _42322_/Q
 _42323_/Q
 _42324_/Q
 _42325_/Q
 _42326_/Q
 _42327_/Q
 _42328_/Q
 _42329_/Q
 _42330_/Q
 _42331_/Q
 _42332_/Q
 _42333_/Q
 _42334_/Q
 _42335_/Q
 _42336_/Q
 _42337_/Q
 _42338_/Q
 _42339_/Q
 _42340_/Q
 _42341_/Q
 _42342_/Q
 _42343_/Q
 _42344_/Q
 _42345_/Q
 _42346_/Q
 _42347_/Q
 _42348_/Q
 _42349_/Q
 _42350_/Q
 _42351_/Q
 _42352_/Q
 _42353_/Q
 _42354_/Q
 _42355_/Q
 _42356_/Q
 _42357_/Q
 _42358_/Q
 _42359_/Q
 _42360_/Q
 _42361_/Q
 _42362_/Q
 _42363_/Q
 _42364_/Q
 _42365_/Q
 _42366_/Q
 _42367_/Q
 _42368_/Q
 _42369_/Q
 _42370_/Q
 _42371_/Q
 _42372_/Q
 _42373_/Q
 _42374_/Q
 _42375_/Q
 _42376_/Q
 _42377_/Q
 _42378_/Q
 _42379_/Q
 _42380_/Q
 _42381_/Q
 _42382_/Q
 _42383_/Q
 _42384_/Q
 _42385_/Q
 _42386_/Q
 _42387_/Q
 _42388_/Q
 _42389_/Q
 _42390_/Q
 _42391_/Q
 _42392_/Q
 _42393_/Q
 _42394_/Q
 _42395_/Q
 _42396_/Q
 _42397_/Q
 _42398_/Q
 _42399_/Q
 _42400_/Q
 _42401_/Q
 _42402_/Q
 _42403_/Q
 _42404_/Q
 _42405_/Q
 _42406_/Q
 _42407_/Q
 _42408_/Q
 _42409_/Q
 _42410_/Q
 _42411_/Q
 _42412_/Q
 _42413_/Q
 _42414_/Q
 _42415_/Q
 _42416_/Q
 _42417_/Q
 _42418_/Q
 _42419_/Q
 _42420_/Q
 _42421_/Q
 _42422_/Q
 _42423_/Q
 _42424_/Q
 _42425_/Q
 _42426_/Q
 _42427_/Q
 _42428_/Q
 _42429_/Q
 _42430_/Q
 _42431_/Q
 _42432_/Q
 _42433_/Q
 _42434_/Q
 _42435_/Q
 _42436_/Q
 _42437_/Q
 _42438_/Q
 _42439_/Q
 _42440_/Q
 _42441_/Q
 _42442_/Q
 _42443_/Q
 _42444_/Q
 _42445_/Q
 _42446_/Q
 _42447_/Q
 _42448_/Q
 _42449_/Q
 _42450_/Q
 _42451_/Q
 _42452_/Q
 _42453_/Q
 _42454_/Q
 _42455_/Q
 _42456_/Q
 _42457_/Q
 _42458_/Q
 _42459_/Q
 _42460_/Q
 _42461_/Q
 _42462_/Q
 _42463_/Q
 _42464_/Q
 _42465_/Q
 _42466_/Q
 _42467_/Q
 _42468_/Q
 _42469_/Q
 _42470_/Q
 _42471_/Q
 _42472_/Q
 _42473_/Q
 _42474_/Q
 _42475_/Q
 _42476_/Q
 _42477_/Q
 _42478_/Q
 _42479_/Q
 _42480_/Q
 _42481_/Q
 _42482_/Q
 _42483_/Q
 _42484_/Q
 _42485_/Q
 _42486_/Q
 _42487_/Q
 _42488_/Q
 _42489_/Q
 _42490_/Q
 _42491_/Q
 _42492_/Q
 _42493_/Q
 _42494_/Q
 _42495_/Q
 _42496_/Q
 _42497_/Q
 _42498_/Q
 _42499_/Q
 _42500_/Q
 _42501_/Q
 _42502_/Q
 _42503_/Q
 _42504_/Q
 _42505_/Q
 _42506_/Q
 _42507_/Q
 _42508_/Q
 _42509_/Q
 _42510_/Q
 _42511_/Q
 _42512_/Q
 _42513_/Q
 _42514_/Q
 _42515_/Q
 _42516_/Q
 _42517_/Q
 _42518_/Q
 _42519_/Q
 _42520_/Q
 _42521_/Q
 _42522_/Q
 _42523_/Q
 _42524_/Q
 _42525_/Q
 _42526_/Q
 _42527_/Q
 _42528_/Q
 _42529_/Q
 _42530_/Q
 _42531_/Q
 _42532_/Q
 _42533_/Q
 _42534_/Q
 _42535_/Q
 _42536_/Q
 _42537_/Q
 _42538_/Q
 _42539_/Q
 _42540_/Q
 _42541_/Q
 _42542_/Q
 _42543_/Q
 _42544_/Q
 _42545_/Q
 _42546_/Q
 _42547_/Q
 _42548_/Q
 _42549_/Q
 _42550_/Q
 _42551_/Q
 _42552_/Q
 _42553_/Q
 _42554_/Q
 _42555_/Q
 _42556_/Q
 _42557_/Q
 _42558_/Q
 _42559_/Q
 _42560_/Q
 _42561_/Q
 _42562_/Q
 _42563_/Q
 _42564_/Q
 _42565_/Q
 _42566_/Q
 _42567_/Q
 _42568_/Q
 _42569_/Q
 _42570_/Q
 _42571_/Q
 _42572_/Q
 _42573_/Q
 _42574_/Q
 _42575_/Q
 _42576_/Q
 _42577_/Q
 _42578_/Q
 _42579_/Q
 _42580_/Q
 _42581_/Q
 _42582_/Q
 _42583_/Q
 _42584_/Q
 _42585_/Q
 _42586_/Q
 _42587_/Q
 _42588_/Q
 _42589_/Q
 _42590_/Q
 _42591_/Q
 _42592_/Q
 _42593_/Q
 _42594_/Q
 _42595_/Q
 _42596_/Q
 _42597_/Q
 _42598_/Q
 _42599_/Q
 _42600_/Q
 _42601_/Q
 _42602_/Q
 _42603_/Q
 _42604_/Q
 _42605_/Q
 _42606_/Q
 _42607_/Q
 _42608_/Q
 _42609_/Q
 _42610_/Q
 _42611_/Q
 _42612_/Q
 _42613_/Q
 _42614_/Q
 _42615_/Q
 _42616_/Q
 _42617_/Q
 _42618_/Q
 _42619_/Q
 _42620_/Q
 _42621_/Q
 _42622_/Q
 _42623_/Q
 _42624_/Q
 _42625_/Q
 _42626_/Q
 _42627_/Q
 _42628_/Q
 _42629_/Q
 _42630_/Q
 _42631_/Q
 _42632_/Q
 _42633_/Q
 _42634_/Q
 _42635_/Q
 _42636_/Q
 _42637_/Q
 _42638_/Q
 _42639_/Q
 _42640_/Q
 _42641_/Q
 _42642_/Q
 _42643_/Q
 _42644_/Q
 _42645_/Q
 _42646_/Q
 _42647_/Q
 _42648_/Q
 _42649_/Q
 _42650_/Q
 _42651_/Q
 _42652_/Q
 _42653_/Q
 _42654_/Q
 _42655_/Q
 _42656_/Q
 _42657_/Q
 _42658_/Q
 _42659_/Q
 _42660_/Q
 _42661_/Q
 _42662_/Q
 _42663_/Q
 _42664_/Q
 _42665_/Q
 _42666_/Q
 _42667_/Q
 _42668_/Q
 _42669_/Q
 _42670_/Q
 _42671_/Q
 _42672_/Q
 _42673_/Q
 _42674_/Q
 _42675_/Q
 _42676_/Q
 _42677_/Q
 _42678_/Q
 _42679_/Q
 _42680_/Q
 _42681_/Q
 _42682_/Q
 _42683_/Q
 _42684_/Q
 _42685_/Q
 _42686_/Q
 _42687_/Q
 _42688_/Q
 _42689_/Q
 _42690_/Q
 _42691_/Q
 _42692_/Q
 _42693_/Q
 _42694_/Q
 _42695_/Q
 _42696_/Q
 _42697_/Q
 _42698_/Q
 _42699_/Q
 _42700_/Q
 _42701_/Q
 _42702_/Q
 _42703_/Q
 _42704_/Q
 _42705_/Q
 _42706_/Q
 _42707_/Q
 _42708_/Q
 _42709_/Q
 _42710_/Q
 _42711_/Q
 _42712_/Q
 _42713_/Q
 _42714_/Q
 _42715_/Q
 _42716_/Q
 _42717_/Q
 _42718_/Q
 _42719_/Q
 _42720_/Q
 _42721_/Q
 _42722_/Q
 _42723_/Q
 _42724_/Q
 _42725_/Q
 _42726_/Q
 _42727_/Q
 _42728_/Q
 _42729_/Q
 _42730_/Q
 _42731_/Q
 _42732_/Q
 _42733_/Q
 _42734_/Q
 _42735_/Q
 _42736_/Q
 _42737_/Q
 _42738_/Q
 _42739_/Q
 _42740_/Q
 _42741_/Q
 _42742_/Q
 _42743_/Q
 _42744_/Q
 _42745_/Q
 _42746_/Q
 _42747_/Q
 _42748_/Q
 _42749_/Q
 _42750_/Q
 _42751_/Q
 _42752_/Q
 _42753_/Q
 _42754_/Q
 _42755_/Q
 _42756_/Q
 _42757_/Q
 _42758_/Q
 _42759_/Q
 _42760_/Q
 _42761_/Q
 _42762_/Q
 _42763_/Q
 _42764_/Q
 _42765_/Q
 _42766_/Q
 _42767_/Q
 _42768_/Q
 _42769_/Q
 _42770_/Q
 _42771_/Q
 _42772_/Q
 _42773_/Q
 _42774_/Q
 _42775_/Q
 _42776_/Q
 _42777_/Q
 _42778_/Q
 _42779_/Q
 _42780_/Q
 _42781_/Q
 _42782_/Q
 _42783_/Q
 _42784_/Q
 _42785_/Q
 _42786_/Q
 _42787_/Q
 _42788_/Q
 _42789_/Q
 _42790_/Q
 _42791_/Q
 _42792_/Q
 _42793_/Q
 _42794_/Q
 _42795_/Q
 _42796_/Q
 _42797_/Q
 _42798_/Q
 _42799_/Q
 _42800_/Q
 _42801_/Q
 _42802_/Q
 _42803_/Q
 _42804_/Q
 _42805_/Q
 _42806_/Q
 _42807_/Q
 _42808_/Q
 _42809_/Q
 _42810_/Q
 _42811_/Q
 _42812_/Q
 _42813_/Q
 _42814_/Q
 _42815_/Q
 _42816_/Q
 _42817_/Q
 _42818_/Q
 _42819_/Q
 _42820_/Q
 _42821_/Q
 _42822_/Q
 _42823_/Q
 _42824_/Q
 _42825_/Q
 _42826_/Q
 _42827_/Q
 _42828_/Q
 _42829_/Q
 _42830_/Q
 _42831_/Q
 _42832_/Q
 _42833_/Q
 _42834_/Q
 _42835_/Q
 _42836_/Q
 _42837_/Q
 _42838_/Q
 _42839_/Q
 _42840_/Q
 _42841_/Q
 _42842_/Q
 _42843_/Q
 _42844_/Q
 _42845_/Q
 _42846_/Q
 _42847_/Q
 _42848_/Q
 _42849_/Q
 _42850_/Q
 _42851_/Q
 _42852_/Q
 _42853_/Q
 _42854_/Q
 _42855_/Q
 _42856_/Q
 _42857_/Q
 _42858_/Q
 _42859_/Q
 _42860_/Q
 _42861_/Q
 _42862_/Q
 _42863_/Q
 _42864_/Q
 _42865_/Q
 _42866_/Q
 _42867_/Q
 _42868_/Q
 _42869_/Q
 _42870_/Q
 _42871_/Q
 _42872_/Q
 _42873_/Q
 _42874_/Q
 _42875_/Q
 _42876_/Q
 _42877_/Q
 _42878_/Q
 _42879_/Q
 _42880_/Q
 _42881_/Q
 _42882_/Q
 _42883_/Q
 _42884_/Q
 _42885_/Q
 _42886_/Q
 _42887_/Q
 _42888_/Q
 _42889_/Q
 _42890_/Q
 _42891_/Q
 _42892_/Q
 _42893_/Q
 _42894_/Q
 _42895_/Q
 _42896_/Q
 _42897_/Q
 _42898_/Q
 _42899_/Q
 _42900_/Q
 _42901_/Q
 _42902_/Q
 _42903_/Q
 _42904_/Q
 _42905_/Q
 _42906_/Q
 _42907_/Q
 _42908_/Q
 _42909_/Q
 _42910_/Q
 _42911_/Q
 _42912_/Q
 _42913_/Q
 _42914_/Q
 _42915_/Q
 _42916_/Q
 _42917_/Q
 _42918_/Q
 _42919_/Q
 _42920_/Q
 _42921_/Q
 _42922_/Q
 _42923_/Q
 _42924_/Q
 _42925_/Q
 _42926_/Q
 _42927_/Q
 _42928_/Q
 _42929_/Q
 _42930_/Q
 _42931_/Q
 _42932_/Q
 _42933_/Q
 _42934_/Q
 _42935_/Q
 _42936_/Q
 _42937_/Q
 _42938_/Q
 _42939_/Q
 _42940_/Q
 _42941_/Q
 _42942_/Q
 _42943_/Q
 _42944_/Q
 _42945_/Q
 _42946_/Q
 _42947_/Q
 _42948_/Q
 _42949_/Q
 _42950_/Q
 _42951_/Q
 _42952_/Q
 _42953_/Q
 _42954_/Q
 _42955_/Q
 _42956_/Q
 _42957_/Q
 _42958_/Q
 _42959_/Q
 _42960_/Q
 _42961_/Q
 _42962_/Q
 _42963_/Q
 _42964_/Q
 _42965_/Q
 _42966_/Q
 _42967_/Q
 _42968_/Q
 _42969_/Q
 _42970_/Q
 _42971_/Q
 _42972_/Q
 _42973_/Q
 _42974_/Q
 _42975_/Q
 _42976_/Q
 _42977_/Q
 _42978_/Q
 _42979_/Q
 _42980_/Q
 _42981_/Q
 _42982_/Q
 _42983_/Q
 _42984_/Q
 _42985_/Q
 _42986_/Q
 _42987_/Q
 _42988_/Q
 _42989_/Q
 _42990_/Q
 _42991_/Q
 _42992_/Q
 _42993_/Q
 _42994_/Q
 _42995_/Q
 _42996_/Q
 _42997_/Q
 _42998_/Q
 _42999_/Q
 _43000_/Q
 _43001_/Q
 _43002_/Q
 _43003_/Q
 _43004_/Q
 _43005_/Q
 _43006_/Q
 _43007_/Q
 _43008_/Q
 _43009_/Q
 _43010_/Q
 _43011_/Q
 _43012_/Q
 _43013_/Q
 _43014_/Q
 _43015_/Q
 _43016_/Q
 _43017_/Q
 _43018_/Q
 _43019_/Q
 _43020_/Q
 _43021_/Q
 _43022_/Q
 _43023_/Q
 _43024_/Q
 _43025_/Q
 _43026_/Q
 _43027_/Q
 _43028_/Q
 _43029_/Q
 _43030_/Q
 _43031_/Q
 _43032_/Q
 _43033_/Q
 _43034_/Q
 _43035_/Q
 _43036_/Q
 _43037_/Q
 _43038_/Q
 _43039_/Q
 _43040_/Q
 _43041_/Q
 _43042_/Q
 _43043_/Q
 _43044_/Q
 _43045_/Q
 _43046_/Q
 _43047_/Q
 _43048_/Q
 _43049_/Q
 _43050_/Q
 _43051_/Q
 _43052_/Q
 _43053_/Q
 _43054_/Q
 _43055_/Q
 _43056_/Q
 _43057_/Q
 _43058_/Q
 _43059_/Q
 _43060_/Q
 _43061_/Q
 _43062_/Q
 _43063_/Q
 _43064_/Q
 _43065_/Q
 _43066_/Q
 _43067_/Q
 _43068_/Q
 _43069_/Q
 _43070_/Q
 _43071_/Q
 _43072_/Q
 _43073_/Q
 _43074_/Q
 _43075_/Q
 _43076_/Q
 _43077_/Q
 _43078_/Q
 _43079_/Q
 _43080_/Q
 _43081_/Q
 _43082_/Q
 _43083_/Q
 _43084_/Q
 _43085_/Q
 _43086_/Q
 _43087_/Q
 _43088_/Q
 _43089_/Q
 _43090_/Q
 _43091_/Q
 _43092_/Q
 _43093_/Q
 _43094_/Q
 _43095_/Q
 _43096_/Q
 _43097_/Q
 _43098_/Q
 _43099_/Q
 _43100_/Q
 _43101_/Q
 _43102_/Q
 _43103_/Q
 _43104_/Q
 _43105_/Q
 _43106_/Q
 _43107_/Q
 _43108_/Q
 _43109_/Q
 _43110_/Q
 _43111_/Q
 _43112_/Q
 _43113_/Q
 _43114_/Q
 _43115_/Q
 _43116_/Q
 _43117_/Q
 _43118_/Q
 _43119_/Q
 _43120_/Q
 _43121_/Q
 _43122_/Q
 _43123_/Q
 _43124_/Q
 _43125_/Q
 _43126_/Q
 _43127_/Q
 _43128_/Q
 _43129_/Q
 _43130_/Q
 _43131_/Q
 _43132_/Q
 _43133_/Q
 _43134_/Q
 _43135_/Q
 _43136_/Q
 _43137_/Q
 _43138_/Q
 _43139_/Q
 _43140_/Q
 _43141_/Q
 _43142_/Q
 _43143_/Q
 _43144_/Q
 _43145_/Q
 _43146_/Q
 _43147_/Q
 _43148_/Q
 _43149_/Q
 _43150_/Q
 _43151_/Q
 _43152_/Q
 _43153_/Q
 _43154_/Q
 _43155_/Q
 _43156_/Q
 _43157_/Q
 _43158_/Q
 _43159_/Q
 _43160_/Q
 _43161_/Q
 _43162_/Q
 _43163_/Q
 _43164_/Q
 _43165_/Q
 _43166_/Q
 _43167_/Q
 _43168_/Q
 _43169_/Q
 _43170_/Q
 _43171_/Q
 _43172_/Q
 _43173_/Q
 _43174_/Q
 _43175_/Q
 _43176_/Q
 _43177_/Q
 _43178_/Q
 _43179_/Q
 _43180_/Q
 _43181_/Q
 _43182_/Q
 _43183_/Q
 _43184_/Q
 _43185_/Q
 _43186_/Q
 _43187_/Q
 _43188_/Q
 _43189_/Q
 _43190_/Q
 _43191_/Q
 _43192_/Q
 _43193_/Q
 _43194_/Q
 _43195_/Q
 _43196_/Q
 _43197_/Q
 _43198_/Q
 _43199_/Q
 _43200_/Q
 _43201_/Q
 _43202_/Q
 _43203_/Q
 _43204_/Q
 _43205_/Q
 _43206_/Q
 _43207_/Q
 _43208_/Q
 _43209_/Q
 _43210_/Q
 _43211_/Q
 _43212_/Q
 _43213_/Q
 _43214_/Q
 _43215_/Q
 _43216_/Q
 _43217_/Q
 _43218_/Q
 _43219_/Q
 _43220_/Q
 _43221_/Q
 _43222_/Q
 _43223_/Q
 _43224_/Q
 _43225_/Q
 _43226_/Q
 _43227_/Q
 _43228_/Q
 _43229_/Q
 _43230_/Q
 _43231_/Q
 _43232_/Q
 _43233_/Q
 _43234_/Q
 _43235_/Q
 _43236_/Q
 _43237_/Q
 _43238_/Q
 _43239_/Q
 _43240_/Q
 _43241_/Q
 _43242_/Q
 _43243_/Q
 _43244_/Q
 _43245_/Q
 _43246_/Q
 _43247_/Q
 _43248_/Q
 _43249_/Q
 _43250_/Q
 _43251_/Q
 _43252_/Q
 _43253_/Q
 _43254_/Q
 _43255_/Q
 _43256_/Q
 _43257_/Q
 _43258_/Q
 _43259_/Q
 _43260_/Q
 _43261_/Q
 _43262_/Q
 _43263_/Q
 _43264_/Q
 _43265_/Q
 _43266_/Q
 _43267_/Q
 _43268_/Q
 _43269_/Q
 _43270_/Q
 _43271_/Q
 _43272_/Q
 _43273_/Q
 _43274_/Q
 _43275_/Q
 _43276_/Q
 _43277_/Q
 _43278_/Q
 _43279_/Q
 _43280_/Q
 _43281_/Q
 _43282_/Q
 _43283_/Q
 _43284_/Q
 _43285_/Q
 _43286_/Q
 _43287_/Q
 _43288_/Q
 _43289_/Q
 _43290_/Q
 _43291_/Q
 _43292_/Q
 _43293_/Q
 _43294_/Q
 _43295_/Q
 _43296_/Q
 _43297_/Q
 _43298_/Q
 _43299_/Q
 _43300_/Q
 _43301_/Q
 _43302_/Q
 _43303_/Q
 _43304_/Q
 _43305_/Q
 _43306_/Q
 _43307_/Q
 _43308_/Q
 _43309_/Q
 _43310_/Q
 _43311_/Q
 _43312_/Q
 _43313_/Q
 _43314_/Q
 _43315_/Q
 _43316_/Q
 _43317_/Q
 _43318_/Q
 _43319_/Q
 _43320_/Q
 _43321_/Q
 _43322_/Q
 _43323_/Q
 _43324_/Q
 _43325_/Q
 _43326_/Q
 _43327_/Q
 _43328_/Q
 _43329_/Q
 _43330_/Q
 _43331_/Q
 _43332_/Q
 _43333_/Q
 _43334_/Q
 _43335_/Q
 _43336_/Q
 _43337_/Q
 _43338_/Q
 _43339_/Q
 _43340_/Q
 _43341_/Q
 _43342_/Q
 _43343_/Q
 _43344_/Q
 _43345_/Q
 _43346_/Q
 _43347_/Q
 _43348_/Q
 _43349_/Q
 _43350_/Q
 _43351_/Q
 _43352_/Q
 _43353_/Q
 _43354_/Q
 _43355_/Q
 _43356_/Q
 _43357_/Q
 _43358_/Q
 _43359_/Q
 _43360_/Q
 _43361_/Q
 _43362_/Q
 _43363_/Q
 _43364_/Q
 _43365_/Q
 _43366_/Q
 _43367_/Q
 _43368_/Q
 _43369_/Q
 _43370_/Q
 _43371_/Q
 _43372_/Q
 _43373_/Q
 _43374_/Q
 _43375_/Q
 _43376_/Q
 _43377_/Q
 _43378_/Q
 _43379_/Q
 _43380_/Q
 _43381_/Q
 _43382_/Q
 _43383_/Q
 _43384_/Q
 _43385_/Q
 _43386_/Q
 _43387_/Q
 _43388_/Q
 _43389_/Q
 _43390_/Q
 _43391_/Q
 _43392_/Q
 _43393_/Q
 _43394_/Q
 _43395_/Q
 _43396_/Q
 _43397_/Q
 _43398_/Q
 _43399_/Q
 _43400_/Q
 _43401_/Q
 _43402_/Q
 _43403_/Q
 _43404_/Q
 _43405_/Q
 _43406_/Q
 _43407_/Q
 _43408_/Q
 _43409_/Q
 _43410_/Q
 _43411_/Q
 _43412_/Q
 _43413_/Q
 _43414_/Q
 _43415_/Q
 _43416_/Q
 _43417_/Q
 _43418_/Q
 _43419_/Q
 _43420_/Q
 _43421_/Q
 _43422_/Q
 _43423_/Q
 _43424_/Q
 _43425_/Q
 _43426_/Q
 _43427_/Q
 _43428_/Q
 _43429_/Q
 _43430_/Q
 _43431_/Q
 _43432_/Q
 _43433_/Q
 _43434_/Q
 _43435_/Q
 _43436_/Q
 _43437_/Q
 _43438_/Q
 _43439_/Q
 _43440_/Q
 _43441_/Q
 _43442_/Q
 _43443_/Q
 _43444_/Q
 _43445_/Q
 _43446_/Q
 _43447_/Q
 _43448_/Q
 _43449_/Q
 _43450_/Q
 _43451_/Q
 _43452_/Q
 _43453_/Q
 _43454_/Q
 _43455_/Q
 _43456_/Q
 _43457_/Q
 _43458_/Q
 _43459_/Q
 _43460_/Q
 _43461_/Q
 _43462_/Q
 _43463_/Q
 _43464_/Q
 _43465_/Q
 _43466_/Q
 _43467_/Q
 _43468_/Q
 _43469_/Q
 _43470_/Q
 _43471_/Q
 _43472_/Q
 _43473_/Q
 _43474_/Q
 _43475_/Q
 _43476_/Q
 _43477_/Q
 _43478_/Q
 _43479_/Q
 _43480_/Q
 _43481_/Q
 _43482_/Q
 _43483_/Q
 _43484_/Q
 _43485_/Q
 _43486_/Q
 _43487_/Q
 _43488_/Q
 _43489_/Q
 _43490_/Q
 _43491_/Q
 _43492_/Q
 _43493_/Q
 _43494_/Q
 _43495_/Q
 _43496_/Q
 _43497_/Q
 _43498_/Q
 _43499_/Q
 _43500_/Q
 _43501_/Q
 _43502_/Q
 _43503_/Q
 _43504_/Q
 _43505_/Q
 _43506_/Q
 _43507_/Q
 _43508_/Q
 _43509_/Q
 _43510_/Q
 _43511_/Q
 _43512_/Q
 _43513_/Q
 _43514_/Q
 _43515_/Q
 _43516_/Q
 _43517_/Q
 _43518_/Q
 _43519_/Q
 _43520_/Q
 _43521_/Q
 _43522_/Q
 _43523_/Q
 _43524_/Q
 _43525_/Q
 _43526_/Q
 _43527_/Q
 _43528_/Q
 _43529_/Q
 _43530_/Q
 _43531_/Q
 _43532_/Q
 _43533_/Q
 _43534_/Q
 _43535_/Q
 _43536_/Q
 _43537_/Q
 _43538_/Q
 _43539_/Q
 _43540_/Q
 _43541_/Q
 _43542_/Q
 _43543_/Q
 _43544_/Q
 _43545_/Q
 _43546_/Q
 _43547_/Q
 _43548_/Q
 _43549_/Q
 _43550_/Q
 _43551_/Q
 _43552_/Q
 _43553_/Q
 _43554_/Q
 _43555_/Q
 _43556_/Q
 _43557_/Q
 _43558_/Q
 _43559_/Q
 _43560_/Q
 _43561_/Q
 _43562_/Q
 _43563_/Q
 _43564_/Q
 _43565_/Q
 _43566_/Q
 _43567_/Q
 _43568_/Q
 _43569_/Q
 _43570_/Q
 _43571_/Q
 _43572_/Q
 _43573_/Q
 _43574_/Q
 _43575_/Q
 _43576_/Q
 _43577_/Q
 _43578_/Q
 _43579_/Q
 _43580_/Q
 _43581_/Q
 _43582_/Q
 _43583_/Q
 _43584_/Q
 _43585_/Q
 _43586_/Q
 _43587_/Q
 _43588_/Q
 _43589_/Q
 _43590_/Q
 _43591_/Q
 _43592_/Q
 _43593_/Q
 _43594_/Q
 _43595_/Q
 _43596_/Q
 _43597_/Q
 _43598_/Q
 _43599_/Q
 _43600_/Q
 _43601_/Q
 _43602_/Q
 _43603_/Q
 _43604_/Q
 _43605_/Q
 _43606_/Q
 _43607_/Q
 _43608_/Q
 _43609_/Q
 _43610_/Q
 _43611_/Q
 _43612_/Q
 _43613_/Q
 _43614_/Q
 _43615_/Q
 _43616_/Q
 _43617_/Q
 _43618_/Q
 _43619_/Q
 _43620_/Q
 _43621_/Q
 _43622_/Q
 _43623_/Q
 _43624_/Q
 _43625_/Q
 _43626_/Q
 _43627_/Q
 _43628_/Q
 _43629_/Q
 _43630_/Q
 _43631_/Q
 _43632_/Q
 _43633_/Q
 _43634_/Q
 _43635_/Q
 _43636_/Q
 _43637_/Q
 _43638_/Q
 _43639_/Q
 _43640_/Q
 _43641_/Q
 _43642_/Q
 _43643_/Q
 _43644_/Q
 _43645_/Q
 _43646_/Q
 _43647_/Q
 _43648_/Q
 _43649_/Q
 _43650_/Q
 _43651_/Q
 _43652_/Q
 _43653_/Q
 _43654_/Q
 _43655_/Q
 _43656_/Q
 _43657_/Q
 _43658_/Q
 _43659_/Q
 _43660_/Q
 _43661_/Q
 _43662_/Q
 _43663_/Q
 _43664_/Q
 _43665_/Q
 _43666_/Q
 _43667_/Q
 _43668_/Q
 _43669_/Q
 _43670_/Q
 _43671_/Q
 _43672_/Q
 _43673_/Q
 _43674_/Q
 _43675_/Q
 _43676_/Q
 _43677_/Q
 _43678_/Q
 _43679_/Q
 _43680_/Q
 _43681_/Q
 _43682_/Q
 _43683_/Q
 _43684_/Q
 _43685_/Q
 _43686_/Q
 _43687_/Q
 _43688_/Q
 _43689_/Q
 _43690_/Q
 _43691_/Q
 _43692_/Q
 _43693_/Q
 _43694_/Q
 _43695_/Q
 _43696_/Q
 _43697_/Q
 _43698_/Q
 _43699_/Q
 _43700_/Q
 _43701_/Q
 _43702_/Q
 _43703_/Q
 _43704_/Q
 _43705_/Q
 _43706_/Q
 _43707_/Q
 _43708_/Q
 _43709_/Q
 _43710_/Q
 _43711_/Q
 _43712_/Q
 _43713_/Q
 _43714_/Q
 _43715_/Q
 _43716_/Q
 _43717_/Q
 _43718_/Q
 _43719_/Q
 _43720_/Q
 _43721_/Q
 _43722_/Q
 _43723_/Q
 _43724_/Q
 _43725_/Q
 _43726_/Q
 _43727_/Q
 _43728_/Q
 _43729_/Q
 _43730_/Q
 _43731_/Q
 _43732_/Q
 _43733_/Q
 _43734_/Q
 _43735_/Q
 _43736_/Q
 _43737_/Q
 _43738_/Q
 _43739_/Q
 _43740_/Q
 _43741_/Q
 _43742_/Q
 _43743_/Q
 _43744_/Q
 _43745_/Q
 _43746_/Q
 _43747_/Q
 _43748_/Q
 _43749_/Q
 _43750_/Q
 _43751_/Q
 _43752_/Q
 _43753_/Q
 _43754_/Q
 _43755_/Q
 _43756_/Q
 _43757_/Q
 _43758_/Q
 _43759_/Q
 _43760_/Q
 _43761_/Q
 _43762_/Q
 _43763_/Q
 _43764_/Q
 _43765_/Q
 _43766_/Q
 _43767_/Q
 _43768_/Q
 _43769_/Q
 _43770_/Q
 _43771_/Q
 _43772_/Q
 _43773_/Q
 _43774_/Q
 _43775_/Q
 _43776_/Q
 _43777_/Q
 _43778_/Q
 _43779_/Q
 _43780_/Q
 _43781_/Q
 _43782_/Q
 _43783_/Q
 _43784_/Q
 _43785_/Q
 _43786_/Q
 _43787_/Q
 _43788_/Q
 _43789_/Q
 _43790_/Q
 _43791_/Q
 _43792_/Q
 _43793_/Q
 _43794_/Q
 _43795_/Q
 _43796_/Q
 _43797_/Q
 _43798_/Q
 _43799_/Q
 _43800_/Q
 _43801_/Q
 _43802_/Q
 _43803_/Q
 _43804_/Q
 _43805_/Q
 _43806_/Q
 _43807_/Q
 _43808_/Q
 _43809_/Q
 _43810_/Q
 _43811_/Q
 _43812_/Q
 _43813_/Q
 _43814_/Q
 _43815_/Q
 _43816_/Q
 _43817_/Q
 _43818_/Q
 _43819_/Q
 _43820_/Q
 _43821_/Q
 _43822_/Q
 _43823_/Q
 _43824_/Q
 _43825_/Q
 _43826_/Q
 _43827_/Q
 _43828_/Q
 _43829_/Q
 _43830_/Q
 _43831_/Q
 _43832_/Q
 _43833_/Q
 _43834_/Q
 _43835_/Q
 _43836_/Q
 _43837_/Q
 _43838_/Q
 _43839_/Q
 _43840_/Q
 _43841_/Q
 _43842_/Q
 _43843_/Q
 _43844_/Q
 _43845_/Q
 _43846_/Q
 _43847_/Q
 _43848_/Q
 _43849_/Q
 _43850_/Q
 _43851_/Q
 _43852_/Q
 _43853_/Q
 _43854_/Q
 _43855_/Q
 _43856_/Q
 _43857_/Q
 _43858_/Q
 _43859_/Q
 _43860_/Q
 _43861_/Q
 _43862_/Q
 _43863_/Q
 _43864_/Q
 _43865_/Q
 _43866_/Q
 _43867_/Q
 _43868_/Q
 _43869_/Q
 _43870_/Q
 _43871_/Q
 _43872_/Q
 _43873_/Q
 _43874_/Q
 _43875_/Q
 _43876_/Q
 _43877_/Q
 _43878_/Q
 _43879_/Q
 _43880_/Q
 _43881_/Q
 _43882_/Q
 _43883_/Q
 _43884_/Q
 _43885_/Q
 _43886_/Q
 _43887_/Q
 _43888_/Q
 _43889_/Q
 _43890_/Q
 _43891_/Q
 _43892_/Q
 _43893_/Q
 _43894_/Q
 _43895_/Q
 _43896_/Q
 _43897_/Q
 _43898_/Q
 _43899_/Q
 _43900_/Q
 _43901_/Q
 _43902_/Q
 _43903_/Q
 _43904_/Q
 _43905_/Q
 _43906_/Q
 _43907_/Q
 _43908_/Q
 _43909_/Q
 _43910_/Q
 _43911_/Q
 _43912_/Q
 _43913_/Q
 _43914_/Q
 _43915_/Q
 _43916_/Q
 _43917_/Q
 _43918_/Q
 _43919_/Q
 _43920_/Q
 _43921_/Q
 _43922_/Q
 _43923_/Q
 _43924_/Q
 _43925_/Q
 _43926_/Q
 _43927_/Q
 _43928_/Q
 _43929_/Q
 _43930_/Q
 _43931_/Q
 _43932_/Q
 _43933_/Q
 _43934_/Q
 _43935_/Q
 _43936_/Q
 _43937_/Q
 _43938_/Q
 _43939_/Q
 _43940_/Q
 _43941_/Q
 _43942_/Q
 _43943_/Q
 _43944_/Q
 _43945_/Q
 _43946_/Q
 _43947_/Q
 _43948_/Q
 _43949_/Q
 _43950_/Q
 _43951_/Q
 _43952_/Q
 _43953_/Q
 _43954_/Q
 _43955_/Q
 _43956_/Q
 _43957_/Q
 _43958_/Q
 _43959_/Q
 _43960_/Q
 _43961_/Q
 _43962_/Q
 _43963_/Q
 _43964_/Q
 _43965_/Q
 _43966_/Q
 _43967_/Q
 _43968_/Q
 _43969_/Q
 _43970_/Q
 _43971_/Q
 _43972_/Q
 _43973_/Q
 _43974_/Q
 _43975_/Q
 _43976_/Q
 _43977_/Q
 _43978_/Q
 _43979_/Q
 _43980_/Q
 _43981_/Q
 _43982_/Q
 _43983_/Q
 _43984_/Q
 _43985_/Q
 _43986_/Q
 _43987_/Q
 _43988_/Q
 _43989_/Q
 _43990_/Q
 _43991_/Q
 _43992_/Q
 _43993_/Q
 _43994_/Q
 _43995_/Q
 _43996_/Q
 _43997_/Q
 _43998_/Q
 _43999_/Q
 _44000_/Q
 _44001_/Q
 _44002_/Q
 _44003_/Q
 _44004_/Q
 _44005_/Q
 _44006_/Q
 _44007_/Q
 _44008_/Q
 _44009_/Q
 _44010_/Q
 _44011_/Q
 _44012_/Q
 _44013_/Q
 _44014_/Q
 _44015_/Q
 _44016_/Q
 _44017_/Q
 _44018_/Q
 _44019_/Q
 _44020_/Q
 _44021_/Q
 _44022_/Q
 _44023_/Q
 _44024_/Q
 _44025_/Q
 _44026_/Q
 _44027_/Q
 _44028_/Q
 _44029_/Q
 _44030_/Q
 _44031_/Q
 _44032_/Q
 _44033_/Q
 _44034_/Q
 _44035_/Q
 _44036_/Q
 _44037_/Q
 _44038_/Q
 _44039_/Q
 _44040_/Q
 _44041_/Q
 _44042_/Q
 _44043_/Q
 _44044_/Q
 _44045_/Q
 _44046_/Q
 _44047_/Q
 _44048_/Q
 _44049_/Q
 _44050_/Q
 _44051_/Q
 _44052_/Q
 _44053_/Q
 _44054_/Q
 _44055_/Q
 _44056_/Q
 _44057_/Q
 _44058_/Q
 _44059_/Q
 _44060_/Q
 _44061_/Q
 _44062_/Q
 _44063_/Q
 _44064_/Q
 _44065_/Q
 _44066_/Q
 _44067_/Q
 _44068_/Q
 _44069_/Q
 _44070_/Q
 _44071_/Q
 _44072_/Q
 _44073_/Q
 _44074_/Q
 _44075_/Q
 _44076_/Q
 _44077_/Q
 _44078_/Q
 _44079_/Q
 _44080_/Q
 _44081_/Q
 _44082_/Q
 _44083_/Q
 _44084_/Q
 _44085_/Q
 _44086_/Q
 _44087_/Q
 _44088_/Q
 _44089_/Q
 _44090_/Q
 _44091_/Q
 _44092_/Q
 _44093_/Q
 _44094_/Q
 _44095_/Q
 _44096_/Q
 _44097_/Q
 _44098_/Q
 _44099_/Q
 _44100_/Q
 _44101_/Q
 _44102_/Q
 _44103_/Q
 _44104_/Q
 _44105_/Q
 _44106_/Q
 _44107_/Q
 _44108_/Q
 _44109_/Q
 _44110_/Q
 _44111_/Q
 _44112_/Q
 _44113_/Q
 _44114_/Q
 _44115_/Q
 _44116_/Q
 _44117_/Q
 _44118_/Q
 _44119_/Q
 _44120_/Q
 _44121_/Q
 _44122_/Q
 _44123_/Q
 _44124_/Q
 _44125_/Q
 _44126_/Q
 _44127_/Q
 _44128_/Q
 _44129_/Q
 _44130_/Q
 _44131_/Q
 _44132_/Q
 _44133_/Q
 _44134_/Q
 _44135_/Q
 _44136_/Q
 _44137_/Q
 _44138_/Q
 _44139_/Q
 _44140_/Q
 _44141_/Q
 _44142_/Q
 _44143_/Q
 _44144_/Q
 _44145_/Q
 _44146_/Q
 _44147_/Q
 _44148_/Q
 _44149_/Q
 _44150_/Q
 _44151_/Q
 _44152_/Q
 _44153_/Q
 _44154_/Q
 _44155_/Q
 _44156_/Q
 _44157_/Q
 _44158_/Q
 _44159_/Q
 _44160_/Q
 _44161_/Q
 _44162_/Q
 _44163_/Q
 _44164_/Q
 _44165_/Q
 _44166_/Q
 _44167_/Q
 _44168_/Q
 _44169_/Q
 _44170_/Q
 _44171_/Q
 _44172_/Q
 _44173_/Q
 _44174_/Q
 _44175_/Q
 _44176_/Q
 _44177_/Q
 _44178_/Q
 _44179_/Q
 _44180_/L_HI
 _44181_/L_HI
 _44182_/L_HI
 _44183_/L_HI
 _44184_/L_HI
 _44185_/L_HI
 _44186_/L_HI
 _44187_/L_HI
 _44188_/L_HI
 _44189_/L_HI
 _44190_/L_HI
 _44191_/L_HI
 _44192_/L_HI
 _44193_/L_HI
 _44194_/L_HI
 _44195_/L_HI
 _44196_/L_HI
 _44197_/L_HI
 _44198_/L_HI
 _44199_/L_HI
 _44200_/L_HI
 _44201_/L_HI
 _44202_/L_HI
 _44203_/L_HI
 _44204_/L_HI
 _44205_/L_HI
 _44206_/L_HI
 _44207_/L_HI
 _44208_/L_HI
 _44209_/L_HI
 _44210_/L_HI
 _44211_/L_HI
 _44212_/L_HI
 _44213_/L_HI
 _44214_/L_HI
 _44215_/L_HI
 _44216_/L_HI
 _44217_/L_HI
 _44218_/L_HI
 _44219_/L_HI
 _44220_/L_HI
 _44221_/L_HI
 _44222_/L_HI
 _44223_/L_HI
 _44224_/L_HI
 _44225_/L_HI
 _44226_/L_HI
 _44227_/L_HI
 _44228_/L_HI
 _44229_/L_HI
 _44230_/L_HI
 _44231_/L_HI
 _44232_/L_HI
 _44233_/L_HI
 _44234_/L_HI
 _44235_/L_HI
 _44236_/L_HI
 _44237_/L_HI
 _44238_/L_HI
 _44239_/L_HI
 _44240_/L_HI
 _44241_/L_HI
 _44242_/L_HI
 _44243_/L_HI
 _44244_/L_HI
 _44245_/L_HI
 _44246_/L_HI
 _44247_/L_HI
 _44248_/L_HI
 _44249_/L_HI
 _44250_/L_HI
 _44251_/L_HI
 _44252_/L_HI
 _44253_/L_HI
 _44254_/L_HI
 _44255_/L_HI
 _44256_/L_HI
 _44257_/L_HI
 _44258_/L_HI
 _44259_/L_HI
 _44260_/L_HI
 _44261_/L_HI
 _44262_/L_HI
 _44263_/L_HI
 _44264_/L_HI
 _44265_/L_HI
 _44266_/L_HI
 _44267_/L_HI
 _44268_/L_HI
 _44269_/L_HI
 _44270_/L_HI
 _44271_/L_HI
 _44272_/L_HI
 _44273_/L_HI
 _44274_/L_HI
 _44275_/L_HI
 _44276_/L_HI
 _44277_/L_HI
 _44278_/L_HI
 _44279_/L_HI
 _44280_/L_HI
 _44281_/L_HI
 _44282_/L_HI
 _44283_/L_HI
 _44284_/L_HI
 _44285_/L_HI
 _44286_/L_HI
 _44287_/L_HI
 _44288_/L_HI
 _44289_/L_HI
 _44290_/L_HI
 _44291_/L_HI
 _44292_/L_HI
 _44293_/L_HI
 _44294_/L_HI
 _44295_/L_HI
 _44296_/L_HI
 _44297_/L_HI
 _44298_/L_HI
 _44299_/L_HI
 _44300_/L_HI
 _44301_/L_HI
 _44302_/L_HI
 _44303_/L_HI
 _44304_/L_HI
 _44305_/L_HI
 _44306_/L_HI
 _44307_/L_HI
 _44308_/L_HI
 _44309_/L_HI
 _44310_/L_HI
 _44311_/L_HI
 _44312_/L_HI
 _44313_/L_HI
 _44314_/L_HI
 _44315_/L_HI
 _44316_/L_HI
 _44317_/L_HI
 _44318_/L_HI
 _44319_/L_HI
 _44320_/L_HI
 _44321_/L_HI
 _44322_/L_HI
 _44323_/L_HI
 _44324_/L_HI
 _44325_/L_HI
 _44326_/L_HI
 _44327_/L_HI
 _44328_/L_HI
 _44329_/L_HI
 _44330_/L_HI
 _44331_/L_HI
 _44332_/L_HI
 _44333_/L_HI
 _44334_/L_HI
 _44335_/L_HI
 _44336_/L_HI
 _44337_/L_HI
 _44338_/L_HI
 _44339_/L_HI
 _44340_/L_HI
 _44341_/L_HI
 _44342_/L_HI
 _44343_/L_HI
 _44344_/L_HI
 _44345_/L_HI
 _44346_/L_HI
 _44347_/L_HI
 _44348_/L_HI
 _44349_/L_HI
 _44350_/L_HI
 _44351_/L_HI
 _44352_/L_HI
 _44353_/L_HI
 _44354_/L_HI
 _44355_/L_HI
 _44356_/L_HI
 _44357_/L_HI
 _44358_/L_HI
 _44359_/L_HI
 _44360_/L_HI
 _44361_/L_HI
 _44362_/L_HI
 _44363_/L_HI
 _44364_/L_HI
 _44365_/L_HI
 _44366_/L_HI
 _44367_/L_HI
 _44368_/L_HI
 _44369_/L_HI
 _44370_/L_HI
 _44371_/L_HI
 _44372_/L_HI
 _44373_/L_HI
 _44374_/L_HI
 _44375_/L_HI
 _44376_/L_HI
 _44377_/L_HI
 _44378_/L_HI
 _44379_/L_HI
 _44380_/L_HI
 _44381_/L_HI
 _44382_/L_HI
 _44383_/L_HI
 _44384_/L_HI
 _44385_/L_HI
 _44386_/L_HI
 _44387_/L_HI
 _44388_/L_HI
 _44389_/L_HI
 _44390_/L_HI
 _44391_/L_HI
 _44392_/L_HI
 _44393_/L_HI
 _44394_/L_HI
 _44395_/L_HI
 _44396_/L_HI
 _44397_/L_HI
 _44398_/L_HI
 _44399_/L_HI
 _44400_/L_HI
 _44401_/L_HI
 _44402_/L_HI
 _44403_/L_HI
 _44404_/L_HI
 _44405_/L_HI
 _44406_/L_HI
 _44407_/L_HI
 _44408_/L_HI
 _44409_/L_HI
 _44410_/L_HI
 _44411_/L_HI
 _44412_/L_HI
 _44413_/L_HI
 _44414_/L_HI
 _44415_/L_HI
 _44416_/L_HI
 _44417_/L_HI
 _44418_/L_HI
 _44419_/L_HI
 _44420_/L_HI
 _44421_/L_HI
 _44422_/L_HI
 _44423_/L_HI
 _44424_/L_HI
 _44425_/L_HI
 _44426_/L_HI
 _44427_/L_HI
 _44428_/L_HI
 _44429_/L_HI
 _44430_/L_HI
 _44431_/L_HI
 _44432_/L_HI
 _44433_/L_HI
 _44434_/L_HI
 _44435_/L_HI
 _44436_/L_HI
 _44437_/L_HI
 _44438_/L_HI
 _44439_/L_HI
 _44440_/L_HI
 _44441_/L_HI
 _44442_/L_HI
 _44443_/L_HI
 _44444_/L_HI
 _44445_/L_HI
 _44446_/L_HI
 _44447_/L_HI
 _44448_/L_HI
 _44449_/L_HI
 _44450_/L_HI
 _44451_/L_HI
 _44452_/L_HI
 _44453_/L_HI
 _44454_/L_HI
 _44455_/L_HI
 _44456_/L_HI
 _44457_/L_HI
 _44458_/L_HI
 _44459_/L_HI
 _44460_/L_HI
 _44461_/L_HI
 _44462_/L_HI
 _44463_/L_HI
 _44464_/L_HI
 _44465_/L_HI
 _44466_/L_HI
 _44467_/L_HI
 _44468_/L_HI
 _44469_/L_HI
 _44470_/L_HI
 _44471_/L_HI
 _44472_/L_HI
 _44473_/L_HI
 _44474_/L_HI
 _44475_/L_HI
 _44476_/L_HI
 _44477_/L_HI
 _44478_/L_HI
 _44479_/L_HI
 _44480_/L_HI
 _44481_/L_HI
 _44482_/L_HI
 _44483_/L_HI
 _44484_/L_HI
 _44485_/L_HI
 _44486_/L_HI
 _44487_/L_HI
 _44488_/L_HI
 _44489_/L_HI
 _44490_/L_HI
 _44491_/L_HI
 _44492_/L_HI
 _44493_/L_HI
 _44494_/L_HI
 _44495_/L_HI
 _44496_/L_HI
 _44497_/L_HI
 _44498_/L_HI
 _44499_/L_HI
 _44500_/L_HI
 _44501_/L_HI
 _44502_/L_HI
 _44503_/L_HI
 _44504_/L_HI
 _44505_/L_HI
 _44506_/L_HI
 _44507_/L_HI
 _44508_/L_HI
 _44509_/L_HI
 _44510_/L_HI
 _44511_/L_HI
 _44512_/L_HI
 _44513_/L_HI
 _44514_/L_HI
 _44515_/L_HI
 _44516_/L_HI
 _44517_/L_HI
 _44518_/L_HI
 _44519_/L_HI
 _44520_/L_HI
 _44521_/L_HI
 _44522_/L_HI
 _44523_/L_HI
 _44524_/L_HI
 _44525_/L_HI
 _44526_/L_HI
 _44527_/L_HI
 _44528_/L_HI
 _44529_/L_HI
 _44530_/L_HI
 _44531_/L_HI
 _44532_/L_HI
 _44533_/L_HI
 _44534_/L_HI
 _44535_/L_HI
 _44536_/L_HI
 _44537_/L_HI
 _44538_/L_HI
 _44539_/L_HI
 _44540_/L_HI
 _44541_/L_HI
 _44542_/L_HI
 _44543_/L_HI
 _44544_/L_HI
 _44545_/L_HI
 _44546_/L_HI
 _44547_/L_HI
 _44548_/L_HI
 _44549_/L_HI
 _44550_/L_HI
 _44551_/L_HI
 _44552_/L_HI
 _44553_/L_HI
 _44554_/L_HI
 _44555_/L_HI
 _44556_/L_HI
 _44557_/L_HI
 _44558_/L_HI
 _44559_/L_HI
 _44560_/L_HI
 _44561_/L_HI
 _44562_/L_HI
 _44563_/L_HI
 _44564_/L_HI
 _44565_/L_HI
 _44566_/L_HI
 _44567_/L_HI
 _44568_/L_HI
 _44569_/L_HI
 _44570_/L_HI
 _44571_/L_HI
 _44572_/L_HI
 _44573_/L_HI
 _44574_/L_HI
 _44575_/L_HI
 _44576_/L_HI
 _44577_/L_HI
 _44578_/L_HI
 _44579_/L_HI
 _44580_/L_HI
 _44581_/L_HI
 _44582_/L_HI
 _44583_/L_HI
 _44584_/L_HI
 _44585_/L_HI
 _44586_/L_HI
 _44587_/L_HI
 _44588_/L_HI
 _44589_/L_HI
 _44590_/L_HI
 _44591_/L_HI
 _44592_/L_HI
 _44593_/L_HI
 _44594_/L_HI
 _44595_/L_HI
 _44596_/L_HI
 _44597_/L_HI
 _44598_/L_HI
 _44599_/L_HI
 _44600_/L_HI
 _44601_/L_HI
 _44602_/L_HI
 _44603_/L_HI
 _44604_/L_HI
 _44605_/L_HI
 _44606_/L_HI
 _44607_/L_HI
 _44608_/L_HI
 _44609_/L_HI
 _44610_/L_HI
 _44611_/L_HI
 _44612_/L_HI
 _44613_/L_HI
 _44614_/L_HI
 _44615_/L_HI
 _44616_/L_HI
 _44617_/L_HI
 _44618_/L_HI
 _44619_/L_HI
 _44620_/L_HI
 _44621_/L_HI
 _44622_/L_HI
 _44623_/L_HI
 _44624_/L_HI
 _44625_/L_HI
 _44626_/L_HI
 _44627_/L_HI
 _44628_/L_HI
 _44629_/L_HI
 _44630_/L_HI
 _44631_/L_HI
 _44632_/L_HI
 _44633_/L_HI
 _44634_/L_HI
 _44635_/L_HI
 _44636_/L_HI
 _44637_/L_HI
 _44638_/L_HI
 _44639_/L_HI
 _44640_/L_HI
 _44641_/L_HI
 _44642_/L_HI
 _44643_/L_HI
 _44644_/L_HI
 _44645_/L_HI
 _44646_/L_HI
 _44647_/L_HI
 _44648_/L_HI
 _44649_/L_HI
 _44650_/L_HI
 _44651_/L_HI
 _44652_/L_HI
 _44653_/L_HI
 _44654_/L_HI
 _44655_/L_HI
 _44656_/L_HI
 _44657_/L_HI
 _44658_/L_HI
 _44659_/L_HI
 _44660_/L_HI
 _44661_/L_HI
 _44662_/L_HI
 _44663_/L_HI
 _44664_/L_HI
 _44665_/L_HI
 _44666_/L_HI
 _44667_/L_HI
 _44668_/L_HI
 _44669_/L_HI
 _44670_/L_HI
 _44671_/L_HI
 _44672_/L_HI
 _44673_/L_HI
 _44674_/L_HI
 _44675_/L_HI
 _44676_/L_HI
 _44677_/L_HI
 _44678_/L_HI
 _44679_/L_HI
 _44680_/L_HI
 _44681_/L_HI
 _44682_/L_HI
 _44683_/L_HI
 _44684_/L_HI
 _44685_/L_HI
 _44686_/L_HI
 _44687_/L_HI
 _44688_/L_HI
 _44689_/L_HI
 _44690_/L_HI
 _44691_/L_HI
 _44692_/L_HI
 _44693_/L_HI
 _44694_/L_HI
 _44695_/L_HI
 _44696_/L_HI
 _44697_/L_HI
 _44698_/L_HI
 _44699_/L_HI
 _44700_/L_HI
 _44701_/L_HI
 _44702_/L_HI
 _44703_/L_HI
 _44704_/L_HI
 _44705_/L_HI
 _44706_/L_HI
 _44707_/L_HI
 _44708_/L_HI
 _44709_/L_HI
 _44710_/L_HI
 _44711_/L_HI
 _44712_/L_HI
 _44713_/L_HI
 _44714_/L_HI
 _44715_/L_HI
 _44716_/L_HI
 _44717_/L_HI
 _44718_/L_HI
 _44719_/L_HI
 _44720_/L_HI
 _44721_/L_HI
 _44722_/L_HI
 _44723_/L_HI
 _44724_/L_HI
 _44725_/L_HI
 _44726_/L_HI
 _44727_/L_HI
 _44728_/L_HI
 _44729_/L_HI
 _44730_/L_HI
 _44731_/L_HI
 _44732_/L_HI
 _44733_/L_HI
 _44734_/L_HI
 _44735_/L_HI
 _44736_/L_HI
 _44737_/L_HI
 _44738_/L_HI
 _44739_/L_HI
 _44740_/L_HI
 _44741_/L_HI
 _44742_/L_HI
 _44743_/L_HI
 _44744_/L_HI
 _44745_/L_HI
 _44746_/L_HI
 _44747_/L_HI
 _44748_/L_HI
 _44749_/L_HI
 _44750_/L_HI
 _44751_/L_HI
 _44752_/L_HI
 _44753_/L_HI
 _44754_/L_HI
 _44755_/L_HI
 _44756_/L_HI
 _44757_/L_HI
 _44758_/L_HI
 _44759_/L_HI
 _44760_/L_HI
 _44761_/L_HI
 _44762_/L_HI
 _44763_/L_HI
 _44764_/L_HI
 _44765_/L_HI
 _44766_/L_HI
 _44767_/L_HI
 _44768_/L_HI
 _44769_/L_HI
 _44770_/L_HI
 _44771_/L_HI
 _44772_/L_HI
 _44773_/L_HI
 _44774_/L_HI
 _44775_/L_HI
 _44776_/L_HI
 _44777_/L_HI
 _44778_/L_HI
 _44779_/L_HI
 _44780_/L_HI
 _44781_/L_HI
 _44782_/L_HI
 _44783_/L_HI
 _44784_/L_HI
 _44785_/L_HI
 _44786_/L_HI
 _44787_/L_HI
 _44788_/L_HI
 _44789_/L_HI
 _44790_/L_HI
 _44791_/L_HI
 _44792_/L_HI
 _44793_/L_HI
 _44794_/L_HI
 _44795_/L_HI
 _44796_/L_HI
 _44797_/L_HI
 _44798_/L_HI
 _44799_/L_HI
 _44800_/L_HI
 _44801_/L_HI
 _44802_/L_HI
 _44803_/L_HI
 _44804_/L_HI
 _44805_/L_HI
 _44806_/L_HI
 _44807_/L_HI
 _44808_/L_HI
 _44809_/L_HI
 _44810_/L_HI
 _44811_/L_HI
 _44812_/L_HI
 _44813_/L_HI
 _44814_/L_HI
 _44815_/L_HI
 _44816_/L_HI
 _44817_/L_HI
 _44818_/L_HI
 _44819_/L_HI
 _44820_/L_HI
 _44821_/L_HI
 _44822_/L_HI
 _44823_/L_HI
 _44824_/L_HI
 _44825_/L_HI
 _44826_/L_HI
 _44827_/L_HI
 _44828_/L_HI
 _44829_/L_HI
 _44830_/L_HI
 _44831_/L_HI
 _44832_/L_HI
 _44833_/L_HI
 _44834_/L_HI
 _44835_/L_HI
 _44836_/L_HI
 _44837_/L_HI
 _44838_/L_HI
 _44839_/L_HI
 _44840_/L_HI
 _44841_/L_HI
 _44842_/L_HI
 _44843_/L_HI
 _44844_/L_HI
 _44845_/L_HI
 _44846_/L_HI
 _44847_/L_HI
 _44848_/L_HI
 _44849_/L_HI
 _44850_/L_HI
 _44851_/L_HI
 _44852_/L_HI
 _44853_/L_HI
 _44854_/L_HI
 _44855_/L_HI
 _44856_/L_HI
 _44857_/L_HI
 _44858_/L_HI
 _44859_/L_HI
 _44860_/L_HI
 _44861_/L_HI
 _44862_/L_HI
 _44863_/L_HI
 _44864_/L_HI
 _44865_/L_HI
 _44866_/L_HI
 _44867_/L_HI
 _44868_/L_HI
 _44869_/L_HI
 _44870_/L_HI
 _44871_/L_HI
 _44872_/L_HI
 _44873_/L_HI
 _44874_/L_HI
 _44875_/L_HI
 _44876_/L_HI
 _44877_/L_HI
 _44878_/L_HI
 _44879_/L_HI
 _44880_/L_HI
 _44881_/L_HI
 _44882_/L_HI
 _44883_/L_HI
 _44884_/L_HI
 _44885_/L_HI
 _44886_/L_HI
 _44887_/L_HI
 _44888_/L_HI
 _44889_/L_HI
 _44890_/L_HI
 _44891_/L_HI
 _44892_/L_HI
 _44893_/L_HI
 _44894_/L_HI
 _44895_/L_HI
 _44896_/L_HI
 _44897_/L_HI
 _44898_/L_HI
 _44899_/L_HI
 _44900_/L_HI
 _44901_/L_HI
 _44902_/L_HI
 _44903_/L_HI
 _44904_/L_HI
 _44905_/L_HI
 _44906_/L_HI
 _44907_/L_HI
 _44908_/L_HI
 _44909_/L_HI
 _44910_/L_HI
 _44911_/L_HI
 _44912_/L_HI
 _44913_/L_HI
 _44914_/L_HI
 _44915_/L_HI
 _44916_/L_HI
 _44917_/L_HI
 _44918_/L_HI
 _44919_/L_HI
 _44920_/L_HI
 _44921_/L_HI
 _44922_/L_HI
 _44923_/L_HI
 _44924_/L_HI
 _44925_/L_HI
 _44926_/L_HI
 _44927_/L_HI
 _44928_/L_HI
 _44929_/L_HI
 _44930_/L_HI
 _44931_/L_HI
 _44932_/L_HI
 _44933_/L_HI
 _44934_/L_HI
 _44935_/L_HI
 _44936_/L_HI
 _44937_/L_HI
 _44938_/L_HI
 _44939_/L_HI
 _44940_/L_HI
 _44941_/L_HI
 _44942_/L_HI
 _44943_/L_HI
 _44944_/L_HI
 _44945_/L_HI
 _44946_/L_HI
 _44947_/L_HI
 _44948_/L_HI
 _44949_/L_HI
 _44950_/L_HI
 _44951_/L_HI
 _44952_/L_HI
 _44953_/L_HI
 _44954_/L_HI
 _44955_/L_HI
 _44956_/L_HI
 _44957_/L_HI
 _44958_/L_HI
 _44959_/L_HI
 _44960_/L_HI
 _44961_/L_HI
 _44962_/L_HI
 _44963_/L_HI
 _44964_/L_HI
 _44965_/L_HI
 _44966_/L_HI
 _44967_/L_HI
 _44968_/L_HI
 _44969_/L_HI
 _44970_/L_HI
 _44971_/L_HI
 _44972_/L_HI
 _44973_/L_HI
 _44974_/L_HI
 _44975_/L_HI
 _44976_/L_HI
 _44977_/L_HI
 _44978_/L_HI
 _44979_/L_HI
 _44980_/L_HI
 _44981_/L_HI
 _44982_/L_HI
 _44983_/L_HI
 _44984_/L_HI
 _44985_/L_HI
 _44986_/L_HI
 _44987_/L_HI
 _44988_/L_HI
 _44989_/L_HI
 _44990_/L_HI
 _44991_/L_HI
 _44992_/L_HI
 _44993_/L_HI
 _44994_/L_HI
 _44995_/L_HI
 _44996_/L_HI
 _44997_/L_HI
 _44998_/L_HI
 _44999_/L_HI
 _45000_/L_HI
 _45001_/L_HI
 _45002_/L_HI
 _45003_/L_HI
 _45004_/L_HI
 _45005_/L_HI
 _45006_/L_HI
 _45007_/L_HI
 _45008_/L_HI
 _45009_/L_HI
 _45010_/L_HI
 _45011_/L_HI
 _45012_/L_HI
 _45013_/L_HI
 _45014_/L_HI
 _45015_/L_HI
 _45016_/L_HI
 _45017_/L_HI
 _45018_/L_HI
 _45019_/L_HI
 _45020_/L_HI
 _45021_/L_HI
 _45022_/L_HI
 _45023_/L_HI
 _45024_/L_HI
 _45025_/L_HI
 _45026_/L_HI
 _45027_/L_HI
 _45028_/L_HI
 _45029_/L_HI
 _45030_/L_HI
 _45031_/L_HI
 _45032_/L_HI
 _45033_/L_HI
 _45034_/L_HI
 _45035_/L_HI
 _45036_/L_HI
 _45037_/L_HI
 _45038_/L_HI
 _45039_/L_HI
 _45040_/L_HI
 _45041_/L_HI
 _45042_/L_HI
 _45043_/L_HI
 _45044_/L_HI
 _45045_/L_HI
 _45046_/L_HI
 _45047_/L_HI
 _45048_/L_HI
 _45049_/L_HI
 _45050_/L_HI
 _45051_/L_HI
 _45052_/L_HI
 _45053_/L_HI
 _45054_/L_HI
 _45055_/L_HI
 _45056_/L_HI
 _45057_/L_HI
 _45058_/L_HI
 _45059_/L_HI
 _45060_/L_HI
 _45061_/L_HI
 _45062_/L_HI
 _45063_/L_HI
 _45064_/L_HI
 _45065_/L_HI
 _45066_/L_HI
 _45067_/L_HI
 _45068_/L_HI
 _45069_/L_HI
 _45070_/L_HI
 _45071_/L_HI
 _45072_/L_HI
 _45073_/L_HI
 _45074_/L_HI
 _45075_/L_HI
 _45076_/L_HI
 _45077_/L_HI
 _45078_/L_HI
 _45079_/L_HI
 _45080_/L_HI
 _45081_/L_HI
 _45082_/L_HI
 _45083_/L_HI
 _45084_/L_HI
 _45085_/L_HI
 _45086_/L_HI
 _45087_/L_HI
 _45088_/L_HI
 _45089_/L_HI
 _45090_/L_HI
 _45091_/L_HI
 _45092_/L_HI
 _45093_/L_HI
 _45094_/L_HI
 _45095_/L_HI
 _45096_/L_HI
 _45097_/L_HI
 _45098_/L_HI
 _45099_/L_HI
 _45100_/L_HI
 _45101_/L_HI
 _45102_/L_HI
 _45103_/L_HI
 _45104_/L_HI
 _45105_/L_HI
 _45106_/L_HI
 _45107_/L_HI
 _45108_/L_HI
 _45109_/L_HI
 _45110_/L_HI
 _45111_/L_HI
 _45112_/L_HI
 _45113_/L_HI
 _45114_/L_HI
 _45115_/L_HI
 _45116_/L_HI
 _45117_/L_HI
 _45118_/L_HI
 _45119_/L_HI
 _45120_/L_HI
 _45121_/L_HI
 _45122_/L_HI
 _45123_/L_HI
 _45124_/L_HI
 _45125_/L_HI
 _45126_/L_HI
 _45127_/L_HI
 _45128_/L_HI
 _45129_/L_HI
 _45130_/L_HI
 _45131_/L_HI
 _45132_/L_HI
 _45133_/L_HI
 _45134_/L_HI
 _45135_/L_HI
 _45136_/L_HI
 _45137_/L_HI
 _45138_/L_HI
 _45139_/L_HI
 _45140_/L_HI
 _45141_/L_HI
 _45142_/L_HI
 _45143_/L_HI
 _45144_/L_HI
 _45145_/L_HI
 _45146_/L_HI
 _45147_/L_HI
 _45148_/L_HI
 _45149_/L_HI
 _45150_/L_HI
 _45151_/L_HI
 _45152_/L_HI
 _45153_/L_HI
 _45154_/L_HI
 _45155_/L_HI
 _45156_/L_HI
 _45157_/L_HI
 _45158_/L_HI
 _45159_/L_HI
 _45160_/L_HI
 _45161_/L_HI
 _45162_/L_HI
 _45163_/L_HI
 _45164_/L_HI
 _45165_/L_HI
 _45166_/L_HI
 _45167_/L_HI
 _45168_/L_HI
 _45169_/L_HI
 _45170_/L_HI
 _45171_/L_HI
 _45172_/L_HI
 _45173_/L_HI
 _45174_/L_HI
 _45175_/L_HI
 _45176_/L_HI
 _45177_/L_HI
 _45178_/L_HI
 _45179_/L_HI
 _45180_/L_HI
 _45181_/L_HI
 _45182_/L_HI
 _45183_/L_HI
 _45184_/L_HI
 _45185_/L_HI
 _45186_/L_HI
 _45187_/L_HI
 _45188_/L_HI
 _45189_/L_HI
 _45190_/L_HI
 _45191_/L_HI
 _45192_/L_HI
 _45193_/L_HI
 _45194_/L_HI
 _45195_/L_HI
 _45196_/L_HI
 _45197_/L_HI
 _45198_/L_HI
 _45199_/L_HI
 _45200_/L_HI
 _45201_/L_HI
 _45202_/L_HI
 _45203_/L_HI
 _45204_/L_HI
 _45205_/L_HI
 _45206_/L_HI
 _45207_/L_HI
 _45208_/L_HI
 _45209_/L_HI
 _45210_/L_HI
 _45211_/L_HI
 _45212_/L_HI
 _45213_/L_HI
 _45214_/L_HI
 _45215_/L_HI
 _45216_/L_HI
 _45217_/L_HI
 _45218_/L_HI
 _45219_/L_HI
 _45220_/L_HI
 _45221_/L_HI
 _45222_/L_HI
 _45223_/L_HI
 _45224_/L_HI
 _45225_/L_HI
 _45226_/L_HI
 _45227_/L_HI
 _45228_/L_HI
 _45229_/L_HI
 _45230_/L_HI
 _45231_/L_HI
 _45232_/L_HI
 _45233_/L_HI
 _45234_/L_HI
 _45235_/L_HI
 _45236_/L_HI
 _45237_/L_HI
 _45238_/L_HI
 _45239_/L_HI
 _45240_/L_HI
 _45241_/L_HI
 _45242_/L_HI
 _45243_/L_HI
 _45244_/L_HI
 _45245_/L_HI
 _45246_/L_HI
 _45247_/L_HI
 _45248_/L_HI
 _45249_/L_HI
 _45250_/L_HI
 _45251_/L_HI
 _45252_/L_HI
 _45253_/L_HI
 _45254_/L_HI
 _45255_/L_HI
 _45256_/L_HI
 _45257_/L_HI
 _45258_/L_HI
 _45259_/L_HI
 _45260_/L_HI
 _45261_/L_HI
 _45262_/L_HI
 _45263_/L_HI
 _45264_/L_HI
 _45265_/L_HI
 _45266_/L_HI
 _45267_/L_HI
 _45268_/L_HI
 _45269_/L_HI
 _45270_/L_HI
 _45271_/L_HI
 _45272_/L_HI
 _45273_/L_HI
 _45274_/L_HI
 _45275_/L_HI
 _45276_/L_HI
 _45277_/L_HI
 _45278_/L_HI
 _45279_/L_HI
 _45280_/L_HI
 _45281_/L_HI
 _45282_/L_HI
 _45283_/L_HI
 _45284_/L_HI
 _45285_/L_HI
 _45286_/L_HI
 _45287_/L_HI
 _45288_/L_HI
 _45289_/L_HI
 _45290_/L_HI
 _45291_/L_HI
 _45292_/L_HI
 _45293_/L_HI
 _45294_/L_HI
 _45295_/L_HI
 _45296_/L_HI
 _45297_/L_HI
 _45298_/L_HI
 _45299_/L_HI
 _45300_/L_HI
 _45301_/L_HI
 _45302_/L_HI
 _45303_/L_HI
 _45304_/L_HI
 _45305_/L_HI
 _45306_/L_HI
 _45307_/L_HI
 _45308_/L_HI
 _45309_/L_HI
 _45310_/L_HI
 _45311_/L_HI
 _45312_/L_HI
 _45313_/L_HI
 _45314_/L_HI
 _45315_/L_HI
 _45316_/L_HI
 _45317_/L_HI
 _45318_/L_HI
 _45319_/L_HI
 _45320_/L_HI
 _45321_/L_HI
 _45322_/L_HI
 _45323_/L_HI
 _45324_/L_HI
 _45325_/L_HI
 _45326_/L_HI
 _45327_/L_HI
 _45328_/L_HI
 _45329_/L_HI
 _45330_/L_HI
 _45331_/L_HI
 _45332_/L_HI
 _45333_/L_HI
 _45334_/L_HI
 _45335_/L_HI
 _45336_/L_HI
 _45337_/L_HI
 _45338_/L_HI
 _45339_/L_HI
 _45340_/L_HI
 _45341_/L_HI
 _45342_/L_HI
 _45343_/L_HI
 _45344_/L_HI
 _45345_/L_HI
 _45346_/L_HI
 _45347_/L_HI
 _45348_/L_HI
 _45349_/L_HI
 _45350_/L_HI
 _45351_/L_HI
 _45352_/L_HI
 _45353_/L_HI
 _45354_/L_HI
 _45355_/L_HI
 _45356_/L_HI
 _45357_/L_HI
 _45358_/L_HI
 _45359_/L_HI
 _45360_/L_HI
 _45361_/L_HI
 _45362_/L_HI
 _45363_/L_HI
 _45364_/L_HI
 _45365_/L_HI
 _45366_/L_HI
 _45367_/L_HI
 _45368_/L_HI
 _45369_/L_HI
 _45370_/L_HI
 _45371_/L_HI
 _45372_/L_HI
 _45373_/L_HI
 _45374_/L_HI
 _45375_/L_HI
 _45376_/L_HI
 _45377_/L_HI
 _45378_/L_HI
 _45379_/L_HI
 _45380_/L_HI
 _45381_/L_HI
 _45382_/L_HI
 _45383_/L_HI
 _45384_/L_HI
 _45385_/L_HI
 _45386_/L_HI
 _45387_/L_HI
 _45388_/L_HI
 _45389_/L_HI
 _45390_/L_HI
 _45391_/L_HI
 _45392_/L_HI
 _45393_/L_HI
 _45394_/L_HI
 _45395_/L_HI
 _45396_/L_HI
 _45397_/L_HI
 _45398_/L_HI
 _45399_/L_HI
 _45400_/L_HI
 _45401_/L_HI
 _45402_/L_HI
 _45403_/L_HI
 _45404_/L_HI
 _45405_/L_HI
 _45406_/L_HI
 _45407_/L_HI
 _45408_/L_HI
 _45409_/L_HI
 _45410_/L_HI
 _45411_/L_HI
 _45412_/L_HI
 _45413_/L_HI
 _45414_/L_HI
 _45415_/L_HI
 _45416_/L_HI
 _45417_/L_HI
 _45418_/L_HI
 _45419_/L_HI
 _45420_/L_HI
 _45421_/L_HI
 _45422_/L_HI
 _45423_/L_HI
 _45424_/L_HI
 _45425_/L_HI
 _45426_/L_HI
 _45427_/L_HI
 _45428_/L_HI
 _45429_/L_HI
 _45430_/L_HI
 _45431_/L_HI
 _45432_/L_HI
 _45433_/L_HI
 _45434_/L_HI
 _45435_/L_HI
 _45436_/L_HI
 _45437_/L_HI
 _45438_/L_HI
 _45439_/L_HI
 _45440_/L_HI
 _45441_/L_HI
 _45442_/L_HI
 _45443_/L_HI
 _45444_/L_HI
 _45445_/L_HI
 _45446_/L_HI
 _45447_/L_HI
 _45448_/L_HI
 _45449_/L_HI
 _45450_/L_HI
 _45451_/L_HI
 _45452_/L_HI
 _45453_/L_HI
 _45454_/L_HI
 _45455_/L_HI
 _45456_/L_HI
 _45457_/L_HI
 _45458_/L_HI
 _45459_/L_HI
 _45460_/L_HI
 _45461_/L_HI
 _45462_/L_HI
 _45463_/L_HI
 _45464_/L_HI
 _45465_/L_HI
 _45466_/L_HI
 _45467_/L_HI
 _45468_/L_HI
 _45469_/L_HI
 _45470_/L_HI
 _45471_/L_HI
 _45472_/L_HI
 _45473_/L_HI
 _45474_/L_HI
 _45475_/L_HI
 _45476_/L_HI
 _45477_/L_HI
 _45478_/L_HI
 _45479_/L_HI
 _45480_/L_HI
 _45481_/L_HI
 _45482_/L_HI
 _45483_/L_HI
 _45484_/L_HI
 _45485_/L_HI
 _45486_/L_HI
 _45487_/L_HI
 _45488_/L_HI
 _45489_/L_HI
 _45490_/L_HI
 _45491_/L_HI
 _45492_/L_HI
 _45493_/L_HI
 _45494_/L_HI
 _45495_/L_HI
 _45496_/L_HI
 _45497_/L_HI
 _45498_/L_HI
 _45499_/L_HI
 _45500_/L_HI
 _45501_/L_HI
 _45502_/L_HI
 _45503_/L_HI
 _45504_/L_HI
 _45505_/L_HI
 _45506_/L_HI
 _45507_/L_HI
 _45508_/L_HI
 _45509_/L_HI
 _45510_/L_HI
 _45511_/L_HI
 _45512_/L_HI
 _45513_/L_HI
 _45514_/L_HI
 _45515_/L_HI
 _45516_/L_HI
 _45517_/L_HI
 _45518_/L_HI
 _45519_/L_HI
 _45520_/L_HI
 _45521_/L_HI
 _45522_/L_HI
 _45523_/L_HI
 _45524_/L_HI
 _45525_/L_HI
 _45526_/L_HI
 _45527_/L_HI
 _45528_/L_HI
 _45529_/L_HI
 _45530_/L_HI
 _45531_/L_HI
 _45532_/L_HI
 _45533_/L_HI
 _45534_/L_HI
 _45535_/L_HI
 _45536_/L_HI
 _45537_/L_HI
 _45538_/L_HI
 _45539_/L_HI
 _45540_/L_HI
 _45541_/L_HI
 _45542_/L_HI
 _45543_/L_HI
 _45544_/L_HI
 _45545_/L_HI
 _45546_/L_HI
 _45547_/L_HI
 _45548_/L_HI
 _45549_/L_HI
 _45550_/L_HI
 _45551_/L_HI
 _45552_/L_HI
 _45553_/L_HI
 _45554_/L_HI
 _45555_/L_HI
 _45556_/L_HI
 _45557_/L_HI
 _45558_/L_HI
 _45559_/L_HI
 _45560_/L_HI
 _45561_/L_HI
 _45562_/L_HI
 _45563_/L_HI
 _45564_/L_HI
 _45565_/L_HI
 _45566_/L_HI
 _45567_/L_HI
 _45568_/L_HI
 _45569_/L_HI
 _45570_/L_HI
 _45571_/L_HI
 _45572_/L_HI
 _45573_/L_HI
 _45574_/L_HI
 _45575_/L_HI
 _45576_/L_HI
 _45577_/L_HI
 _45578_/L_HI
 _45579_/L_HI
 _45580_/L_HI
 _45581_/L_HI
 _45582_/L_HI
 _45583_/L_HI
 _45584_/L_HI
 _45585_/L_HI
 _45586_/L_HI
 _45587_/L_HI
 _45588_/L_HI
 _45589_/L_HI
 _45590_/L_HI
 _45591_/L_HI
 _45592_/L_HI
 _45593_/L_HI
 _45594_/L_HI
 _45595_/L_HI
 _45596_/L_HI
 _45597_/L_HI
 _45598_/L_HI
 _45599_/L_HI
 _45600_/L_HI
 _45601_/L_HI
 _45602_/L_HI
 _45603_/L_HI
 _45604_/L_HI
 _45605_/L_HI
 _45606_/L_HI
 _45607_/L_HI
 _45608_/L_HI
 _45609_/L_HI
 _45610_/L_HI
 _45611_/L_HI
 _45612_/L_HI
 _45613_/L_HI
 _45614_/L_HI
 _45615_/L_HI
 _45616_/L_HI
 _45617_/L_HI
 _45618_/L_HI
 _45619_/L_HI
 _45620_/L_HI
 _45621_/L_HI
 _45622_/L_HI
 _45623_/L_HI
 _45624_/L_HI
 _45625_/L_HI
 _45626_/L_HI
 _45627_/L_HI
 _45628_/L_HI
 _45629_/L_HI
 _45630_/L_HI
 _45631_/L_HI
 _45632_/L_HI
 _45633_/L_HI
 _45634_/L_HI
 _45635_/L_HI
 _45636_/L_HI
 _45637_/L_HI
 _45638_/L_HI
 _45639_/L_HI
 _45640_/L_HI
 _45641_/L_HI
 _45642_/L_HI
 _45643_/L_HI
 _45644_/L_HI
 _45645_/L_HI
 _45646_/L_HI
 _45647_/L_HI
 _45648_/L_HI
 _45649_/L_HI
 _45650_/L_HI
 _45651_/L_HI
 _45652_/L_HI
 _45653_/L_HI
 _45654_/L_HI
 _45655_/L_HI
 _45656_/L_HI
 _45657_/L_HI
 _45658_/L_HI
 _45659_/L_HI
 _45660_/L_HI
 _45661_/L_HI
 _45662_/L_HI
 _45663_/L_HI
 _45664_/L_HI
 _45665_/L_HI
 _45666_/L_HI
 _45667_/L_HI
 _45668_/L_HI
 _45669_/L_HI
 _45670_/L_HI
 _45671_/L_HI
 _45672_/L_HI
 _45673_/L_HI
 _45674_/L_HI
 _45675_/L_HI
 _45676_/L_HI
 _45677_/L_HI
 _45678_/L_HI
 _45679_/L_HI
 _45680_/L_HI
 _45681_/L_HI
 _45682_/L_HI
 _45683_/L_HI
 _45684_/L_HI
 _45685_/L_HI
 _45686_/L_HI
 _45687_/L_HI
 _45688_/L_HI
 _45689_/L_HI
 _45690_/L_HI
 _45691_/L_HI
 _45692_/L_HI
 _45693_/L_HI
 _45694_/L_HI
 _45695_/L_HI
 _45696_/L_HI
 _45697_/L_HI
 _45698_/L_HI
 _45699_/L_HI
 _45700_/L_HI
 _45701_/L_HI
 _45702_/L_HI
 _45703_/L_HI
 _45704_/L_HI
 _45705_/L_HI
 _45706_/L_HI
 _45707_/L_HI
 _45708_/L_HI
 _45709_/L_HI
 _45710_/L_HI
 _45711_/L_HI
 _45712_/L_HI
 _45713_/L_HI
 _45714_/L_HI
 _45715_/L_HI
 _45716_/L_HI
 _45717_/L_HI
 _45718_/L_HI
 _45719_/L_HI
 _45720_/L_HI
 _45721_/L_HI
 _45722_/L_HI
 _45723_/L_HI
 _45724_/L_HI
 _45725_/L_HI
 _45726_/L_HI
 _45727_/L_HI
 _45728_/L_HI
 _45729_/L_HI
 _45730_/L_HI
 _45731_/L_HI
 _45732_/L_HI
 _45733_/L_HI
 _45734_/L_HI
 _45735_/L_HI
 _45736_/L_HI
 _45737_/L_HI
 _45738_/L_HI
 _45739_/L_HI
 _45740_/L_HI
 _45741_/L_HI
 _45742_/L_HI
 _45743_/L_HI
 _45744_/L_HI
 _45745_/L_HI
 _45746_/L_HI
 _45747_/L_HI
 _45748_/L_HI
 _45749_/L_HI
 _45750_/L_HI
 _45751_/L_HI
 _45752_/L_HI
 _45753_/L_HI
 _45754_/L_HI
 _45755_/L_HI
 _45756_/L_HI
 _45757_/L_HI
 _45758_/L_HI
 _45759_/L_HI
 _45760_/L_HI
 _45761_/L_HI
 _45762_/L_HI
 _45763_/L_HI
 _45764_/L_HI
 _45765_/L_HI
 _45766_/L_HI
 _45767_/L_HI
 _45768_/L_HI
 _45769_/L_HI
 _45770_/L_HI
 _45771_/L_HI
 _45772_/L_HI
 _45773_/L_HI
 _45774_/L_HI
 _45775_/L_HI
 _45776_/L_HI
 _45777_/L_HI
 _45778_/L_HI
 _45779_/L_HI
 _45780_/L_HI
 _45781_/L_HI
 _45782_/L_HI
 _45783_/L_HI
 _45784_/L_HI
 _45785_/L_HI
 _45786_/L_HI
 _45787_/L_HI
 _45788_/L_HI
 _45789_/L_HI
 _45790_/L_HI
 _45791_/L_HI
 _45792_/L_HI
 _45793_/L_HI
 _45794_/L_HI
 _45795_/L_HI
 _45796_/L_HI
 _45797_/L_HI
 _45798_/L_HI
 _45799_/L_HI
 _45800_/L_HI
 _45801_/L_HI
 _45802_/L_HI
 _45803_/L_HI
 _45804_/L_HI
 _45805_/L_HI
 _45806_/L_HI
 _45807_/L_HI
 _45808_/L_HI
 _45809_/L_HI
 _45810_/L_HI
 _45811_/L_HI
 _45812_/L_HI
 _45813_/L_HI
 _45814_/L_HI
 _45815_/L_HI
 _45816_/L_HI
 _45817_/L_HI
 _45818_/L_HI
 _45819_/L_HI
 _45820_/L_HI
 _45821_/L_HI
 _45822_/L_HI
 _45823_/L_HI
 _45824_/L_HI
 _45825_/L_HI
 _45826_/L_HI
 _45827_/L_HI
 _45828_/L_HI
 _45829_/L_HI
 _45830_/L_HI
 _45831_/L_HI
 _45832_/L_HI
 _45833_/L_HI
 _45834_/L_HI
 _45835_/L_HI
 _45836_/L_HI
 _45837_/L_HI
 _45838_/L_HI
 _45839_/L_HI
 _45840_/L_HI
 _45841_/L_HI
 _45842_/L_HI
 _45843_/L_HI
 _45844_/L_HI
 _45845_/L_HI
 _45846_/L_HI
 _45847_/L_HI
 _45848_/L_HI
 _45849_/L_HI
 _45850_/L_HI
 _45851_/L_HI
 _45852_/L_HI
 _45853_/L_HI
 _45854_/L_HI
 _45855_/L_HI
 _45856_/L_HI
 _45857_/L_HI
 _45858_/L_HI
 _45859_/L_HI
 _45860_/L_HI
 _45861_/L_HI
 _45862_/L_HI
 _45863_/L_HI
 _45864_/L_HI
 _45865_/L_HI
 _45866_/L_HI
 _45867_/L_HI
 _45868_/L_HI
 _45869_/L_HI
 _45870_/L_HI
 _45871_/L_HI
 _45872_/L_HI
 _45873_/L_HI
 _45874_/L_HI
 _45875_/L_HI
 _45876_/L_HI
 _45877_/L_HI
 _45878_/L_HI
 _45879_/L_HI
 _45880_/L_HI
 _45881_/L_HI
 _45882_/L_HI
 _45883_/L_HI
 _45884_/L_HI
 _45885_/L_HI
 _45886_/L_HI
 _45887_/L_HI
 _45888_/L_HI
 _45889_/L_HI
 _45890_/L_HI
 _45891_/L_HI
 _45892_/L_HI
 _45893_/L_HI
 _45894_/L_HI
 _45895_/L_HI
 _45896_/L_HI
 _45897_/L_HI
 _45898_/L_HI
 _45899_/L_HI
 _45900_/L_HI
 _45901_/L_HI
 _45902_/L_HI
 _45903_/L_HI
 _45904_/L_HI
 _45905_/L_HI
 _45906_/L_HI
 _45907_/L_HI
 _45908_/L_HI
 _45909_/L_HI
 _45910_/L_HI
 _45911_/L_HI
 _45912_/L_HI
 _45913_/L_HI
 _45914_/L_HI
 _45915_/L_HI
 _45916_/L_HI
 _45917_/L_HI
 _45918_/L_HI
 _45919_/L_HI
 _45920_/L_HI
 _45921_/L_HI
 _45922_/L_HI
 _45923_/L_HI
 _45924_/L_HI
 _45925_/L_HI
 _45926_/L_HI
 _45927_/L_HI
 _45928_/L_HI
 _45929_/L_HI
 _45930_/L_HI
 _45931_/L_HI
 _45932_/L_HI
 _45933_/L_HI
 _45934_/L_HI
 _45935_/L_HI
 _45936_/L_HI
 _45937_/L_HI
 _45938_/L_HI
 _45939_/L_HI
 _45940_/L_HI
 _45941_/L_HI
 _45942_/L_HI
 _45943_/L_HI
 _45944_/L_HI
 _45945_/L_HI
 _45946_/L_HI
 _45947_/L_HI
 _45948_/L_HI
 _45949_/L_HI
 _45950_/L_HI
 _45951_/L_HI
 _45952_/L_HI
 _45953_/L_HI
 _45954_/L_HI
 _45955_/L_HI
 _45956_/L_HI
 _45957_/L_HI
 _45958_/L_HI
 _45959_/L_HI
 _45960_/L_HI
 _45961_/L_HI
 _45962_/L_HI
 _45963_/L_HI
 _45964_/L_HI
 _45965_/L_HI
 _45966_/L_HI
 _45967_/L_HI
 _45968_/L_HI
 _45969_/L_HI
 _45970_/L_HI
 _45971_/L_HI
 _45972_/L_HI
 _45973_/L_HI
 _45974_/L_HI
 _45975_/L_HI
 _45976_/L_HI
 _45977_/L_HI
 _45978_/L_HI
 _45979_/L_HI
 _45980_/L_HI
 _45981_/L_HI
 _45982_/L_HI
 _45983_/L_HI
 _45984_/L_HI
 _45985_/L_HI
 _45986_/L_HI
 _45987_/L_HI
 _45988_/L_HI
 _45989_/L_HI
 _45990_/L_HI
 _45991_/L_HI
 _45992_/L_HI
 _45993_/L_HI
 _45994_/L_HI
 _45995_/L_HI
 _45996_/L_HI
 _45997_/L_HI
 _45998_/L_HI
 _45999_/L_HI
 _46000_/L_HI
 _46001_/L_HI
 _46002_/L_HI
 _46003_/L_HI
 _46004_/L_HI
 _46005_/L_HI
 _46006_/L_HI
 _46007_/L_HI
 _46008_/L_HI
 _46009_/L_HI
 _46010_/L_HI
 _46011_/L_HI
 _46012_/L_HI
 _46013_/L_HI
 _46014_/L_HI
 _46015_/L_HI
 _46016_/L_HI
 _46017_/L_HI
 _46018_/L_HI
 _46019_/L_HI
 _46020_/L_HI
 _46021_/L_HI
 _46022_/L_HI
 _46023_/L_HI
 _46024_/L_HI
 _46025_/L_HI
 _46026_/L_HI
 _46027_/L_HI
 _46028_/L_HI
 _46029_/L_HI
 _46030_/L_HI
 _46031_/L_HI
 _46032_/L_HI
 _46033_/L_HI
 _46034_/L_HI
 _46035_/L_HI
 _46036_/L_HI
 _46037_/L_HI
 _46038_/L_HI
 _46039_/L_HI
 _46040_/L_HI
 _46041_/L_HI
 _46042_/L_HI
 _46043_/L_HI
 _46044_/L_HI
 _46045_/L_HI
 _46046_/L_HI
 _46047_/L_HI
 _46048_/L_HI
 _46049_/L_HI
 _46050_/L_HI
 _46051_/L_HI
 _46052_/L_HI
 _46053_/L_HI
 _46054_/L_HI
 _46055_/L_HI
 _46056_/L_HI
 _46057_/L_HI
 _46058_/L_HI
 _46059_/L_HI
 _46060_/L_HI
 _46061_/L_HI
 _46062_/L_HI
 _46063_/L_HI
 _46064_/L_HI
 _46065_/L_HI
 _46066_/L_HI
 _46067_/L_HI
 _46068_/L_HI
 _46069_/L_HI
 _46070_/L_HI
 _46071_/L_HI
 _46072_/L_HI
 _46073_/L_HI
 _46074_/L_HI
 _46075_/L_HI
 _46076_/L_HI
 _46077_/L_HI
 _46078_/L_HI
 _46079_/L_HI
 _46080_/L_HI
 _46081_/L_HI
 _46082_/L_HI
 _46083_/L_HI
 _46084_/L_HI
 _46085_/L_HI
 _46086_/L_HI
 _46087_/L_HI
 _46088_/L_HI
 _46089_/L_HI
 _46090_/L_HI
 _46091_/L_HI
 _46092_/L_HI
 _46093_/L_HI
 _46094_/L_HI
 _46095_/L_HI
 _46096_/L_HI
 _46097_/L_HI
 _46098_/L_HI
 _46099_/L_HI
 _46100_/L_HI
 _46101_/L_HI
 _46102_/L_HI
 _46103_/L_HI
 _46104_/L_HI
 _46105_/L_HI
 _46106_/L_HI
 _46107_/L_HI
 _46108_/L_HI
 _46109_/L_HI
 _46110_/L_HI
 _46111_/L_HI
 _46112_/L_HI
 _46113_/L_HI
 _46114_/L_HI
 _46115_/L_HI
 _46116_/L_HI
 _46117_/L_HI
 _46118_/L_HI
 _46119_/L_HI
 _46120_/L_HI
 _46121_/L_HI
 _46122_/L_HI
 _46123_/L_HI
 _46124_/L_HI
 _46125_/L_HI
 _46126_/L_HI
 _46127_/L_HI
 _46128_/L_HI
 _46129_/L_HI
 _46130_/L_HI
 _46131_/L_HI
 _46132_/L_HI
 _46133_/L_HI
 _46134_/L_HI
 _46135_/L_HI
 _46136_/L_HI
 _46137_/L_HI
 _46138_/L_HI
 _46139_/L_HI
 _46140_/L_HI
 _46141_/L_HI
 _46142_/L_HI
 _46143_/L_HI
 _46144_/L_HI
 _46145_/L_HI
 _46146_/L_HI
 _46147_/L_HI
 _46148_/L_HI
 _46149_/L_HI
 _46150_/L_HI
 _46151_/L_HI
 _46152_/L_HI
 _46153_/L_HI
 _46154_/L_HI
 _46155_/L_HI
 _46156_/L_HI
 _46157_/L_HI
 _46158_/L_HI
 _46159_/L_HI
 _46160_/L_HI
 _46161_/L_HI
 _46162_/L_HI
 _46163_/L_HI
 _46164_/L_HI
 _46165_/L_HI
 _46166_/L_HI
 _46167_/L_HI
 _46168_/L_HI
 _46169_/L_HI
 _46170_/L_HI
 _46171_/L_HI
 _46172_/L_HI
 _46173_/L_HI
 _46174_/L_HI
 _46175_/L_HI
 _46176_/L_HI
 _46177_/L_HI
 _46178_/L_HI
 _46179_/L_HI
 _46180_/L_HI
 _46181_/L_HI
 _46182_/L_HI
 _46183_/L_HI
 _46184_/L_HI
 _46185_/L_HI
 _46186_/L_HI
 _46187_/L_HI
 _46188_/L_HI
 _46189_/L_HI
 _46190_/L_HI
 _46191_/L_HI
 _46192_/L_HI
 _46193_/L_HI
 _46194_/L_HI
 _46195_/L_HI
 _46196_/L_HI
 _46197_/L_HI
 _46198_/L_HI
 _46199_/L_HI
 _46200_/L_HI
 _46201_/L_HI
 _46202_/L_HI
 _46203_/L_HI
 _46204_/L_HI
 _46205_/L_HI
 _46206_/L_HI
 _46207_/L_HI
 _46208_/L_HI
 _46209_/L_HI
 _46210_/L_HI
 _46211_/L_HI
 _46212_/L_HI
 _46213_/L_HI
 _46214_/L_HI
 _46215_/L_HI
 _46216_/L_HI
 _46217_/L_HI
 _46218_/L_HI
 _46219_/L_HI
 _46220_/L_HI
 _46221_/L_HI
 _46222_/L_HI
 _46223_/L_HI
 _46224_/L_HI
 _46225_/L_HI
 _46226_/L_HI
 _46227_/L_HI
 _46228_/L_HI
 _46229_/L_HI
 _46230_/L_HI
 _46231_/L_HI
 _46232_/L_HI
 _46233_/L_HI
 _46234_/L_HI
 _46235_/L_HI
 _46236_/L_HI
 _46237_/L_HI
 _46238_/L_HI
 _46239_/L_HI
 _46240_/L_HI
 _46241_/L_HI
 _46242_/L_HI
 _46243_/L_HI
 _46244_/L_HI
 _46245_/L_HI
 _46246_/L_HI
 _46247_/L_HI
 _46248_/L_HI
 _46249_/L_HI
 _46250_/L_HI
 _46251_/L_HI
 _46252_/L_HI
 _46253_/L_HI
 _46254_/L_HI
 _46255_/L_HI
 _46256_/L_HI
 _46257_/L_HI
 _46258_/L_HI
 _46259_/L_HI
 _46260_/L_HI
 _46261_/L_HI
 _46262_/L_HI
 _46263_/L_HI
 _46264_/L_HI
 _46265_/L_HI
 _46266_/L_HI
 _46267_/L_HI
 _46268_/L_HI
 _46269_/L_HI
 _46270_/L_HI
 _46271_/L_HI
 _46272_/L_HI
 _46273_/L_HI
 _46274_/L_HI
 _46275_/L_HI
 _46276_/L_HI
 _46277_/L_HI
 _46278_/L_HI
 _46279_/L_HI
 _46280_/L_HI
 _46281_/L_HI
 _46282_/L_HI
 _46283_/L_HI
 _46284_/L_HI
 _46285_/L_HI
 _46286_/L_HI
 _46287_/L_HI
 _46288_/L_HI
 _46289_/L_HI
 _46290_/L_HI
 _46291_/L_HI
 _46292_/L_HI
 _46293_/L_HI
 _46294_/L_HI
 _46295_/L_HI
 _46296_/L_HI
 _46297_/L_HI
 _46298_/L_HI
 _46299_/L_HI
 _46300_/L_HI
 _46301_/L_HI
 _46302_/L_HI
 _46303_/L_HI
 _46304_/L_HI
 _46305_/L_HI
 _46306_/L_HI
 _46307_/L_HI
 _46308_/L_HI
 _46309_/L_HI
 _46310_/L_HI
 _46311_/L_HI
 _46312_/L_HI
 _46313_/L_HI
 _46314_/L_HI
 _46315_/L_HI
 _46316_/L_HI
 _46317_/L_HI
 _46318_/L_HI
 _46319_/L_HI
 _46320_/L_HI
 _46321_/L_HI
 _46322_/L_HI
 _46323_/L_HI
 _46324_/L_HI
 _46325_/L_HI
 _46326_/L_HI
 _46327_/L_HI
 _46328_/L_HI
 _46329_/L_HI
 _46330_/L_HI
 _46331_/L_HI
 _46332_/L_HI
 _46333_/L_HI
 _46334_/L_HI
 _46335_/L_HI
 _46336_/L_HI
 _46337_/L_HI
 _46338_/L_HI
 _46339_/L_HI
 _46340_/L_HI
 _46341_/L_HI
 _46342_/L_HI
 _46343_/L_HI
 _46344_/L_HI
 _46345_/L_HI
 _46346_/L_HI
 _46347_/L_HI
 _46348_/L_HI
 _46349_/L_HI
 _46350_/L_HI
 _46351_/L_HI
 _46352_/L_HI
 _46353_/L_HI
 _46354_/L_HI
 _46355_/L_HI
 _46356_/L_HI
 _46357_/L_HI
 _46358_/L_HI
 _46359_/L_HI
 _46360_/L_HI
 _46361_/L_HI
 _46362_/L_HI
 _46363_/L_HI
 _46364_/L_HI
 _46365_/L_HI
 _46366_/L_HI
 _46367_/L_HI
 _46368_/L_HI
 _46369_/L_HI
 _46370_/L_HI
 _46371_/L_HI
 _46372_/L_HI
 _46373_/L_HI
 _46374_/L_HI
 _46375_/L_HI
 _46376_/L_HI
 _46377_/L_HI
 _46378_/L_HI
 _46379_/L_HI
 _46380_/L_HI
 _46381_/L_HI
 _46382_/L_HI
 _46383_/L_HI
 _46384_/L_HI
 _46385_/L_HI
 _46386_/L_HI
 _46387_/L_HI
 _46388_/L_HI
 _46389_/L_HI
 _46390_/L_HI
 _46391_/L_HI
 _46392_/L_HI
 _46393_/L_HI
 _46394_/L_HI
 _46395_/L_HI
 _46396_/L_HI
 _46397_/L_HI
 _46398_/L_HI
 _46399_/L_HI
 _46400_/L_HI
 _46401_/L_HI
 _46402_/L_HI
 _46403_/L_HI
 _46404_/L_HI
 _46405_/L_HI
 _46406_/L_HI
 _46407_/L_HI
 _46408_/L_HI
 _46409_/L_HI
 _46410_/L_HI
 _46411_/L_HI
 _46412_/L_HI
 _46413_/L_HI
 _46414_/L_HI
 _46415_/L_HI
 _46416_/L_HI
 _46417_/L_HI
 _46418_/L_HI
 _46419_/L_HI
 _46420_/L_HI
 _46421_/L_HI
 _46422_/L_HI
 _46423_/L_HI
 _46424_/L_HI
 _46425_/L_HI
 _46426_/L_HI
 _46427_/L_HI
 _46428_/L_HI
 _46429_/L_HI
 _46430_/L_HI
 _46431_/L_HI
 _46432_/L_HI
 _46433_/L_HI
 _46434_/L_HI
 _46435_/L_HI
 _46436_/L_HI
 _46437_/L_HI
 _46438_/L_HI
 _46439_/L_HI
 _46440_/L_HI
 _46441_/L_HI
 _46442_/L_HI
 _46443_/L_HI
 _46444_/L_HI
 _46445_/L_HI
 _46446_/L_HI
 _46447_/L_HI
 _46448_/L_HI
 _46449_/L_HI
 _46450_/L_HI
 _46451_/L_HI
 _46452_/L_HI
 _46453_/L_HI
 _46454_/L_HI
 _46455_/L_HI
 _46456_/L_HI
 _46457_/L_HI
 _46458_/L_HI
 _46459_/L_HI
 _46460_/L_HI
 _46461_/L_HI
 _46462_/L_HI
 _46463_/L_HI
 _46464_/L_HI
 _46465_/L_HI
 _46466_/L_HI
 _46467_/L_HI
 _46468_/L_HI
 _46469_/L_HI
 _46470_/L_HI
 _46471_/L_HI
 _46472_/L_HI
 _46473_/L_HI
 _46474_/L_HI
 _46475_/L_HI
 _46476_/L_HI
 _46477_/L_HI
 _46478_/L_HI
 _46479_/L_HI
 _46480_/L_HI
 _46481_/L_HI
 _46482_/L_HI
 _46483_/L_HI
 _46484_/L_HI
 _46485_/L_HI
 _46486_/L_HI
 _46487_/L_HI
 _46488_/L_HI
 _46489_/L_HI
 _46490_/L_HI
 _46491_/L_HI
 _46492_/L_HI
 _46493_/L_HI
 _46494_/L_HI
 _46495_/L_HI
 _46496_/L_HI
 _46497_/L_HI
 _46498_/L_HI
 _46499_/L_HI
 _46500_/L_HI
 _46501_/L_HI
 _46502_/L_HI
 _46503_/L_HI
 _46504_/L_HI
 _46505_/L_HI
 _46506_/L_HI
 _46507_/L_HI
 _46508_/L_HI
 _46509_/L_HI
 _46510_/L_HI
 _46511_/L_HI
 _46512_/L_HI
 _46513_/L_HI
 _46514_/L_HI
 _46515_/L_HI
 _46516_/L_HI
 _46517_/L_HI
 _46518_/L_HI
 _46519_/L_HI
 _46520_/L_HI
 _46521_/L_HI
 _46522_/L_HI
 _46523_/L_HI
 _46524_/L_HI
 _46525_/L_HI
 _46526_/L_HI
 _46527_/L_HI
 _46528_/L_HI
 _46529_/L_HI
 _46530_/L_HI
 _46531_/L_HI
 _46532_/L_HI
 _46533_/L_HI
 _46534_/L_HI
 _46535_/L_HI
 _46536_/L_HI
 _46537_/L_HI
 _46538_/L_HI
 _46539_/L_HI
 _46540_/L_HI
 _46541_/L_HI
 _46542_/L_HI
 _46543_/L_HI
 _46544_/L_HI
 _46545_/L_HI
 _46546_/L_HI
 _46547_/L_HI
 _46548_/L_HI
 _46549_/L_HI
 _46550_/L_HI
 _46551_/L_HI
 _46552_/L_HI
 _46553_/L_HI
 _46554_/L_HI
 _46555_/L_HI
 _46556_/L_HI
 _46557_/L_HI
 _46558_/L_HI
 _46559_/L_HI
 _46560_/L_HI
 _46561_/L_HI
 _46562_/L_HI
 _46563_/L_HI
 _46564_/L_HI
 _46565_/L_HI
 _46566_/L_HI
 _46567_/L_HI
 _46568_/L_HI
 _46569_/L_HI
 _46570_/L_HI
 _46571_/L_HI
 _46572_/L_HI
 _46573_/L_HI
 _46574_/L_HI
 _46575_/L_HI
 _46576_/L_HI
 _46577_/L_HI
 _46578_/L_HI
 _46579_/L_HI
 _46580_/L_HI
 _46581_/L_HI
 _46582_/L_HI
 _46583_/L_HI
 _46584_/L_HI
 _46585_/L_HI
 _46586_/L_HI
 _46587_/L_HI
 _46588_/L_HI
 _46589_/L_HI
 _46590_/L_HI
 _46591_/L_HI
 _46592_/L_HI
 _46593_/L_HI
 _46594_/L_HI
 _46595_/L_HI
 _46596_/L_HI
 _46597_/L_HI
 _46598_/L_HI
 _46599_/L_HI
 _46600_/L_HI
 _46601_/L_HI
 _46602_/L_HI
 _46603_/L_HI
 _46604_/L_HI
 _46605_/L_HI
 _46606_/L_HI
 _46607_/L_HI
 _46608_/L_HI
 _46609_/L_HI
 _46610_/L_HI
 _46611_/L_HI
 _46612_/L_HI
 _46613_/L_HI
 _46614_/L_HI
 _46615_/L_HI
 _46616_/L_HI
 _46617_/L_HI
 _46618_/L_HI
 _46619_/L_HI
 _46620_/L_HI
 _46621_/L_HI
 _46622_/L_HI
 _46623_/L_HI
 _46624_/L_HI
 _46625_/L_HI
 _46626_/L_HI
 _46627_/L_HI
 _46628_/L_HI
 _46629_/L_HI
 _46630_/L_HI
 _46631_/L_HI
 _46632_/L_HI
 _46633_/L_HI
 _46634_/L_HI
 _46635_/L_HI
 _46636_/L_HI
 _46637_/L_HI
 _46638_/L_HI
 _46639_/L_HI
 _46640_/L_HI
 _46641_/L_HI
 _46642_/L_HI
 _46643_/L_HI
 _46644_/L_HI
 _46645_/L_HI
 _46646_/L_HI
 _46647_/L_HI
 _46648_/L_HI
 _46649_/L_HI
 _46650_/L_HI
 _46651_/L_HI
 _46652_/L_HI
 _46653_/L_HI
 _46654_/L_HI
 _46655_/L_HI
 _46656_/L_HI
 _46657_/L_HI
 _46658_/L_HI
 _46659_/L_HI
 _46660_/L_HI
 _46661_/L_HI
 _46662_/L_HI
 _46663_/L_HI
 _46664_/L_HI
 _46665_/L_HI
 _46666_/L_HI
 _46667_/L_HI
 _46668_/L_HI
 _46669_/L_HI
 _46670_/L_HI
 _46671_/L_HI
 _46672_/L_HI
 _46673_/L_HI
 _46674_/L_HI
 _46675_/L_HI
 _46676_/L_HI
 _46677_/L_HI
 _46678_/L_HI
 _46679_/L_HI
 _46680_/L_HI
 _46681_/L_HI
 _46682_/L_HI
 _46683_/L_HI
 _46684_/L_HI
 _46685_/L_HI
 _46686_/L_HI
 _46687_/L_HI
 _46688_/L_HI
 _46689_/L_HI
 _46690_/L_HI
 _46691_/L_HI
 _46692_/L_HI
 _46693_/L_HI
 _46694_/L_HI
 _46695_/L_HI
 _46696_/L_HI
 _46697_/L_HI
 _46698_/L_HI
 _46699_/L_HI
 _46700_/L_HI
 _46701_/L_HI
 _46702_/L_HI
 _46703_/L_HI
 _46704_/L_HI
 _46705_/L_HI
 _46706_/L_HI
 _46707_/L_HI
 _46708_/L_HI
 _46709_/L_HI
 _46710_/L_HI
 _46711_/L_HI
 _46712_/L_HI
 _46713_/L_HI
 _46714_/L_HI
 _46715_/L_HI
 _46716_/L_HI
 _46717_/L_HI
 _46718_/L_HI
 _46719_/L_HI
 _46720_/L_HI
 _46721_/L_HI
 _46722_/L_HI
 _46723_/L_HI
 _46724_/L_HI
 _46725_/L_HI
 _46726_/L_HI
 _46727_/L_HI
 _46728_/L_HI
 _46729_/L_HI
 _46730_/L_HI
 _46731_/L_HI
 _46732_/L_HI
 _46733_/L_HI
 _46734_/L_HI
 _46735_/L_HI
 _46736_/L_HI
 _46737_/L_HI
 _46738_/L_HI
 _46739_/L_HI
 _46740_/L_HI
 _46741_/L_HI
 _46742_/L_HI
 _46743_/L_HI
 _46744_/L_HI
 _46745_/L_HI
 _46746_/L_HI
 _46747_/L_HI
 _46748_/L_HI
 _46749_/L_HI
 _46750_/L_HI
 _46751_/L_HI
 _46752_/L_HI
 _46753_/L_HI
 _46754_/L_HI
 _46755_/L_HI
 _46756_/L_HI
 _46757_/L_HI
 _46758_/L_HI
 _46759_/L_HI
 _46760_/L_HI
 _46761_/L_HI
 _46762_/L_HI
 _46763_/L_HI
 _46764_/L_HI
 _46765_/L_HI
 _46766_/L_HI
 _46767_/L_HI
 _46768_/L_HI
 _46769_/L_HI
 _46770_/L_HI
 _46771_/L_HI
 _46772_/L_HI
 _46773_/L_HI
 _46774_/L_HI
 _46775_/L_HI
 _46776_/L_HI
 _46777_/L_HI
 _46778_/L_HI
 _46779_/L_HI
 _46780_/L_HI
 _46781_/L_HI
 _46782_/L_HI
 _46783_/L_HI
 _46784_/L_HI
 _46785_/L_HI
 _46786_/L_HI
 _46787_/L_HI
 _46788_/L_HI
 _46789_/L_HI
 _46790_/L_HI
 _46791_/L_HI
 _46792_/L_HI
 _46793_/L_HI
 _46794_/L_HI
 _46795_/L_HI
 _46796_/L_HI
 _46797_/L_HI
 _46798_/L_HI
 _46799_/L_HI
 _46800_/L_HI
 _46801_/L_HI
 _46802_/L_HI
 _46803_/L_HI
 _46804_/L_HI
 _46805_/L_HI
 _46806_/L_HI
 _46807_/L_HI
 _46808_/L_HI
 _46809_/L_HI
 _46810_/L_HI
 _46811_/L_HI
 _46812_/L_HI
 _46813_/L_HI
 _46814_/L_HI
 _46815_/L_HI
 _46816_/L_HI
 _46817_/L_HI
 _46818_/L_HI
 _46819_/L_HI
 _46820_/L_HI
 _46821_/L_HI
 _46822_/L_HI
 _46823_/L_HI
 _46824_/L_HI
 _46825_/L_HI
 _46826_/L_HI
 _46827_/L_HI
 _46828_/L_HI
 _46829_/L_HI
 _46830_/L_HI
 _46831_/L_HI
 _46832_/L_HI
 _46833_/L_HI
 _46834_/L_HI
 _46835_/L_HI
 _46836_/L_HI
 _46837_/L_HI
 _46838_/L_HI
 _46839_/L_HI
 _46840_/L_HI
 _46841_/L_HI
 _46842_/L_HI
 _46843_/L_HI
 _46844_/L_HI
 _46845_/L_HI
 _46846_/L_HI
 _46847_/L_HI
 _46848_/L_HI
 _46849_/L_HI
 _46850_/L_HI
 _46851_/L_HI
 _46852_/L_HI
 _46853_/L_HI
 _46854_/L_HI
 _46855_/L_HI
 _46856_/L_HI
 _46857_/L_HI
 _46858_/L_HI
 _46859_/L_HI
 _46860_/L_HI
 _46861_/L_HI
 _46862_/L_HI
 _46863_/L_HI
 _46864_/L_HI
 _46865_/L_HI
 _46866_/L_HI
 _46867_/L_HI
 _46868_/L_HI
 _46869_/L_HI
 _46870_/L_HI
 _46871_/L_HI
 _46872_/L_HI
 _46873_/L_HI
 _46874_/L_HI
 _46875_/L_HI
 _46876_/L_HI
 _46877_/L_HI
 _46878_/L_HI
 _46879_/L_HI
 _46880_/L_HI
 _46881_/L_HI
 _46882_/L_HI
 _46883_/L_HI
 _46884_/L_HI
 _46885_/L_HI
 _46886_/L_HI
 _46887_/L_HI
 _46888_/L_HI
 _46889_/L_HI
 _46890_/L_HI
 _46891_/L_HI
 _46892_/L_HI
 _46893_/L_HI
 _46894_/L_HI
 _46895_/L_HI
 _46896_/L_HI
 _46897_/L_HI
 _46898_/L_HI
 _46899_/L_HI
 _46900_/L_HI
 _46901_/L_HI
 _46902_/L_HI
 _46903_/L_HI
 _46904_/L_HI
 _46905_/L_HI
 _46906_/L_HI
 _46907_/L_HI
 _46908_/L_HI
 _46909_/L_HI
 _46910_/L_HI
 _46911_/L_HI
 _46912_/L_HI
 _46913_/L_HI
 _46914_/L_HI
 _46915_/L_HI
 _46916_/L_HI
 _46917_/L_HI
 _46918_/L_HI
 _46919_/L_HI
 _46920_/L_HI
 _46921_/L_HI
 _46922_/L_HI
 _46923_/L_HI
 _46924_/L_HI
 _46925_/L_HI
 _46926_/L_HI
 _46927_/L_HI
 _46928_/L_HI
 _46929_/L_HI
 _46930_/L_HI
 _46931_/L_HI
 _46932_/L_HI
 _46933_/L_HI
 _46934_/L_HI
 _46935_/L_HI
 _46936_/L_HI
 _46937_/L_HI
 _46938_/L_HI
 _46939_/L_HI
 _46940_/L_HI
 _46941_/L_HI
 _46942_/L_HI
 _46943_/L_HI
 _46944_/L_HI
 _46945_/L_HI
 _46946_/L_HI
 _46947_/L_HI
 _46948_/L_HI
 _46949_/L_HI
 _46950_/L_HI
 _46951_/L_HI
 _46952_/L_HI
 _46953_/L_HI
 _46954_/L_HI
 _46955_/L_HI
 _46956_/L_HI
 _46957_/L_HI
 _46958_/L_HI
 _46959_/L_HI
 _46960_/L_HI
 _46961_/L_HI
 _46962_/L_HI
 _46963_/L_HI
 _46964_/L_HI
 _46965_/L_HI
 _46966_/L_HI
 _46967_/L_HI
 _46968_/L_HI
 _46969_/L_HI
 _46970_/L_HI
 _46971_/L_HI
 _46972_/L_HI
 _46973_/L_HI
 _46974_/L_HI
 _46975_/L_HI
 _46976_/L_HI
 _46977_/L_HI
 _46978_/L_HI
 _46979_/L_HI
 _46980_/L_HI
 _46981_/L_HI
 _46982_/L_HI
 _46983_/L_HI
 _46984_/L_HI
 _46985_/L_HI
 _46986_/L_HI
 _46987_/L_HI
 _46988_/L_HI
 _46989_/L_HI
 _46990_/L_HI
 _46991_/L_HI
 _46992_/L_HI
 _46993_/L_HI
 _46994_/L_HI
 _46995_/L_HI
 _46996_/L_HI
 _46997_/L_HI
 _46998_/L_HI
 _46999_/L_HI
 _47000_/L_HI
 _47001_/L_HI
 _47002_/L_HI
 _47003_/L_HI
 _47004_/L_HI
 _47005_/L_HI
 _47006_/L_HI
 _47007_/L_HI
 _47008_/L_HI
 _47009_/L_HI
 _47010_/L_HI
 _47011_/L_HI
 _47012_/L_HI
 _47013_/L_HI
 _47014_/L_HI
 _47015_/L_HI
 _47016_/L_HI
 _47017_/L_HI
 _47018_/L_HI
 _47019_/L_HI
 _47020_/L_HI
 _47021_/L_HI
 _47022_/L_HI
 _47023_/L_HI
 _47024_/L_HI
 _47025_/L_HI
 _47026_/L_HI
 _47027_/L_HI
 _47028_/L_HI
 _47029_/L_HI
 _47030_/L_HI
 _47031_/L_HI
 _47032_/L_HI
 _47033_/L_HI
 _47034_/L_HI
 _47035_/L_HI
 _47036_/L_HI
 _47037_/L_HI
 _47038_/L_HI
 _47039_/L_HI
 _47040_/L_HI
 _47041_/L_HI
 _47042_/L_HI
 _47043_/L_HI
 _47044_/L_HI
 _47045_/L_HI
 _47046_/L_HI
 _47047_/L_HI
 _47048_/L_HI
 _47049_/L_HI
 _47050_/L_HI
 _47051_/L_HI
 _47052_/L_HI
 _47053_/L_HI
 _47054_/L_HI
 _47055_/L_HI
 _47056_/L_HI
 _47057_/L_HI
 _47058_/L_HI
 _47059_/L_HI
 _47060_/L_HI
 _47061_/L_HI
 _47062_/L_HI
 _47063_/L_HI
 _47064_/L_HI
 _47065_/L_HI
 _47066_/L_HI
 _47067_/L_HI
 _47068_/L_HI
 _47069_/L_HI
 _47070_/L_HI
 _47071_/L_HI
 _47072_/L_HI
 _47073_/L_HI
 _47074_/L_HI
 _47075_/L_HI
 _47076_/L_HI
 _47077_/L_HI
 _47078_/L_HI
 _47079_/L_HI
 _47080_/L_HI
 _47081_/L_HI
 _47082_/L_HI
 _47083_/L_HI
 _47084_/L_HI
 _47085_/L_HI
 _47086_/L_HI
 _47087_/L_HI
 _47088_/L_HI
 _47089_/L_HI
 _47090_/L_HI
 _47091_/L_HI
 _47092_/L_HI
 _47093_/L_HI
 _47094_/L_HI
 _47095_/L_HI
 _47096_/L_HI
 _47097_/L_HI
 _47098_/L_HI
 _47099_/L_HI
 _47100_/L_HI
 _47101_/L_HI
 _47102_/L_HI
 _47103_/L_HI
 _47104_/L_HI
 _47105_/L_HI
 _47106_/L_HI
 _47107_/L_HI
 _47108_/L_HI
 _47109_/L_HI
 _47110_/L_HI
 _47111_/L_HI
 _47112_/L_HI
 _47113_/L_HI
 _47114_/L_HI
 _47115_/L_HI
 _47116_/L_HI
 _47117_/L_HI
 _47118_/L_HI
 _47119_/L_HI
 _47120_/L_HI
 _47121_/L_HI
 _47122_/L_HI
 _47123_/L_HI
 _47124_/L_HI
 _47125_/L_HI
 _47126_/L_HI
 _47127_/L_HI
 _47128_/L_HI
 _47129_/L_HI
 _47130_/L_HI
 _47131_/L_HI
 _47132_/L_HI
 _47133_/L_HI
 _47134_/L_HI
 _47135_/L_HI
 _47136_/L_HI
 _47137_/L_HI
 _47138_/L_HI
 _47139_/L_HI
 _47140_/L_HI
 _47141_/L_HI
 _47142_/L_HI
 _47143_/L_HI
 _47144_/L_HI
 _47145_/L_HI
 _47146_/L_HI
 _47147_/L_HI
 _47148_/L_HI
 _47149_/L_HI
 _47150_/L_HI
 _47151_/L_HI
 _47152_/L_HI
 _47153_/L_HI
 _47154_/L_HI
 _47155_/L_HI
 _47156_/L_HI
 _47157_/L_HI
 _47158_/L_HI
 _47159_/L_HI
 _47160_/L_HI
 _47161_/L_HI
 _47162_/L_HI
 _47163_/L_HI
 _47164_/L_HI
 _47165_/L_HI
 _47166_/L_HI
 _47167_/L_HI
 _47168_/L_HI
 _47169_/L_HI
 _47170_/L_HI
 _47171_/L_HI
 _47172_/L_HI
 _47173_/L_HI
 _47174_/L_HI
 _47175_/L_HI
 _47176_/L_HI
 _47177_/L_HI
 _47178_/L_HI
 _47179_/L_HI
 _47180_/L_HI
 _47181_/L_HI
 _47182_/L_HI
 _47183_/L_HI
 _47184_/L_HI
 _47185_/L_HI
 _47186_/L_HI
 _47187_/L_HI
 _47188_/L_HI
 _47189_/L_HI
 _47190_/L_HI
 _47191_/L_HI
 _47192_/L_HI
 _47193_/L_HI
 _47194_/L_HI
 _47195_/L_HI
 _47196_/L_HI
 _47197_/L_HI
 _47198_/L_HI
 _47199_/L_HI
 _47200_/L_HI
 _47201_/L_HI
 _47202_/L_HI
 _47203_/L_HI
 _47204_/L_HI
 _47205_/L_HI
 _47206_/L_HI
 _47207_/L_HI
 _47208_/L_HI
 _47209_/L_HI
 _47210_/L_HI
 _47211_/L_HI
 _47212_/L_HI
 _47213_/L_HI
 _47214_/L_HI
 _47215_/L_HI
 _47216_/L_HI
 _47217_/L_HI
 _47218_/L_HI
 _47219_/L_HI
 _47220_/L_HI
 _47221_/L_HI
 _47222_/L_HI
 _47223_/L_HI
 _47224_/L_HI
 _47225_/L_HI
 _47226_/L_HI
 _47227_/L_HI
 _47228_/L_HI
 _47229_/L_HI
 _47230_/L_HI
 _47231_/L_HI
 _47232_/L_HI
 _47233_/L_HI
 _47234_/L_HI
 _47235_/L_HI
 _47236_/L_HI
 _47237_/L_HI
 _47238_/L_HI
 _47239_/L_HI
 _47240_/L_HI
 _47241_/L_HI
 _47242_/L_HI
 _47243_/L_HI
 _47244_/L_HI
 _47245_/L_HI
 _47246_/L_HI
 _47247_/L_HI
 _47248_/L_HI
 _47249_/L_HI
 _47250_/L_HI
 _47251_/L_HI
 _47252_/L_HI
 _47253_/L_HI
 _47254_/L_HI
 _47255_/L_HI
 _47256_/L_HI
 _47257_/L_HI
 _47258_/L_HI
 _47259_/L_HI
 _47260_/L_HI
 _47261_/L_HI
 _47262_/L_HI
 _47263_/L_HI
 _47264_/L_HI
 _47265_/L_HI
 _47266_/L_HI
 _47267_/L_HI
 _47268_/L_HI
 _47269_/L_HI
 _47270_/L_HI
 _47271_/L_HI
 _47272_/L_HI
 _47273_/L_HI
 _47274_/L_HI
 _47275_/L_HI
 _47276_/L_HI
 _47277_/L_HI
 _47278_/L_HI
 _47279_/L_HI
 _47280_/L_HI
 _47281_/L_HI
 _47282_/L_HI
 _47283_/L_HI
 _47284_/L_HI
 _47285_/L_HI
 _47286_/L_HI
 _47287_/L_HI
 _47288_/L_HI
 _47289_/L_HI
 _47290_/L_HI
 _47291_/L_HI
 _47292_/L_HI
 _47293_/L_HI
 _47294_/L_HI
 _47295_/L_HI
 _47296_/L_HI
 _47297_/L_HI
 _47298_/L_HI
 _47299_/L_HI
 _47300_/L_HI
 _47301_/L_HI
 _47302_/L_HI
 _47303_/L_HI
 _47304_/L_HI
 _47305_/L_HI
 _47306_/L_HI
 _47307_/L_HI
 _47308_/L_HI
 _47309_/L_HI
 _47310_/L_HI
 _47311_/L_HI
 _47312_/L_HI
 _47313_/L_HI
 _47314_/L_HI
 _47315_/L_HI
 _47316_/L_HI
 _47317_/L_HI
 _47318_/L_HI
 _47319_/L_HI
 _47320_/L_HI
 _47321_/L_HI
 _47322_/L_HI
 _47323_/L_HI
 _47324_/L_HI
 _47325_/L_HI
 _47326_/L_HI
 _47327_/L_HI
 _47328_/L_HI
 _47329_/L_HI
 _47330_/L_HI
 _47331_/L_HI
 _47332_/L_HI
 _47333_/L_HI
 _47334_/L_HI
 _47335_/L_HI
 _47336_/L_HI
 _47337_/L_HI
 _47338_/L_HI
 _47339_/L_HI
 _47340_/L_HI
 _47341_/L_HI
 _47342_/L_HI
 _47343_/L_HI
 _47344_/L_HI
 _47345_/L_HI
 _47346_/L_HI
 _47347_/L_HI
 _47348_/L_HI
 _47349_/L_HI
 _47350_/L_HI
 _47351_/L_HI
 _47352_/L_HI
 _47353_/L_HI
 _47354_/L_HI
 _47355_/L_HI
 _47356_/L_HI
 _47357_/L_HI
 _47358_/L_HI
 _47359_/L_HI
 _47360_/L_HI
 _47361_/L_HI
 _47362_/L_HI
 _47363_/L_HI
 _47364_/L_HI
 _47365_/L_HI
 _47366_/L_HI
 _47367_/L_HI
 _47368_/L_HI
 _47369_/L_HI
 _47370_/L_HI
 _47371_/L_HI
 _47372_/L_HI
 _47373_/L_HI
 _47374_/L_HI
 _47375_/L_HI
 _47376_/L_HI
 _47377_/L_HI
 _47378_/L_HI
 _47379_/L_HI
 _47380_/L_HI
 _47381_/L_HI
 _47382_/L_HI
 _47383_/L_HI
 _47384_/L_HI
 _47385_/L_HI
 _47386_/L_HI
 _47387_/L_HI
 _47388_/L_HI
 _47389_/L_HI
 _47390_/L_HI
 _47391_/L_HI
 _47392_/L_HI
 _47393_/L_HI
 _47394_/L_HI
 _47395_/L_HI
 _47396_/L_HI
 _47397_/L_HI
 _47398_/L_HI
 _47399_/L_HI
 _47400_/L_HI
 _47401_/L_HI
 _47402_/L_HI
 _47403_/L_HI
 _47404_/L_HI
 _47405_/L_HI
 _47406_/L_HI
 _47407_/L_HI
 _47408_/L_HI
 _47409_/L_HI
 _47410_/L_HI
 _47411_/L_HI
 _47412_/L_HI
 _47413_/L_HI
 _47414_/L_HI
 _47415_/L_HI
 _47416_/L_HI
 _47417_/L_HI
 _47418_/L_HI
 _47419_/L_HI
 _47420_/L_HI
 _47421_/L_HI
 _47422_/L_HI
 _47423_/L_HI
 _47424_/L_HI
 _47425_/L_HI
 _47426_/L_HI
 _47427_/L_HI
 _47428_/L_HI
 _47429_/L_HI
 _47430_/L_LO
 _47431_/L_LO
 _47432_/L_LO
 _47433_/L_LO
 _47434_/L_LO
 _47435_/L_LO
 _47436_/L_LO
 _47437_/L_LO
 _47438_/L_LO
 _47439_/L_LO
 _47440_/L_LO
 _47441_/L_LO
 _47442_/L_LO
 _47443_/L_LO
 _47444_/L_LO
 _47445_/L_LO
 _47446_/L_LO
 _47447_/L_LO
 _47448_/L_LO
 _47449_/L_LO
 _47450_/Z
Found 0 partially unannotated drivers.

===========================================================================
max slew violation count 2492
max fanout violation count 295
max cap violation count 14
============================================================================

===========================================================================
check_setup -verbose -unconstrained_endpoints -multiple_clock -no_clock -no_input_delay -loops -generated_clocks
===========================================================================
Warning: There are 5 input ports missing set_input_delay.
  i_rst_n
  i_serial_rx
  i_spi_mosi
  i_spi_sclk
  i_spi_ss_n
Warning: There are 60 unclocked register/latch pins.
  _43133_/CLK
  _43134_/CLK
  _43135_/CLK
  _43136_/CLK
  _43137_/CLK
  _43138_/CLK
  _43139_/CLK
  _43140_/CLK
  _43141_/CLK
  _43142_/CLK
  _43143_/CLK
  _43144_/CLK
  _43145_/CLK
  _43146_/CLK
  _43147_/CLK
  _43148_/CLK
  _43149_/CLK
  _43150_/CLK
  _43151_/CLK
  _43152_/CLK
  _43153_/CLK
  _43154_/CLK
  _43155_/CLK
  _43156_/CLK
  _43157_/CLK
  _43158_/CLK
  _43159_/CLK
  _43160_/CLK
  _43161_/CLK
  _43162_/CLK
  _43163_/CLK
  _43164_/CLK
  _43165_/CLK
  _43166_/CLK
  _43167_/CLK
  _43168_/CLK
  _43388_/CLK
  _43389_/CLK
  _43390_/CLK
  _43391_/CLK
  _43392_/CLK
  _43393_/CLK
  _43394_/CLK
  _43395_/CLK
  _43781_/CLK
  _43782_/CLK
  _43783_/CLK
  _43784_/CLK
  _43785_/CLK
  _43786_/CLK
  _43787_/CLK
  _43788_/CLK
  _43789_/CLK
  _43790_/CLK
  _43791_/CLK
  _43792_/CLK
  _43793_/CLK
  _43794_/CLK
  _43795_/CLK
  _43796_/CLK
Warning: There are 64 unconstrained endpoints.
  o_serial_tx
  o_spi_miso
  _43131_/D
  _43133_/D
  _43134_/D
  _43135_/D
  _43136_/D
  _43137_/D
  _43138_/D
  _43139_/D
  _43140_/D
  _43141_/D
  _43142_/D
  _43143_/D
  _43144_/D
  _43145_/D
  _43146_/D
  _43147_/D
  _43148_/D
  _43149_/D
  _43150_/D
  _43151_/D
  _43152_/D
  _43153_/D
  _43154_/D
  _43155_/D
  _43156_/D
  _43157_/D
  _43158_/D
  _43159_/D
  _43160_/D
  _43161_/D
  _43162_/D
  _43163_/D
  _43164_/D
  _43165_/D
  _43166_/D
  _43167_/D
  _43168_/D
  _43259_/D
  _43388_/D
  _43389_/D
  _43390_/D
  _43391_/D
  _43392_/D
  _43393_/D
  _43394_/D
  _43395_/D
  _43781_/D
  _43782_/D
  _43783_/D
  _43784_/D
  _43785_/D
  _43786_/D
  _43787_/D
  _43788_/D
  _43789_/D
  _43790_/D
  _43791_/D
  _43792_/D
  _43793_/D
  _43794_/D
  _43795_/D
  _43796_/D
