
 /----------------------------------------------------------------------------\
 |  yosys -- Yosys Open SYnthesis Suite                                       |
 |  Copyright (C) 2012 - 2025  Claire Xenia Wolf <claire@yosyshq.com>         |
 |  Distributed under an ISC-like license, type "license" to see terms        |
 \----------------------------------------------------------------------------/
 Yosys 0.54 (git sha1 db72ec3bde296a9512b2d1e6fabf81cfb07c2c1b, clang++ 19.1.7 -fPIC -O3)

1. Executing Liberty frontend: /opt/pdks/ciel/ihp-sg13g2/versions/cb7daaa8901016cf7c5d272dfa322c41f024931f/ihp-sg13g2/libs.ref/sg13g2_stdcell/lib/sg13g2_stdcell_typ_1p20V_25C.lib
Imported 84 cell types from liberty file.
[INFO] Using SDC file '/home/designer/shared/FFT/parallel_fft/runs/RUN_2026-01-23_18-35-33/06-yosys-synthesis/synthesis.abc.sdc' for ABC…wtaf

2. Executing Verilog-2005 frontend: /home/designer/shared/FFT/parallel_fft/design/rtl/top_chip.v
Parsing SystemVerilog input from `/home/designer/shared/FFT/parallel_fft/design/rtl/top_chip.v' to AST representation.
Storing AST representation for module `$abstract\top_chip'.
Successfully finished Verilog frontend.

3. Executing Verilog-2005 frontend: /home/designer/shared/FFT/parallel_fft/design/rtl/fft32.v
Parsing SystemVerilog input from `/home/designer/shared/FFT/parallel_fft/design/rtl/fft32.v' to AST representation.
Storing AST representation for module `$abstract\fft32'.
Successfully finished Verilog frontend.

4. Executing Verilog-2005 frontend: /home/designer/shared/FFT/parallel_fft/design/rtl/fft8.v
Parsing SystemVerilog input from `/home/designer/shared/FFT/parallel_fft/design/rtl/fft8.v' to AST representation.
Storing AST representation for module `$abstract\fft8'.
Successfully finished Verilog frontend.

5. Executing Verilog-2005 frontend: /home/designer/shared/FFT/parallel_fft/design/rtl/fft4.v
Parsing SystemVerilog input from `/home/designer/shared/FFT/parallel_fft/design/rtl/fft4.v' to AST representation.
Storing AST representation for module `$abstract\fft4'.
Successfully finished Verilog frontend.

6. Executing Verilog-2005 frontend: /home/designer/shared/FFT/parallel_fft/design/rtl/buffer_parallel2serial.v
Parsing SystemVerilog input from `/home/designer/shared/FFT/parallel_fft/design/rtl/buffer_parallel2serial.v' to AST representation.
Storing AST representation for module `$abstract\buffer_parallel2serial'.
Successfully finished Verilog frontend.

7. Executing Verilog-2005 frontend: /home/designer/shared/FFT/parallel_fft/design/rtl/clip_round.v
Parsing SystemVerilog input from `/home/designer/shared/FFT/parallel_fft/design/rtl/clip_round.v' to AST representation.
Storing AST representation for module `$abstract\clip_round'.
Successfully finished Verilog frontend.

8. Executing Verilog-2005 frontend: /home/designer/shared/FFT/parallel_fft/design/rtl/round.v
Parsing SystemVerilog input from `/home/designer/shared/FFT/parallel_fft/design/rtl/round.v' to AST representation.
Storing AST representation for module `$abstract\round'.
Successfully finished Verilog frontend.

9. Executing Verilog-2005 frontend: /home/designer/shared/FFT/parallel_fft/design/rtl/shift_r2.v
Parsing SystemVerilog input from `/home/designer/shared/FFT/parallel_fft/design/rtl/shift_r2.v' to AST representation.
Storing AST representation for module `$abstract\shift_r2'.
Successfully finished Verilog frontend.

10. Executing Verilog-2005 frontend: /home/designer/shared/FFT/parallel_fft/design/rtl/shift_r4.v
Parsing SystemVerilog input from `/home/designer/shared/FFT/parallel_fft/design/rtl/shift_r4.v' to AST representation.
Storing AST representation for module `$abstract\shift_r4'.
Successfully finished Verilog frontend.

11. Executing Verilog-2005 frontend: /home/designer/shared/FFT/parallel_fft/design/rtl/fft_mdc_8p/fft_mdc_8p.v
Parsing SystemVerilog input from `/home/designer/shared/FFT/parallel_fft/design/rtl/fft_mdc_8p/fft_mdc_8p.v' to AST representation.
Storing AST representation for module `$abstract\fft_mdc'.
Successfully finished Verilog frontend.

12. Executing Verilog-2005 frontend: /home/designer/shared/FFT/parallel_fft/design/rtl/fft_mdc_8p/ctrl_in/mdc8p_ctrl_in.v
Parsing SystemVerilog input from `/home/designer/shared/FFT/parallel_fft/design/rtl/fft_mdc_8p/ctrl_in/mdc8p_ctrl_in.v' to AST representation.
Storing AST representation for module `$abstract\mdc8p_ctrl_in'.
Successfully finished Verilog frontend.

13. Executing Verilog-2005 frontend: /home/designer/shared/FFT/parallel_fft/design/rtl/fft_mdc_8p/ctrl_out/mdc8p_ctrl_out.v
Parsing SystemVerilog input from `/home/designer/shared/FFT/parallel_fft/design/rtl/fft_mdc_8p/ctrl_out/mdc8p_ctrl_out.v' to AST representation.
Storing AST representation for module `$abstract\mdc8p_ctrl_out'.
Successfully finished Verilog frontend.

14. Executing Verilog-2005 frontend: /home/designer/shared/FFT/parallel_fft/design/rtl/fft_mdc_8p/stages/mdc8p_stage1.v
Parsing SystemVerilog input from `/home/designer/shared/FFT/parallel_fft/design/rtl/fft_mdc_8p/stages/mdc8p_stage1.v' to AST representation.
Storing AST representation for module `$abstract\mdc8p_stage1'.
Successfully finished Verilog frontend.

15. Executing Verilog-2005 frontend: /home/designer/shared/FFT/parallel_fft/design/rtl/fft_mdc_8p/stages/mdc8p_stage2.v
Parsing SystemVerilog input from `/home/designer/shared/FFT/parallel_fft/design/rtl/fft_mdc_8p/stages/mdc8p_stage2.v' to AST representation.
Storing AST representation for module `$abstract\mdc8p_stage2'.
Successfully finished Verilog frontend.

16. Executing Verilog-2005 frontend: /home/designer/shared/FFT/parallel_fft/design/rtl/fft_mdc_8p/stages/mdc8p_stage3.v
Parsing SystemVerilog input from `/home/designer/shared/FFT/parallel_fft/design/rtl/fft_mdc_8p/stages/mdc8p_stage3.v' to AST representation.
Storing AST representation for module `$abstract\mdc8p_stage3'.
Successfully finished Verilog frontend.

17. Executing Verilog-2005 frontend: /home/designer/shared/FFT/parallel_fft/design/rtl/twiddle_interface/twiddle_interface.v
Parsing SystemVerilog input from `/home/designer/shared/FFT/parallel_fft/design/rtl/twiddle_interface/twiddle_interface.v' to AST representation.
Storing AST representation for module `$abstract\twiddle_interface'.
Successfully finished Verilog frontend.

18. Executing Verilog-2005 frontend: /home/designer/shared/FFT/parallel_fft/design/rtl/common_modules/btfly_2.v
Parsing SystemVerilog input from `/home/designer/shared/FFT/parallel_fft/design/rtl/common_modules/btfly_2.v' to AST representation.
Storing AST representation for module `$abstract\btfly_2'.
Successfully finished Verilog frontend.

19. Executing Verilog-2005 frontend: /home/designer/shared/FFT/parallel_fft/design/rtl/common_modules/btfly_4.v
Parsing SystemVerilog input from `/home/designer/shared/FFT/parallel_fft/design/rtl/common_modules/btfly_4.v' to AST representation.
Storing AST representation for module `$abstract\btfly_4'.
Successfully finished Verilog frontend.

20. Executing Verilog-2005 frontend: /home/designer/shared/FFT/parallel_fft/design/rtl/common_modules/btfly_8.v
Parsing SystemVerilog input from `/home/designer/shared/FFT/parallel_fft/design/rtl/common_modules/btfly_8.v' to AST representation.
Storing AST representation for module `$abstract\btfly_8'.
Successfully finished Verilog frontend.

21. Executing Verilog-2005 frontend: /home/designer/shared/FFT/parallel_fft/design/rtl/common_modules/complex_multiplier.v
Parsing SystemVerilog input from `/home/designer/shared/FFT/parallel_fft/design/rtl/common_modules/complex_multiplier.v' to AST representation.
Storing AST representation for module `$abstract\complex_multiplier'.
Successfully finished Verilog frontend.

22. Executing Verilog-2005 frontend: /home/designer/shared/FFT/parallel_fft/design/rtl/common_modules/ds_switch.v
Parsing SystemVerilog input from `/home/designer/shared/FFT/parallel_fft/design/rtl/common_modules/ds_switch.v' to AST representation.
Storing AST representation for module `$abstract\ds_switch'.
Successfully finished Verilog frontend.

23. Executing Verilog-2005 frontend: /home/designer/shared/FFT/parallel_fft/design/rtl/common_modules/rx_serializer.v
Parsing SystemVerilog input from `/home/designer/shared/FFT/parallel_fft/design/rtl/common_modules/rx_serializer.v' to AST representation.
Storing AST representation for module `$abstract\rx_serializer'.
Successfully finished Verilog frontend.

24. Executing Verilog-2005 frontend: /home/designer/shared/FFT/parallel_fft/design/rtl/common_modules/tx_serializer.v
Parsing SystemVerilog input from `/home/designer/shared/FFT/parallel_fft/design/rtl/common_modules/tx_serializer.v' to AST representation.
Storing AST representation for module `$abstract\tx_serializer'.
Successfully finished Verilog frontend.

25. Executing Verilog-2005 frontend: /home/designer/shared/FFT/parallel_fft/design/rtl/common_modules/xfft_cell.v
Parsing SystemVerilog input from `/home/designer/shared/FFT/parallel_fft/design/rtl/common_modules/xfft_cell.v' to AST representation.
Storing AST representation for module `$abstract\xfft_cell'.
Successfully finished Verilog frontend.

26. Executing Verilog-2005 frontend: /home/designer/shared/FFT/parallel_fft/design/rtl/common_modules/signal_generator.v
Parsing SystemVerilog input from `/home/designer/shared/FFT/parallel_fft/design/rtl/common_modules/signal_generator.v' to AST representation.
Storing AST representation for module `$abstract\signal_generator'.
Successfully finished Verilog frontend.

27. Executing Verilog-2005 frontend: /home/designer/shared/FFT/parallel_fft/design/rtl/debug_unit/debug_system.v
Parsing SystemVerilog input from `/home/designer/shared/FFT/parallel_fft/design/rtl/debug_unit/debug_system.v' to AST representation.
Storing AST representation for module `$abstract\debug_system'.
Successfully finished Verilog frontend.

28. Executing Verilog-2005 frontend: /home/designer/shared/FFT/parallel_fft/design/rtl/debug_unit/debug_unit.v
Parsing SystemVerilog input from `/home/designer/shared/FFT/parallel_fft/design/rtl/debug_unit/debug_unit.v' to AST representation.
Storing AST representation for module `$abstract\debug_unit'.
Successfully finished Verilog frontend.

29. Executing Verilog-2005 frontend: /home/designer/shared/FFT/parallel_fft/design/rtl/debug_unit/cdc_snapshot.v
Parsing SystemVerilog input from `/home/designer/shared/FFT/parallel_fft/design/rtl/debug_unit/cdc_snapshot.v' to AST representation.
Storing AST representation for module `$abstract\cdc_snapshot'.
Successfully finished Verilog frontend.

30. Executing Verilog-2005 frontend: /home/designer/shared/FFT/parallel_fft/design/rtl/debug_unit/spi_slave_mode0.v
Parsing SystemVerilog input from `/home/designer/shared/FFT/parallel_fft/design/rtl/debug_unit/spi_slave_mode0.v' to AST representation.
Warning: Yosys has only limited support for tri-state logic at the moment. (/home/designer/shared/FFT/parallel_fft/design/rtl/debug_unit/spi_slave_mode0.v:53)
Storing AST representation for module `$abstract\spi_slave_mode0'.
Successfully finished Verilog frontend.

31. Executing HIERARCHY pass (managing design hierarchy).

32. Executing AST frontend in derive mode using pre-parsed AST for module `\top_chip'.
Generating RTLIL representation for module `\top_chip'.

32.1. Analyzing design hierarchy..
Top module:  \top_chip

32.2. Executing AST frontend in derive mode using pre-parsed AST for module `\debug_system'.
Generating RTLIL representation for module `\debug_system'.
Parameter \NB_DATA = 8

32.3. Executing AST frontend in derive mode using pre-parsed AST for module `\tx_serializer'.
Parameter \NB_DATA = 8
Generating RTLIL representation for module `$paramod\tx_serializer\NB_DATA=s32'00000000000000000000000000001000'.
Parameter \NB_DATA = 8

32.4. Executing AST frontend in derive mode using pre-parsed AST for module `\fft32'.
Parameter \NB_DATA = 8
Generating RTLIL representation for module `$paramod\fft32\NB_DATA=s32'00000000000000000000000000001000'.
Parameter \NB_DATA = 8

32.5. Executing AST frontend in derive mode using pre-parsed AST for module `\rx_serializer'.
Parameter \NB_DATA = 8
Generating RTLIL representation for module `$paramod\rx_serializer\NB_DATA=s32'00000000000000000000000000001000'.

32.6. Analyzing design hierarchy..
Top module:  \top_chip
Used module:     \debug_system
Used module:     $paramod\tx_serializer\NB_DATA=s32'00000000000000000000000000001000
Used module:     $paramod\fft32\NB_DATA=s32'00000000000000000000000000001000
Used module:     $paramod\rx_serializer\NB_DATA=s32'00000000000000000000000000001000
Parameter \NB_DATA = 8

32.7. Executing AST frontend in derive mode using pre-parsed AST for module `\buffer_parallel2serial'.
Parameter \NB_DATA = 8
Generating RTLIL representation for module `$paramod\buffer_parallel2serial\NB_DATA=s32'00000000000000000000000000001000'.
Parameter \NB_INPUT = 8
Parameter \NBF_INPUT = 7
Parameter \NB_OUTPUT = 8
Parameter \NBF_OUTPUT = 7

32.8. Executing AST frontend in derive mode using pre-parsed AST for module `\fft8'.
Parameter \NB_INPUT = 8
Parameter \NBF_INPUT = 7
Parameter \NB_OUTPUT = 8
Parameter \NBF_OUTPUT = 7
Generating RTLIL representation for module `$paramod$822bb578bad106d066af788502e6b7c8175f5771\fft8'.
Parameter \NB_INPUT = 8
Parameter \NBF_INPUT = 7
Parameter \NB_OUTPUT = 8
Parameter \NBF_OUTPUT = 7
Found cached RTLIL representation for module `$paramod$822bb578bad106d066af788502e6b7c8175f5771\fft8'.
Parameter \NB_INPUT = 8
Parameter \NBF_INPUT = 7
Parameter \NB_OUTPUT = 8
Parameter \NBF_OUTPUT = 7
Found cached RTLIL representation for module `$paramod$822bb578bad106d066af788502e6b7c8175f5771\fft8'.
Parameter \NB_INPUT = 8
Parameter \NBF_INPUT = 7
Parameter \NB_OUTPUT = 8
Parameter \NBF_OUTPUT = 7
Found cached RTLIL representation for module `$paramod$822bb578bad106d066af788502e6b7c8175f5771\fft8'.
Parameter \NB_DATA = 8

32.9. Executing AST frontend in derive mode using pre-parsed AST for module `\shift_r2'.
Parameter \NB_DATA = 8
Generating RTLIL representation for module `$paramod\shift_r2\NB_DATA=s32'00000000000000000000000000001000'.
Parameter \NB_DATA = 8
Found cached RTLIL representation for module `$paramod\shift_r2\NB_DATA=s32'00000000000000000000000000001000'.
Parameter \NB_DATA = 8
Found cached RTLIL representation for module `$paramod\shift_r2\NB_DATA=s32'00000000000000000000000000001000'.
Parameter \NB_DATA = 8
Found cached RTLIL representation for module `$paramod\shift_r2\NB_DATA=s32'00000000000000000000000000001000'.
Parameter \NB_DATA = 8
Parameter \NBF_DATA = 7

32.10. Executing AST frontend in derive mode using pre-parsed AST for module `\twiddle_interface'.
Parameter \NB_DATA = 8
Parameter \NBF_DATA = 7
Generating RTLIL representation for module `$paramod$55e188ae133e8a9a9b845f543e216dcb7898452c\twiddle_interface'.
Parameter \NB_INPUT = 8
Parameter \NBF_INPUT = 7
Parameter \NB_OUTPUT = 8
Parameter \NBF_OUTPUT = 7

32.11. Executing AST frontend in derive mode using pre-parsed AST for module `\fft4'.
Parameter \NB_INPUT = 8
Parameter \NBF_INPUT = 7
Parameter \NB_OUTPUT = 8
Parameter \NBF_OUTPUT = 7
Generating RTLIL representation for module `$paramod$822bb578bad106d066af788502e6b7c8175f5771\fft4'.
Parameter \NB_DATA = 8

32.12. Executing AST frontend in derive mode using pre-parsed AST for module `\shift_r4'.
Parameter \NB_DATA = 8
Generating RTLIL representation for module `$paramod\shift_r4\NB_DATA=s32'00000000000000000000000000001000'.
Parameter \NB_ADDR = 7
Parameter \NB_DATA = 8

32.13. Executing AST frontend in derive mode using pre-parsed AST for module `\debug_unit'.
Parameter \NB_ADDR = 7
Parameter \NB_DATA = 8
Generating RTLIL representation for module `$paramod$9d48a4856d550f9261444b1c4abfe084c1906f00\debug_unit'.
Parameter \FRAME_BITS = 16
Parameter \ADDR_BITS = 7
Parameter \DATA_BITS = 8

32.14. Executing AST frontend in derive mode using pre-parsed AST for module `\spi_slave_mode0'.
Parameter \FRAME_BITS = 16
Parameter \ADDR_BITS = 7
Parameter \DATA_BITS = 8
Generating RTLIL representation for module `$paramod$86c3a2406c43d36f373e6f546f8eb44128c55483\spi_slave_mode0'.

32.15. Analyzing design hierarchy..
Top module:  \top_chip
Used module:     \debug_system
Used module:         $paramod$9d48a4856d550f9261444b1c4abfe084c1906f00\debug_unit
Used module:         $paramod$86c3a2406c43d36f373e6f546f8eb44128c55483\spi_slave_mode0
Used module:     $paramod\tx_serializer\NB_DATA=s32'00000000000000000000000000001000
Used module:     $paramod\fft32\NB_DATA=s32'00000000000000000000000000001000
Used module:         $paramod\buffer_parallel2serial\NB_DATA=s32'00000000000000000000000000001000
Used module:         $paramod$822bb578bad106d066af788502e6b7c8175f5771\fft8
Used module:         $paramod\shift_r2\NB_DATA=s32'00000000000000000000000000001000
Used module:         $paramod$55e188ae133e8a9a9b845f543e216dcb7898452c\twiddle_interface
Used module:         $paramod$822bb578bad106d066af788502e6b7c8175f5771\fft4
Used module:         $paramod\shift_r4\NB_DATA=s32'00000000000000000000000000001000
Used module:     $paramod\rx_serializer\NB_DATA=s32'00000000000000000000000000001000
Parameter \DATA_WIDTH = 8

32.16. Executing AST frontend in derive mode using pre-parsed AST for module `\cdc_snapshot'.
Parameter \DATA_WIDTH = 8
Generating RTLIL representation for module `$paramod\cdc_snapshot\DATA_WIDTH=s32'00000000000000000000000000001000'.
Parameter \DATA_WIDTH = 8
Found cached RTLIL representation for module `$paramod\cdc_snapshot\DATA_WIDTH=s32'00000000000000000000000000001000'.
Parameter \DATA_WIDTH = 8
Found cached RTLIL representation for module `$paramod\cdc_snapshot\DATA_WIDTH=s32'00000000000000000000000000001000'.
Parameter \DATA_WIDTH = 8
Found cached RTLIL representation for module `$paramod\cdc_snapshot\DATA_WIDTH=s32'00000000000000000000000000001000'.
Parameter \DATA_WIDTH = 8
Found cached RTLIL representation for module `$paramod\cdc_snapshot\DATA_WIDTH=s32'00000000000000000000000000001000'.
Parameter \DATA_WIDTH = 8
Found cached RTLIL representation for module `$paramod\cdc_snapshot\DATA_WIDTH=s32'00000000000000000000000000001000'.
Parameter \DATA_WIDTH = 8
Found cached RTLIL representation for module `$paramod\cdc_snapshot\DATA_WIDTH=s32'00000000000000000000000000001000'.
Parameter \NB_INP = 10
Parameter \NBF_INP = 7
Parameter \NB_OUT = 8
Parameter \NBF_OUT = 7
Parameter \RND_MD = 0

32.17. Executing AST frontend in derive mode using pre-parsed AST for module `\clip_round'.
Parameter \NB_INP = 10
Parameter \NBF_INP = 7
Parameter \NB_OUT = 8
Parameter \NBF_OUT = 7
Parameter \RND_MD = 0
Generating RTLIL representation for module `$paramod$4b888baed3c80e165e67efcc55e29a2746c95ac5\clip_round'.
Parameter \NB_INP = 10
Parameter \NBF_INP = 7
Parameter \NB_OUT = 8
Parameter \NBF_OUT = 7
Parameter \RND_MD = 0
Found cached RTLIL representation for module `$paramod$4b888baed3c80e165e67efcc55e29a2746c95ac5\clip_round'.
Parameter \NB_INP = 10
Parameter \NBF_INP = 7
Parameter \NB_OUT = 8
Parameter \NBF_OUT = 7
Parameter \RND_MD = 0
Found cached RTLIL representation for module `$paramod$4b888baed3c80e165e67efcc55e29a2746c95ac5\clip_round'.
Parameter \NB_INP = 10
Parameter \NBF_INP = 7
Parameter \NB_OUT = 8
Parameter \NBF_OUT = 7
Parameter \RND_MD = 0
Found cached RTLIL representation for module `$paramod$4b888baed3c80e165e67efcc55e29a2746c95ac5\clip_round'.
Parameter \NB_INPUT = 8
Parameter \NBF_INPUT = 7
Parameter \NB_OUTPUT = 8
Parameter \NBF_OUTPUT = 7

32.18. Executing AST frontend in derive mode using pre-parsed AST for module `\complex_multiplier'.
Parameter \NB_INPUT = 8
Parameter \NBF_INPUT = 7
Parameter \NB_OUTPUT = 8
Parameter \NBF_OUTPUT = 7
Generating RTLIL representation for module `$paramod$822bb578bad106d066af788502e6b7c8175f5771\complex_multiplier'.
Parameter \NB_INPUT = 8
Parameter \NBF_INPUT = 7
Parameter \NB_OUTPUT = 8
Parameter \NBF_OUTPUT = 7
Found cached RTLIL representation for module `$paramod$822bb578bad106d066af788502e6b7c8175f5771\complex_multiplier'.
Parameter \NB_INPUT = 8
Parameter \NBF_INPUT = 7
Parameter \NB_OUTPUT = 8
Parameter \NBF_OUTPUT = 7
Found cached RTLIL representation for module `$paramod$822bb578bad106d066af788502e6b7c8175f5771\complex_multiplier'.
Parameter \NB_INPUT = 11
Parameter \NB_OUTPUT = 8

32.19. Executing AST frontend in derive mode using pre-parsed AST for module `\mdc8p_stage3'.
Parameter \NB_INPUT = 11
Parameter \NB_OUTPUT = 8
Generating RTLIL representation for module `$paramod$15976f97eff3e7efba67231cdea386a8faf17143\mdc8p_stage3'.
Parameter \NB_INPUT = 10
Parameter \NB_OUTPUT = 11

32.20. Executing AST frontend in derive mode using pre-parsed AST for module `\mdc8p_stage2'.
Parameter \NB_INPUT = 10
Parameter \NB_OUTPUT = 11
Generating RTLIL representation for module `$paramod$0412e2692e4fb416d489fd1dda7f407e3f363dcc\mdc8p_stage2'.
Parameter \NB_INPUT = 8
Parameter \NBF_INPUT = 7
Parameter \NB_OUTPUT = 10
Parameter \NBF_OUTPUT = 7
Parameter \NB_TW = 10
Parameter \NBF_TW = 9

32.21. Executing AST frontend in derive mode using pre-parsed AST for module `\mdc8p_stage1'.
Parameter \NB_INPUT = 8
Parameter \NBF_INPUT = 7
Parameter \NB_OUTPUT = 10
Parameter \NBF_OUTPUT = 7
Parameter \NB_TW = 10
Parameter \NBF_TW = 9
Generating RTLIL representation for module `$paramod$ed12c0bd15db7b134ad06ea575abb269e0ee74ce\mdc8p_stage1'.
Warning: Replacing memory \r_bt0_i with list of registers. See /home/designer/shared/FFT/parallel_fft/design/rtl/fft_mdc_8p/stages/mdc8p_stage1.v:128
Warning: Replacing memory \r_bt0_r with list of registers. See /home/designer/shared/FFT/parallel_fft/design/rtl/fft_mdc_8p/stages/mdc8p_stage1.v:124

32.22. Analyzing design hierarchy..
Top module:  \top_chip
Used module:     \debug_system
Used module:         $paramod$9d48a4856d550f9261444b1c4abfe084c1906f00\debug_unit
Used module:             $paramod\cdc_snapshot\DATA_WIDTH=s32'00000000000000000000000000001000
Used module:         $paramod$86c3a2406c43d36f373e6f546f8eb44128c55483\spi_slave_mode0
Used module:     $paramod\tx_serializer\NB_DATA=s32'00000000000000000000000000001000
Used module:     $paramod\fft32\NB_DATA=s32'00000000000000000000000000001000
Used module:         $paramod\buffer_parallel2serial\NB_DATA=s32'00000000000000000000000000001000
Used module:         $paramod$822bb578bad106d066af788502e6b7c8175f5771\fft8
Used module:             $paramod$15976f97eff3e7efba67231cdea386a8faf17143\mdc8p_stage3
Used module:             $paramod$0412e2692e4fb416d489fd1dda7f407e3f363dcc\mdc8p_stage2
Used module:             $paramod$ed12c0bd15db7b134ad06ea575abb269e0ee74ce\mdc8p_stage1
Used module:         $paramod\shift_r2\NB_DATA=s32'00000000000000000000000000001000
Used module:         $paramod$55e188ae133e8a9a9b845f543e216dcb7898452c\twiddle_interface
Used module:             $paramod$822bb578bad106d066af788502e6b7c8175f5771\complex_multiplier
Used module:         $paramod$822bb578bad106d066af788502e6b7c8175f5771\fft4
Used module:             $paramod$4b888baed3c80e165e67efcc55e29a2746c95ac5\clip_round
Used module:         $paramod\shift_r4\NB_DATA=s32'00000000000000000000000000001000
Used module:     $paramod\rx_serializer\NB_DATA=s32'00000000000000000000000000001000
Parameter \NB = 10
Parameter \N = 4
Parameter \L = 2

32.23. Executing AST frontend in derive mode using pre-parsed AST for module `\ds_switch'.
Parameter \NB = 10
Parameter \N = 4
Parameter \L = 2
Generating RTLIL representation for module `$paramod$37c44c8171ec20227f00ac25948f2e851df399c9\ds_switch'.
Warning: Replacing memory \r_odata_i with list of registers. See /home/designer/shared/FFT/parallel_fft/design/rtl/common_modules/ds_switch.v:165
Warning: Replacing memory \r_odata_r with list of registers. See /home/designer/shared/FFT/parallel_fft/design/rtl/common_modules/ds_switch.v:164
Warning: Replacing memory \r_idata_i with list of registers. See /home/designer/shared/FFT/parallel_fft/design/rtl/common_modules/ds_switch.v:163
Warning: Replacing memory \r_idata_r with list of registers. See /home/designer/shared/FFT/parallel_fft/design/rtl/common_modules/ds_switch.v:162
Parameter \NB_I = 9
Parameter \NBF_I = 7
Parameter \NB_T = 10
Parameter \NBF_T = 9
Parameter \NB_O = 10
Parameter \NBF_O = 7

32.24. Executing AST frontend in derive mode using pre-parsed AST for module `\xfft_cell'.
Parameter \NB_I = 9
Parameter \NBF_I = 7
Parameter \NB_T = 10
Parameter \NBF_T = 9
Parameter \NB_O = 10
Parameter \NBF_O = 7
Generating RTLIL representation for module `$paramod$adef7b7f071f262d011b8eff237fe1297a531d6a\xfft_cell'.
Warning: Replacing memory \r_pp2_mult_i with list of registers. See /home/designer/shared/FFT/parallel_fft/design/rtl/common_modules/xfft_cell.v:105
Warning: Replacing memory \r_pp2_mult_r with list of registers. See /home/designer/shared/FFT/parallel_fft/design/rtl/common_modules/xfft_cell.v:103
Parameter \NB_INPUT = 8
Parameter \NB_OUTPUT = 9

32.25. Executing AST frontend in derive mode using pre-parsed AST for module `\btfly_2'.
Parameter \NB_INPUT = 8
Parameter \NB_OUTPUT = 9
Generating RTLIL representation for module `$paramod$ee998c48d291f24165178e86db53e4d6f2541c31\btfly_2'.
Parameter \NB = 11
Parameter \N = 4
Parameter \L = 1

32.26. Executing AST frontend in derive mode using pre-parsed AST for module `\ds_switch'.
Parameter \NB = 11
Parameter \N = 4
Parameter \L = 1
Generating RTLIL representation for module `$paramod$e825517e76a6abfe988a8af00874d6681f9a4907\ds_switch'.
Warning: Replacing memory \r_odata_i with list of registers. See /home/designer/shared/FFT/parallel_fft/design/rtl/common_modules/ds_switch.v:165
Warning: Replacing memory \r_odata_r with list of registers. See /home/designer/shared/FFT/parallel_fft/design/rtl/common_modules/ds_switch.v:164
Warning: Replacing memory \r_idata_i with list of registers. See /home/designer/shared/FFT/parallel_fft/design/rtl/common_modules/ds_switch.v:163
Warning: Replacing memory \r_idata_r with list of registers. See /home/designer/shared/FFT/parallel_fft/design/rtl/common_modules/ds_switch.v:162
Parameter \NB_INPUT = 10
Parameter \NB_OUTPUT = 11

32.27. Executing AST frontend in derive mode using pre-parsed AST for module `\btfly_2'.
Parameter \NB_INPUT = 10
Parameter \NB_OUTPUT = 11
Generating RTLIL representation for module `$paramod$0412e2692e4fb416d489fd1dda7f407e3f363dcc\btfly_2'.
Parameter \NB_INPUT = 11
Parameter \NB_OUTPUT = 12

32.28. Executing AST frontend in derive mode using pre-parsed AST for module `\btfly_2'.
Parameter \NB_INPUT = 11
Parameter \NB_OUTPUT = 12
Generating RTLIL representation for module `$paramod$edddbe87b6cfd6e80118c6397b48a457ce4f4cb3\btfly_2'.
Parameter \NB_INP = 17
Parameter \NBF_INP = 14
Parameter \NB_OUT = 8
Parameter \NBF_OUT = 7
Parameter \RND_MD = 0

32.29. Executing AST frontend in derive mode using pre-parsed AST for module `\clip_round'.
Parameter \NB_INP = 17
Parameter \NBF_INP = 14
Parameter \NB_OUT = 8
Parameter \NBF_OUT = 7
Parameter \RND_MD = 0
Generating RTLIL representation for module `$paramod$833ab97d3a5a7beaf1c79fa714ad51a2af6d5400\clip_round'.

32.30. Analyzing design hierarchy..
Top module:  \top_chip
Used module:     \debug_system
Used module:         $paramod$9d48a4856d550f9261444b1c4abfe084c1906f00\debug_unit
Used module:             $paramod\cdc_snapshot\DATA_WIDTH=s32'00000000000000000000000000001000
Used module:         $paramod$86c3a2406c43d36f373e6f546f8eb44128c55483\spi_slave_mode0
Used module:     $paramod\tx_serializer\NB_DATA=s32'00000000000000000000000000001000
Used module:     $paramod\fft32\NB_DATA=s32'00000000000000000000000000001000
Used module:         $paramod\buffer_parallel2serial\NB_DATA=s32'00000000000000000000000000001000
Used module:         $paramod$822bb578bad106d066af788502e6b7c8175f5771\fft8
Used module:             $paramod$15976f97eff3e7efba67231cdea386a8faf17143\mdc8p_stage3
Used module:                 $paramod$edddbe87b6cfd6e80118c6397b48a457ce4f4cb3\btfly_2
Used module:             $paramod$0412e2692e4fb416d489fd1dda7f407e3f363dcc\mdc8p_stage2
Used module:                 $paramod$e825517e76a6abfe988a8af00874d6681f9a4907\ds_switch
Used module:                 $paramod$0412e2692e4fb416d489fd1dda7f407e3f363dcc\btfly_2
Used module:             $paramod$ed12c0bd15db7b134ad06ea575abb269e0ee74ce\mdc8p_stage1
Used module:                 $paramod$37c44c8171ec20227f00ac25948f2e851df399c9\ds_switch
Used module:                 $paramod$adef7b7f071f262d011b8eff237fe1297a531d6a\xfft_cell
Used module:                 $paramod$ee998c48d291f24165178e86db53e4d6f2541c31\btfly_2
Used module:         $paramod\shift_r2\NB_DATA=s32'00000000000000000000000000001000
Used module:         $paramod$55e188ae133e8a9a9b845f543e216dcb7898452c\twiddle_interface
Used module:             $paramod$822bb578bad106d066af788502e6b7c8175f5771\complex_multiplier
Used module:                 $paramod$833ab97d3a5a7beaf1c79fa714ad51a2af6d5400\clip_round
Used module:         $paramod$822bb578bad106d066af788502e6b7c8175f5771\fft4
Used module:             $paramod$4b888baed3c80e165e67efcc55e29a2746c95ac5\clip_round
Used module:         $paramod\shift_r4\NB_DATA=s32'00000000000000000000000000001000
Used module:     $paramod\rx_serializer\NB_DATA=s32'00000000000000000000000000001000

32.31. Analyzing design hierarchy..
Top module:  \top_chip
Used module:     \debug_system
Used module:         $paramod$9d48a4856d550f9261444b1c4abfe084c1906f00\debug_unit
Used module:             $paramod\cdc_snapshot\DATA_WIDTH=s32'00000000000000000000000000001000
Used module:         $paramod$86c3a2406c43d36f373e6f546f8eb44128c55483\spi_slave_mode0
Used module:     $paramod\tx_serializer\NB_DATA=s32'00000000000000000000000000001000
Used module:     $paramod\fft32\NB_DATA=s32'00000000000000000000000000001000
Used module:         $paramod\buffer_parallel2serial\NB_DATA=s32'00000000000000000000000000001000
Used module:         $paramod$822bb578bad106d066af788502e6b7c8175f5771\fft8
Used module:             $paramod$15976f97eff3e7efba67231cdea386a8faf17143\mdc8p_stage3
Used module:                 $paramod$edddbe87b6cfd6e80118c6397b48a457ce4f4cb3\btfly_2
Used module:             $paramod$0412e2692e4fb416d489fd1dda7f407e3f363dcc\mdc8p_stage2
Used module:                 $paramod$e825517e76a6abfe988a8af00874d6681f9a4907\ds_switch
Used module:                 $paramod$0412e2692e4fb416d489fd1dda7f407e3f363dcc\btfly_2
Used module:             $paramod$ed12c0bd15db7b134ad06ea575abb269e0ee74ce\mdc8p_stage1
Used module:                 $paramod$37c44c8171ec20227f00ac25948f2e851df399c9\ds_switch
Used module:                 $paramod$adef7b7f071f262d011b8eff237fe1297a531d6a\xfft_cell
Used module:                 $paramod$ee998c48d291f24165178e86db53e4d6f2541c31\btfly_2
Used module:         $paramod\shift_r2\NB_DATA=s32'00000000000000000000000000001000
Used module:         $paramod$55e188ae133e8a9a9b845f543e216dcb7898452c\twiddle_interface
Used module:             $paramod$822bb578bad106d066af788502e6b7c8175f5771\complex_multiplier
Used module:                 $paramod$833ab97d3a5a7beaf1c79fa714ad51a2af6d5400\clip_round
Used module:         $paramod$822bb578bad106d066af788502e6b7c8175f5771\fft4
Used module:             $paramod$4b888baed3c80e165e67efcc55e29a2746c95ac5\clip_round
Used module:         $paramod\shift_r4\NB_DATA=s32'00000000000000000000000000001000
Used module:     $paramod\rx_serializer\NB_DATA=s32'00000000000000000000000000001000
Removing unused module `$abstract\spi_slave_mode0'.
Removing unused module `$abstract\cdc_snapshot'.
Removing unused module `$abstract\debug_unit'.
Removing unused module `$abstract\debug_system'.
Removing unused module `$abstract\signal_generator'.
Removing unused module `$abstract\xfft_cell'.
Removing unused module `$abstract\tx_serializer'.
Removing unused module `$abstract\rx_serializer'.
Removing unused module `$abstract\ds_switch'.
Removing unused module `$abstract\complex_multiplier'.
Removing unused module `$abstract\btfly_8'.
Removing unused module `$abstract\btfly_4'.
Removing unused module `$abstract\btfly_2'.
Removing unused module `$abstract\twiddle_interface'.
Removing unused module `$abstract\mdc8p_stage3'.
Removing unused module `$abstract\mdc8p_stage2'.
Removing unused module `$abstract\mdc8p_stage1'.
Removing unused module `$abstract\mdc8p_ctrl_out'.
Removing unused module `$abstract\mdc8p_ctrl_in'.
Removing unused module `$abstract\fft_mdc'.
Removing unused module `$abstract\shift_r4'.
Removing unused module `$abstract\shift_r2'.
Removing unused module `$abstract\round'.
Removing unused module `$abstract\clip_round'.
Removing unused module `$abstract\buffer_parallel2serial'.
Removing unused module `$abstract\fft4'.
Removing unused module `$abstract\fft8'.
Removing unused module `$abstract\fft32'.
Removing unused module `$abstract\top_chip'.
Removed 29 unused modules.
Renaming module top_chip to top_chip.

33. Executing ATTRMAP pass (move or copy attributes).

34. Executing TRIBUF pass.

35. Executing HIERARCHY pass (managing design hierarchy).

35.1. Analyzing design hierarchy..
Top module:  \top_chip
Used module:     \debug_system
Used module:         $paramod$9d48a4856d550f9261444b1c4abfe084c1906f00\debug_unit
Used module:             $paramod\cdc_snapshot\DATA_WIDTH=s32'00000000000000000000000000001000
Used module:         $paramod$86c3a2406c43d36f373e6f546f8eb44128c55483\spi_slave_mode0
Used module:     $paramod\tx_serializer\NB_DATA=s32'00000000000000000000000000001000
Used module:     $paramod\fft32\NB_DATA=s32'00000000000000000000000000001000
Used module:         $paramod\buffer_parallel2serial\NB_DATA=s32'00000000000000000000000000001000
Used module:         $paramod$822bb578bad106d066af788502e6b7c8175f5771\fft8
Used module:             $paramod$15976f97eff3e7efba67231cdea386a8faf17143\mdc8p_stage3
Used module:                 $paramod$edddbe87b6cfd6e80118c6397b48a457ce4f4cb3\btfly_2
Used module:             $paramod$0412e2692e4fb416d489fd1dda7f407e3f363dcc\mdc8p_stage2
Used module:                 $paramod$e825517e76a6abfe988a8af00874d6681f9a4907\ds_switch
Used module:                 $paramod$0412e2692e4fb416d489fd1dda7f407e3f363dcc\btfly_2
Used module:             $paramod$ed12c0bd15db7b134ad06ea575abb269e0ee74ce\mdc8p_stage1
Used module:                 $paramod$37c44c8171ec20227f00ac25948f2e851df399c9\ds_switch
Used module:                 $paramod$adef7b7f071f262d011b8eff237fe1297a531d6a\xfft_cell
Used module:                 $paramod$ee998c48d291f24165178e86db53e4d6f2541c31\btfly_2
Used module:         $paramod\shift_r2\NB_DATA=s32'00000000000000000000000000001000
Used module:         $paramod$55e188ae133e8a9a9b845f543e216dcb7898452c\twiddle_interface
Used module:             $paramod$822bb578bad106d066af788502e6b7c8175f5771\complex_multiplier
Used module:                 $paramod$833ab97d3a5a7beaf1c79fa714ad51a2af6d5400\clip_round
Used module:         $paramod$822bb578bad106d066af788502e6b7c8175f5771\fft4
Used module:             $paramod$4b888baed3c80e165e67efcc55e29a2746c95ac5\clip_round
Used module:         $paramod\shift_r4\NB_DATA=s32'00000000000000000000000000001000
Used module:     $paramod\rx_serializer\NB_DATA=s32'00000000000000000000000000001000

35.2. Analyzing design hierarchy..
Top module:  \top_chip
Used module:     \debug_system
Used module:         $paramod$9d48a4856d550f9261444b1c4abfe084c1906f00\debug_unit
Used module:             $paramod\cdc_snapshot\DATA_WIDTH=s32'00000000000000000000000000001000
Used module:         $paramod$86c3a2406c43d36f373e6f546f8eb44128c55483\spi_slave_mode0
Used module:     $paramod\tx_serializer\NB_DATA=s32'00000000000000000000000000001000
Used module:     $paramod\fft32\NB_DATA=s32'00000000000000000000000000001000
Used module:         $paramod\buffer_parallel2serial\NB_DATA=s32'00000000000000000000000000001000
Used module:         $paramod$822bb578bad106d066af788502e6b7c8175f5771\fft8
Used module:             $paramod$15976f97eff3e7efba67231cdea386a8faf17143\mdc8p_stage3
Used module:                 $paramod$edddbe87b6cfd6e80118c6397b48a457ce4f4cb3\btfly_2
Used module:             $paramod$0412e2692e4fb416d489fd1dda7f407e3f363dcc\mdc8p_stage2
Used module:                 $paramod$e825517e76a6abfe988a8af00874d6681f9a4907\ds_switch
Used module:                 $paramod$0412e2692e4fb416d489fd1dda7f407e3f363dcc\btfly_2
Used module:             $paramod$ed12c0bd15db7b134ad06ea575abb269e0ee74ce\mdc8p_stage1
Used module:                 $paramod$37c44c8171ec20227f00ac25948f2e851df399c9\ds_switch
Used module:                 $paramod$adef7b7f071f262d011b8eff237fe1297a531d6a\xfft_cell
Used module:                 $paramod$ee998c48d291f24165178e86db53e4d6f2541c31\btfly_2
Used module:         $paramod\shift_r2\NB_DATA=s32'00000000000000000000000000001000
Used module:         $paramod$55e188ae133e8a9a9b845f543e216dcb7898452c\twiddle_interface
Used module:             $paramod$822bb578bad106d066af788502e6b7c8175f5771\complex_multiplier
Used module:                 $paramod$833ab97d3a5a7beaf1c79fa714ad51a2af6d5400\clip_round
Used module:         $paramod$822bb578bad106d066af788502e6b7c8175f5771\fft4
Used module:             $paramod$4b888baed3c80e165e67efcc55e29a2746c95ac5\clip_round
Used module:         $paramod\shift_r4\NB_DATA=s32'00000000000000000000000000001000
Used module:     $paramod\rx_serializer\NB_DATA=s32'00000000000000000000000000001000
Removed 0 unused modules.

36. Executing PROC_CLEAN pass (remove empty switches from decision trees).
Found and cleaned up 2 empty switches in `$paramod$37c44c8171ec20227f00ac25948f2e851df399c9\ds_switch.$proc$/home/designer/shared/FFT/parallel_fft/design/rtl/common_modules/ds_switch.v:159$536'.
Found and cleaned up 1 empty switch in `$paramod$e825517e76a6abfe988a8af00874d6681f9a4907\ds_switch.$proc$/home/designer/shared/FFT/parallel_fft/design/rtl/common_modules/ds_switch.v:159$586'.
Cleaned up 3 empty switches.

37. Executing PROC_RMDEAD pass (remove dead branches from decision trees).
Marked 1 switch rules as full_case in process $proc$/home/designer/shared/FFT/parallel_fft/design/rtl/top_chip.v:102$20 in module top_chip.
Marked 1 switch rules as full_case in process $proc$/home/designer/shared/FFT/parallel_fft/design/rtl/top_chip.v:90$17 in module top_chip.
Marked 1 switch rules as full_case in process $proc$/home/designer/shared/FFT/parallel_fft/design/rtl/top_chip.v:70$6 in module top_chip.
Removed 1 dead cases from process $proc$/home/designer/shared/FFT/parallel_fft/design/rtl/common_modules/ds_switch.v:131$532 in module $paramod$37c44c8171ec20227f00ac25948f2e851df399c9\ds_switch.
Marked 4 switch rules as full_case in process $proc$/home/designer/shared/FFT/parallel_fft/design/rtl/common_modules/ds_switch.v:131$532 in module $paramod$37c44c8171ec20227f00ac25948f2e851df399c9\ds_switch.
Removed 1 dead cases from process $proc$/home/designer/shared/FFT/parallel_fft/design/rtl/common_modules/ds_switch.v:109$529 in module $paramod$37c44c8171ec20227f00ac25948f2e851df399c9\ds_switch.
Marked 3 switch rules as full_case in process $proc$/home/designer/shared/FFT/parallel_fft/design/rtl/common_modules/ds_switch.v:109$529 in module $paramod$37c44c8171ec20227f00ac25948f2e851df399c9\ds_switch.
Removed 1 dead cases from process $proc$/home/designer/shared/FFT/parallel_fft/design/rtl/common_modules/ds_switch.v:83$525 in module $paramod$37c44c8171ec20227f00ac25948f2e851df399c9\ds_switch.
Marked 3 switch rules as full_case in process $proc$/home/designer/shared/FFT/parallel_fft/design/rtl/common_modules/ds_switch.v:83$525 in module $paramod$37c44c8171ec20227f00ac25948f2e851df399c9\ds_switch.
Removed 1 dead cases from process $proc$/home/designer/shared/FFT/parallel_fft/design/rtl/common_modules/ds_switch.v:54$520 in module $paramod$37c44c8171ec20227f00ac25948f2e851df399c9\ds_switch.
Marked 5 switch rules as full_case in process $proc$/home/designer/shared/FFT/parallel_fft/design/rtl/common_modules/ds_switch.v:54$520 in module $paramod$37c44c8171ec20227f00ac25948f2e851df399c9\ds_switch.
Removed 1 dead cases from process $proc$/home/designer/shared/FFT/parallel_fft/design/rtl/fft_mdc_8p/stages/mdc8p_stage1.v:0$517 in module $paramod$ed12c0bd15db7b134ad06ea575abb269e0ee74ce\mdc8p_stage1.
Marked 1 switch rules as full_case in process $proc$/home/designer/shared/FFT/parallel_fft/design/rtl/fft_mdc_8p/stages/mdc8p_stage1.v:0$517 in module $paramod$ed12c0bd15db7b134ad06ea575abb269e0ee74ce\mdc8p_stage1.
Removed 1 dead cases from process $proc$/home/designer/shared/FFT/parallel_fft/design/rtl/fft_mdc_8p/stages/mdc8p_stage1.v:0$514 in module $paramod$ed12c0bd15db7b134ad06ea575abb269e0ee74ce\mdc8p_stage1.
Marked 1 switch rules as full_case in process $proc$/home/designer/shared/FFT/parallel_fft/design/rtl/fft_mdc_8p/stages/mdc8p_stage1.v:0$514 in module $paramod$ed12c0bd15db7b134ad06ea575abb269e0ee74ce\mdc8p_stage1.
Marked 3 switch rules as full_case in process $proc$/home/designer/shared/FFT/parallel_fft/design/rtl/fft_mdc_8p/stages/mdc8p_stage1.v:81$504 in module $paramod$ed12c0bd15db7b134ad06ea575abb269e0ee74ce\mdc8p_stage1.
Marked 2 switch rules as full_case in process $proc$/home/designer/shared/FFT/parallel_fft/design/rtl/fft_mdc_8p/stages/mdc8p_stage2.v:56$489 in module $paramod$0412e2692e4fb416d489fd1dda7f407e3f363dcc\mdc8p_stage2.
Marked 1 switch rules as full_case in process $proc$/home/designer/shared/FFT/parallel_fft/design/rtl/fft_mdc_8p/stages/mdc8p_stage3.v:44$487 in module $paramod$15976f97eff3e7efba67231cdea386a8faf17143\mdc8p_stage3.
Marked 1 switch rules as full_case in process $proc$/home/designer/shared/FFT/parallel_fft/design/rtl/debug_unit/cdc_snapshot.v:31$466 in module $paramod\cdc_snapshot\DATA_WIDTH=s32'00000000000000000000000000001000.
Marked 1 switch rules as full_case in process $proc$/home/designer/shared/FFT/parallel_fft/design/rtl/debug_unit/cdc_snapshot.v:17$461 in module $paramod\cdc_snapshot\DATA_WIDTH=s32'00000000000000000000000000001000.
Marked 4 switch rules as full_case in process $proc$/home/designer/shared/FFT/parallel_fft/design/rtl/debug_unit/spi_slave_mode0.v:119$456 in module $paramod$86c3a2406c43d36f373e6f546f8eb44128c55483\spi_slave_mode0.
Marked 3 switch rules as full_case in process $proc$/home/designer/shared/FFT/parallel_fft/design/rtl/debug_unit/spi_slave_mode0.v:60$448 in module $paramod$86c3a2406c43d36f373e6f546f8eb44128c55483\spi_slave_mode0.
Marked 1 switch rules as full_case in process $proc$/home/designer/shared/FFT/parallel_fft/design/rtl/debug_unit/debug_unit.v:118$445 in module $paramod$9d48a4856d550f9261444b1c4abfe084c1906f00\debug_unit.
Marked 2 switch rules as full_case in process $proc$/home/designer/shared/FFT/parallel_fft/design/rtl/debug_unit/debug_unit.v:102$443 in module $paramod$9d48a4856d550f9261444b1c4abfe084c1906f00\debug_unit.
Marked 1 switch rules as full_case in process $proc$/home/designer/shared/FFT/parallel_fft/design/rtl/shift_r4.v:38$442 in module $paramod\shift_r4\NB_DATA=s32'00000000000000000000000000001000.
Marked 1 switch rules as full_case in process $proc$/home/designer/shared/FFT/parallel_fft/design/rtl/fft4.v:146$440 in module $paramod$822bb578bad106d066af788502e6b7c8175f5771\fft4.
Marked 1 switch rules as full_case in process $proc$/home/designer/shared/FFT/parallel_fft/design/rtl/fft4.v:116$426 in module $paramod$822bb578bad106d066af788502e6b7c8175f5771\fft4.
Marked 1 switch rules as full_case in process $proc$/home/designer/shared/FFT/parallel_fft/design/rtl/fft4.v:73$413 in module $paramod$822bb578bad106d066af788502e6b7c8175f5771\fft4.
Marked 1 switch rules as full_case in process $proc$/home/designer/shared/FFT/parallel_fft/design/rtl/twiddle_interface/twiddle_interface.v:175$412 in module $paramod$55e188ae133e8a9a9b845f543e216dcb7898452c\twiddle_interface.
Marked 2 switch rules as full_case in process $proc$/home/designer/shared/FFT/parallel_fft/design/rtl/twiddle_interface/twiddle_interface.v:106$407 in module $paramod$55e188ae133e8a9a9b845f543e216dcb7898452c\twiddle_interface.
Removed 1 dead cases from process $proc$/home/designer/shared/FFT/parallel_fft/design/rtl/buffer_parallel2serial.v:54$59 in module $paramod\buffer_parallel2serial\NB_DATA=s32'00000000000000000000000000001000.
Marked 6 switch rules as full_case in process $proc$/home/designer/shared/FFT/parallel_fft/design/rtl/buffer_parallel2serial.v:54$59 in module $paramod\buffer_parallel2serial\NB_DATA=s32'00000000000000000000000000001000.
Marked 3 switch rules as full_case in process $proc$/home/designer/shared/FFT/parallel_fft/design/rtl/common_modules/rx_serializer.v:70$40 in module $paramod\rx_serializer\NB_DATA=s32'00000000000000000000000000001000.
Marked 2 switch rules as full_case in process $proc$/home/designer/shared/FFT/parallel_fft/design/rtl/common_modules/rx_serializer.v:46$37 in module $paramod\rx_serializer\NB_DATA=s32'00000000000000000000000000001000.
Marked 1 switch rules as full_case in process $proc$/home/designer/shared/FFT/parallel_fft/design/rtl/common_modules/rx_serializer.v:39$33 in module $paramod\rx_serializer\NB_DATA=s32'00000000000000000000000000001000.
Marked 3 switch rules as full_case in process $proc$/home/designer/shared/FFT/parallel_fft/design/rtl/common_modules/tx_serializer.v:59$27 in module $paramod\tx_serializer\NB_DATA=s32'00000000000000000000000000001000.
Marked 1 switch rules as full_case in process $proc$/home/designer/shared/FFT/parallel_fft/design/rtl/common_modules/tx_serializer.v:44$25 in module $paramod\tx_serializer\NB_DATA=s32'00000000000000000000000000001000.
Removed 1 dead cases from process $proc$/home/designer/shared/FFT/parallel_fft/design/rtl/common_modules/ds_switch.v:131$582 in module $paramod$e825517e76a6abfe988a8af00874d6681f9a4907\ds_switch.
Marked 4 switch rules as full_case in process $proc$/home/designer/shared/FFT/parallel_fft/design/rtl/common_modules/ds_switch.v:131$582 in module $paramod$e825517e76a6abfe988a8af00874d6681f9a4907\ds_switch.
Removed 1 dead cases from process $proc$/home/designer/shared/FFT/parallel_fft/design/rtl/common_modules/ds_switch.v:109$579 in module $paramod$e825517e76a6abfe988a8af00874d6681f9a4907\ds_switch.
Marked 3 switch rules as full_case in process $proc$/home/designer/shared/FFT/parallel_fft/design/rtl/common_modules/ds_switch.v:109$579 in module $paramod$e825517e76a6abfe988a8af00874d6681f9a4907\ds_switch.
Removed 1 dead cases from process $proc$/home/designer/shared/FFT/parallel_fft/design/rtl/common_modules/ds_switch.v:83$575 in module $paramod$e825517e76a6abfe988a8af00874d6681f9a4907\ds_switch.
Marked 3 switch rules as full_case in process $proc$/home/designer/shared/FFT/parallel_fft/design/rtl/common_modules/ds_switch.v:83$575 in module $paramod$e825517e76a6abfe988a8af00874d6681f9a4907\ds_switch.
Removed 1 dead cases from process $proc$/home/designer/shared/FFT/parallel_fft/design/rtl/common_modules/ds_switch.v:54$570 in module $paramod$e825517e76a6abfe988a8af00874d6681f9a4907\ds_switch.
Marked 5 switch rules as full_case in process $proc$/home/designer/shared/FFT/parallel_fft/design/rtl/common_modules/ds_switch.v:54$570 in module $paramod$e825517e76a6abfe988a8af00874d6681f9a4907\ds_switch.
Removed a total of 11 dead cases.

38. Executing PROC_PRUNE pass (remove redundant assignments in processes).
Removed 39 redundant assignments.
Promoted 136 assignments to connections.

39. Executing PROC_INIT pass (extract init attributes).

40. Executing PROC_ARST pass (detect async resets in processes).
Found async reset \internal_rst_n in `\top_chip.$proc$/home/designer/shared/FFT/parallel_fft/design/rtl/top_chip.v:102$20'.
Found async reset \internal_rst_n in `\top_chip.$proc$/home/designer/shared/FFT/parallel_fft/design/rtl/top_chip.v:90$17'.
Found async reset \internal_rst_n in `\top_chip.$proc$/home/designer/shared/FFT/parallel_fft/design/rtl/top_chip.v:70$6'.
Found async reset \i_rst in `$paramod$37c44c8171ec20227f00ac25948f2e851df399c9\ds_switch.$proc$/home/designer/shared/FFT/parallel_fft/design/rtl/common_modules/ds_switch.v:109$529'.
Found async reset \i_rst in `$paramod$37c44c8171ec20227f00ac25948f2e851df399c9\ds_switch.$proc$/home/designer/shared/FFT/parallel_fft/design/rtl/common_modules/ds_switch.v:54$520'.
Found async reset \i_rst in `$paramod$0412e2692e4fb416d489fd1dda7f407e3f363dcc\mdc8p_stage2.$proc$/home/designer/shared/FFT/parallel_fft/design/rtl/fft_mdc_8p/stages/mdc8p_stage2.v:56$489'.
Found async reset \rst_n in `$paramod\cdc_snapshot\DATA_WIDTH=s32'00000000000000000000000000001000.$proc$/home/designer/shared/FFT/parallel_fft/design/rtl/debug_unit/cdc_snapshot.v:31$466'.
Found async reset \rst_n in `$paramod\cdc_snapshot\DATA_WIDTH=s32'00000000000000000000000000001000.$proc$/home/designer/shared/FFT/parallel_fft/design/rtl/debug_unit/cdc_snapshot.v:17$461'.
Found async reset \rst_n in `$paramod$86c3a2406c43d36f373e6f546f8eb44128c55483\spi_slave_mode0.$proc$/home/designer/shared/FFT/parallel_fft/design/rtl/debug_unit/spi_slave_mode0.v:119$456'.
Found async reset \rst_n in `$paramod$86c3a2406c43d36f373e6f546f8eb44128c55483\spi_slave_mode0.$proc$/home/designer/shared/FFT/parallel_fft/design/rtl/debug_unit/spi_slave_mode0.v:60$448'.
Found async reset \rst_n in `$paramod$9d48a4856d550f9261444b1c4abfe084c1906f00\debug_unit.$proc$/home/designer/shared/FFT/parallel_fft/design/rtl/debug_unit/debug_unit.v:102$443'.
Found async reset \i_rst_n in `$paramod\rx_serializer\NB_DATA=s32'00000000000000000000000000001000.$proc$/home/designer/shared/FFT/parallel_fft/design/rtl/common_modules/rx_serializer.v:46$37'.
Found async reset \i_rst_n in `$paramod\rx_serializer\NB_DATA=s32'00000000000000000000000000001000.$proc$/home/designer/shared/FFT/parallel_fft/design/rtl/common_modules/rx_serializer.v:39$33'.
Found async reset \i_rst_n in `$paramod\tx_serializer\NB_DATA=s32'00000000000000000000000000001000.$proc$/home/designer/shared/FFT/parallel_fft/design/rtl/common_modules/tx_serializer.v:44$25'.
Found async reset \i_rst in `$paramod$e825517e76a6abfe988a8af00874d6681f9a4907\ds_switch.$proc$/home/designer/shared/FFT/parallel_fft/design/rtl/common_modules/ds_switch.v:109$579'.
Found async reset \i_rst in `$paramod$e825517e76a6abfe988a8af00874d6681f9a4907\ds_switch.$proc$/home/designer/shared/FFT/parallel_fft/design/rtl/common_modules/ds_switch.v:54$570'.

41. Executing PROC_ROM pass (convert switches to ROMs).
Converted 0 switches.
<suppressed ~82 debug messages>

42. Executing PROC_MUX pass (convert decision trees to multiplexers).
Creating decoders for process `\top_chip.$proc$/home/designer/shared/FFT/parallel_fft/design/rtl/top_chip.v:102$20'.
     1/2: $0\last_out_im[7:0]
     2/2: $0\last_out_re[7:0]
Creating decoders for process `\top_chip.$proc$/home/designer/shared/FFT/parallel_fft/design/rtl/top_chip.v:90$17'.
     1/2: $0\error_flags[7:0] [7:1]
     2/2: $0\error_flags[7:0] [0]
Creating decoders for process `\top_chip.$proc$/home/designer/shared/FFT/parallel_fft/design/rtl/top_chip.v:70$6'.
     1/2: $0\cnt_outputs[7:0]
     2/2: $0\cnt_inputs[7:0]
Creating decoders for process `$paramod$adef7b7f071f262d011b8eff237fe1297a531d6a\xfft_cell.$proc$/home/designer/shared/FFT/parallel_fft/design/rtl/common_modules/xfft_cell.v:0$557'.
Creating decoders for process `$paramod$adef7b7f071f262d011b8eff237fe1297a531d6a\xfft_cell.$proc$/home/designer/shared/FFT/parallel_fft/design/rtl/common_modules/xfft_cell.v:102$542'.
Creating decoders for process `$paramod$adef7b7f071f262d011b8eff237fe1297a531d6a\xfft_cell.$proc$/home/designer/shared/FFT/parallel_fft/design/rtl/common_modules/xfft_cell.v:71$541'.
Creating decoders for process `$paramod$37c44c8171ec20227f00ac25948f2e851df399c9\ds_switch.$proc$/home/designer/shared/FFT/parallel_fft/design/rtl/common_modules/ds_switch.v:159$536'.
Creating decoders for process `$paramod$37c44c8171ec20227f00ac25948f2e851df399c9\ds_switch.$proc$/home/designer/shared/FFT/parallel_fft/design/rtl/common_modules/ds_switch.v:131$532'.
     1/5: $4\valid_nstate[0:0]
     2/5: $3\valid_nstate[0:0]
     3/5: $2\valid_nstate[0:0]
     4/5: $1\valid_nstate[0:0]
     5/5: $1\valid[0:0]
Creating decoders for process `$paramod$37c44c8171ec20227f00ac25948f2e851df399c9\ds_switch.$proc$/home/designer/shared/FFT/parallel_fft/design/rtl/common_modules/ds_switch.v:109$529'.
     1/2: $0\valid_count[3:0]
     2/2: $0\valid_cstate[0:0]
Creating decoders for process `$paramod$37c44c8171ec20227f00ac25948f2e851df399c9\ds_switch.$proc$/home/designer/shared/FFT/parallel_fft/design/rtl/common_modules/ds_switch.v:83$525'.
     1/4: $3\next_state[0:0]
     2/4: $2\next_state[0:0]
     3/4: $1\next_state[0:0]
     4/4: $1\r_sel[0:0]
Creating decoders for process `$paramod$37c44c8171ec20227f00ac25948f2e851df399c9\ds_switch.$proc$/home/designer/shared/FFT/parallel_fft/design/rtl/common_modules/ds_switch.v:54$520'.
     1/2: $0\flag[1:0]
     2/2: $0\current_state[0:0]
Creating decoders for process `$paramod$ed12c0bd15db7b134ad06ea575abb269e0ee74ce\mdc8p_stage1.$proc$/home/designer/shared/FFT/parallel_fft/design/rtl/fft_mdc_8p/stages/mdc8p_stage1.v:0$517'.
     1/1: $1$mem2reg_rd$\w_twiddle_i$/home/designer/shared/FFT/parallel_fft/design/rtl/fft_mdc_8p/stages/mdc8p_stage1.v:79$503_DATA[9:0]$519
Creating decoders for process `$paramod$ed12c0bd15db7b134ad06ea575abb269e0ee74ce\mdc8p_stage1.$proc$/home/designer/shared/FFT/parallel_fft/design/rtl/fft_mdc_8p/stages/mdc8p_stage1.v:0$514'.
     1/1: $1$mem2reg_rd$\w_twiddle_r$/home/designer/shared/FFT/parallel_fft/design/rtl/fft_mdc_8p/stages/mdc8p_stage1.v:78$502_DATA[9:0]$516
Creating decoders for process `$paramod$ed12c0bd15db7b134ad06ea575abb269e0ee74ce\mdc8p_stage1.$proc$/home/designer/shared/FFT/parallel_fft/design/rtl/fft_mdc_8p/stages/mdc8p_stage1.v:0$509'.
Creating decoders for process `$paramod$ed12c0bd15db7b134ad06ea575abb269e0ee74ce\mdc8p_stage1.$proc$/home/designer/shared/FFT/parallel_fft/design/rtl/fft_mdc_8p/stages/mdc8p_stage1.v:123$508'.
Creating decoders for process `$paramod$ed12c0bd15db7b134ad06ea575abb269e0ee74ce\mdc8p_stage1.$proc$/home/designer/shared/FFT/parallel_fft/design/rtl/fft_mdc_8p/stages/mdc8p_stage1.v:98$507'.
Creating decoders for process `$paramod$ed12c0bd15db7b134ad06ea575abb269e0ee74ce\mdc8p_stage1.$proc$/home/designer/shared/FFT/parallel_fft/design/rtl/fft_mdc_8p/stages/mdc8p_stage1.v:81$504'.
     1/1: $0\r_count[1:0]
Creating decoders for process `$paramod$0412e2692e4fb416d489fd1dda7f407e3f363dcc\mdc8p_stage2.$proc$/home/designer/shared/FFT/parallel_fft/design/rtl/fft_mdc_8p/stages/mdc8p_stage2.v:72$491'.
Creating decoders for process `$paramod$0412e2692e4fb416d489fd1dda7f407e3f363dcc\mdc8p_stage2.$proc$/home/designer/shared/FFT/parallel_fft/design/rtl/fft_mdc_8p/stages/mdc8p_stage2.v:56$489'.
     1/1: $0\r_count[0:0]
Creating decoders for process `$paramod$15976f97eff3e7efba67231cdea386a8faf17143\mdc8p_stage3.$proc$/home/designer/shared/FFT/parallel_fft/design/rtl/fft_mdc_8p/stages/mdc8p_stage3.v:59$488'.
Creating decoders for process `$paramod$15976f97eff3e7efba67231cdea386a8faf17143\mdc8p_stage3.$proc$/home/designer/shared/FFT/parallel_fft/design/rtl/fft_mdc_8p/stages/mdc8p_stage3.v:44$487'.
     1/4: $1\next_data1_i[7:0]
     2/4: $1\next_data1_r[7:0]
     3/4: $1\next_data0_i[7:0]
     4/4: $1\next_data0_r[7:0]
Creating decoders for process `$paramod$822bb578bad106d066af788502e6b7c8175f5771\complex_multiplier.$proc$/home/designer/shared/FFT/parallel_fft/design/rtl/common_modules/complex_multiplier.v:53$486'.
Creating decoders for process `$paramod\cdc_snapshot\DATA_WIDTH=s32'00000000000000000000000000001000.$proc$/home/designer/shared/FFT/parallel_fft/design/rtl/debug_unit/cdc_snapshot.v:31$466'.
     1/1: $0\data_out[7:0]
Creating decoders for process `$paramod\cdc_snapshot\DATA_WIDTH=s32'00000000000000000000000000001000.$proc$/home/designer/shared/FFT/parallel_fft/design/rtl/debug_unit/cdc_snapshot.v:17$461'.
     1/1: $0\trig_sync[2:0]
Creating decoders for process `$paramod$86c3a2406c43d36f373e6f546f8eb44128c55483\spi_slave_mode0.$proc$/home/designer/shared/FFT/parallel_fft/design/rtl/debug_unit/spi_slave_mode0.v:119$456'.
     1/4: $0\rd_toggle_q[0:0]
     2/4: $0\tx_active[0:0]
     3/4: $0\tx_cnt[2:0]
     4/4: $0\tx_shift[15:0]
Creating decoders for process `$paramod$86c3a2406c43d36f373e6f546f8eb44128c55483\spi_slave_mode0.$proc$/home/designer/shared/FFT/parallel_fft/design/rtl/debug_unit/spi_slave_mode0.v:60$448'.
     1/11: $0\bit_cnt[3:0]
     2/11: $0\rx_shift[15:0]
     3/11: $0\done[0:0]
     4/11: $0\write_enable[0:0]
     5/11: $0\next_rx[15:0]
     6/11: $0\rd_toggle[0:0]
     7/11: $0\addr_latched[6:0]
     8/11: $0\rw_latched[0:0]
     9/11: $0\rx_frame[15:0]
    10/11: $0\data_out[7:0]
    11/11: $0\addr_out[6:0]
Creating decoders for process `$paramod$9d48a4856d550f9261444b1c4abfe084c1906f00\debug_unit.$proc$/home/designer/shared/FFT/parallel_fft/design/rtl/debug_unit/debug_unit.v:118$445'.
     1/1: $1\spi_rdata[7:0]
Creating decoders for process `$paramod$9d48a4856d550f9261444b1c4abfe084c1906f00\debug_unit.$proc$/home/designer/shared/FFT/parallel_fft/design/rtl/debug_unit/debug_unit.v:102$443'.
     1/1: $0\sys_config[2:0]
Creating decoders for process `$paramod\shift_r4\NB_DATA=s32'00000000000000000000000000001000.$proc$/home/designer/shared/FFT/parallel_fft/design/rtl/shift_r4.v:38$442'.
     1/76: $1\k[31:0]
     2/76: $0\valid_q[24:0] [24]
     3/76: $0\valid_q[24:0] [23]
     4/76: $0\data_im_q[199:0] [191:184]
     5/76: $0\data_re_q[199:0] [191:184]
     6/76: $0\valid_q[24:0] [22]
     7/76: $0\data_im_q[199:0] [183:176]
     8/76: $0\data_re_q[199:0] [183:176]
     9/76: $0\valid_q[24:0] [21]
    10/76: $0\data_im_q[199:0] [175:168]
    11/76: $0\data_re_q[199:0] [175:168]
    12/76: $0\valid_q[24:0] [20]
    13/76: $0\data_im_q[199:0] [167:160]
    14/76: $0\data_re_q[199:0] [167:160]
    15/76: $0\valid_q[24:0] [19]
    16/76: $0\data_im_q[199:0] [159:152]
    17/76: $0\data_re_q[199:0] [159:152]
    18/76: $0\valid_q[24:0] [18]
    19/76: $0\data_im_q[199:0] [151:144]
    20/76: $0\data_re_q[199:0] [151:144]
    21/76: $0\valid_q[24:0] [17]
    22/76: $0\data_im_q[199:0] [143:136]
    23/76: $0\data_re_q[199:0] [143:136]
    24/76: $0\valid_q[24:0] [16]
    25/76: $0\data_im_q[199:0] [135:128]
    26/76: $0\data_re_q[199:0] [135:128]
    27/76: $0\valid_q[24:0] [15]
    28/76: $0\data_im_q[199:0] [127:120]
    29/76: $0\data_re_q[199:0] [127:120]
    30/76: $0\valid_q[24:0] [14]
    31/76: $0\data_im_q[199:0] [119:112]
    32/76: $0\data_re_q[199:0] [119:112]
    33/76: $0\valid_q[24:0] [13]
    34/76: $0\data_im_q[199:0] [111:104]
    35/76: $0\data_re_q[199:0] [111:104]
    36/76: $0\valid_q[24:0] [12]
    37/76: $0\data_im_q[199:0] [103:96]
    38/76: $0\data_re_q[199:0] [103:96]
    39/76: $0\valid_q[24:0] [11]
    40/76: $0\data_im_q[199:0] [95:88]
    41/76: $0\data_re_q[199:0] [95:88]
    42/76: $0\valid_q[24:0] [10]
    43/76: $0\data_im_q[199:0] [87:80]
    44/76: $0\data_re_q[199:0] [87:80]
    45/76: $0\valid_q[24:0] [9]
    46/76: $0\data_im_q[199:0] [79:72]
    47/76: $0\data_re_q[199:0] [79:72]
    48/76: $0\valid_q[24:0] [8]
    49/76: $0\data_im_q[199:0] [71:64]
    50/76: $0\data_re_q[199:0] [71:64]
    51/76: $0\valid_q[24:0] [7]
    52/76: $0\data_im_q[199:0] [63:56]
    53/76: $0\data_re_q[199:0] [63:56]
    54/76: $0\valid_q[24:0] [6]
    55/76: $0\data_im_q[199:0] [55:48]
    56/76: $0\data_re_q[199:0] [55:48]
    57/76: $0\valid_q[24:0] [5]
    58/76: $0\data_im_q[199:0] [47:40]
    59/76: $0\data_re_q[199:0] [47:40]
    60/76: $0\valid_q[24:0] [4]
    61/76: $0\data_im_q[199:0] [39:32]
    62/76: $0\data_re_q[199:0] [39:32]
    63/76: $0\valid_q[24:0] [3]
    64/76: $0\data_im_q[199:0] [31:24]
    65/76: $0\data_re_q[199:0] [31:24]
    66/76: $0\valid_q[24:0] [2]
    67/76: $0\data_im_q[199:0] [23:16]
    68/76: $0\data_re_q[199:0] [23:16]
    69/76: $0\valid_q[24:0] [1]
    70/76: $0\data_im_q[199:0] [15:8]
    71/76: $0\data_re_q[199:0] [15:8]
    72/76: $0\valid_q[24:0] [0]
    73/76: $0\data_im_q[199:0] [7:0]
    74/76: $0\data_re_q[199:0] [7:0]
    75/76: $0\data_im_q[199:0] [199:192]
    76/76: $0\data_re_q[199:0] [199:192]
Creating decoders for process `$paramod$822bb578bad106d066af788502e6b7c8175f5771\fft4.$proc$/home/designer/shared/FFT/parallel_fft/design/rtl/fft4.v:146$440'.
     1/8: $0\o_data3_im[7:0]
     2/8: $0\o_data3_re[7:0]
     3/8: $0\o_data2_im[7:0]
     4/8: $0\o_data2_re[7:0]
     5/8: $0\o_data1_im[7:0]
     6/8: $0\o_data1_re[7:0]
     7/8: $0\o_data0_im[7:0]
     8/8: $0\o_data0_re[7:0]
Creating decoders for process `$paramod$822bb578bad106d066af788502e6b7c8175f5771\fft4.$proc$/home/designer/shared/FFT/parallel_fft/design/rtl/fft4.v:116$426'.
     1/8: $0\s2_x3_im[9:0]
     2/8: $0\s2_x3_re[9:0]
     3/8: $0\s2_x2_im[9:0]
     4/8: $0\s2_x2_re[9:0]
     5/8: $0\s2_x1_im[9:0]
     6/8: $0\s2_x1_re[9:0]
     7/8: $0\s2_x0_im[9:0]
     8/8: $0\s2_x0_re[9:0]
Creating decoders for process `$paramod$822bb578bad106d066af788502e6b7c8175f5771\fft4.$proc$/home/designer/shared/FFT/parallel_fft/design/rtl/fft4.v:101$416'.
     1/8: $0\s1_od_sub_im[8:0]
     2/8: $0\s1_od_sub_re[8:0]
     3/8: $0\s1_od_sum_im[8:0]
     4/8: $0\s1_od_sum_re[8:0]
     5/8: $0\s1_ev_sub_im[8:0]
     6/8: $0\s1_ev_sub_re[8:0]
     7/8: $0\s1_ev_sum_im[8:0]
     8/8: $0\s1_ev_sum_re[8:0]
Creating decoders for process `$paramod$822bb578bad106d066af788502e6b7c8175f5771\fft4.$proc$/home/designer/shared/FFT/parallel_fft/design/rtl/fft4.v:92$414'.
     1/8: $0\r_x3_im[7:0]
     2/8: $0\r_x3_re[7:0]
     3/8: $0\r_x2_im[7:0]
     4/8: $0\r_x2_re[7:0]
     5/8: $0\r_x1_im[7:0]
     6/8: $0\r_x1_re[7:0]
     7/8: $0\r_x0_im[7:0]
     8/8: $0\r_x0_re[7:0]
Creating decoders for process `$paramod$822bb578bad106d066af788502e6b7c8175f5771\fft4.$proc$/home/designer/shared/FFT/parallel_fft/design/rtl/fft4.v:73$413'.
     1/6: $0\inv_2q[0:0]
     2/6: $0\valid_4q[0:0]
     3/6: $0\valid_3q[0:0]
     4/6: $0\valid_2q[0:0]
     5/6: $0\inv_q[0:0]
     6/6: $0\valid_q[0:0]
Creating decoders for process `$paramod$55e188ae133e8a9a9b845f543e216dcb7898452c\twiddle_interface.$proc$/home/designer/shared/FFT/parallel_fft/design/rtl/twiddle_interface/twiddle_interface.v:175$412'.
     1/9: $0\o_valid[0:0]
     2/9: $0\o_data3_im[7:0]
     3/9: $0\o_data3_re[7:0]
     4/9: $0\o_data2_im[7:0]
     5/9: $0\o_data2_re[7:0]
     6/9: $0\o_data1_im[7:0]
     7/9: $0\o_data1_re[7:0]
     8/9: $0\o_data0_im[7:0]
     9/9: $0\o_data0_re[7:0]
Creating decoders for process `$paramod$55e188ae133e8a9a9b845f543e216dcb7898452c\twiddle_interface.$proc$/home/designer/shared/FFT/parallel_fft/design/rtl/twiddle_interface/twiddle_interface.v:133$411'.
Creating decoders for process `$paramod$55e188ae133e8a9a9b845f543e216dcb7898452c\twiddle_interface.$proc$/home/designer/shared/FFT/parallel_fft/design/rtl/twiddle_interface/twiddle_interface.v:124$410'.
     1/8: $0\data3_im_q[7:0]
     2/8: $0\data3_re_q[7:0]
     3/8: $0\data2_im_q[7:0]
     4/8: $0\data2_re_q[7:0]
     5/8: $0\data1_im_q[7:0]
     6/8: $0\data1_re_q[7:0]
     7/8: $0\data0_im_q[7:0]
     8/8: $0\data0_re_q[7:0]
Creating decoders for process `$paramod$55e188ae133e8a9a9b845f543e216dcb7898452c\twiddle_interface.$proc$/home/designer/shared/FFT/parallel_fft/design/rtl/twiddle_interface/twiddle_interface.v:106$407'.
     1/4: $0\val_2q[0:0]
     2/4: $0\val_q[0:0]
     3/4: $0\inv_q[0:0]
     4/4: $0\cnt_q[2:0]
Creating decoders for process `$paramod\shift_r2\NB_DATA=s32'00000000000000000000000000001000.$proc$/home/designer/shared/FFT/parallel_fft/design/rtl/shift_r2.v:32$307'.
     1/6: $0\valid_q[4:0] [4:1]
     2/6: $0\valid_q[4:0] [0]
     3/6: $0\data_im_q[39:0] [7:0]
     4/6: $0\data_re_q[39:0] [7:0]
     5/6: $0\data_re_q[39:0] [39:8]
     6/6: $0\data_im_q[39:0] [39:8]
Creating decoders for process `$paramod\buffer_parallel2serial\NB_DATA=s32'00000000000000000000000000001000.$proc$/home/designer/shared/FFT/parallel_fft/design/rtl/buffer_parallel2serial.v:54$59'.
     1/198: $4$memwr$\mem_im$/home/designer/shared/FFT/parallel_fft/design/rtl/buffer_parallel2serial.v:73$58_EN[7:0]$299
     2/198: $4$memwr$\mem_im$/home/designer/shared/FFT/parallel_fft/design/rtl/buffer_parallel2serial.v:73$58_DATA[7:0]$298
     3/198: $4$memwr$\mem_im$/home/designer/shared/FFT/parallel_fft/design/rtl/buffer_parallel2serial.v:73$58_ADDR[4:0]$297
     4/198: $4$memwr$\mem_re$/home/designer/shared/FFT/parallel_fft/design/rtl/buffer_parallel2serial.v:73$57_EN[7:0]$296
     5/198: $4$memwr$\mem_re$/home/designer/shared/FFT/parallel_fft/design/rtl/buffer_parallel2serial.v:73$57_DATA[7:0]$295
     6/198: $4$memwr$\mem_re$/home/designer/shared/FFT/parallel_fft/design/rtl/buffer_parallel2serial.v:73$57_ADDR[4:0]$294
     7/198: $4$memwr$\mem_im$/home/designer/shared/FFT/parallel_fft/design/rtl/buffer_parallel2serial.v:72$56_EN[7:0]$293
     8/198: $4$memwr$\mem_im$/home/designer/shared/FFT/parallel_fft/design/rtl/buffer_parallel2serial.v:72$56_DATA[7:0]$292
     9/198: $4$memwr$\mem_im$/home/designer/shared/FFT/parallel_fft/design/rtl/buffer_parallel2serial.v:72$56_ADDR[4:0]$291
    10/198: $4$memwr$\mem_re$/home/designer/shared/FFT/parallel_fft/design/rtl/buffer_parallel2serial.v:72$55_EN[7:0]$290
    11/198: $4$memwr$\mem_re$/home/designer/shared/FFT/parallel_fft/design/rtl/buffer_parallel2serial.v:72$55_DATA[7:0]$289
    12/198: $4$memwr$\mem_re$/home/designer/shared/FFT/parallel_fft/design/rtl/buffer_parallel2serial.v:72$55_ADDR[4:0]$288
    13/198: $4$memwr$\mem_im$/home/designer/shared/FFT/parallel_fft/design/rtl/buffer_parallel2serial.v:71$54_EN[7:0]$287
    14/198: $4$memwr$\mem_im$/home/designer/shared/FFT/parallel_fft/design/rtl/buffer_parallel2serial.v:71$54_DATA[7:0]$286
    15/198: $4$memwr$\mem_im$/home/designer/shared/FFT/parallel_fft/design/rtl/buffer_parallel2serial.v:71$54_ADDR[4:0]$285
    16/198: $4$memwr$\mem_re$/home/designer/shared/FFT/parallel_fft/design/rtl/buffer_parallel2serial.v:71$53_EN[7:0]$284
    17/198: $4$memwr$\mem_re$/home/designer/shared/FFT/parallel_fft/design/rtl/buffer_parallel2serial.v:71$53_DATA[7:0]$283
    18/198: $4$memwr$\mem_re$/home/designer/shared/FFT/parallel_fft/design/rtl/buffer_parallel2serial.v:71$53_ADDR[4:0]$282
    19/198: $4$memwr$\mem_im$/home/designer/shared/FFT/parallel_fft/design/rtl/buffer_parallel2serial.v:70$52_EN[7:0]$281
    20/198: $4$memwr$\mem_im$/home/designer/shared/FFT/parallel_fft/design/rtl/buffer_parallel2serial.v:70$52_DATA[7:0]$280
    21/198: $4$memwr$\mem_im$/home/designer/shared/FFT/parallel_fft/design/rtl/buffer_parallel2serial.v:70$52_ADDR[4:0]$279
    22/198: $4$memwr$\mem_re$/home/designer/shared/FFT/parallel_fft/design/rtl/buffer_parallel2serial.v:70$51_EN[7:0]$278
    23/198: $4$memwr$\mem_re$/home/designer/shared/FFT/parallel_fft/design/rtl/buffer_parallel2serial.v:70$51_DATA[7:0]$277
    24/198: $4$memwr$\mem_re$/home/designer/shared/FFT/parallel_fft/design/rtl/buffer_parallel2serial.v:70$51_ADDR[4:0]$276
    25/198: $4$memwr$\mem_im$/home/designer/shared/FFT/parallel_fft/design/rtl/buffer_parallel2serial.v:69$50_EN[7:0]$275
    26/198: $4$memwr$\mem_im$/home/designer/shared/FFT/parallel_fft/design/rtl/buffer_parallel2serial.v:69$50_DATA[7:0]$274
    27/198: $4$memwr$\mem_im$/home/designer/shared/FFT/parallel_fft/design/rtl/buffer_parallel2serial.v:69$50_ADDR[4:0]$273
    28/198: $4$memwr$\mem_re$/home/designer/shared/FFT/parallel_fft/design/rtl/buffer_parallel2serial.v:69$49_EN[7:0]$272
    29/198: $4$memwr$\mem_re$/home/designer/shared/FFT/parallel_fft/design/rtl/buffer_parallel2serial.v:69$49_DATA[7:0]$271
    30/198: $4$memwr$\mem_re$/home/designer/shared/FFT/parallel_fft/design/rtl/buffer_parallel2serial.v:69$49_ADDR[4:0]$270
    31/198: $4$memwr$\mem_im$/home/designer/shared/FFT/parallel_fft/design/rtl/buffer_parallel2serial.v:68$48_EN[7:0]$269
    32/198: $4$memwr$\mem_im$/home/designer/shared/FFT/parallel_fft/design/rtl/buffer_parallel2serial.v:68$48_DATA[7:0]$268
    33/198: $4$memwr$\mem_im$/home/designer/shared/FFT/parallel_fft/design/rtl/buffer_parallel2serial.v:68$48_ADDR[4:0]$267
    34/198: $4$memwr$\mem_re$/home/designer/shared/FFT/parallel_fft/design/rtl/buffer_parallel2serial.v:68$47_EN[7:0]$266
    35/198: $4$memwr$\mem_re$/home/designer/shared/FFT/parallel_fft/design/rtl/buffer_parallel2serial.v:68$47_DATA[7:0]$265
    36/198: $4$memwr$\mem_re$/home/designer/shared/FFT/parallel_fft/design/rtl/buffer_parallel2serial.v:68$47_ADDR[4:0]$264
    37/198: $4$memwr$\mem_im$/home/designer/shared/FFT/parallel_fft/design/rtl/buffer_parallel2serial.v:67$46_EN[7:0]$263
    38/198: $4$memwr$\mem_im$/home/designer/shared/FFT/parallel_fft/design/rtl/buffer_parallel2serial.v:67$46_DATA[7:0]$262
    39/198: $4$memwr$\mem_im$/home/designer/shared/FFT/parallel_fft/design/rtl/buffer_parallel2serial.v:67$46_ADDR[4:0]$261
    40/198: $4$memwr$\mem_re$/home/designer/shared/FFT/parallel_fft/design/rtl/buffer_parallel2serial.v:67$45_EN[7:0]$260
    41/198: $4$memwr$\mem_re$/home/designer/shared/FFT/parallel_fft/design/rtl/buffer_parallel2serial.v:67$45_DATA[7:0]$259
    42/198: $4$memwr$\mem_re$/home/designer/shared/FFT/parallel_fft/design/rtl/buffer_parallel2serial.v:67$45_ADDR[4:0]$258
    43/198: $4$memwr$\mem_im$/home/designer/shared/FFT/parallel_fft/design/rtl/buffer_parallel2serial.v:66$44_EN[7:0]$257
    44/198: $4$memwr$\mem_im$/home/designer/shared/FFT/parallel_fft/design/rtl/buffer_parallel2serial.v:66$44_DATA[7:0]$256
    45/198: $4$memwr$\mem_im$/home/designer/shared/FFT/parallel_fft/design/rtl/buffer_parallel2serial.v:66$44_ADDR[4:0]$255
    46/198: $4$memwr$\mem_re$/home/designer/shared/FFT/parallel_fft/design/rtl/buffer_parallel2serial.v:66$43_EN[7:0]$254
    47/198: $4$memwr$\mem_re$/home/designer/shared/FFT/parallel_fft/design/rtl/buffer_parallel2serial.v:66$43_DATA[7:0]$253
    48/198: $4$memwr$\mem_re$/home/designer/shared/FFT/parallel_fft/design/rtl/buffer_parallel2serial.v:66$43_ADDR[4:0]$252
    49/198: $3$memwr$\mem_im$/home/designer/shared/FFT/parallel_fft/design/rtl/buffer_parallel2serial.v:73$58_EN[7:0]$251
    50/198: $3$memwr$\mem_im$/home/designer/shared/FFT/parallel_fft/design/rtl/buffer_parallel2serial.v:73$58_DATA[7:0]$250
    51/198: $3$memwr$\mem_im$/home/designer/shared/FFT/parallel_fft/design/rtl/buffer_parallel2serial.v:73$58_ADDR[4:0]$249
    52/198: $3$memwr$\mem_re$/home/designer/shared/FFT/parallel_fft/design/rtl/buffer_parallel2serial.v:73$57_EN[7:0]$248
    53/198: $3$memwr$\mem_re$/home/designer/shared/FFT/parallel_fft/design/rtl/buffer_parallel2serial.v:73$57_DATA[7:0]$247
    54/198: $3$memwr$\mem_re$/home/designer/shared/FFT/parallel_fft/design/rtl/buffer_parallel2serial.v:73$57_ADDR[4:0]$246
    55/198: $3$memwr$\mem_im$/home/designer/shared/FFT/parallel_fft/design/rtl/buffer_parallel2serial.v:72$56_EN[7:0]$245
    56/198: $3$memwr$\mem_im$/home/designer/shared/FFT/parallel_fft/design/rtl/buffer_parallel2serial.v:72$56_DATA[7:0]$244
    57/198: $3$memwr$\mem_im$/home/designer/shared/FFT/parallel_fft/design/rtl/buffer_parallel2serial.v:72$56_ADDR[4:0]$243
    58/198: $3$memwr$\mem_re$/home/designer/shared/FFT/parallel_fft/design/rtl/buffer_parallel2serial.v:72$55_EN[7:0]$242
    59/198: $3$memwr$\mem_re$/home/designer/shared/FFT/parallel_fft/design/rtl/buffer_parallel2serial.v:72$55_DATA[7:0]$241
    60/198: $3$memwr$\mem_re$/home/designer/shared/FFT/parallel_fft/design/rtl/buffer_parallel2serial.v:72$55_ADDR[4:0]$240
    61/198: $3$memwr$\mem_im$/home/designer/shared/FFT/parallel_fft/design/rtl/buffer_parallel2serial.v:71$54_EN[7:0]$239
    62/198: $3$memwr$\mem_im$/home/designer/shared/FFT/parallel_fft/design/rtl/buffer_parallel2serial.v:71$54_DATA[7:0]$238
    63/198: $3$memwr$\mem_im$/home/designer/shared/FFT/parallel_fft/design/rtl/buffer_parallel2serial.v:71$54_ADDR[4:0]$237
    64/198: $3$memwr$\mem_re$/home/designer/shared/FFT/parallel_fft/design/rtl/buffer_parallel2serial.v:71$53_EN[7:0]$236
    65/198: $3$memwr$\mem_re$/home/designer/shared/FFT/parallel_fft/design/rtl/buffer_parallel2serial.v:71$53_DATA[7:0]$235
    66/198: $3$memwr$\mem_re$/home/designer/shared/FFT/parallel_fft/design/rtl/buffer_parallel2serial.v:71$53_ADDR[4:0]$234
    67/198: $3$memwr$\mem_im$/home/designer/shared/FFT/parallel_fft/design/rtl/buffer_parallel2serial.v:70$52_EN[7:0]$233
    68/198: $3$memwr$\mem_im$/home/designer/shared/FFT/parallel_fft/design/rtl/buffer_parallel2serial.v:70$52_DATA[7:0]$232
    69/198: $3$memwr$\mem_im$/home/designer/shared/FFT/parallel_fft/design/rtl/buffer_parallel2serial.v:70$52_ADDR[4:0]$231
    70/198: $3$memwr$\mem_re$/home/designer/shared/FFT/parallel_fft/design/rtl/buffer_parallel2serial.v:70$51_EN[7:0]$230
    71/198: $3$memwr$\mem_re$/home/designer/shared/FFT/parallel_fft/design/rtl/buffer_parallel2serial.v:70$51_DATA[7:0]$229
    72/198: $3$memwr$\mem_re$/home/designer/shared/FFT/parallel_fft/design/rtl/buffer_parallel2serial.v:70$51_ADDR[4:0]$228
    73/198: $3$memwr$\mem_im$/home/designer/shared/FFT/parallel_fft/design/rtl/buffer_parallel2serial.v:69$50_EN[7:0]$227
    74/198: $3$memwr$\mem_im$/home/designer/shared/FFT/parallel_fft/design/rtl/buffer_parallel2serial.v:69$50_DATA[7:0]$226
    75/198: $3$memwr$\mem_im$/home/designer/shared/FFT/parallel_fft/design/rtl/buffer_parallel2serial.v:69$50_ADDR[4:0]$225
    76/198: $3$memwr$\mem_re$/home/designer/shared/FFT/parallel_fft/design/rtl/buffer_parallel2serial.v:69$49_EN[7:0]$224
    77/198: $3$memwr$\mem_re$/home/designer/shared/FFT/parallel_fft/design/rtl/buffer_parallel2serial.v:69$49_DATA[7:0]$223
    78/198: $3$memwr$\mem_re$/home/designer/shared/FFT/parallel_fft/design/rtl/buffer_parallel2serial.v:69$49_ADDR[4:0]$222
    79/198: $3$memwr$\mem_im$/home/designer/shared/FFT/parallel_fft/design/rtl/buffer_parallel2serial.v:68$48_EN[7:0]$221
    80/198: $3$memwr$\mem_im$/home/designer/shared/FFT/parallel_fft/design/rtl/buffer_parallel2serial.v:68$48_DATA[7:0]$220
    81/198: $3$memwr$\mem_im$/home/designer/shared/FFT/parallel_fft/design/rtl/buffer_parallel2serial.v:68$48_ADDR[4:0]$219
    82/198: $3$memwr$\mem_re$/home/designer/shared/FFT/parallel_fft/design/rtl/buffer_parallel2serial.v:68$47_EN[7:0]$218
    83/198: $3$memwr$\mem_re$/home/designer/shared/FFT/parallel_fft/design/rtl/buffer_parallel2serial.v:68$47_DATA[7:0]$217
    84/198: $3$memwr$\mem_re$/home/designer/shared/FFT/parallel_fft/design/rtl/buffer_parallel2serial.v:68$47_ADDR[4:0]$216
    85/198: $3$memwr$\mem_im$/home/designer/shared/FFT/parallel_fft/design/rtl/buffer_parallel2serial.v:67$46_EN[7:0]$215
    86/198: $3$memwr$\mem_im$/home/designer/shared/FFT/parallel_fft/design/rtl/buffer_parallel2serial.v:67$46_DATA[7:0]$214
    87/198: $3$memwr$\mem_im$/home/designer/shared/FFT/parallel_fft/design/rtl/buffer_parallel2serial.v:67$46_ADDR[4:0]$213
    88/198: $3$memwr$\mem_re$/home/designer/shared/FFT/parallel_fft/design/rtl/buffer_parallel2serial.v:67$45_EN[7:0]$212
    89/198: $3$memwr$\mem_re$/home/designer/shared/FFT/parallel_fft/design/rtl/buffer_parallel2serial.v:67$45_DATA[7:0]$211
    90/198: $3$memwr$\mem_re$/home/designer/shared/FFT/parallel_fft/design/rtl/buffer_parallel2serial.v:67$45_ADDR[4:0]$210
    91/198: $3$memwr$\mem_im$/home/designer/shared/FFT/parallel_fft/design/rtl/buffer_parallel2serial.v:66$44_EN[7:0]$209
    92/198: $3$memwr$\mem_im$/home/designer/shared/FFT/parallel_fft/design/rtl/buffer_parallel2serial.v:66$44_DATA[7:0]$208
    93/198: $3$memwr$\mem_im$/home/designer/shared/FFT/parallel_fft/design/rtl/buffer_parallel2serial.v:66$44_ADDR[4:0]$207
    94/198: $3$memwr$\mem_re$/home/designer/shared/FFT/parallel_fft/design/rtl/buffer_parallel2serial.v:66$43_EN[7:0]$206
    95/198: $3$memwr$\mem_re$/home/designer/shared/FFT/parallel_fft/design/rtl/buffer_parallel2serial.v:66$43_DATA[7:0]$205
    96/198: $3$memwr$\mem_re$/home/designer/shared/FFT/parallel_fft/design/rtl/buffer_parallel2serial.v:66$43_ADDR[4:0]$204
    97/198: $2$memwr$\mem_im$/home/designer/shared/FFT/parallel_fft/design/rtl/buffer_parallel2serial.v:73$58_EN[7:0]$203
    98/198: $2$memwr$\mem_im$/home/designer/shared/FFT/parallel_fft/design/rtl/buffer_parallel2serial.v:73$58_DATA[7:0]$202
    99/198: $2$memwr$\mem_im$/home/designer/shared/FFT/parallel_fft/design/rtl/buffer_parallel2serial.v:73$58_ADDR[4:0]$201
   100/198: $2$memwr$\mem_re$/home/designer/shared/FFT/parallel_fft/design/rtl/buffer_parallel2serial.v:73$57_EN[7:0]$200
   101/198: $2$memwr$\mem_re$/home/designer/shared/FFT/parallel_fft/design/rtl/buffer_parallel2serial.v:73$57_DATA[7:0]$199
   102/198: $2$memwr$\mem_re$/home/designer/shared/FFT/parallel_fft/design/rtl/buffer_parallel2serial.v:73$57_ADDR[4:0]$198
   103/198: $2$memwr$\mem_im$/home/designer/shared/FFT/parallel_fft/design/rtl/buffer_parallel2serial.v:72$56_EN[7:0]$197
   104/198: $2$memwr$\mem_im$/home/designer/shared/FFT/parallel_fft/design/rtl/buffer_parallel2serial.v:72$56_DATA[7:0]$196
   105/198: $2$memwr$\mem_im$/home/designer/shared/FFT/parallel_fft/design/rtl/buffer_parallel2serial.v:72$56_ADDR[4:0]$195
   106/198: $2$memwr$\mem_re$/home/designer/shared/FFT/parallel_fft/design/rtl/buffer_parallel2serial.v:72$55_EN[7:0]$194
   107/198: $2$memwr$\mem_re$/home/designer/shared/FFT/parallel_fft/design/rtl/buffer_parallel2serial.v:72$55_DATA[7:0]$193
   108/198: $2$memwr$\mem_re$/home/designer/shared/FFT/parallel_fft/design/rtl/buffer_parallel2serial.v:72$55_ADDR[4:0]$192
   109/198: $2$memwr$\mem_im$/home/designer/shared/FFT/parallel_fft/design/rtl/buffer_parallel2serial.v:71$54_EN[7:0]$191
   110/198: $2$memwr$\mem_im$/home/designer/shared/FFT/parallel_fft/design/rtl/buffer_parallel2serial.v:71$54_DATA[7:0]$190
   111/198: $2$memwr$\mem_im$/home/designer/shared/FFT/parallel_fft/design/rtl/buffer_parallel2serial.v:71$54_ADDR[4:0]$189
   112/198: $2$memwr$\mem_re$/home/designer/shared/FFT/parallel_fft/design/rtl/buffer_parallel2serial.v:71$53_EN[7:0]$188
   113/198: $2$memwr$\mem_re$/home/designer/shared/FFT/parallel_fft/design/rtl/buffer_parallel2serial.v:71$53_DATA[7:0]$187
   114/198: $2$memwr$\mem_re$/home/designer/shared/FFT/parallel_fft/design/rtl/buffer_parallel2serial.v:71$53_ADDR[4:0]$186
   115/198: $2$memwr$\mem_im$/home/designer/shared/FFT/parallel_fft/design/rtl/buffer_parallel2serial.v:70$52_EN[7:0]$185
   116/198: $2$memwr$\mem_im$/home/designer/shared/FFT/parallel_fft/design/rtl/buffer_parallel2serial.v:70$52_DATA[7:0]$184
   117/198: $2$memwr$\mem_im$/home/designer/shared/FFT/parallel_fft/design/rtl/buffer_parallel2serial.v:70$52_ADDR[4:0]$183
   118/198: $2$memwr$\mem_re$/home/designer/shared/FFT/parallel_fft/design/rtl/buffer_parallel2serial.v:70$51_EN[7:0]$182
   119/198: $2$memwr$\mem_re$/home/designer/shared/FFT/parallel_fft/design/rtl/buffer_parallel2serial.v:70$51_DATA[7:0]$181
   120/198: $2$memwr$\mem_re$/home/designer/shared/FFT/parallel_fft/design/rtl/buffer_parallel2serial.v:70$51_ADDR[4:0]$180
   121/198: $2$memwr$\mem_im$/home/designer/shared/FFT/parallel_fft/design/rtl/buffer_parallel2serial.v:69$50_EN[7:0]$179
   122/198: $2$memwr$\mem_im$/home/designer/shared/FFT/parallel_fft/design/rtl/buffer_parallel2serial.v:69$50_DATA[7:0]$178
   123/198: $2$memwr$\mem_im$/home/designer/shared/FFT/parallel_fft/design/rtl/buffer_parallel2serial.v:69$50_ADDR[4:0]$177
   124/198: $2$memwr$\mem_re$/home/designer/shared/FFT/parallel_fft/design/rtl/buffer_parallel2serial.v:69$49_EN[7:0]$176
   125/198: $2$memwr$\mem_re$/home/designer/shared/FFT/parallel_fft/design/rtl/buffer_parallel2serial.v:69$49_DATA[7:0]$175
   126/198: $2$memwr$\mem_re$/home/designer/shared/FFT/parallel_fft/design/rtl/buffer_parallel2serial.v:69$49_ADDR[4:0]$174
   127/198: $2$memwr$\mem_im$/home/designer/shared/FFT/parallel_fft/design/rtl/buffer_parallel2serial.v:68$48_EN[7:0]$173
   128/198: $2$memwr$\mem_im$/home/designer/shared/FFT/parallel_fft/design/rtl/buffer_parallel2serial.v:68$48_DATA[7:0]$172
   129/198: $2$memwr$\mem_im$/home/designer/shared/FFT/parallel_fft/design/rtl/buffer_parallel2serial.v:68$48_ADDR[4:0]$171
   130/198: $2$memwr$\mem_re$/home/designer/shared/FFT/parallel_fft/design/rtl/buffer_parallel2serial.v:68$47_EN[7:0]$170
   131/198: $2$memwr$\mem_re$/home/designer/shared/FFT/parallel_fft/design/rtl/buffer_parallel2serial.v:68$47_DATA[7:0]$169
   132/198: $2$memwr$\mem_re$/home/designer/shared/FFT/parallel_fft/design/rtl/buffer_parallel2serial.v:68$47_ADDR[4:0]$168
   133/198: $2$memwr$\mem_im$/home/designer/shared/FFT/parallel_fft/design/rtl/buffer_parallel2serial.v:67$46_EN[7:0]$167
   134/198: $2$memwr$\mem_im$/home/designer/shared/FFT/parallel_fft/design/rtl/buffer_parallel2serial.v:67$46_DATA[7:0]$166
   135/198: $2$memwr$\mem_im$/home/designer/shared/FFT/parallel_fft/design/rtl/buffer_parallel2serial.v:67$46_ADDR[4:0]$165
   136/198: $2$memwr$\mem_re$/home/designer/shared/FFT/parallel_fft/design/rtl/buffer_parallel2serial.v:67$45_EN[7:0]$164
   137/198: $2$memwr$\mem_re$/home/designer/shared/FFT/parallel_fft/design/rtl/buffer_parallel2serial.v:67$45_DATA[7:0]$163
   138/198: $2$memwr$\mem_re$/home/designer/shared/FFT/parallel_fft/design/rtl/buffer_parallel2serial.v:67$45_ADDR[4:0]$162
   139/198: $2$memwr$\mem_im$/home/designer/shared/FFT/parallel_fft/design/rtl/buffer_parallel2serial.v:66$44_EN[7:0]$161
   140/198: $2$memwr$\mem_im$/home/designer/shared/FFT/parallel_fft/design/rtl/buffer_parallel2serial.v:66$44_DATA[7:0]$160
   141/198: $2$memwr$\mem_im$/home/designer/shared/FFT/parallel_fft/design/rtl/buffer_parallel2serial.v:66$44_ADDR[4:0]$159
   142/198: $2$memwr$\mem_re$/home/designer/shared/FFT/parallel_fft/design/rtl/buffer_parallel2serial.v:66$43_EN[7:0]$158
   143/198: $2$memwr$\mem_re$/home/designer/shared/FFT/parallel_fft/design/rtl/buffer_parallel2serial.v:66$43_DATA[7:0]$157
   144/198: $2$memwr$\mem_re$/home/designer/shared/FFT/parallel_fft/design/rtl/buffer_parallel2serial.v:66$43_ADDR[4:0]$156
   145/198: $1$memwr$\mem_im$/home/designer/shared/FFT/parallel_fft/design/rtl/buffer_parallel2serial.v:73$58_EN[7:0]$155
   146/198: $1$memwr$\mem_im$/home/designer/shared/FFT/parallel_fft/design/rtl/buffer_parallel2serial.v:73$58_DATA[7:0]$154
   147/198: $1$memwr$\mem_im$/home/designer/shared/FFT/parallel_fft/design/rtl/buffer_parallel2serial.v:73$58_ADDR[4:0]$153
   148/198: $1$memwr$\mem_re$/home/designer/shared/FFT/parallel_fft/design/rtl/buffer_parallel2serial.v:73$57_EN[7:0]$152
   149/198: $1$memwr$\mem_re$/home/designer/shared/FFT/parallel_fft/design/rtl/buffer_parallel2serial.v:73$57_DATA[7:0]$151
   150/198: $1$memwr$\mem_re$/home/designer/shared/FFT/parallel_fft/design/rtl/buffer_parallel2serial.v:73$57_ADDR[4:0]$150
   151/198: $1$memwr$\mem_im$/home/designer/shared/FFT/parallel_fft/design/rtl/buffer_parallel2serial.v:72$56_EN[7:0]$149
   152/198: $1$memwr$\mem_im$/home/designer/shared/FFT/parallel_fft/design/rtl/buffer_parallel2serial.v:72$56_DATA[7:0]$148
   153/198: $1$memwr$\mem_im$/home/designer/shared/FFT/parallel_fft/design/rtl/buffer_parallel2serial.v:72$56_ADDR[4:0]$147
   154/198: $1$memwr$\mem_re$/home/designer/shared/FFT/parallel_fft/design/rtl/buffer_parallel2serial.v:72$55_EN[7:0]$146
   155/198: $1$memwr$\mem_re$/home/designer/shared/FFT/parallel_fft/design/rtl/buffer_parallel2serial.v:72$55_DATA[7:0]$145
   156/198: $1$memwr$\mem_re$/home/designer/shared/FFT/parallel_fft/design/rtl/buffer_parallel2serial.v:72$55_ADDR[4:0]$144
   157/198: $1$memwr$\mem_im$/home/designer/shared/FFT/parallel_fft/design/rtl/buffer_parallel2serial.v:71$54_EN[7:0]$143
   158/198: $1$memwr$\mem_im$/home/designer/shared/FFT/parallel_fft/design/rtl/buffer_parallel2serial.v:71$54_DATA[7:0]$142
   159/198: $1$memwr$\mem_im$/home/designer/shared/FFT/parallel_fft/design/rtl/buffer_parallel2serial.v:71$54_ADDR[4:0]$141
   160/198: $1$memwr$\mem_re$/home/designer/shared/FFT/parallel_fft/design/rtl/buffer_parallel2serial.v:71$53_EN[7:0]$140
   161/198: $1$memwr$\mem_re$/home/designer/shared/FFT/parallel_fft/design/rtl/buffer_parallel2serial.v:71$53_DATA[7:0]$139
   162/198: $1$memwr$\mem_re$/home/designer/shared/FFT/parallel_fft/design/rtl/buffer_parallel2serial.v:71$53_ADDR[4:0]$138
   163/198: $1$memwr$\mem_im$/home/designer/shared/FFT/parallel_fft/design/rtl/buffer_parallel2serial.v:70$52_EN[7:0]$137
   164/198: $1$memwr$\mem_im$/home/designer/shared/FFT/parallel_fft/design/rtl/buffer_parallel2serial.v:70$52_DATA[7:0]$136
   165/198: $1$memwr$\mem_im$/home/designer/shared/FFT/parallel_fft/design/rtl/buffer_parallel2serial.v:70$52_ADDR[4:0]$135
   166/198: $1$memwr$\mem_re$/home/designer/shared/FFT/parallel_fft/design/rtl/buffer_parallel2serial.v:70$51_EN[7:0]$134
   167/198: $1$memwr$\mem_re$/home/designer/shared/FFT/parallel_fft/design/rtl/buffer_parallel2serial.v:70$51_DATA[7:0]$133
   168/198: $1$memwr$\mem_re$/home/designer/shared/FFT/parallel_fft/design/rtl/buffer_parallel2serial.v:70$51_ADDR[4:0]$132
   169/198: $1$memwr$\mem_im$/home/designer/shared/FFT/parallel_fft/design/rtl/buffer_parallel2serial.v:69$50_EN[7:0]$131
   170/198: $1$memwr$\mem_im$/home/designer/shared/FFT/parallel_fft/design/rtl/buffer_parallel2serial.v:69$50_DATA[7:0]$130
   171/198: $1$memwr$\mem_im$/home/designer/shared/FFT/parallel_fft/design/rtl/buffer_parallel2serial.v:69$50_ADDR[4:0]$129
   172/198: $1$memwr$\mem_re$/home/designer/shared/FFT/parallel_fft/design/rtl/buffer_parallel2serial.v:69$49_EN[7:0]$128
   173/198: $1$memwr$\mem_re$/home/designer/shared/FFT/parallel_fft/design/rtl/buffer_parallel2serial.v:69$49_DATA[7:0]$127
   174/198: $1$memwr$\mem_re$/home/designer/shared/FFT/parallel_fft/design/rtl/buffer_parallel2serial.v:69$49_ADDR[4:0]$126
   175/198: $1$memwr$\mem_im$/home/designer/shared/FFT/parallel_fft/design/rtl/buffer_parallel2serial.v:68$48_EN[7:0]$125
   176/198: $1$memwr$\mem_im$/home/designer/shared/FFT/parallel_fft/design/rtl/buffer_parallel2serial.v:68$48_DATA[7:0]$124
   177/198: $1$memwr$\mem_im$/home/designer/shared/FFT/parallel_fft/design/rtl/buffer_parallel2serial.v:68$48_ADDR[4:0]$123
   178/198: $1$memwr$\mem_re$/home/designer/shared/FFT/parallel_fft/design/rtl/buffer_parallel2serial.v:68$47_EN[7:0]$122
   179/198: $1$memwr$\mem_re$/home/designer/shared/FFT/parallel_fft/design/rtl/buffer_parallel2serial.v:68$47_DATA[7:0]$121
   180/198: $1$memwr$\mem_re$/home/designer/shared/FFT/parallel_fft/design/rtl/buffer_parallel2serial.v:68$47_ADDR[4:0]$120
   181/198: $1$memwr$\mem_im$/home/designer/shared/FFT/parallel_fft/design/rtl/buffer_parallel2serial.v:67$46_EN[7:0]$119
   182/198: $1$memwr$\mem_im$/home/designer/shared/FFT/parallel_fft/design/rtl/buffer_parallel2serial.v:67$46_DATA[7:0]$118
   183/198: $1$memwr$\mem_im$/home/designer/shared/FFT/parallel_fft/design/rtl/buffer_parallel2serial.v:67$46_ADDR[4:0]$117
   184/198: $1$memwr$\mem_re$/home/designer/shared/FFT/parallel_fft/design/rtl/buffer_parallel2serial.v:67$45_EN[7:0]$116
   185/198: $1$memwr$\mem_re$/home/designer/shared/FFT/parallel_fft/design/rtl/buffer_parallel2serial.v:67$45_DATA[7:0]$115
   186/198: $1$memwr$\mem_re$/home/designer/shared/FFT/parallel_fft/design/rtl/buffer_parallel2serial.v:67$45_ADDR[4:0]$114
   187/198: $1$memwr$\mem_im$/home/designer/shared/FFT/parallel_fft/design/rtl/buffer_parallel2serial.v:66$44_EN[7:0]$113
   188/198: $1$memwr$\mem_im$/home/designer/shared/FFT/parallel_fft/design/rtl/buffer_parallel2serial.v:66$44_DATA[7:0]$112
   189/198: $1$memwr$\mem_im$/home/designer/shared/FFT/parallel_fft/design/rtl/buffer_parallel2serial.v:66$44_ADDR[4:0]$111
   190/198: $1$memwr$\mem_re$/home/designer/shared/FFT/parallel_fft/design/rtl/buffer_parallel2serial.v:66$43_EN[7:0]$110
   191/198: $1$memwr$\mem_re$/home/designer/shared/FFT/parallel_fft/design/rtl/buffer_parallel2serial.v:66$43_DATA[7:0]$109
   192/198: $1$memwr$\mem_re$/home/designer/shared/FFT/parallel_fft/design/rtl/buffer_parallel2serial.v:66$43_ADDR[4:0]$108
   193/198: $0\read_ptr[4:0]
   194/198: $0\batch_count[1:0]
   195/198: $0\state[1:0]
   196/198: $0\o_valid[0:0]
   197/198: $0\o_data_im[7:0]
   198/198: $0\o_data_re[7:0]
Creating decoders for process `$paramod\rx_serializer\NB_DATA=s32'00000000000000000000000000001000.$proc$/home/designer/shared/FFT/parallel_fft/design/rtl/common_modules/rx_serializer.v:70$40'.
     1/6: $3\next_state[1:0]
     2/6: $2\next_cnt[4:0]
     3/6: $2\next_state[1:0]
     4/6: $1\next_state[1:0]
     5/6: $1\next_cnt[4:0]
     6/6: $1\next_shift[15:0]
Creating decoders for process `$paramod\rx_serializer\NB_DATA=s32'00000000000000000000000000001000.$proc$/home/designer/shared/FFT/parallel_fft/design/rtl/common_modules/rx_serializer.v:46$37'.
     1/6: $0\o_valid[0:0]
     2/6: $0\current_shift[15:0]
     3/6: $0\current_cnt[4:0]
     4/6: $0\current_state[1:0]
     5/6: $0\o_data_im[7:0]
     6/6: $0\o_data_re[7:0]
Creating decoders for process `$paramod\rx_serializer\NB_DATA=s32'00000000000000000000000000001000.$proc$/home/designer/shared/FFT/parallel_fft/design/rtl/common_modules/rx_serializer.v:39$33'.
     1/1: $0\data_d[0:0]
Creating decoders for process `$paramod\tx_serializer\NB_DATA=s32'00000000000000000000000000001000.$proc$/home/designer/shared/FFT/parallel_fft/design/rtl/common_modules/tx_serializer.v:59$27'.
     1/8: $3\next_state[1:0]
     2/8: $2\next_cnt[4:0]
     3/8: $2\next_state[1:0]
     4/8: $2\next_shift[15:0]
     5/8: $1\next_shift[15:0]
     6/8: $1\next_state[1:0]
     7/8: $1\data[0:0]
     8/8: $1\next_cnt[4:0]
Creating decoders for process `$paramod\tx_serializer\NB_DATA=s32'00000000000000000000000000001000.$proc$/home/designer/shared/FFT/parallel_fft/design/rtl/common_modules/tx_serializer.v:44$25'.
     1/4: $0\o_data[0:0]
     2/4: $0\current_shift[15:0]
     3/4: $0\current_cnt[4:0]
     4/4: $0\current_state[1:0]
Creating decoders for process `$paramod$e825517e76a6abfe988a8af00874d6681f9a4907\ds_switch.$proc$/home/designer/shared/FFT/parallel_fft/design/rtl/common_modules/ds_switch.v:159$586'.
Creating decoders for process `$paramod$e825517e76a6abfe988a8af00874d6681f9a4907\ds_switch.$proc$/home/designer/shared/FFT/parallel_fft/design/rtl/common_modules/ds_switch.v:131$582'.
     1/5: $4\valid_nstate[0:0]
     2/5: $3\valid_nstate[0:0]
     3/5: $2\valid_nstate[0:0]
     4/5: $1\valid_nstate[0:0]
     5/5: $1\valid[0:0]
Creating decoders for process `$paramod$e825517e76a6abfe988a8af00874d6681f9a4907\ds_switch.$proc$/home/designer/shared/FFT/parallel_fft/design/rtl/common_modules/ds_switch.v:109$579'.
     1/2: $0\valid_count[3:0]
     2/2: $0\valid_cstate[0:0]
Creating decoders for process `$paramod$e825517e76a6abfe988a8af00874d6681f9a4907\ds_switch.$proc$/home/designer/shared/FFT/parallel_fft/design/rtl/common_modules/ds_switch.v:83$575'.
     1/4: $3\next_state[0:0]
     2/4: $2\next_state[0:0]
     3/4: $1\next_state[0:0]
     4/4: $1\r_sel[0:0]
Creating decoders for process `$paramod$e825517e76a6abfe988a8af00874d6681f9a4907\ds_switch.$proc$/home/designer/shared/FFT/parallel_fft/design/rtl/common_modules/ds_switch.v:54$570'.
     1/2: $0\flag[0:0]
     2/2: $0\current_state[0:0]

43. Executing PROC_DLATCH pass (convert process syncs to latches).
No latch inferred for signal `$paramod$adef7b7f071f262d011b8eff237fe1297a531d6a\xfft_cell.\w_mult_r[0]' from process `$paramod$adef7b7f071f262d011b8eff237fe1297a531d6a\xfft_cell.$proc$/home/designer/shared/FFT/parallel_fft/design/rtl/common_modules/xfft_cell.v:0$557'.
No latch inferred for signal `$paramod$adef7b7f071f262d011b8eff237fe1297a531d6a\xfft_cell.\w_mult_r[1]' from process `$paramod$adef7b7f071f262d011b8eff237fe1297a531d6a\xfft_cell.$proc$/home/designer/shared/FFT/parallel_fft/design/rtl/common_modules/xfft_cell.v:0$557'.
No latch inferred for signal `$paramod$adef7b7f071f262d011b8eff237fe1297a531d6a\xfft_cell.\w_mult_i[0]' from process `$paramod$adef7b7f071f262d011b8eff237fe1297a531d6a\xfft_cell.$proc$/home/designer/shared/FFT/parallel_fft/design/rtl/common_modules/xfft_cell.v:0$557'.
No latch inferred for signal `$paramod$adef7b7f071f262d011b8eff237fe1297a531d6a\xfft_cell.\w_mult_i[1]' from process `$paramod$adef7b7f071f262d011b8eff237fe1297a531d6a\xfft_cell.$proc$/home/designer/shared/FFT/parallel_fft/design/rtl/common_modules/xfft_cell.v:0$557'.
No latch inferred for signal `$paramod$adef7b7f071f262d011b8eff237fe1297a531d6a\xfft_cell.\w_st2_data_r[0]' from process `$paramod$adef7b7f071f262d011b8eff237fe1297a531d6a\xfft_cell.$proc$/home/designer/shared/FFT/parallel_fft/design/rtl/common_modules/xfft_cell.v:0$557'.
No latch inferred for signal `$paramod$adef7b7f071f262d011b8eff237fe1297a531d6a\xfft_cell.\w_st2_data_r[1]' from process `$paramod$adef7b7f071f262d011b8eff237fe1297a531d6a\xfft_cell.$proc$/home/designer/shared/FFT/parallel_fft/design/rtl/common_modules/xfft_cell.v:0$557'.
No latch inferred for signal `$paramod$adef7b7f071f262d011b8eff237fe1297a531d6a\xfft_cell.\w_st2_data_i[0]' from process `$paramod$adef7b7f071f262d011b8eff237fe1297a531d6a\xfft_cell.$proc$/home/designer/shared/FFT/parallel_fft/design/rtl/common_modules/xfft_cell.v:0$557'.
No latch inferred for signal `$paramod$adef7b7f071f262d011b8eff237fe1297a531d6a\xfft_cell.\w_st2_data_i[1]' from process `$paramod$adef7b7f071f262d011b8eff237fe1297a531d6a\xfft_cell.$proc$/home/designer/shared/FFT/parallel_fft/design/rtl/common_modules/xfft_cell.v:0$557'.
No latch inferred for signal `$paramod$37c44c8171ec20227f00ac25948f2e851df399c9\ds_switch.\valid_nstate' from process `$paramod$37c44c8171ec20227f00ac25948f2e851df399c9\ds_switch.$proc$/home/designer/shared/FFT/parallel_fft/design/rtl/common_modules/ds_switch.v:131$532'.
No latch inferred for signal `$paramod$37c44c8171ec20227f00ac25948f2e851df399c9\ds_switch.\valid' from process `$paramod$37c44c8171ec20227f00ac25948f2e851df399c9\ds_switch.$proc$/home/designer/shared/FFT/parallel_fft/design/rtl/common_modules/ds_switch.v:131$532'.
No latch inferred for signal `$paramod$37c44c8171ec20227f00ac25948f2e851df399c9\ds_switch.\next_state' from process `$paramod$37c44c8171ec20227f00ac25948f2e851df399c9\ds_switch.$proc$/home/designer/shared/FFT/parallel_fft/design/rtl/common_modules/ds_switch.v:83$525'.
No latch inferred for signal `$paramod$37c44c8171ec20227f00ac25948f2e851df399c9\ds_switch.\r_sel' from process `$paramod$37c44c8171ec20227f00ac25948f2e851df399c9\ds_switch.$proc$/home/designer/shared/FFT/parallel_fft/design/rtl/common_modules/ds_switch.v:83$525'.
No latch inferred for signal `$paramod$ed12c0bd15db7b134ad06ea575abb269e0ee74ce\mdc8p_stage1.$mem2reg_rd$\w_twiddle_i$/home/designer/shared/FFT/parallel_fft/design/rtl/fft_mdc_8p/stages/mdc8p_stage1.v:79$503_DATA' from process `$paramod$ed12c0bd15db7b134ad06ea575abb269e0ee74ce\mdc8p_stage1.$proc$/home/designer/shared/FFT/parallel_fft/design/rtl/fft_mdc_8p/stages/mdc8p_stage1.v:0$517'.
No latch inferred for signal `$paramod$ed12c0bd15db7b134ad06ea575abb269e0ee74ce\mdc8p_stage1.$mem2reg_rd$\w_twiddle_r$/home/designer/shared/FFT/parallel_fft/design/rtl/fft_mdc_8p/stages/mdc8p_stage1.v:78$502_DATA' from process `$paramod$ed12c0bd15db7b134ad06ea575abb269e0ee74ce\mdc8p_stage1.$proc$/home/designer/shared/FFT/parallel_fft/design/rtl/fft_mdc_8p/stages/mdc8p_stage1.v:0$514'.
No latch inferred for signal `$paramod$ed12c0bd15db7b134ad06ea575abb269e0ee74ce\mdc8p_stage1.\w_twiddle_r[0]' from process `$paramod$ed12c0bd15db7b134ad06ea575abb269e0ee74ce\mdc8p_stage1.$proc$/home/designer/shared/FFT/parallel_fft/design/rtl/fft_mdc_8p/stages/mdc8p_stage1.v:0$509'.
No latch inferred for signal `$paramod$ed12c0bd15db7b134ad06ea575abb269e0ee74ce\mdc8p_stage1.\w_twiddle_r[1]' from process `$paramod$ed12c0bd15db7b134ad06ea575abb269e0ee74ce\mdc8p_stage1.$proc$/home/designer/shared/FFT/parallel_fft/design/rtl/fft_mdc_8p/stages/mdc8p_stage1.v:0$509'.
No latch inferred for signal `$paramod$ed12c0bd15db7b134ad06ea575abb269e0ee74ce\mdc8p_stage1.\w_twiddle_r[2]' from process `$paramod$ed12c0bd15db7b134ad06ea575abb269e0ee74ce\mdc8p_stage1.$proc$/home/designer/shared/FFT/parallel_fft/design/rtl/fft_mdc_8p/stages/mdc8p_stage1.v:0$509'.
No latch inferred for signal `$paramod$ed12c0bd15db7b134ad06ea575abb269e0ee74ce\mdc8p_stage1.\w_twiddle_r[3]' from process `$paramod$ed12c0bd15db7b134ad06ea575abb269e0ee74ce\mdc8p_stage1.$proc$/home/designer/shared/FFT/parallel_fft/design/rtl/fft_mdc_8p/stages/mdc8p_stage1.v:0$509'.
No latch inferred for signal `$paramod$ed12c0bd15db7b134ad06ea575abb269e0ee74ce\mdc8p_stage1.\w_twiddle_i[0]' from process `$paramod$ed12c0bd15db7b134ad06ea575abb269e0ee74ce\mdc8p_stage1.$proc$/home/designer/shared/FFT/parallel_fft/design/rtl/fft_mdc_8p/stages/mdc8p_stage1.v:0$509'.
No latch inferred for signal `$paramod$ed12c0bd15db7b134ad06ea575abb269e0ee74ce\mdc8p_stage1.\w_twiddle_i[1]' from process `$paramod$ed12c0bd15db7b134ad06ea575abb269e0ee74ce\mdc8p_stage1.$proc$/home/designer/shared/FFT/parallel_fft/design/rtl/fft_mdc_8p/stages/mdc8p_stage1.v:0$509'.
No latch inferred for signal `$paramod$ed12c0bd15db7b134ad06ea575abb269e0ee74ce\mdc8p_stage1.\w_twiddle_i[2]' from process `$paramod$ed12c0bd15db7b134ad06ea575abb269e0ee74ce\mdc8p_stage1.$proc$/home/designer/shared/FFT/parallel_fft/design/rtl/fft_mdc_8p/stages/mdc8p_stage1.v:0$509'.
No latch inferred for signal `$paramod$ed12c0bd15db7b134ad06ea575abb269e0ee74ce\mdc8p_stage1.\w_twiddle_i[3]' from process `$paramod$ed12c0bd15db7b134ad06ea575abb269e0ee74ce\mdc8p_stage1.$proc$/home/designer/shared/FFT/parallel_fft/design/rtl/fft_mdc_8p/stages/mdc8p_stage1.v:0$509'.
No latch inferred for signal `$paramod$15976f97eff3e7efba67231cdea386a8faf17143\mdc8p_stage3.\next_data0_r' from process `$paramod$15976f97eff3e7efba67231cdea386a8faf17143\mdc8p_stage3.$proc$/home/designer/shared/FFT/parallel_fft/design/rtl/fft_mdc_8p/stages/mdc8p_stage3.v:44$487'.
No latch inferred for signal `$paramod$15976f97eff3e7efba67231cdea386a8faf17143\mdc8p_stage3.\next_data0_i' from process `$paramod$15976f97eff3e7efba67231cdea386a8faf17143\mdc8p_stage3.$proc$/home/designer/shared/FFT/parallel_fft/design/rtl/fft_mdc_8p/stages/mdc8p_stage3.v:44$487'.
No latch inferred for signal `$paramod$15976f97eff3e7efba67231cdea386a8faf17143\mdc8p_stage3.\next_data1_r' from process `$paramod$15976f97eff3e7efba67231cdea386a8faf17143\mdc8p_stage3.$proc$/home/designer/shared/FFT/parallel_fft/design/rtl/fft_mdc_8p/stages/mdc8p_stage3.v:44$487'.
No latch inferred for signal `$paramod$15976f97eff3e7efba67231cdea386a8faf17143\mdc8p_stage3.\next_data1_i' from process `$paramod$15976f97eff3e7efba67231cdea386a8faf17143\mdc8p_stage3.$proc$/home/designer/shared/FFT/parallel_fft/design/rtl/fft_mdc_8p/stages/mdc8p_stage3.v:44$487'.
No latch inferred for signal `$paramod$9d48a4856d550f9261444b1c4abfe084c1906f00\debug_unit.\spi_rdata' from process `$paramod$9d48a4856d550f9261444b1c4abfe084c1906f00\debug_unit.$proc$/home/designer/shared/FFT/parallel_fft/design/rtl/debug_unit/debug_unit.v:118$445'.
No latch inferred for signal `$paramod\rx_serializer\NB_DATA=s32'00000000000000000000000000001000.\next_state' from process `$paramod\rx_serializer\NB_DATA=s32'00000000000000000000000000001000.$proc$/home/designer/shared/FFT/parallel_fft/design/rtl/common_modules/rx_serializer.v:70$40'.
No latch inferred for signal `$paramod\rx_serializer\NB_DATA=s32'00000000000000000000000000001000.\next_cnt' from process `$paramod\rx_serializer\NB_DATA=s32'00000000000000000000000000001000.$proc$/home/designer/shared/FFT/parallel_fft/design/rtl/common_modules/rx_serializer.v:70$40'.
No latch inferred for signal `$paramod\rx_serializer\NB_DATA=s32'00000000000000000000000000001000.\next_shift' from process `$paramod\rx_serializer\NB_DATA=s32'00000000000000000000000000001000.$proc$/home/designer/shared/FFT/parallel_fft/design/rtl/common_modules/rx_serializer.v:70$40'.
No latch inferred for signal `$paramod\tx_serializer\NB_DATA=s32'00000000000000000000000000001000.\next_state' from process `$paramod\tx_serializer\NB_DATA=s32'00000000000000000000000000001000.$proc$/home/designer/shared/FFT/parallel_fft/design/rtl/common_modules/tx_serializer.v:59$27'.
No latch inferred for signal `$paramod\tx_serializer\NB_DATA=s32'00000000000000000000000000001000.\next_cnt' from process `$paramod\tx_serializer\NB_DATA=s32'00000000000000000000000000001000.$proc$/home/designer/shared/FFT/parallel_fft/design/rtl/common_modules/tx_serializer.v:59$27'.
No latch inferred for signal `$paramod\tx_serializer\NB_DATA=s32'00000000000000000000000000001000.\next_shift' from process `$paramod\tx_serializer\NB_DATA=s32'00000000000000000000000000001000.$proc$/home/designer/shared/FFT/parallel_fft/design/rtl/common_modules/tx_serializer.v:59$27'.
No latch inferred for signal `$paramod\tx_serializer\NB_DATA=s32'00000000000000000000000000001000.\data' from process `$paramod\tx_serializer\NB_DATA=s32'00000000000000000000000000001000.$proc$/home/designer/shared/FFT/parallel_fft/design/rtl/common_modules/tx_serializer.v:59$27'.
No latch inferred for signal `$paramod$e825517e76a6abfe988a8af00874d6681f9a4907\ds_switch.\valid_nstate' from process `$paramod$e825517e76a6abfe988a8af00874d6681f9a4907\ds_switch.$proc$/home/designer/shared/FFT/parallel_fft/design/rtl/common_modules/ds_switch.v:131$582'.
No latch inferred for signal `$paramod$e825517e76a6abfe988a8af00874d6681f9a4907\ds_switch.\valid' from process `$paramod$e825517e76a6abfe988a8af00874d6681f9a4907\ds_switch.$proc$/home/designer/shared/FFT/parallel_fft/design/rtl/common_modules/ds_switch.v:131$582'.
No latch inferred for signal `$paramod$e825517e76a6abfe988a8af00874d6681f9a4907\ds_switch.\next_state' from process `$paramod$e825517e76a6abfe988a8af00874d6681f9a4907\ds_switch.$proc$/home/designer/shared/FFT/parallel_fft/design/rtl/common_modules/ds_switch.v:83$575'.
No latch inferred for signal `$paramod$e825517e76a6abfe988a8af00874d6681f9a4907\ds_switch.\r_sel' from process `$paramod$e825517e76a6abfe988a8af00874d6681f9a4907\ds_switch.$proc$/home/designer/shared/FFT/parallel_fft/design/rtl/common_modules/ds_switch.v:83$575'.

44. Executing PROC_DFF pass (convert process syncs to FFs).
Creating register for signal `\top_chip.\last_out_re' using process `\top_chip.$proc$/home/designer/shared/FFT/parallel_fft/design/rtl/top_chip.v:102$20'.
  created $adff cell `$procdff$3166' with positive edge clock and positive level reset.
Creating register for signal `\top_chip.\last_out_im' using process `\top_chip.$proc$/home/designer/shared/FFT/parallel_fft/design/rtl/top_chip.v:102$20'.
  created $adff cell `$procdff$3171' with positive edge clock and positive level reset.
Creating register for signal `\top_chip.\error_flags' using process `\top_chip.$proc$/home/designer/shared/FFT/parallel_fft/design/rtl/top_chip.v:90$17'.
  created $adff cell `$procdff$3176' with positive edge clock and positive level reset.
Creating register for signal `\top_chip.\cnt_inputs' using process `\top_chip.$proc$/home/designer/shared/FFT/parallel_fft/design/rtl/top_chip.v:70$6'.
  created $adff cell `$procdff$3181' with positive edge clock and positive level reset.
Creating register for signal `\top_chip.\cnt_outputs' using process `\top_chip.$proc$/home/designer/shared/FFT/parallel_fft/design/rtl/top_chip.v:70$6'.
  created $adff cell `$procdff$3186' with positive edge clock and positive level reset.
Creating register for signal `$paramod$adef7b7f071f262d011b8eff237fe1297a531d6a\xfft_cell.\r_pp2_valid' using process `$paramod$adef7b7f071f262d011b8eff237fe1297a531d6a\xfft_cell.$proc$/home/designer/shared/FFT/parallel_fft/design/rtl/common_modules/xfft_cell.v:102$542'.
  created $dff cell `$procdff$3187' with positive edge clock.
Creating register for signal `$paramod$adef7b7f071f262d011b8eff237fe1297a531d6a\xfft_cell.\r_pp2_mult_r[0]' using process `$paramod$adef7b7f071f262d011b8eff237fe1297a531d6a\xfft_cell.$proc$/home/designer/shared/FFT/parallel_fft/design/rtl/common_modules/xfft_cell.v:102$542'.
  created $dff cell `$procdff$3188' with positive edge clock.
Creating register for signal `$paramod$adef7b7f071f262d011b8eff237fe1297a531d6a\xfft_cell.\r_pp2_mult_r[1]' using process `$paramod$adef7b7f071f262d011b8eff237fe1297a531d6a\xfft_cell.$proc$/home/designer/shared/FFT/parallel_fft/design/rtl/common_modules/xfft_cell.v:102$542'.
  created $dff cell `$procdff$3189' with positive edge clock.
Creating register for signal `$paramod$adef7b7f071f262d011b8eff237fe1297a531d6a\xfft_cell.\r_pp2_mult_i[0]' using process `$paramod$adef7b7f071f262d011b8eff237fe1297a531d6a\xfft_cell.$proc$/home/designer/shared/FFT/parallel_fft/design/rtl/common_modules/xfft_cell.v:102$542'.
  created $dff cell `$procdff$3190' with positive edge clock.
Creating register for signal `$paramod$adef7b7f071f262d011b8eff237fe1297a531d6a\xfft_cell.\r_pp2_mult_i[1]' using process `$paramod$adef7b7f071f262d011b8eff237fe1297a531d6a\xfft_cell.$proc$/home/designer/shared/FFT/parallel_fft/design/rtl/common_modules/xfft_cell.v:102$542'.
  created $dff cell `$procdff$3191' with positive edge clock.
Creating register for signal `$paramod$adef7b7f071f262d011b8eff237fe1297a531d6a\xfft_cell.\r_pp1_data_r' using process `$paramod$adef7b7f071f262d011b8eff237fe1297a531d6a\xfft_cell.$proc$/home/designer/shared/FFT/parallel_fft/design/rtl/common_modules/xfft_cell.v:71$541'.
  created $dff cell `$procdff$3192' with positive edge clock.
Creating register for signal `$paramod$adef7b7f071f262d011b8eff237fe1297a531d6a\xfft_cell.\r_pp1_data_i' using process `$paramod$adef7b7f071f262d011b8eff237fe1297a531d6a\xfft_cell.$proc$/home/designer/shared/FFT/parallel_fft/design/rtl/common_modules/xfft_cell.v:71$541'.
  created $dff cell `$procdff$3193' with positive edge clock.
Creating register for signal `$paramod$adef7b7f071f262d011b8eff237fe1297a531d6a\xfft_cell.\r_pp1_tw_r' using process `$paramod$adef7b7f071f262d011b8eff237fe1297a531d6a\xfft_cell.$proc$/home/designer/shared/FFT/parallel_fft/design/rtl/common_modules/xfft_cell.v:71$541'.
  created $dff cell `$procdff$3194' with positive edge clock.
Creating register for signal `$paramod$adef7b7f071f262d011b8eff237fe1297a531d6a\xfft_cell.\r_pp1_tw_i' using process `$paramod$adef7b7f071f262d011b8eff237fe1297a531d6a\xfft_cell.$proc$/home/designer/shared/FFT/parallel_fft/design/rtl/common_modules/xfft_cell.v:71$541'.
  created $dff cell `$procdff$3195' with positive edge clock.
Creating register for signal `$paramod$adef7b7f071f262d011b8eff237fe1297a531d6a\xfft_cell.\r_pp1_valid' using process `$paramod$adef7b7f071f262d011b8eff237fe1297a531d6a\xfft_cell.$proc$/home/designer/shared/FFT/parallel_fft/design/rtl/common_modules/xfft_cell.v:71$541'.
  created $dff cell `$procdff$3196' with positive edge clock.
Creating register for signal `$paramod$37c44c8171ec20227f00ac25948f2e851df399c9\ds_switch.\ptr' using process `$paramod$37c44c8171ec20227f00ac25948f2e851df399c9\ds_switch.$proc$/home/designer/shared/FFT/parallel_fft/design/rtl/common_modules/ds_switch.v:159$536'.
  created $dff cell `$procdff$3197' with positive edge clock.
Creating register for signal `$paramod$37c44c8171ec20227f00ac25948f2e851df399c9\ds_switch.\r_idata_r[0]' using process `$paramod$37c44c8171ec20227f00ac25948f2e851df399c9\ds_switch.$proc$/home/designer/shared/FFT/parallel_fft/design/rtl/common_modules/ds_switch.v:159$536'.
  created $dff cell `$procdff$3198' with positive edge clock.
Creating register for signal `$paramod$37c44c8171ec20227f00ac25948f2e851df399c9\ds_switch.\r_idata_r[1]' using process `$paramod$37c44c8171ec20227f00ac25948f2e851df399c9\ds_switch.$proc$/home/designer/shared/FFT/parallel_fft/design/rtl/common_modules/ds_switch.v:159$536'.
  created $dff cell `$procdff$3199' with positive edge clock.
Creating register for signal `$paramod$37c44c8171ec20227f00ac25948f2e851df399c9\ds_switch.\r_idata_i[0]' using process `$paramod$37c44c8171ec20227f00ac25948f2e851df399c9\ds_switch.$proc$/home/designer/shared/FFT/parallel_fft/design/rtl/common_modules/ds_switch.v:159$536'.
  created $dff cell `$procdff$3200' with positive edge clock.
Creating register for signal `$paramod$37c44c8171ec20227f00ac25948f2e851df399c9\ds_switch.\r_idata_i[1]' using process `$paramod$37c44c8171ec20227f00ac25948f2e851df399c9\ds_switch.$proc$/home/designer/shared/FFT/parallel_fft/design/rtl/common_modules/ds_switch.v:159$536'.
  created $dff cell `$procdff$3201' with positive edge clock.
Creating register for signal `$paramod$37c44c8171ec20227f00ac25948f2e851df399c9\ds_switch.\r_odata_r[0]' using process `$paramod$37c44c8171ec20227f00ac25948f2e851df399c9\ds_switch.$proc$/home/designer/shared/FFT/parallel_fft/design/rtl/common_modules/ds_switch.v:159$536'.
  created $dff cell `$procdff$3202' with positive edge clock.
Creating register for signal `$paramod$37c44c8171ec20227f00ac25948f2e851df399c9\ds_switch.\r_odata_r[1]' using process `$paramod$37c44c8171ec20227f00ac25948f2e851df399c9\ds_switch.$proc$/home/designer/shared/FFT/parallel_fft/design/rtl/common_modules/ds_switch.v:159$536'.
  created $dff cell `$procdff$3203' with positive edge clock.
Creating register for signal `$paramod$37c44c8171ec20227f00ac25948f2e851df399c9\ds_switch.\r_odata_i[0]' using process `$paramod$37c44c8171ec20227f00ac25948f2e851df399c9\ds_switch.$proc$/home/designer/shared/FFT/parallel_fft/design/rtl/common_modules/ds_switch.v:159$536'.
  created $dff cell `$procdff$3204' with positive edge clock.
Creating register for signal `$paramod$37c44c8171ec20227f00ac25948f2e851df399c9\ds_switch.\r_odata_i[1]' using process `$paramod$37c44c8171ec20227f00ac25948f2e851df399c9\ds_switch.$proc$/home/designer/shared/FFT/parallel_fft/design/rtl/common_modules/ds_switch.v:159$536'.
  created $dff cell `$procdff$3205' with positive edge clock.
Creating register for signal `$paramod$37c44c8171ec20227f00ac25948f2e851df399c9\ds_switch.\valid_cstate' using process `$paramod$37c44c8171ec20227f00ac25948f2e851df399c9\ds_switch.$proc$/home/designer/shared/FFT/parallel_fft/design/rtl/common_modules/ds_switch.v:109$529'.
  created $adff cell `$procdff$3208' with positive edge clock and positive level reset.
Creating register for signal `$paramod$37c44c8171ec20227f00ac25948f2e851df399c9\ds_switch.\valid_count' using process `$paramod$37c44c8171ec20227f00ac25948f2e851df399c9\ds_switch.$proc$/home/designer/shared/FFT/parallel_fft/design/rtl/common_modules/ds_switch.v:109$529'.
  created $adff cell `$procdff$3211' with positive edge clock and positive level reset.
Creating register for signal `$paramod$37c44c8171ec20227f00ac25948f2e851df399c9\ds_switch.\current_state' using process `$paramod$37c44c8171ec20227f00ac25948f2e851df399c9\ds_switch.$proc$/home/designer/shared/FFT/parallel_fft/design/rtl/common_modules/ds_switch.v:54$520'.
  created $adff cell `$procdff$3214' with positive edge clock and positive level reset.
Creating register for signal `$paramod$37c44c8171ec20227f00ac25948f2e851df399c9\ds_switch.\flag' using process `$paramod$37c44c8171ec20227f00ac25948f2e851df399c9\ds_switch.$proc$/home/designer/shared/FFT/parallel_fft/design/rtl/common_modules/ds_switch.v:54$520'.
  created $adff cell `$procdff$3217' with positive edge clock and positive level reset.
Creating register for signal `$paramod$ed12c0bd15db7b134ad06ea575abb269e0ee74ce\mdc8p_stage1.\r_bt0_r[0]' using process `$paramod$ed12c0bd15db7b134ad06ea575abb269e0ee74ce\mdc8p_stage1.$proc$/home/designer/shared/FFT/parallel_fft/design/rtl/fft_mdc_8p/stages/mdc8p_stage1.v:123$508'.
  created $dff cell `$procdff$3218' with positive edge clock.
Creating register for signal `$paramod$ed12c0bd15db7b134ad06ea575abb269e0ee74ce\mdc8p_stage1.\r_bt0_r[1]' using process `$paramod$ed12c0bd15db7b134ad06ea575abb269e0ee74ce\mdc8p_stage1.$proc$/home/designer/shared/FFT/parallel_fft/design/rtl/fft_mdc_8p/stages/mdc8p_stage1.v:123$508'.
  created $dff cell `$procdff$3219' with positive edge clock.
Creating register for signal `$paramod$ed12c0bd15db7b134ad06ea575abb269e0ee74ce\mdc8p_stage1.\r_bt0_r[2]' using process `$paramod$ed12c0bd15db7b134ad06ea575abb269e0ee74ce\mdc8p_stage1.$proc$/home/designer/shared/FFT/parallel_fft/design/rtl/fft_mdc_8p/stages/mdc8p_stage1.v:123$508'.
  created $dff cell `$procdff$3220' with positive edge clock.
Creating register for signal `$paramod$ed12c0bd15db7b134ad06ea575abb269e0ee74ce\mdc8p_stage1.\r_bt0_i[0]' using process `$paramod$ed12c0bd15db7b134ad06ea575abb269e0ee74ce\mdc8p_stage1.$proc$/home/designer/shared/FFT/parallel_fft/design/rtl/fft_mdc_8p/stages/mdc8p_stage1.v:123$508'.
  created $dff cell `$procdff$3221' with positive edge clock.
Creating register for signal `$paramod$ed12c0bd15db7b134ad06ea575abb269e0ee74ce\mdc8p_stage1.\r_bt0_i[1]' using process `$paramod$ed12c0bd15db7b134ad06ea575abb269e0ee74ce\mdc8p_stage1.$proc$/home/designer/shared/FFT/parallel_fft/design/rtl/fft_mdc_8p/stages/mdc8p_stage1.v:123$508'.
  created $dff cell `$procdff$3222' with positive edge clock.
Creating register for signal `$paramod$ed12c0bd15db7b134ad06ea575abb269e0ee74ce\mdc8p_stage1.\r_bt0_i[2]' using process `$paramod$ed12c0bd15db7b134ad06ea575abb269e0ee74ce\mdc8p_stage1.$proc$/home/designer/shared/FFT/parallel_fft/design/rtl/fft_mdc_8p/stages/mdc8p_stage1.v:123$508'.
  created $dff cell `$procdff$3223' with positive edge clock.
Creating register for signal `$paramod$ed12c0bd15db7b134ad06ea575abb269e0ee74ce\mdc8p_stage1.\r_data0_r' using process `$paramod$ed12c0bd15db7b134ad06ea575abb269e0ee74ce\mdc8p_stage1.$proc$/home/designer/shared/FFT/parallel_fft/design/rtl/fft_mdc_8p/stages/mdc8p_stage1.v:98$507'.
  created $dff cell `$procdff$3224' with positive edge clock.
Creating register for signal `$paramod$ed12c0bd15db7b134ad06ea575abb269e0ee74ce\mdc8p_stage1.\r_data0_i' using process `$paramod$ed12c0bd15db7b134ad06ea575abb269e0ee74ce\mdc8p_stage1.$proc$/home/designer/shared/FFT/parallel_fft/design/rtl/fft_mdc_8p/stages/mdc8p_stage1.v:98$507'.
  created $dff cell `$procdff$3225' with positive edge clock.
Creating register for signal `$paramod$ed12c0bd15db7b134ad06ea575abb269e0ee74ce\mdc8p_stage1.\r_data1_r' using process `$paramod$ed12c0bd15db7b134ad06ea575abb269e0ee74ce\mdc8p_stage1.$proc$/home/designer/shared/FFT/parallel_fft/design/rtl/fft_mdc_8p/stages/mdc8p_stage1.v:98$507'.
  created $dff cell `$procdff$3226' with positive edge clock.
Creating register for signal `$paramod$ed12c0bd15db7b134ad06ea575abb269e0ee74ce\mdc8p_stage1.\r_data1_i' using process `$paramod$ed12c0bd15db7b134ad06ea575abb269e0ee74ce\mdc8p_stage1.$proc$/home/designer/shared/FFT/parallel_fft/design/rtl/fft_mdc_8p/stages/mdc8p_stage1.v:98$507'.
  created $dff cell `$procdff$3227' with positive edge clock.
Creating register for signal `$paramod$ed12c0bd15db7b134ad06ea575abb269e0ee74ce\mdc8p_stage1.\r_data_valid' using process `$paramod$ed12c0bd15db7b134ad06ea575abb269e0ee74ce\mdc8p_stage1.$proc$/home/designer/shared/FFT/parallel_fft/design/rtl/fft_mdc_8p/stages/mdc8p_stage1.v:98$507'.
  created $dff cell `$procdff$3228' with positive edge clock.
Creating register for signal `$paramod$ed12c0bd15db7b134ad06ea575abb269e0ee74ce\mdc8p_stage1.\r_count' using process `$paramod$ed12c0bd15db7b134ad06ea575abb269e0ee74ce\mdc8p_stage1.$proc$/home/designer/shared/FFT/parallel_fft/design/rtl/fft_mdc_8p/stages/mdc8p_stage1.v:81$504'.
  created $dff cell `$procdff$3229' with positive edge clock.
Creating register for signal `$paramod$0412e2692e4fb416d489fd1dda7f407e3f363dcc\mdc8p_stage2.\r_data0_r' using process `$paramod$0412e2692e4fb416d489fd1dda7f407e3f363dcc\mdc8p_stage2.$proc$/home/designer/shared/FFT/parallel_fft/design/rtl/fft_mdc_8p/stages/mdc8p_stage2.v:72$491'.
  created $dff cell `$procdff$3230' with positive edge clock.
Creating register for signal `$paramod$0412e2692e4fb416d489fd1dda7f407e3f363dcc\mdc8p_stage2.\r_data0_i' using process `$paramod$0412e2692e4fb416d489fd1dda7f407e3f363dcc\mdc8p_stage2.$proc$/home/designer/shared/FFT/parallel_fft/design/rtl/fft_mdc_8p/stages/mdc8p_stage2.v:72$491'.
  created $dff cell `$procdff$3231' with positive edge clock.
Creating register for signal `$paramod$0412e2692e4fb416d489fd1dda7f407e3f363dcc\mdc8p_stage2.\r_data1_r' using process `$paramod$0412e2692e4fb416d489fd1dda7f407e3f363dcc\mdc8p_stage2.$proc$/home/designer/shared/FFT/parallel_fft/design/rtl/fft_mdc_8p/stages/mdc8p_stage2.v:72$491'.
  created $dff cell `$procdff$3232' with positive edge clock.
Creating register for signal `$paramod$0412e2692e4fb416d489fd1dda7f407e3f363dcc\mdc8p_stage2.\r_data1_i' using process `$paramod$0412e2692e4fb416d489fd1dda7f407e3f363dcc\mdc8p_stage2.$proc$/home/designer/shared/FFT/parallel_fft/design/rtl/fft_mdc_8p/stages/mdc8p_stage2.v:72$491'.
  created $dff cell `$procdff$3233' with positive edge clock.
Creating register for signal `$paramod$0412e2692e4fb416d489fd1dda7f407e3f363dcc\mdc8p_stage2.\r_data_valid' using process `$paramod$0412e2692e4fb416d489fd1dda7f407e3f363dcc\mdc8p_stage2.$proc$/home/designer/shared/FFT/parallel_fft/design/rtl/fft_mdc_8p/stages/mdc8p_stage2.v:72$491'.
  created $dff cell `$procdff$3234' with positive edge clock.
Creating register for signal `$paramod$0412e2692e4fb416d489fd1dda7f407e3f363dcc\mdc8p_stage2.\r_count' using process `$paramod$0412e2692e4fb416d489fd1dda7f407e3f363dcc\mdc8p_stage2.$proc$/home/designer/shared/FFT/parallel_fft/design/rtl/fft_mdc_8p/stages/mdc8p_stage2.v:56$489'.
  created $adff cell `$procdff$3237' with positive edge clock and positive level reset.
Creating register for signal `$paramod$15976f97eff3e7efba67231cdea386a8faf17143\mdc8p_stage3.\o_valid' using process `$paramod$15976f97eff3e7efba67231cdea386a8faf17143\mdc8p_stage3.$proc$/home/designer/shared/FFT/parallel_fft/design/rtl/fft_mdc_8p/stages/mdc8p_stage3.v:59$488'.
  created $dff cell `$procdff$3238' with positive edge clock.
Creating register for signal `$paramod$15976f97eff3e7efba67231cdea386a8faf17143\mdc8p_stage3.\o_data1_r' using process `$paramod$15976f97eff3e7efba67231cdea386a8faf17143\mdc8p_stage3.$proc$/home/designer/shared/FFT/parallel_fft/design/rtl/fft_mdc_8p/stages/mdc8p_stage3.v:59$488'.
  created $dff cell `$procdff$3239' with positive edge clock.
Creating register for signal `$paramod$15976f97eff3e7efba67231cdea386a8faf17143\mdc8p_stage3.\o_data1_i' using process `$paramod$15976f97eff3e7efba67231cdea386a8faf17143\mdc8p_stage3.$proc$/home/designer/shared/FFT/parallel_fft/design/rtl/fft_mdc_8p/stages/mdc8p_stage3.v:59$488'.
  created $dff cell `$procdff$3240' with positive edge clock.
Creating register for signal `$paramod$15976f97eff3e7efba67231cdea386a8faf17143\mdc8p_stage3.\o_data2_r' using process `$paramod$15976f97eff3e7efba67231cdea386a8faf17143\mdc8p_stage3.$proc$/home/designer/shared/FFT/parallel_fft/design/rtl/fft_mdc_8p/stages/mdc8p_stage3.v:59$488'.
  created $dff cell `$procdff$3241' with positive edge clock.
Creating register for signal `$paramod$15976f97eff3e7efba67231cdea386a8faf17143\mdc8p_stage3.\o_data2_i' using process `$paramod$15976f97eff3e7efba67231cdea386a8faf17143\mdc8p_stage3.$proc$/home/designer/shared/FFT/parallel_fft/design/rtl/fft_mdc_8p/stages/mdc8p_stage3.v:59$488'.
  created $dff cell `$procdff$3242' with positive edge clock.
Creating register for signal `$paramod$822bb578bad106d066af788502e6b7c8175f5771\complex_multiplier.\o_real' using process `$paramod$822bb578bad106d066af788502e6b7c8175f5771\complex_multiplier.$proc$/home/designer/shared/FFT/parallel_fft/design/rtl/common_modules/complex_multiplier.v:53$486'.
  created $dff cell `$procdff$3243' with positive edge clock.
Creating register for signal `$paramod$822bb578bad106d066af788502e6b7c8175f5771\complex_multiplier.\o_imag' using process `$paramod$822bb578bad106d066af788502e6b7c8175f5771\complex_multiplier.$proc$/home/designer/shared/FFT/parallel_fft/design/rtl/common_modules/complex_multiplier.v:53$486'.
  created $dff cell `$procdff$3244' with positive edge clock.
Creating register for signal `$paramod\cdc_snapshot\DATA_WIDTH=s32'00000000000000000000000000001000.\data_out' using process `$paramod\cdc_snapshot\DATA_WIDTH=s32'00000000000000000000000000001000.$proc$/home/designer/shared/FFT/parallel_fft/design/rtl/debug_unit/cdc_snapshot.v:31$466'.
  created $adff cell `$procdff$3249' with positive edge clock and positive level reset.
Creating register for signal `$paramod\cdc_snapshot\DATA_WIDTH=s32'00000000000000000000000000001000.\trig_sync' using process `$paramod\cdc_snapshot\DATA_WIDTH=s32'00000000000000000000000000001000.$proc$/home/designer/shared/FFT/parallel_fft/design/rtl/debug_unit/cdc_snapshot.v:17$461'.
  created $adff cell `$procdff$3254' with positive edge clock and positive level reset.
Creating register for signal `$paramod$86c3a2406c43d36f373e6f546f8eb44128c55483\spi_slave_mode0.\tx_shift' using process `$paramod$86c3a2406c43d36f373e6f546f8eb44128c55483\spi_slave_mode0.$proc$/home/designer/shared/FFT/parallel_fft/design/rtl/debug_unit/spi_slave_mode0.v:119$456'.
  created $adff cell `$procdff$3259' with negative edge clock and positive level reset.
Creating register for signal `$paramod$86c3a2406c43d36f373e6f546f8eb44128c55483\spi_slave_mode0.\tx_cnt' using process `$paramod$86c3a2406c43d36f373e6f546f8eb44128c55483\spi_slave_mode0.$proc$/home/designer/shared/FFT/parallel_fft/design/rtl/debug_unit/spi_slave_mode0.v:119$456'.
  created $adff cell `$procdff$3264' with negative edge clock and positive level reset.
Creating register for signal `$paramod$86c3a2406c43d36f373e6f546f8eb44128c55483\spi_slave_mode0.\tx_active' using process `$paramod$86c3a2406c43d36f373e6f546f8eb44128c55483\spi_slave_mode0.$proc$/home/designer/shared/FFT/parallel_fft/design/rtl/debug_unit/spi_slave_mode0.v:119$456'.
  created $adff cell `$procdff$3269' with negative edge clock and positive level reset.
Creating register for signal `$paramod$86c3a2406c43d36f373e6f546f8eb44128c55483\spi_slave_mode0.\rd_toggle_q' using process `$paramod$86c3a2406c43d36f373e6f546f8eb44128c55483\spi_slave_mode0.$proc$/home/designer/shared/FFT/parallel_fft/design/rtl/debug_unit/spi_slave_mode0.v:119$456'.
  created $adff cell `$procdff$3274' with negative edge clock and positive level reset.
Creating register for signal `$paramod$86c3a2406c43d36f373e6f546f8eb44128c55483\spi_slave_mode0.\addr_out' using process `$paramod$86c3a2406c43d36f373e6f546f8eb44128c55483\spi_slave_mode0.$proc$/home/designer/shared/FFT/parallel_fft/design/rtl/debug_unit/spi_slave_mode0.v:60$448'.
  created $adff cell `$procdff$3279' with positive edge clock and positive level reset.
Creating register for signal `$paramod$86c3a2406c43d36f373e6f546f8eb44128c55483\spi_slave_mode0.\data_out' using process `$paramod$86c3a2406c43d36f373e6f546f8eb44128c55483\spi_slave_mode0.$proc$/home/designer/shared/FFT/parallel_fft/design/rtl/debug_unit/spi_slave_mode0.v:60$448'.
  created $adff cell `$procdff$3284' with positive edge clock and positive level reset.
Creating register for signal `$paramod$86c3a2406c43d36f373e6f546f8eb44128c55483\spi_slave_mode0.\write_enable' using process `$paramod$86c3a2406c43d36f373e6f546f8eb44128c55483\spi_slave_mode0.$proc$/home/designer/shared/FFT/parallel_fft/design/rtl/debug_unit/spi_slave_mode0.v:60$448'.
  created $adff cell `$procdff$3289' with positive edge clock and positive level reset.
Creating register for signal `$paramod$86c3a2406c43d36f373e6f546f8eb44128c55483\spi_slave_mode0.\done' using process `$paramod$86c3a2406c43d36f373e6f546f8eb44128c55483\spi_slave_mode0.$proc$/home/designer/shared/FFT/parallel_fft/design/rtl/debug_unit/spi_slave_mode0.v:60$448'.
  created $adff cell `$procdff$3294' with positive edge clock and positive level reset.
Creating register for signal `$paramod$86c3a2406c43d36f373e6f546f8eb44128c55483\spi_slave_mode0.\rx_frame' using process `$paramod$86c3a2406c43d36f373e6f546f8eb44128c55483\spi_slave_mode0.$proc$/home/designer/shared/FFT/parallel_fft/design/rtl/debug_unit/spi_slave_mode0.v:60$448'.
  created $adff cell `$procdff$3299' with positive edge clock and positive level reset.
Creating register for signal `$paramod$86c3a2406c43d36f373e6f546f8eb44128c55483\spi_slave_mode0.\rx_shift' using process `$paramod$86c3a2406c43d36f373e6f546f8eb44128c55483\spi_slave_mode0.$proc$/home/designer/shared/FFT/parallel_fft/design/rtl/debug_unit/spi_slave_mode0.v:60$448'.
  created $adff cell `$procdff$3304' with positive edge clock and positive level reset.
Creating register for signal `$paramod$86c3a2406c43d36f373e6f546f8eb44128c55483\spi_slave_mode0.\bit_cnt' using process `$paramod$86c3a2406c43d36f373e6f546f8eb44128c55483\spi_slave_mode0.$proc$/home/designer/shared/FFT/parallel_fft/design/rtl/debug_unit/spi_slave_mode0.v:60$448'.
  created $adff cell `$procdff$3309' with positive edge clock and positive level reset.
Creating register for signal `$paramod$86c3a2406c43d36f373e6f546f8eb44128c55483\spi_slave_mode0.\rw_latched' using process `$paramod$86c3a2406c43d36f373e6f546f8eb44128c55483\spi_slave_mode0.$proc$/home/designer/shared/FFT/parallel_fft/design/rtl/debug_unit/spi_slave_mode0.v:60$448'.
  created $adff cell `$procdff$3314' with positive edge clock and positive level reset.
Creating register for signal `$paramod$86c3a2406c43d36f373e6f546f8eb44128c55483\spi_slave_mode0.\addr_latched' using process `$paramod$86c3a2406c43d36f373e6f546f8eb44128c55483\spi_slave_mode0.$proc$/home/designer/shared/FFT/parallel_fft/design/rtl/debug_unit/spi_slave_mode0.v:60$448'.
  created $adff cell `$procdff$3319' with positive edge clock and positive level reset.
Creating register for signal `$paramod$86c3a2406c43d36f373e6f546f8eb44128c55483\spi_slave_mode0.\rd_toggle' using process `$paramod$86c3a2406c43d36f373e6f546f8eb44128c55483\spi_slave_mode0.$proc$/home/designer/shared/FFT/parallel_fft/design/rtl/debug_unit/spi_slave_mode0.v:60$448'.
  created $adff cell `$procdff$3324' with positive edge clock and positive level reset.
Creating register for signal `$paramod$86c3a2406c43d36f373e6f546f8eb44128c55483\spi_slave_mode0.\next_rx' using process `$paramod$86c3a2406c43d36f373e6f546f8eb44128c55483\spi_slave_mode0.$proc$/home/designer/shared/FFT/parallel_fft/design/rtl/debug_unit/spi_slave_mode0.v:60$448'.
  created $dff cell `$procdff$3331' with positive edge clock.
Creating register for signal `$paramod$9d48a4856d550f9261444b1c4abfe084c1906f00\debug_unit.\sys_config' using process `$paramod$9d48a4856d550f9261444b1c4abfe084c1906f00\debug_unit.$proc$/home/designer/shared/FFT/parallel_fft/design/rtl/debug_unit/debug_unit.v:102$443'.
  created $adff cell `$procdff$3336' with positive edge clock and positive level reset.
Creating register for signal `$paramod\shift_r4\NB_DATA=s32'00000000000000000000000000001000.\data_re_q' using process `$paramod\shift_r4\NB_DATA=s32'00000000000000000000000000001000.$proc$/home/designer/shared/FFT/parallel_fft/design/rtl/shift_r4.v:38$442'.
  created $dff cell `$procdff$3337' with positive edge clock.
Creating register for signal `$paramod\shift_r4\NB_DATA=s32'00000000000000000000000000001000.\data_im_q' using process `$paramod\shift_r4\NB_DATA=s32'00000000000000000000000000001000.$proc$/home/designer/shared/FFT/parallel_fft/design/rtl/shift_r4.v:38$442'.
  created $dff cell `$procdff$3338' with positive edge clock.
Creating register for signal `$paramod\shift_r4\NB_DATA=s32'00000000000000000000000000001000.\valid_q' using process `$paramod\shift_r4\NB_DATA=s32'00000000000000000000000000001000.$proc$/home/designer/shared/FFT/parallel_fft/design/rtl/shift_r4.v:38$442'.
  created $dff cell `$procdff$3339' with positive edge clock.
Creating register for signal `$paramod\shift_r4\NB_DATA=s32'00000000000000000000000000001000.\k' using process `$paramod\shift_r4\NB_DATA=s32'00000000000000000000000000001000.$proc$/home/designer/shared/FFT/parallel_fft/design/rtl/shift_r4.v:38$442'.
  created $dff cell `$procdff$3340' with positive edge clock.
Creating register for signal `$paramod$822bb578bad106d066af788502e6b7c8175f5771\fft4.\o_data0_re' using process `$paramod$822bb578bad106d066af788502e6b7c8175f5771\fft4.$proc$/home/designer/shared/FFT/parallel_fft/design/rtl/fft4.v:146$440'.
  created $dff cell `$procdff$3341' with positive edge clock.
Creating register for signal `$paramod$822bb578bad106d066af788502e6b7c8175f5771\fft4.\o_data0_im' using process `$paramod$822bb578bad106d066af788502e6b7c8175f5771\fft4.$proc$/home/designer/shared/FFT/parallel_fft/design/rtl/fft4.v:146$440'.
  created $dff cell `$procdff$3342' with positive edge clock.
Creating register for signal `$paramod$822bb578bad106d066af788502e6b7c8175f5771\fft4.\o_data1_re' using process `$paramod$822bb578bad106d066af788502e6b7c8175f5771\fft4.$proc$/home/designer/shared/FFT/parallel_fft/design/rtl/fft4.v:146$440'.
  created $dff cell `$procdff$3343' with positive edge clock.
Creating register for signal `$paramod$822bb578bad106d066af788502e6b7c8175f5771\fft4.\o_data1_im' using process `$paramod$822bb578bad106d066af788502e6b7c8175f5771\fft4.$proc$/home/designer/shared/FFT/parallel_fft/design/rtl/fft4.v:146$440'.
  created $dff cell `$procdff$3344' with positive edge clock.
Creating register for signal `$paramod$822bb578bad106d066af788502e6b7c8175f5771\fft4.\o_data2_re' using process `$paramod$822bb578bad106d066af788502e6b7c8175f5771\fft4.$proc$/home/designer/shared/FFT/parallel_fft/design/rtl/fft4.v:146$440'.
  created $dff cell `$procdff$3345' with positive edge clock.
Creating register for signal `$paramod$822bb578bad106d066af788502e6b7c8175f5771\fft4.\o_data2_im' using process `$paramod$822bb578bad106d066af788502e6b7c8175f5771\fft4.$proc$/home/designer/shared/FFT/parallel_fft/design/rtl/fft4.v:146$440'.
  created $dff cell `$procdff$3346' with positive edge clock.
Creating register for signal `$paramod$822bb578bad106d066af788502e6b7c8175f5771\fft4.\o_data3_re' using process `$paramod$822bb578bad106d066af788502e6b7c8175f5771\fft4.$proc$/home/designer/shared/FFT/parallel_fft/design/rtl/fft4.v:146$440'.
  created $dff cell `$procdff$3347' with positive edge clock.
Creating register for signal `$paramod$822bb578bad106d066af788502e6b7c8175f5771\fft4.\o_data3_im' using process `$paramod$822bb578bad106d066af788502e6b7c8175f5771\fft4.$proc$/home/designer/shared/FFT/parallel_fft/design/rtl/fft4.v:146$440'.
  created $dff cell `$procdff$3348' with positive edge clock.
Creating register for signal `$paramod$822bb578bad106d066af788502e6b7c8175f5771\fft4.\s2_x0_re' using process `$paramod$822bb578bad106d066af788502e6b7c8175f5771\fft4.$proc$/home/designer/shared/FFT/parallel_fft/design/rtl/fft4.v:116$426'.
  created $dff cell `$procdff$3349' with positive edge clock.
Creating register for signal `$paramod$822bb578bad106d066af788502e6b7c8175f5771\fft4.\s2_x0_im' using process `$paramod$822bb578bad106d066af788502e6b7c8175f5771\fft4.$proc$/home/designer/shared/FFT/parallel_fft/design/rtl/fft4.v:116$426'.
  created $dff cell `$procdff$3350' with positive edge clock.
Creating register for signal `$paramod$822bb578bad106d066af788502e6b7c8175f5771\fft4.\s2_x1_re' using process `$paramod$822bb578bad106d066af788502e6b7c8175f5771\fft4.$proc$/home/designer/shared/FFT/parallel_fft/design/rtl/fft4.v:116$426'.
  created $dff cell `$procdff$3351' with positive edge clock.
Creating register for signal `$paramod$822bb578bad106d066af788502e6b7c8175f5771\fft4.\s2_x1_im' using process `$paramod$822bb578bad106d066af788502e6b7c8175f5771\fft4.$proc$/home/designer/shared/FFT/parallel_fft/design/rtl/fft4.v:116$426'.
  created $dff cell `$procdff$3352' with positive edge clock.
Creating register for signal `$paramod$822bb578bad106d066af788502e6b7c8175f5771\fft4.\s2_x2_re' using process `$paramod$822bb578bad106d066af788502e6b7c8175f5771\fft4.$proc$/home/designer/shared/FFT/parallel_fft/design/rtl/fft4.v:116$426'.
  created $dff cell `$procdff$3353' with positive edge clock.
Creating register for signal `$paramod$822bb578bad106d066af788502e6b7c8175f5771\fft4.\s2_x2_im' using process `$paramod$822bb578bad106d066af788502e6b7c8175f5771\fft4.$proc$/home/designer/shared/FFT/parallel_fft/design/rtl/fft4.v:116$426'.
  created $dff cell `$procdff$3354' with positive edge clock.
Creating register for signal `$paramod$822bb578bad106d066af788502e6b7c8175f5771\fft4.\s2_x3_re' using process `$paramod$822bb578bad106d066af788502e6b7c8175f5771\fft4.$proc$/home/designer/shared/FFT/parallel_fft/design/rtl/fft4.v:116$426'.
  created $dff cell `$procdff$3355' with positive edge clock.
Creating register for signal `$paramod$822bb578bad106d066af788502e6b7c8175f5771\fft4.\s2_x3_im' using process `$paramod$822bb578bad106d066af788502e6b7c8175f5771\fft4.$proc$/home/designer/shared/FFT/parallel_fft/design/rtl/fft4.v:116$426'.
  created $dff cell `$procdff$3356' with positive edge clock.
Creating register for signal `$paramod$822bb578bad106d066af788502e6b7c8175f5771\fft4.\s1_ev_sum_re' using process `$paramod$822bb578bad106d066af788502e6b7c8175f5771\fft4.$proc$/home/designer/shared/FFT/parallel_fft/design/rtl/fft4.v:101$416'.
  created $dff cell `$procdff$3357' with positive edge clock.
Creating register for signal `$paramod$822bb578bad106d066af788502e6b7c8175f5771\fft4.\s1_ev_sum_im' using process `$paramod$822bb578bad106d066af788502e6b7c8175f5771\fft4.$proc$/home/designer/shared/FFT/parallel_fft/design/rtl/fft4.v:101$416'.
  created $dff cell `$procdff$3358' with positive edge clock.
Creating register for signal `$paramod$822bb578bad106d066af788502e6b7c8175f5771\fft4.\s1_ev_sub_re' using process `$paramod$822bb578bad106d066af788502e6b7c8175f5771\fft4.$proc$/home/designer/shared/FFT/parallel_fft/design/rtl/fft4.v:101$416'.
  created $dff cell `$procdff$3359' with positive edge clock.
Creating register for signal `$paramod$822bb578bad106d066af788502e6b7c8175f5771\fft4.\s1_ev_sub_im' using process `$paramod$822bb578bad106d066af788502e6b7c8175f5771\fft4.$proc$/home/designer/shared/FFT/parallel_fft/design/rtl/fft4.v:101$416'.
  created $dff cell `$procdff$3360' with positive edge clock.
Creating register for signal `$paramod$822bb578bad106d066af788502e6b7c8175f5771\fft4.\s1_od_sum_re' using process `$paramod$822bb578bad106d066af788502e6b7c8175f5771\fft4.$proc$/home/designer/shared/FFT/parallel_fft/design/rtl/fft4.v:101$416'.
  created $dff cell `$procdff$3361' with positive edge clock.
Creating register for signal `$paramod$822bb578bad106d066af788502e6b7c8175f5771\fft4.\s1_od_sum_im' using process `$paramod$822bb578bad106d066af788502e6b7c8175f5771\fft4.$proc$/home/designer/shared/FFT/parallel_fft/design/rtl/fft4.v:101$416'.
  created $dff cell `$procdff$3362' with positive edge clock.
Creating register for signal `$paramod$822bb578bad106d066af788502e6b7c8175f5771\fft4.\s1_od_sub_re' using process `$paramod$822bb578bad106d066af788502e6b7c8175f5771\fft4.$proc$/home/designer/shared/FFT/parallel_fft/design/rtl/fft4.v:101$416'.
  created $dff cell `$procdff$3363' with positive edge clock.
Creating register for signal `$paramod$822bb578bad106d066af788502e6b7c8175f5771\fft4.\s1_od_sub_im' using process `$paramod$822bb578bad106d066af788502e6b7c8175f5771\fft4.$proc$/home/designer/shared/FFT/parallel_fft/design/rtl/fft4.v:101$416'.
  created $dff cell `$procdff$3364' with positive edge clock.
Creating register for signal `$paramod$822bb578bad106d066af788502e6b7c8175f5771\fft4.\r_x0_re' using process `$paramod$822bb578bad106d066af788502e6b7c8175f5771\fft4.$proc$/home/designer/shared/FFT/parallel_fft/design/rtl/fft4.v:92$414'.
  created $dff cell `$procdff$3365' with positive edge clock.
Creating register for signal `$paramod$822bb578bad106d066af788502e6b7c8175f5771\fft4.\r_x0_im' using process `$paramod$822bb578bad106d066af788502e6b7c8175f5771\fft4.$proc$/home/designer/shared/FFT/parallel_fft/design/rtl/fft4.v:92$414'.
  created $dff cell `$procdff$3366' with positive edge clock.
Creating register for signal `$paramod$822bb578bad106d066af788502e6b7c8175f5771\fft4.\r_x1_re' using process `$paramod$822bb578bad106d066af788502e6b7c8175f5771\fft4.$proc$/home/designer/shared/FFT/parallel_fft/design/rtl/fft4.v:92$414'.
  created $dff cell `$procdff$3367' with positive edge clock.
Creating register for signal `$paramod$822bb578bad106d066af788502e6b7c8175f5771\fft4.\r_x1_im' using process `$paramod$822bb578bad106d066af788502e6b7c8175f5771\fft4.$proc$/home/designer/shared/FFT/parallel_fft/design/rtl/fft4.v:92$414'.
  created $dff cell `$procdff$3368' with positive edge clock.
Creating register for signal `$paramod$822bb578bad106d066af788502e6b7c8175f5771\fft4.\r_x2_re' using process `$paramod$822bb578bad106d066af788502e6b7c8175f5771\fft4.$proc$/home/designer/shared/FFT/parallel_fft/design/rtl/fft4.v:92$414'.
  created $dff cell `$procdff$3369' with positive edge clock.
Creating register for signal `$paramod$822bb578bad106d066af788502e6b7c8175f5771\fft4.\r_x2_im' using process `$paramod$822bb578bad106d066af788502e6b7c8175f5771\fft4.$proc$/home/designer/shared/FFT/parallel_fft/design/rtl/fft4.v:92$414'.
  created $dff cell `$procdff$3370' with positive edge clock.
Creating register for signal `$paramod$822bb578bad106d066af788502e6b7c8175f5771\fft4.\r_x3_re' using process `$paramod$822bb578bad106d066af788502e6b7c8175f5771\fft4.$proc$/home/designer/shared/FFT/parallel_fft/design/rtl/fft4.v:92$414'.
  created $dff cell `$procdff$3371' with positive edge clock.
Creating register for signal `$paramod$822bb578bad106d066af788502e6b7c8175f5771\fft4.\r_x3_im' using process `$paramod$822bb578bad106d066af788502e6b7c8175f5771\fft4.$proc$/home/designer/shared/FFT/parallel_fft/design/rtl/fft4.v:92$414'.
  created $dff cell `$procdff$3372' with positive edge clock.
Creating register for signal `$paramod$822bb578bad106d066af788502e6b7c8175f5771\fft4.\valid_q' using process `$paramod$822bb578bad106d066af788502e6b7c8175f5771\fft4.$proc$/home/designer/shared/FFT/parallel_fft/design/rtl/fft4.v:73$413'.
  created $dff cell `$procdff$3373' with positive edge clock.
Creating register for signal `$paramod$822bb578bad106d066af788502e6b7c8175f5771\fft4.\inv_q' using process `$paramod$822bb578bad106d066af788502e6b7c8175f5771\fft4.$proc$/home/designer/shared/FFT/parallel_fft/design/rtl/fft4.v:73$413'.
  created $dff cell `$procdff$3374' with positive edge clock.
Creating register for signal `$paramod$822bb578bad106d066af788502e6b7c8175f5771\fft4.\valid_2q' using process `$paramod$822bb578bad106d066af788502e6b7c8175f5771\fft4.$proc$/home/designer/shared/FFT/parallel_fft/design/rtl/fft4.v:73$413'.
  created $dff cell `$procdff$3375' with positive edge clock.
Creating register for signal `$paramod$822bb578bad106d066af788502e6b7c8175f5771\fft4.\valid_3q' using process `$paramod$822bb578bad106d066af788502e6b7c8175f5771\fft4.$proc$/home/designer/shared/FFT/parallel_fft/design/rtl/fft4.v:73$413'.
  created $dff cell `$procdff$3376' with positive edge clock.
Creating register for signal `$paramod$822bb578bad106d066af788502e6b7c8175f5771\fft4.\valid_4q' using process `$paramod$822bb578bad106d066af788502e6b7c8175f5771\fft4.$proc$/home/designer/shared/FFT/parallel_fft/design/rtl/fft4.v:73$413'.
  created $dff cell `$procdff$3377' with positive edge clock.
Creating register for signal `$paramod$822bb578bad106d066af788502e6b7c8175f5771\fft4.\inv_2q' using process `$paramod$822bb578bad106d066af788502e6b7c8175f5771\fft4.$proc$/home/designer/shared/FFT/parallel_fft/design/rtl/fft4.v:73$413'.
  created $dff cell `$procdff$3378' with positive edge clock.
Creating register for signal `$paramod$55e188ae133e8a9a9b845f543e216dcb7898452c\twiddle_interface.\o_valid' using process `$paramod$55e188ae133e8a9a9b845f543e216dcb7898452c\twiddle_interface.$proc$/home/designer/shared/FFT/parallel_fft/design/rtl/twiddle_interface/twiddle_interface.v:175$412'.
  created $dff cell `$procdff$3379' with positive edge clock.
Creating register for signal `$paramod$55e188ae133e8a9a9b845f543e216dcb7898452c\twiddle_interface.\o_data0_re' using process `$paramod$55e188ae133e8a9a9b845f543e216dcb7898452c\twiddle_interface.$proc$/home/designer/shared/FFT/parallel_fft/design/rtl/twiddle_interface/twiddle_interface.v:175$412'.
  created $dff cell `$procdff$3380' with positive edge clock.
Creating register for signal `$paramod$55e188ae133e8a9a9b845f543e216dcb7898452c\twiddle_interface.\o_data0_im' using process `$paramod$55e188ae133e8a9a9b845f543e216dcb7898452c\twiddle_interface.$proc$/home/designer/shared/FFT/parallel_fft/design/rtl/twiddle_interface/twiddle_interface.v:175$412'.
  created $dff cell `$procdff$3381' with positive edge clock.
Creating register for signal `$paramod$55e188ae133e8a9a9b845f543e216dcb7898452c\twiddle_interface.\o_data1_re' using process `$paramod$55e188ae133e8a9a9b845f543e216dcb7898452c\twiddle_interface.$proc$/home/designer/shared/FFT/parallel_fft/design/rtl/twiddle_interface/twiddle_interface.v:175$412'.
  created $dff cell `$procdff$3382' with positive edge clock.
Creating register for signal `$paramod$55e188ae133e8a9a9b845f543e216dcb7898452c\twiddle_interface.\o_data1_im' using process `$paramod$55e188ae133e8a9a9b845f543e216dcb7898452c\twiddle_interface.$proc$/home/designer/shared/FFT/parallel_fft/design/rtl/twiddle_interface/twiddle_interface.v:175$412'.
  created $dff cell `$procdff$3383' with positive edge clock.
Creating register for signal `$paramod$55e188ae133e8a9a9b845f543e216dcb7898452c\twiddle_interface.\o_data2_re' using process `$paramod$55e188ae133e8a9a9b845f543e216dcb7898452c\twiddle_interface.$proc$/home/designer/shared/FFT/parallel_fft/design/rtl/twiddle_interface/twiddle_interface.v:175$412'.
  created $dff cell `$procdff$3384' with positive edge clock.
Creating register for signal `$paramod$55e188ae133e8a9a9b845f543e216dcb7898452c\twiddle_interface.\o_data2_im' using process `$paramod$55e188ae133e8a9a9b845f543e216dcb7898452c\twiddle_interface.$proc$/home/designer/shared/FFT/parallel_fft/design/rtl/twiddle_interface/twiddle_interface.v:175$412'.
  created $dff cell `$procdff$3385' with positive edge clock.
Creating register for signal `$paramod$55e188ae133e8a9a9b845f543e216dcb7898452c\twiddle_interface.\o_data3_re' using process `$paramod$55e188ae133e8a9a9b845f543e216dcb7898452c\twiddle_interface.$proc$/home/designer/shared/FFT/parallel_fft/design/rtl/twiddle_interface/twiddle_interface.v:175$412'.
  created $dff cell `$procdff$3386' with positive edge clock.
Creating register for signal `$paramod$55e188ae133e8a9a9b845f543e216dcb7898452c\twiddle_interface.\o_data3_im' using process `$paramod$55e188ae133e8a9a9b845f543e216dcb7898452c\twiddle_interface.$proc$/home/designer/shared/FFT/parallel_fft/design/rtl/twiddle_interface/twiddle_interface.v:175$412'.
  created $dff cell `$procdff$3387' with positive edge clock.
Creating register for signal `$paramod$55e188ae133e8a9a9b845f543e216dcb7898452c\twiddle_interface.\data0_re_2q' using process `$paramod$55e188ae133e8a9a9b845f543e216dcb7898452c\twiddle_interface.$proc$/home/designer/shared/FFT/parallel_fft/design/rtl/twiddle_interface/twiddle_interface.v:133$411'.
  created $dff cell `$procdff$3388' with positive edge clock.
Creating register for signal `$paramod$55e188ae133e8a9a9b845f543e216dcb7898452c\twiddle_interface.\data0_im_2q' using process `$paramod$55e188ae133e8a9a9b845f543e216dcb7898452c\twiddle_interface.$proc$/home/designer/shared/FFT/parallel_fft/design/rtl/twiddle_interface/twiddle_interface.v:133$411'.
  created $dff cell `$procdff$3389' with positive edge clock.
Creating register for signal `$paramod$55e188ae133e8a9a9b845f543e216dcb7898452c\twiddle_interface.\data0_re_q' using process `$paramod$55e188ae133e8a9a9b845f543e216dcb7898452c\twiddle_interface.$proc$/home/designer/shared/FFT/parallel_fft/design/rtl/twiddle_interface/twiddle_interface.v:124$410'.
  created $dff cell `$procdff$3390' with positive edge clock.
Creating register for signal `$paramod$55e188ae133e8a9a9b845f543e216dcb7898452c\twiddle_interface.\data0_im_q' using process `$paramod$55e188ae133e8a9a9b845f543e216dcb7898452c\twiddle_interface.$proc$/home/designer/shared/FFT/parallel_fft/design/rtl/twiddle_interface/twiddle_interface.v:124$410'.
  created $dff cell `$procdff$3391' with positive edge clock.
Creating register for signal `$paramod$55e188ae133e8a9a9b845f543e216dcb7898452c\twiddle_interface.\data1_re_q' using process `$paramod$55e188ae133e8a9a9b845f543e216dcb7898452c\twiddle_interface.$proc$/home/designer/shared/FFT/parallel_fft/design/rtl/twiddle_interface/twiddle_interface.v:124$410'.
  created $dff cell `$procdff$3392' with positive edge clock.
Creating register for signal `$paramod$55e188ae133e8a9a9b845f543e216dcb7898452c\twiddle_interface.\data1_im_q' using process `$paramod$55e188ae133e8a9a9b845f543e216dcb7898452c\twiddle_interface.$proc$/home/designer/shared/FFT/parallel_fft/design/rtl/twiddle_interface/twiddle_interface.v:124$410'.
  created $dff cell `$procdff$3393' with positive edge clock.
Creating register for signal `$paramod$55e188ae133e8a9a9b845f543e216dcb7898452c\twiddle_interface.\data2_re_q' using process `$paramod$55e188ae133e8a9a9b845f543e216dcb7898452c\twiddle_interface.$proc$/home/designer/shared/FFT/parallel_fft/design/rtl/twiddle_interface/twiddle_interface.v:124$410'.
  created $dff cell `$procdff$3394' with positive edge clock.
Creating register for signal `$paramod$55e188ae133e8a9a9b845f543e216dcb7898452c\twiddle_interface.\data2_im_q' using process `$paramod$55e188ae133e8a9a9b845f543e216dcb7898452c\twiddle_interface.$proc$/home/designer/shared/FFT/parallel_fft/design/rtl/twiddle_interface/twiddle_interface.v:124$410'.
  created $dff cell `$procdff$3395' with positive edge clock.
Creating register for signal `$paramod$55e188ae133e8a9a9b845f543e216dcb7898452c\twiddle_interface.\data3_re_q' using process `$paramod$55e188ae133e8a9a9b845f543e216dcb7898452c\twiddle_interface.$proc$/home/designer/shared/FFT/parallel_fft/design/rtl/twiddle_interface/twiddle_interface.v:124$410'.
  created $dff cell `$procdff$3396' with positive edge clock.
Creating register for signal `$paramod$55e188ae133e8a9a9b845f543e216dcb7898452c\twiddle_interface.\data3_im_q' using process `$paramod$55e188ae133e8a9a9b845f543e216dcb7898452c\twiddle_interface.$proc$/home/designer/shared/FFT/parallel_fft/design/rtl/twiddle_interface/twiddle_interface.v:124$410'.
  created $dff cell `$procdff$3397' with positive edge clock.
Creating register for signal `$paramod$55e188ae133e8a9a9b845f543e216dcb7898452c\twiddle_interface.\cnt_q' using process `$paramod$55e188ae133e8a9a9b845f543e216dcb7898452c\twiddle_interface.$proc$/home/designer/shared/FFT/parallel_fft/design/rtl/twiddle_interface/twiddle_interface.v:106$407'.
  created $dff cell `$procdff$3398' with positive edge clock.
Creating register for signal `$paramod$55e188ae133e8a9a9b845f543e216dcb7898452c\twiddle_interface.\inv_q' using process `$paramod$55e188ae133e8a9a9b845f543e216dcb7898452c\twiddle_interface.$proc$/home/designer/shared/FFT/parallel_fft/design/rtl/twiddle_interface/twiddle_interface.v:106$407'.
  created $dff cell `$procdff$3399' with positive edge clock.
Creating register for signal `$paramod$55e188ae133e8a9a9b845f543e216dcb7898452c\twiddle_interface.\val_q' using process `$paramod$55e188ae133e8a9a9b845f543e216dcb7898452c\twiddle_interface.$proc$/home/designer/shared/FFT/parallel_fft/design/rtl/twiddle_interface/twiddle_interface.v:106$407'.
  created $dff cell `$procdff$3400' with positive edge clock.
Creating register for signal `$paramod$55e188ae133e8a9a9b845f543e216dcb7898452c\twiddle_interface.\val_2q' using process `$paramod$55e188ae133e8a9a9b845f543e216dcb7898452c\twiddle_interface.$proc$/home/designer/shared/FFT/parallel_fft/design/rtl/twiddle_interface/twiddle_interface.v:106$407'.
  created $dff cell `$procdff$3401' with positive edge clock.
Creating register for signal `$paramod\shift_r2\NB_DATA=s32'00000000000000000000000000001000.\data_re_q' using process `$paramod\shift_r2\NB_DATA=s32'00000000000000000000000000001000.$proc$/home/designer/shared/FFT/parallel_fft/design/rtl/shift_r2.v:32$307'.
  created $dff cell `$procdff$3402' with positive edge clock.
Creating register for signal `$paramod\shift_r2\NB_DATA=s32'00000000000000000000000000001000.\data_im_q' using process `$paramod\shift_r2\NB_DATA=s32'00000000000000000000000000001000.$proc$/home/designer/shared/FFT/parallel_fft/design/rtl/shift_r2.v:32$307'.
  created $dff cell `$procdff$3403' with positive edge clock.
Creating register for signal `$paramod\shift_r2\NB_DATA=s32'00000000000000000000000000001000.\valid_q' using process `$paramod\shift_r2\NB_DATA=s32'00000000000000000000000000001000.$proc$/home/designer/shared/FFT/parallel_fft/design/rtl/shift_r2.v:32$307'.
  created $dff cell `$procdff$3404' with positive edge clock.
Creating register for signal `$paramod\buffer_parallel2serial\NB_DATA=s32'00000000000000000000000000001000.\o_data_re' using process `$paramod\buffer_parallel2serial\NB_DATA=s32'00000000000000000000000000001000.$proc$/home/designer/shared/FFT/parallel_fft/design/rtl/buffer_parallel2serial.v:54$59'.
  created $dff cell `$procdff$3405' with positive edge clock.
Creating register for signal `$paramod\buffer_parallel2serial\NB_DATA=s32'00000000000000000000000000001000.\o_data_im' using process `$paramod\buffer_parallel2serial\NB_DATA=s32'00000000000000000000000000001000.$proc$/home/designer/shared/FFT/parallel_fft/design/rtl/buffer_parallel2serial.v:54$59'.
  created $dff cell `$procdff$3406' with positive edge clock.
Creating register for signal `$paramod\buffer_parallel2serial\NB_DATA=s32'00000000000000000000000000001000.\o_valid' using process `$paramod\buffer_parallel2serial\NB_DATA=s32'00000000000000000000000000001000.$proc$/home/designer/shared/FFT/parallel_fft/design/rtl/buffer_parallel2serial.v:54$59'.
  created $dff cell `$procdff$3407' with positive edge clock.
Creating register for signal `$paramod\buffer_parallel2serial\NB_DATA=s32'00000000000000000000000000001000.\state' using process `$paramod\buffer_parallel2serial\NB_DATA=s32'00000000000000000000000000001000.$proc$/home/designer/shared/FFT/parallel_fft/design/rtl/buffer_parallel2serial.v:54$59'.
  created $dff cell `$procdff$3408' with positive edge clock.
Creating register for signal `$paramod\buffer_parallel2serial\NB_DATA=s32'00000000000000000000000000001000.\batch_count' using process `$paramod\buffer_parallel2serial\NB_DATA=s32'00000000000000000000000000001000.$proc$/home/designer/shared/FFT/parallel_fft/design/rtl/buffer_parallel2serial.v:54$59'.
  created $dff cell `$procdff$3409' with positive edge clock.
Creating register for signal `$paramod\buffer_parallel2serial\NB_DATA=s32'00000000000000000000000000001000.\read_ptr' using process `$paramod\buffer_parallel2serial\NB_DATA=s32'00000000000000000000000000001000.$proc$/home/designer/shared/FFT/parallel_fft/design/rtl/buffer_parallel2serial.v:54$59'.
  created $dff cell `$procdff$3410' with positive edge clock.
Creating register for signal `$paramod\buffer_parallel2serial\NB_DATA=s32'00000000000000000000000000001000.$memwr$\mem_re$/home/designer/shared/FFT/parallel_fft/design/rtl/buffer_parallel2serial.v:66$43_ADDR' using process `$paramod\buffer_parallel2serial\NB_DATA=s32'00000000000000000000000000001000.$proc$/home/designer/shared/FFT/parallel_fft/design/rtl/buffer_parallel2serial.v:54$59'.
  created $dff cell `$procdff$3411' with positive edge clock.
Creating register for signal `$paramod\buffer_parallel2serial\NB_DATA=s32'00000000000000000000000000001000.$memwr$\mem_re$/home/designer/shared/FFT/parallel_fft/design/rtl/buffer_parallel2serial.v:66$43_DATA' using process `$paramod\buffer_parallel2serial\NB_DATA=s32'00000000000000000000000000001000.$proc$/home/designer/shared/FFT/parallel_fft/design/rtl/buffer_parallel2serial.v:54$59'.
  created $dff cell `$procdff$3412' with positive edge clock.
Creating register for signal `$paramod\buffer_parallel2serial\NB_DATA=s32'00000000000000000000000000001000.$memwr$\mem_re$/home/designer/shared/FFT/parallel_fft/design/rtl/buffer_parallel2serial.v:66$43_EN' using process `$paramod\buffer_parallel2serial\NB_DATA=s32'00000000000000000000000000001000.$proc$/home/designer/shared/FFT/parallel_fft/design/rtl/buffer_parallel2serial.v:54$59'.
  created $dff cell `$procdff$3413' with positive edge clock.
Creating register for signal `$paramod\buffer_parallel2serial\NB_DATA=s32'00000000000000000000000000001000.$memwr$\mem_im$/home/designer/shared/FFT/parallel_fft/design/rtl/buffer_parallel2serial.v:66$44_ADDR' using process `$paramod\buffer_parallel2serial\NB_DATA=s32'00000000000000000000000000001000.$proc$/home/designer/shared/FFT/parallel_fft/design/rtl/buffer_parallel2serial.v:54$59'.
  created $dff cell `$procdff$3414' with positive edge clock.
Creating register for signal `$paramod\buffer_parallel2serial\NB_DATA=s32'00000000000000000000000000001000.$memwr$\mem_im$/home/designer/shared/FFT/parallel_fft/design/rtl/buffer_parallel2serial.v:66$44_DATA' using process `$paramod\buffer_parallel2serial\NB_DATA=s32'00000000000000000000000000001000.$proc$/home/designer/shared/FFT/parallel_fft/design/rtl/buffer_parallel2serial.v:54$59'.
  created $dff cell `$procdff$3415' with positive edge clock.
Creating register for signal `$paramod\buffer_parallel2serial\NB_DATA=s32'00000000000000000000000000001000.$memwr$\mem_im$/home/designer/shared/FFT/parallel_fft/design/rtl/buffer_parallel2serial.v:66$44_EN' using process `$paramod\buffer_parallel2serial\NB_DATA=s32'00000000000000000000000000001000.$proc$/home/designer/shared/FFT/parallel_fft/design/rtl/buffer_parallel2serial.v:54$59'.
  created $dff cell `$procdff$3416' with positive edge clock.
Creating register for signal `$paramod\buffer_parallel2serial\NB_DATA=s32'00000000000000000000000000001000.$memwr$\mem_re$/home/designer/shared/FFT/parallel_fft/design/rtl/buffer_parallel2serial.v:67$45_ADDR' using process `$paramod\buffer_parallel2serial\NB_DATA=s32'00000000000000000000000000001000.$proc$/home/designer/shared/FFT/parallel_fft/design/rtl/buffer_parallel2serial.v:54$59'.
  created $dff cell `$procdff$3417' with positive edge clock.
Creating register for signal `$paramod\buffer_parallel2serial\NB_DATA=s32'00000000000000000000000000001000.$memwr$\mem_re$/home/designer/shared/FFT/parallel_fft/design/rtl/buffer_parallel2serial.v:67$45_DATA' using process `$paramod\buffer_parallel2serial\NB_DATA=s32'00000000000000000000000000001000.$proc$/home/designer/shared/FFT/parallel_fft/design/rtl/buffer_parallel2serial.v:54$59'.
  created $dff cell `$procdff$3418' with positive edge clock.
Creating register for signal `$paramod\buffer_parallel2serial\NB_DATA=s32'00000000000000000000000000001000.$memwr$\mem_re$/home/designer/shared/FFT/parallel_fft/design/rtl/buffer_parallel2serial.v:67$45_EN' using process `$paramod\buffer_parallel2serial\NB_DATA=s32'00000000000000000000000000001000.$proc$/home/designer/shared/FFT/parallel_fft/design/rtl/buffer_parallel2serial.v:54$59'.
  created $dff cell `$procdff$3419' with positive edge clock.
Creating register for signal `$paramod\buffer_parallel2serial\NB_DATA=s32'00000000000000000000000000001000.$memwr$\mem_im$/home/designer/shared/FFT/parallel_fft/design/rtl/buffer_parallel2serial.v:67$46_ADDR' using process `$paramod\buffer_parallel2serial\NB_DATA=s32'00000000000000000000000000001000.$proc$/home/designer/shared/FFT/parallel_fft/design/rtl/buffer_parallel2serial.v:54$59'.
  created $dff cell `$procdff$3420' with positive edge clock.
Creating register for signal `$paramod\buffer_parallel2serial\NB_DATA=s32'00000000000000000000000000001000.$memwr$\mem_im$/home/designer/shared/FFT/parallel_fft/design/rtl/buffer_parallel2serial.v:67$46_DATA' using process `$paramod\buffer_parallel2serial\NB_DATA=s32'00000000000000000000000000001000.$proc$/home/designer/shared/FFT/parallel_fft/design/rtl/buffer_parallel2serial.v:54$59'.
  created $dff cell `$procdff$3421' with positive edge clock.
Creating register for signal `$paramod\buffer_parallel2serial\NB_DATA=s32'00000000000000000000000000001000.$memwr$\mem_im$/home/designer/shared/FFT/parallel_fft/design/rtl/buffer_parallel2serial.v:67$46_EN' using process `$paramod\buffer_parallel2serial\NB_DATA=s32'00000000000000000000000000001000.$proc$/home/designer/shared/FFT/parallel_fft/design/rtl/buffer_parallel2serial.v:54$59'.
  created $dff cell `$procdff$3422' with positive edge clock.
Creating register for signal `$paramod\buffer_parallel2serial\NB_DATA=s32'00000000000000000000000000001000.$memwr$\mem_re$/home/designer/shared/FFT/parallel_fft/design/rtl/buffer_parallel2serial.v:68$47_ADDR' using process `$paramod\buffer_parallel2serial\NB_DATA=s32'00000000000000000000000000001000.$proc$/home/designer/shared/FFT/parallel_fft/design/rtl/buffer_parallel2serial.v:54$59'.
  created $dff cell `$procdff$3423' with positive edge clock.
Creating register for signal `$paramod\buffer_parallel2serial\NB_DATA=s32'00000000000000000000000000001000.$memwr$\mem_re$/home/designer/shared/FFT/parallel_fft/design/rtl/buffer_parallel2serial.v:68$47_DATA' using process `$paramod\buffer_parallel2serial\NB_DATA=s32'00000000000000000000000000001000.$proc$/home/designer/shared/FFT/parallel_fft/design/rtl/buffer_parallel2serial.v:54$59'.
  created $dff cell `$procdff$3424' with positive edge clock.
Creating register for signal `$paramod\buffer_parallel2serial\NB_DATA=s32'00000000000000000000000000001000.$memwr$\mem_re$/home/designer/shared/FFT/parallel_fft/design/rtl/buffer_parallel2serial.v:68$47_EN' using process `$paramod\buffer_parallel2serial\NB_DATA=s32'00000000000000000000000000001000.$proc$/home/designer/shared/FFT/parallel_fft/design/rtl/buffer_parallel2serial.v:54$59'.
  created $dff cell `$procdff$3425' with positive edge clock.
Creating register for signal `$paramod\buffer_parallel2serial\NB_DATA=s32'00000000000000000000000000001000.$memwr$\mem_im$/home/designer/shared/FFT/parallel_fft/design/rtl/buffer_parallel2serial.v:68$48_ADDR' using process `$paramod\buffer_parallel2serial\NB_DATA=s32'00000000000000000000000000001000.$proc$/home/designer/shared/FFT/parallel_fft/design/rtl/buffer_parallel2serial.v:54$59'.
  created $dff cell `$procdff$3426' with positive edge clock.
Creating register for signal `$paramod\buffer_parallel2serial\NB_DATA=s32'00000000000000000000000000001000.$memwr$\mem_im$/home/designer/shared/FFT/parallel_fft/design/rtl/buffer_parallel2serial.v:68$48_DATA' using process `$paramod\buffer_parallel2serial\NB_DATA=s32'00000000000000000000000000001000.$proc$/home/designer/shared/FFT/parallel_fft/design/rtl/buffer_parallel2serial.v:54$59'.
  created $dff cell `$procdff$3427' with positive edge clock.
Creating register for signal `$paramod\buffer_parallel2serial\NB_DATA=s32'00000000000000000000000000001000.$memwr$\mem_im$/home/designer/shared/FFT/parallel_fft/design/rtl/buffer_parallel2serial.v:68$48_EN' using process `$paramod\buffer_parallel2serial\NB_DATA=s32'00000000000000000000000000001000.$proc$/home/designer/shared/FFT/parallel_fft/design/rtl/buffer_parallel2serial.v:54$59'.
  created $dff cell `$procdff$3428' with positive edge clock.
Creating register for signal `$paramod\buffer_parallel2serial\NB_DATA=s32'00000000000000000000000000001000.$memwr$\mem_re$/home/designer/shared/FFT/parallel_fft/design/rtl/buffer_parallel2serial.v:69$49_ADDR' using process `$paramod\buffer_parallel2serial\NB_DATA=s32'00000000000000000000000000001000.$proc$/home/designer/shared/FFT/parallel_fft/design/rtl/buffer_parallel2serial.v:54$59'.
  created $dff cell `$procdff$3429' with positive edge clock.
Creating register for signal `$paramod\buffer_parallel2serial\NB_DATA=s32'00000000000000000000000000001000.$memwr$\mem_re$/home/designer/shared/FFT/parallel_fft/design/rtl/buffer_parallel2serial.v:69$49_DATA' using process `$paramod\buffer_parallel2serial\NB_DATA=s32'00000000000000000000000000001000.$proc$/home/designer/shared/FFT/parallel_fft/design/rtl/buffer_parallel2serial.v:54$59'.
  created $dff cell `$procdff$3430' with positive edge clock.
Creating register for signal `$paramod\buffer_parallel2serial\NB_DATA=s32'00000000000000000000000000001000.$memwr$\mem_re$/home/designer/shared/FFT/parallel_fft/design/rtl/buffer_parallel2serial.v:69$49_EN' using process `$paramod\buffer_parallel2serial\NB_DATA=s32'00000000000000000000000000001000.$proc$/home/designer/shared/FFT/parallel_fft/design/rtl/buffer_parallel2serial.v:54$59'.
  created $dff cell `$procdff$3431' with positive edge clock.
Creating register for signal `$paramod\buffer_parallel2serial\NB_DATA=s32'00000000000000000000000000001000.$memwr$\mem_im$/home/designer/shared/FFT/parallel_fft/design/rtl/buffer_parallel2serial.v:69$50_ADDR' using process `$paramod\buffer_parallel2serial\NB_DATA=s32'00000000000000000000000000001000.$proc$/home/designer/shared/FFT/parallel_fft/design/rtl/buffer_parallel2serial.v:54$59'.
  created $dff cell `$procdff$3432' with positive edge clock.
Creating register for signal `$paramod\buffer_parallel2serial\NB_DATA=s32'00000000000000000000000000001000.$memwr$\mem_im$/home/designer/shared/FFT/parallel_fft/design/rtl/buffer_parallel2serial.v:69$50_DATA' using process `$paramod\buffer_parallel2serial\NB_DATA=s32'00000000000000000000000000001000.$proc$/home/designer/shared/FFT/parallel_fft/design/rtl/buffer_parallel2serial.v:54$59'.
  created $dff cell `$procdff$3433' with positive edge clock.
Creating register for signal `$paramod\buffer_parallel2serial\NB_DATA=s32'00000000000000000000000000001000.$memwr$\mem_im$/home/designer/shared/FFT/parallel_fft/design/rtl/buffer_parallel2serial.v:69$50_EN' using process `$paramod\buffer_parallel2serial\NB_DATA=s32'00000000000000000000000000001000.$proc$/home/designer/shared/FFT/parallel_fft/design/rtl/buffer_parallel2serial.v:54$59'.
  created $dff cell `$procdff$3434' with positive edge clock.
Creating register for signal `$paramod\buffer_parallel2serial\NB_DATA=s32'00000000000000000000000000001000.$memwr$\mem_re$/home/designer/shared/FFT/parallel_fft/design/rtl/buffer_parallel2serial.v:70$51_ADDR' using process `$paramod\buffer_parallel2serial\NB_DATA=s32'00000000000000000000000000001000.$proc$/home/designer/shared/FFT/parallel_fft/design/rtl/buffer_parallel2serial.v:54$59'.
  created $dff cell `$procdff$3435' with positive edge clock.
Creating register for signal `$paramod\buffer_parallel2serial\NB_DATA=s32'00000000000000000000000000001000.$memwr$\mem_re$/home/designer/shared/FFT/parallel_fft/design/rtl/buffer_parallel2serial.v:70$51_DATA' using process `$paramod\buffer_parallel2serial\NB_DATA=s32'00000000000000000000000000001000.$proc$/home/designer/shared/FFT/parallel_fft/design/rtl/buffer_parallel2serial.v:54$59'.
  created $dff cell `$procdff$3436' with positive edge clock.
Creating register for signal `$paramod\buffer_parallel2serial\NB_DATA=s32'00000000000000000000000000001000.$memwr$\mem_re$/home/designer/shared/FFT/parallel_fft/design/rtl/buffer_parallel2serial.v:70$51_EN' using process `$paramod\buffer_parallel2serial\NB_DATA=s32'00000000000000000000000000001000.$proc$/home/designer/shared/FFT/parallel_fft/design/rtl/buffer_parallel2serial.v:54$59'.
  created $dff cell `$procdff$3437' with positive edge clock.
Creating register for signal `$paramod\buffer_parallel2serial\NB_DATA=s32'00000000000000000000000000001000.$memwr$\mem_im$/home/designer/shared/FFT/parallel_fft/design/rtl/buffer_parallel2serial.v:70$52_ADDR' using process `$paramod\buffer_parallel2serial\NB_DATA=s32'00000000000000000000000000001000.$proc$/home/designer/shared/FFT/parallel_fft/design/rtl/buffer_parallel2serial.v:54$59'.
  created $dff cell `$procdff$3438' with positive edge clock.
Creating register for signal `$paramod\buffer_parallel2serial\NB_DATA=s32'00000000000000000000000000001000.$memwr$\mem_im$/home/designer/shared/FFT/parallel_fft/design/rtl/buffer_parallel2serial.v:70$52_DATA' using process `$paramod\buffer_parallel2serial\NB_DATA=s32'00000000000000000000000000001000.$proc$/home/designer/shared/FFT/parallel_fft/design/rtl/buffer_parallel2serial.v:54$59'.
  created $dff cell `$procdff$3439' with positive edge clock.
Creating register for signal `$paramod\buffer_parallel2serial\NB_DATA=s32'00000000000000000000000000001000.$memwr$\mem_im$/home/designer/shared/FFT/parallel_fft/design/rtl/buffer_parallel2serial.v:70$52_EN' using process `$paramod\buffer_parallel2serial\NB_DATA=s32'00000000000000000000000000001000.$proc$/home/designer/shared/FFT/parallel_fft/design/rtl/buffer_parallel2serial.v:54$59'.
  created $dff cell `$procdff$3440' with positive edge clock.
Creating register for signal `$paramod\buffer_parallel2serial\NB_DATA=s32'00000000000000000000000000001000.$memwr$\mem_re$/home/designer/shared/FFT/parallel_fft/design/rtl/buffer_parallel2serial.v:71$53_ADDR' using process `$paramod\buffer_parallel2serial\NB_DATA=s32'00000000000000000000000000001000.$proc$/home/designer/shared/FFT/parallel_fft/design/rtl/buffer_parallel2serial.v:54$59'.
  created $dff cell `$procdff$3441' with positive edge clock.
Creating register for signal `$paramod\buffer_parallel2serial\NB_DATA=s32'00000000000000000000000000001000.$memwr$\mem_re$/home/designer/shared/FFT/parallel_fft/design/rtl/buffer_parallel2serial.v:71$53_DATA' using process `$paramod\buffer_parallel2serial\NB_DATA=s32'00000000000000000000000000001000.$proc$/home/designer/shared/FFT/parallel_fft/design/rtl/buffer_parallel2serial.v:54$59'.
  created $dff cell `$procdff$3442' with positive edge clock.
Creating register for signal `$paramod\buffer_parallel2serial\NB_DATA=s32'00000000000000000000000000001000.$memwr$\mem_re$/home/designer/shared/FFT/parallel_fft/design/rtl/buffer_parallel2serial.v:71$53_EN' using process `$paramod\buffer_parallel2serial\NB_DATA=s32'00000000000000000000000000001000.$proc$/home/designer/shared/FFT/parallel_fft/design/rtl/buffer_parallel2serial.v:54$59'.
  created $dff cell `$procdff$3443' with positive edge clock.
Creating register for signal `$paramod\buffer_parallel2serial\NB_DATA=s32'00000000000000000000000000001000.$memwr$\mem_im$/home/designer/shared/FFT/parallel_fft/design/rtl/buffer_parallel2serial.v:71$54_ADDR' using process `$paramod\buffer_parallel2serial\NB_DATA=s32'00000000000000000000000000001000.$proc$/home/designer/shared/FFT/parallel_fft/design/rtl/buffer_parallel2serial.v:54$59'.
  created $dff cell `$procdff$3444' with positive edge clock.
Creating register for signal `$paramod\buffer_parallel2serial\NB_DATA=s32'00000000000000000000000000001000.$memwr$\mem_im$/home/designer/shared/FFT/parallel_fft/design/rtl/buffer_parallel2serial.v:71$54_DATA' using process `$paramod\buffer_parallel2serial\NB_DATA=s32'00000000000000000000000000001000.$proc$/home/designer/shared/FFT/parallel_fft/design/rtl/buffer_parallel2serial.v:54$59'.
  created $dff cell `$procdff$3445' with positive edge clock.
Creating register for signal `$paramod\buffer_parallel2serial\NB_DATA=s32'00000000000000000000000000001000.$memwr$\mem_im$/home/designer/shared/FFT/parallel_fft/design/rtl/buffer_parallel2serial.v:71$54_EN' using process `$paramod\buffer_parallel2serial\NB_DATA=s32'00000000000000000000000000001000.$proc$/home/designer/shared/FFT/parallel_fft/design/rtl/buffer_parallel2serial.v:54$59'.
  created $dff cell `$procdff$3446' with positive edge clock.
Creating register for signal `$paramod\buffer_parallel2serial\NB_DATA=s32'00000000000000000000000000001000.$memwr$\mem_re$/home/designer/shared/FFT/parallel_fft/design/rtl/buffer_parallel2serial.v:72$55_ADDR' using process `$paramod\buffer_parallel2serial\NB_DATA=s32'00000000000000000000000000001000.$proc$/home/designer/shared/FFT/parallel_fft/design/rtl/buffer_parallel2serial.v:54$59'.
  created $dff cell `$procdff$3447' with positive edge clock.
Creating register for signal `$paramod\buffer_parallel2serial\NB_DATA=s32'00000000000000000000000000001000.$memwr$\mem_re$/home/designer/shared/FFT/parallel_fft/design/rtl/buffer_parallel2serial.v:72$55_DATA' using process `$paramod\buffer_parallel2serial\NB_DATA=s32'00000000000000000000000000001000.$proc$/home/designer/shared/FFT/parallel_fft/design/rtl/buffer_parallel2serial.v:54$59'.
  created $dff cell `$procdff$3448' with positive edge clock.
Creating register for signal `$paramod\buffer_parallel2serial\NB_DATA=s32'00000000000000000000000000001000.$memwr$\mem_re$/home/designer/shared/FFT/parallel_fft/design/rtl/buffer_parallel2serial.v:72$55_EN' using process `$paramod\buffer_parallel2serial\NB_DATA=s32'00000000000000000000000000001000.$proc$/home/designer/shared/FFT/parallel_fft/design/rtl/buffer_parallel2serial.v:54$59'.
  created $dff cell `$procdff$3449' with positive edge clock.
Creating register for signal `$paramod\buffer_parallel2serial\NB_DATA=s32'00000000000000000000000000001000.$memwr$\mem_im$/home/designer/shared/FFT/parallel_fft/design/rtl/buffer_parallel2serial.v:72$56_ADDR' using process `$paramod\buffer_parallel2serial\NB_DATA=s32'00000000000000000000000000001000.$proc$/home/designer/shared/FFT/parallel_fft/design/rtl/buffer_parallel2serial.v:54$59'.
  created $dff cell `$procdff$3450' with positive edge clock.
Creating register for signal `$paramod\buffer_parallel2serial\NB_DATA=s32'00000000000000000000000000001000.$memwr$\mem_im$/home/designer/shared/FFT/parallel_fft/design/rtl/buffer_parallel2serial.v:72$56_DATA' using process `$paramod\buffer_parallel2serial\NB_DATA=s32'00000000000000000000000000001000.$proc$/home/designer/shared/FFT/parallel_fft/design/rtl/buffer_parallel2serial.v:54$59'.
  created $dff cell `$procdff$3451' with positive edge clock.
Creating register for signal `$paramod\buffer_parallel2serial\NB_DATA=s32'00000000000000000000000000001000.$memwr$\mem_im$/home/designer/shared/FFT/parallel_fft/design/rtl/buffer_parallel2serial.v:72$56_EN' using process `$paramod\buffer_parallel2serial\NB_DATA=s32'00000000000000000000000000001000.$proc$/home/designer/shared/FFT/parallel_fft/design/rtl/buffer_parallel2serial.v:54$59'.
  created $dff cell `$procdff$3452' with positive edge clock.
Creating register for signal `$paramod\buffer_parallel2serial\NB_DATA=s32'00000000000000000000000000001000.$memwr$\mem_re$/home/designer/shared/FFT/parallel_fft/design/rtl/buffer_parallel2serial.v:73$57_ADDR' using process `$paramod\buffer_parallel2serial\NB_DATA=s32'00000000000000000000000000001000.$proc$/home/designer/shared/FFT/parallel_fft/design/rtl/buffer_parallel2serial.v:54$59'.
  created $dff cell `$procdff$3453' with positive edge clock.
Creating register for signal `$paramod\buffer_parallel2serial\NB_DATA=s32'00000000000000000000000000001000.$memwr$\mem_re$/home/designer/shared/FFT/parallel_fft/design/rtl/buffer_parallel2serial.v:73$57_DATA' using process `$paramod\buffer_parallel2serial\NB_DATA=s32'00000000000000000000000000001000.$proc$/home/designer/shared/FFT/parallel_fft/design/rtl/buffer_parallel2serial.v:54$59'.
  created $dff cell `$procdff$3454' with positive edge clock.
Creating register for signal `$paramod\buffer_parallel2serial\NB_DATA=s32'00000000000000000000000000001000.$memwr$\mem_re$/home/designer/shared/FFT/parallel_fft/design/rtl/buffer_parallel2serial.v:73$57_EN' using process `$paramod\buffer_parallel2serial\NB_DATA=s32'00000000000000000000000000001000.$proc$/home/designer/shared/FFT/parallel_fft/design/rtl/buffer_parallel2serial.v:54$59'.
  created $dff cell `$procdff$3455' with positive edge clock.
Creating register for signal `$paramod\buffer_parallel2serial\NB_DATA=s32'00000000000000000000000000001000.$memwr$\mem_im$/home/designer/shared/FFT/parallel_fft/design/rtl/buffer_parallel2serial.v:73$58_ADDR' using process `$paramod\buffer_parallel2serial\NB_DATA=s32'00000000000000000000000000001000.$proc$/home/designer/shared/FFT/parallel_fft/design/rtl/buffer_parallel2serial.v:54$59'.
  created $dff cell `$procdff$3456' with positive edge clock.
Creating register for signal `$paramod\buffer_parallel2serial\NB_DATA=s32'00000000000000000000000000001000.$memwr$\mem_im$/home/designer/shared/FFT/parallel_fft/design/rtl/buffer_parallel2serial.v:73$58_DATA' using process `$paramod\buffer_parallel2serial\NB_DATA=s32'00000000000000000000000000001000.$proc$/home/designer/shared/FFT/parallel_fft/design/rtl/buffer_parallel2serial.v:54$59'.
  created $dff cell `$procdff$3457' with positive edge clock.
Creating register for signal `$paramod\buffer_parallel2serial\NB_DATA=s32'00000000000000000000000000001000.$memwr$\mem_im$/home/designer/shared/FFT/parallel_fft/design/rtl/buffer_parallel2serial.v:73$58_EN' using process `$paramod\buffer_parallel2serial\NB_DATA=s32'00000000000000000000000000001000.$proc$/home/designer/shared/FFT/parallel_fft/design/rtl/buffer_parallel2serial.v:54$59'.
  created $dff cell `$procdff$3458' with positive edge clock.
Creating register for signal `$paramod\rx_serializer\NB_DATA=s32'00000000000000000000000000001000.\o_data_re' using process `$paramod\rx_serializer\NB_DATA=s32'00000000000000000000000000001000.$proc$/home/designer/shared/FFT/parallel_fft/design/rtl/common_modules/rx_serializer.v:46$37'.
  created $adff cell `$procdff$3463' with positive edge clock and positive level reset.
Creating register for signal `$paramod\rx_serializer\NB_DATA=s32'00000000000000000000000000001000.\o_data_im' using process `$paramod\rx_serializer\NB_DATA=s32'00000000000000000000000000001000.$proc$/home/designer/shared/FFT/parallel_fft/design/rtl/common_modules/rx_serializer.v:46$37'.
  created $adff cell `$procdff$3468' with positive edge clock and positive level reset.
Creating register for signal `$paramod\rx_serializer\NB_DATA=s32'00000000000000000000000000001000.\o_valid' using process `$paramod\rx_serializer\NB_DATA=s32'00000000000000000000000000001000.$proc$/home/designer/shared/FFT/parallel_fft/design/rtl/common_modules/rx_serializer.v:46$37'.
  created $adff cell `$procdff$3473' with positive edge clock and positive level reset.
Creating register for signal `$paramod\rx_serializer\NB_DATA=s32'00000000000000000000000000001000.\current_state' using process `$paramod\rx_serializer\NB_DATA=s32'00000000000000000000000000001000.$proc$/home/designer/shared/FFT/parallel_fft/design/rtl/common_modules/rx_serializer.v:46$37'.
  created $adff cell `$procdff$3478' with positive edge clock and positive level reset.
Creating register for signal `$paramod\rx_serializer\NB_DATA=s32'00000000000000000000000000001000.\current_cnt' using process `$paramod\rx_serializer\NB_DATA=s32'00000000000000000000000000001000.$proc$/home/designer/shared/FFT/parallel_fft/design/rtl/common_modules/rx_serializer.v:46$37'.
  created $adff cell `$procdff$3483' with positive edge clock and positive level reset.
Creating register for signal `$paramod\rx_serializer\NB_DATA=s32'00000000000000000000000000001000.\current_shift' using process `$paramod\rx_serializer\NB_DATA=s32'00000000000000000000000000001000.$proc$/home/designer/shared/FFT/parallel_fft/design/rtl/common_modules/rx_serializer.v:46$37'.
  created $adff cell `$procdff$3488' with positive edge clock and positive level reset.
Creating register for signal `$paramod\rx_serializer\NB_DATA=s32'00000000000000000000000000001000.\data_d' using process `$paramod\rx_serializer\NB_DATA=s32'00000000000000000000000000001000.$proc$/home/designer/shared/FFT/parallel_fft/design/rtl/common_modules/rx_serializer.v:39$33'.
  created $adff cell `$procdff$3493' with positive edge clock and positive level reset.
Creating register for signal `$paramod\tx_serializer\NB_DATA=s32'00000000000000000000000000001000.\o_data' using process `$paramod\tx_serializer\NB_DATA=s32'00000000000000000000000000001000.$proc$/home/designer/shared/FFT/parallel_fft/design/rtl/common_modules/tx_serializer.v:44$25'.
  created $adff cell `$procdff$3498' with positive edge clock and positive level reset.
Creating register for signal `$paramod\tx_serializer\NB_DATA=s32'00000000000000000000000000001000.\current_state' using process `$paramod\tx_serializer\NB_DATA=s32'00000000000000000000000000001000.$proc$/home/designer/shared/FFT/parallel_fft/design/rtl/common_modules/tx_serializer.v:44$25'.
  created $adff cell `$procdff$3503' with positive edge clock and positive level reset.
Creating register for signal `$paramod\tx_serializer\NB_DATA=s32'00000000000000000000000000001000.\current_cnt' using process `$paramod\tx_serializer\NB_DATA=s32'00000000000000000000000000001000.$proc$/home/designer/shared/FFT/parallel_fft/design/rtl/common_modules/tx_serializer.v:44$25'.
  created $adff cell `$procdff$3508' with positive edge clock and positive level reset.
Creating register for signal `$paramod\tx_serializer\NB_DATA=s32'00000000000000000000000000001000.\current_shift' using process `$paramod\tx_serializer\NB_DATA=s32'00000000000000000000000000001000.$proc$/home/designer/shared/FFT/parallel_fft/design/rtl/common_modules/tx_serializer.v:44$25'.
  created $adff cell `$procdff$3513' with positive edge clock and positive level reset.
Creating register for signal `$paramod$e825517e76a6abfe988a8af00874d6681f9a4907\ds_switch.\ptr' using process `$paramod$e825517e76a6abfe988a8af00874d6681f9a4907\ds_switch.$proc$/home/designer/shared/FFT/parallel_fft/design/rtl/common_modules/ds_switch.v:159$586'.
  created $dff cell `$procdff$3514' with positive edge clock.
Creating register for signal `$paramod$e825517e76a6abfe988a8af00874d6681f9a4907\ds_switch.\r_idata_r[0]' using process `$paramod$e825517e76a6abfe988a8af00874d6681f9a4907\ds_switch.$proc$/home/designer/shared/FFT/parallel_fft/design/rtl/common_modules/ds_switch.v:159$586'.
  created $dff cell `$procdff$3515' with positive edge clock.
Creating register for signal `$paramod$e825517e76a6abfe988a8af00874d6681f9a4907\ds_switch.\r_idata_i[0]' using process `$paramod$e825517e76a6abfe988a8af00874d6681f9a4907\ds_switch.$proc$/home/designer/shared/FFT/parallel_fft/design/rtl/common_modules/ds_switch.v:159$586'.
  created $dff cell `$procdff$3516' with positive edge clock.
Creating register for signal `$paramod$e825517e76a6abfe988a8af00874d6681f9a4907\ds_switch.\r_odata_r[0]' using process `$paramod$e825517e76a6abfe988a8af00874d6681f9a4907\ds_switch.$proc$/home/designer/shared/FFT/parallel_fft/design/rtl/common_modules/ds_switch.v:159$586'.
  created $dff cell `$procdff$3517' with positive edge clock.
Creating register for signal `$paramod$e825517e76a6abfe988a8af00874d6681f9a4907\ds_switch.\r_odata_i[0]' using process `$paramod$e825517e76a6abfe988a8af00874d6681f9a4907\ds_switch.$proc$/home/designer/shared/FFT/parallel_fft/design/rtl/common_modules/ds_switch.v:159$586'.
  created $dff cell `$procdff$3518' with positive edge clock.
Creating register for signal `$paramod$e825517e76a6abfe988a8af00874d6681f9a4907\ds_switch.\valid_cstate' using process `$paramod$e825517e76a6abfe988a8af00874d6681f9a4907\ds_switch.$proc$/home/designer/shared/FFT/parallel_fft/design/rtl/common_modules/ds_switch.v:109$579'.
  created $adff cell `$procdff$3521' with positive edge clock and positive level reset.
Creating register for signal `$paramod$e825517e76a6abfe988a8af00874d6681f9a4907\ds_switch.\valid_count' using process `$paramod$e825517e76a6abfe988a8af00874d6681f9a4907\ds_switch.$proc$/home/designer/shared/FFT/parallel_fft/design/rtl/common_modules/ds_switch.v:109$579'.
  created $adff cell `$procdff$3524' with positive edge clock and positive level reset.
Creating register for signal `$paramod$e825517e76a6abfe988a8af00874d6681f9a4907\ds_switch.\current_state' using process `$paramod$e825517e76a6abfe988a8af00874d6681f9a4907\ds_switch.$proc$/home/designer/shared/FFT/parallel_fft/design/rtl/common_modules/ds_switch.v:54$570'.
  created $adff cell `$procdff$3527' with positive edge clock and positive level reset.
Creating register for signal `$paramod$e825517e76a6abfe988a8af00874d6681f9a4907\ds_switch.\flag' using process `$paramod$e825517e76a6abfe988a8af00874d6681f9a4907\ds_switch.$proc$/home/designer/shared/FFT/parallel_fft/design/rtl/common_modules/ds_switch.v:54$570'.
  created $adff cell `$procdff$3530' with positive edge clock and positive level reset.

45. Executing PROC_MEMWR pass (convert process memory writes to cells).

46. Executing PROC_CLEAN pass (remove empty switches from decision trees).
Found and cleaned up 1 empty switch in `\top_chip.$proc$/home/designer/shared/FFT/parallel_fft/design/rtl/top_chip.v:102$20'.
Removing empty process `top_chip.$proc$/home/designer/shared/FFT/parallel_fft/design/rtl/top_chip.v:102$20'.
Found and cleaned up 1 empty switch in `\top_chip.$proc$/home/designer/shared/FFT/parallel_fft/design/rtl/top_chip.v:90$17'.
Removing empty process `top_chip.$proc$/home/designer/shared/FFT/parallel_fft/design/rtl/top_chip.v:90$17'.
Found and cleaned up 2 empty switches in `\top_chip.$proc$/home/designer/shared/FFT/parallel_fft/design/rtl/top_chip.v:70$6'.
Removing empty process `top_chip.$proc$/home/designer/shared/FFT/parallel_fft/design/rtl/top_chip.v:70$6'.
Removing empty process `$paramod$adef7b7f071f262d011b8eff237fe1297a531d6a\xfft_cell.$proc$/home/designer/shared/FFT/parallel_fft/design/rtl/common_modules/xfft_cell.v:0$557'.
Removing empty process `$paramod$adef7b7f071f262d011b8eff237fe1297a531d6a\xfft_cell.$proc$/home/designer/shared/FFT/parallel_fft/design/rtl/common_modules/xfft_cell.v:102$542'.
Removing empty process `$paramod$adef7b7f071f262d011b8eff237fe1297a531d6a\xfft_cell.$proc$/home/designer/shared/FFT/parallel_fft/design/rtl/common_modules/xfft_cell.v:71$541'.
Removing empty process `$paramod$37c44c8171ec20227f00ac25948f2e851df399c9\ds_switch.$proc$/home/designer/shared/FFT/parallel_fft/design/rtl/common_modules/ds_switch.v:159$536'.
Found and cleaned up 4 empty switches in `$paramod$37c44c8171ec20227f00ac25948f2e851df399c9\ds_switch.$proc$/home/designer/shared/FFT/parallel_fft/design/rtl/common_modules/ds_switch.v:131$532'.
Removing empty process `$paramod$37c44c8171ec20227f00ac25948f2e851df399c9\ds_switch.$proc$/home/designer/shared/FFT/parallel_fft/design/rtl/common_modules/ds_switch.v:131$532'.
Found and cleaned up 2 empty switches in `$paramod$37c44c8171ec20227f00ac25948f2e851df399c9\ds_switch.$proc$/home/designer/shared/FFT/parallel_fft/design/rtl/common_modules/ds_switch.v:109$529'.
Removing empty process `$paramod$37c44c8171ec20227f00ac25948f2e851df399c9\ds_switch.$proc$/home/designer/shared/FFT/parallel_fft/design/rtl/common_modules/ds_switch.v:109$529'.
Found and cleaned up 3 empty switches in `$paramod$37c44c8171ec20227f00ac25948f2e851df399c9\ds_switch.$proc$/home/designer/shared/FFT/parallel_fft/design/rtl/common_modules/ds_switch.v:83$525'.
Removing empty process `$paramod$37c44c8171ec20227f00ac25948f2e851df399c9\ds_switch.$proc$/home/designer/shared/FFT/parallel_fft/design/rtl/common_modules/ds_switch.v:83$525'.
Found and cleaned up 4 empty switches in `$paramod$37c44c8171ec20227f00ac25948f2e851df399c9\ds_switch.$proc$/home/designer/shared/FFT/parallel_fft/design/rtl/common_modules/ds_switch.v:54$520'.
Removing empty process `$paramod$37c44c8171ec20227f00ac25948f2e851df399c9\ds_switch.$proc$/home/designer/shared/FFT/parallel_fft/design/rtl/common_modules/ds_switch.v:54$520'.
Found and cleaned up 1 empty switch in `$paramod$ed12c0bd15db7b134ad06ea575abb269e0ee74ce\mdc8p_stage1.$proc$/home/designer/shared/FFT/parallel_fft/design/rtl/fft_mdc_8p/stages/mdc8p_stage1.v:0$517'.
Removing empty process `$paramod$ed12c0bd15db7b134ad06ea575abb269e0ee74ce\mdc8p_stage1.$proc$/home/designer/shared/FFT/parallel_fft/design/rtl/fft_mdc_8p/stages/mdc8p_stage1.v:0$517'.
Found and cleaned up 1 empty switch in `$paramod$ed12c0bd15db7b134ad06ea575abb269e0ee74ce\mdc8p_stage1.$proc$/home/designer/shared/FFT/parallel_fft/design/rtl/fft_mdc_8p/stages/mdc8p_stage1.v:0$514'.
Removing empty process `$paramod$ed12c0bd15db7b134ad06ea575abb269e0ee74ce\mdc8p_stage1.$proc$/home/designer/shared/FFT/parallel_fft/design/rtl/fft_mdc_8p/stages/mdc8p_stage1.v:0$514'.
Removing empty process `$paramod$ed12c0bd15db7b134ad06ea575abb269e0ee74ce\mdc8p_stage1.$proc$/home/designer/shared/FFT/parallel_fft/design/rtl/fft_mdc_8p/stages/mdc8p_stage1.v:0$509'.
Removing empty process `$paramod$ed12c0bd15db7b134ad06ea575abb269e0ee74ce\mdc8p_stage1.$proc$/home/designer/shared/FFT/parallel_fft/design/rtl/fft_mdc_8p/stages/mdc8p_stage1.v:123$508'.
Removing empty process `$paramod$ed12c0bd15db7b134ad06ea575abb269e0ee74ce\mdc8p_stage1.$proc$/home/designer/shared/FFT/parallel_fft/design/rtl/fft_mdc_8p/stages/mdc8p_stage1.v:98$507'.
Found and cleaned up 3 empty switches in `$paramod$ed12c0bd15db7b134ad06ea575abb269e0ee74ce\mdc8p_stage1.$proc$/home/designer/shared/FFT/parallel_fft/design/rtl/fft_mdc_8p/stages/mdc8p_stage1.v:81$504'.
Removing empty process `$paramod$ed12c0bd15db7b134ad06ea575abb269e0ee74ce\mdc8p_stage1.$proc$/home/designer/shared/FFT/parallel_fft/design/rtl/fft_mdc_8p/stages/mdc8p_stage1.v:81$504'.
Removing empty process `$paramod$0412e2692e4fb416d489fd1dda7f407e3f363dcc\mdc8p_stage2.$proc$/home/designer/shared/FFT/parallel_fft/design/rtl/fft_mdc_8p/stages/mdc8p_stage2.v:72$491'.
Found and cleaned up 1 empty switch in `$paramod$0412e2692e4fb416d489fd1dda7f407e3f363dcc\mdc8p_stage2.$proc$/home/designer/shared/FFT/parallel_fft/design/rtl/fft_mdc_8p/stages/mdc8p_stage2.v:56$489'.
Removing empty process `$paramod$0412e2692e4fb416d489fd1dda7f407e3f363dcc\mdc8p_stage2.$proc$/home/designer/shared/FFT/parallel_fft/design/rtl/fft_mdc_8p/stages/mdc8p_stage2.v:56$489'.
Removing empty process `$paramod$15976f97eff3e7efba67231cdea386a8faf17143\mdc8p_stage3.$proc$/home/designer/shared/FFT/parallel_fft/design/rtl/fft_mdc_8p/stages/mdc8p_stage3.v:59$488'.
Found and cleaned up 1 empty switch in `$paramod$15976f97eff3e7efba67231cdea386a8faf17143\mdc8p_stage3.$proc$/home/designer/shared/FFT/parallel_fft/design/rtl/fft_mdc_8p/stages/mdc8p_stage3.v:44$487'.
Removing empty process `$paramod$15976f97eff3e7efba67231cdea386a8faf17143\mdc8p_stage3.$proc$/home/designer/shared/FFT/parallel_fft/design/rtl/fft_mdc_8p/stages/mdc8p_stage3.v:44$487'.
Removing empty process `$paramod$822bb578bad106d066af788502e6b7c8175f5771\complex_multiplier.$proc$/home/designer/shared/FFT/parallel_fft/design/rtl/common_modules/complex_multiplier.v:53$486'.
Found and cleaned up 1 empty switch in `$paramod\cdc_snapshot\DATA_WIDTH=s32'00000000000000000000000000001000.$proc$/home/designer/shared/FFT/parallel_fft/design/rtl/debug_unit/cdc_snapshot.v:31$466'.
Removing empty process `$paramod\cdc_snapshot\DATA_WIDTH=s32'00000000000000000000000000001000.$proc$/home/designer/shared/FFT/parallel_fft/design/rtl/debug_unit/cdc_snapshot.v:31$466'.
Removing empty process `$paramod\cdc_snapshot\DATA_WIDTH=s32'00000000000000000000000000001000.$proc$/home/designer/shared/FFT/parallel_fft/design/rtl/debug_unit/cdc_snapshot.v:17$461'.
Found and cleaned up 4 empty switches in `$paramod$86c3a2406c43d36f373e6f546f8eb44128c55483\spi_slave_mode0.$proc$/home/designer/shared/FFT/parallel_fft/design/rtl/debug_unit/spi_slave_mode0.v:119$456'.
Removing empty process `$paramod$86c3a2406c43d36f373e6f546f8eb44128c55483\spi_slave_mode0.$proc$/home/designer/shared/FFT/parallel_fft/design/rtl/debug_unit/spi_slave_mode0.v:119$456'.
Found and cleaned up 5 empty switches in `$paramod$86c3a2406c43d36f373e6f546f8eb44128c55483\spi_slave_mode0.$proc$/home/designer/shared/FFT/parallel_fft/design/rtl/debug_unit/spi_slave_mode0.v:60$448'.
Removing empty process `$paramod$86c3a2406c43d36f373e6f546f8eb44128c55483\spi_slave_mode0.$proc$/home/designer/shared/FFT/parallel_fft/design/rtl/debug_unit/spi_slave_mode0.v:60$448'.
Found and cleaned up 1 empty switch in `$paramod$9d48a4856d550f9261444b1c4abfe084c1906f00\debug_unit.$proc$/home/designer/shared/FFT/parallel_fft/design/rtl/debug_unit/debug_unit.v:118$445'.
Removing empty process `$paramod$9d48a4856d550f9261444b1c4abfe084c1906f00\debug_unit.$proc$/home/designer/shared/FFT/parallel_fft/design/rtl/debug_unit/debug_unit.v:118$445'.
Found and cleaned up 2 empty switches in `$paramod$9d48a4856d550f9261444b1c4abfe084c1906f00\debug_unit.$proc$/home/designer/shared/FFT/parallel_fft/design/rtl/debug_unit/debug_unit.v:102$443'.
Removing empty process `$paramod$9d48a4856d550f9261444b1c4abfe084c1906f00\debug_unit.$proc$/home/designer/shared/FFT/parallel_fft/design/rtl/debug_unit/debug_unit.v:102$443'.
Found and cleaned up 1 empty switch in `$paramod\shift_r4\NB_DATA=s32'00000000000000000000000000001000.$proc$/home/designer/shared/FFT/parallel_fft/design/rtl/shift_r4.v:38$442'.
Removing empty process `$paramod\shift_r4\NB_DATA=s32'00000000000000000000000000001000.$proc$/home/designer/shared/FFT/parallel_fft/design/rtl/shift_r4.v:38$442'.
Found and cleaned up 2 empty switches in `$paramod$822bb578bad106d066af788502e6b7c8175f5771\fft4.$proc$/home/designer/shared/FFT/parallel_fft/design/rtl/fft4.v:146$440'.
Removing empty process `$paramod$822bb578bad106d066af788502e6b7c8175f5771\fft4.$proc$/home/designer/shared/FFT/parallel_fft/design/rtl/fft4.v:146$440'.
Found and cleaned up 2 empty switches in `$paramod$822bb578bad106d066af788502e6b7c8175f5771\fft4.$proc$/home/designer/shared/FFT/parallel_fft/design/rtl/fft4.v:116$426'.
Removing empty process `$paramod$822bb578bad106d066af788502e6b7c8175f5771\fft4.$proc$/home/designer/shared/FFT/parallel_fft/design/rtl/fft4.v:116$426'.
Found and cleaned up 1 empty switch in `$paramod$822bb578bad106d066af788502e6b7c8175f5771\fft4.$proc$/home/designer/shared/FFT/parallel_fft/design/rtl/fft4.v:101$416'.
Removing empty process `$paramod$822bb578bad106d066af788502e6b7c8175f5771\fft4.$proc$/home/designer/shared/FFT/parallel_fft/design/rtl/fft4.v:101$416'.
Found and cleaned up 1 empty switch in `$paramod$822bb578bad106d066af788502e6b7c8175f5771\fft4.$proc$/home/designer/shared/FFT/parallel_fft/design/rtl/fft4.v:92$414'.
Removing empty process `$paramod$822bb578bad106d066af788502e6b7c8175f5771\fft4.$proc$/home/designer/shared/FFT/parallel_fft/design/rtl/fft4.v:92$414'.
Found and cleaned up 2 empty switches in `$paramod$822bb578bad106d066af788502e6b7c8175f5771\fft4.$proc$/home/designer/shared/FFT/parallel_fft/design/rtl/fft4.v:73$413'.
Removing empty process `$paramod$822bb578bad106d066af788502e6b7c8175f5771\fft4.$proc$/home/designer/shared/FFT/parallel_fft/design/rtl/fft4.v:73$413'.
Found and cleaned up 2 empty switches in `$paramod$55e188ae133e8a9a9b845f543e216dcb7898452c\twiddle_interface.$proc$/home/designer/shared/FFT/parallel_fft/design/rtl/twiddle_interface/twiddle_interface.v:175$412'.
Removing empty process `$paramod$55e188ae133e8a9a9b845f543e216dcb7898452c\twiddle_interface.$proc$/home/designer/shared/FFT/parallel_fft/design/rtl/twiddle_interface/twiddle_interface.v:175$412'.
Removing empty process `$paramod$55e188ae133e8a9a9b845f543e216dcb7898452c\twiddle_interface.$proc$/home/designer/shared/FFT/parallel_fft/design/rtl/twiddle_interface/twiddle_interface.v:133$411'.
Found and cleaned up 1 empty switch in `$paramod$55e188ae133e8a9a9b845f543e216dcb7898452c\twiddle_interface.$proc$/home/designer/shared/FFT/parallel_fft/design/rtl/twiddle_interface/twiddle_interface.v:124$410'.
Removing empty process `$paramod$55e188ae133e8a9a9b845f543e216dcb7898452c\twiddle_interface.$proc$/home/designer/shared/FFT/parallel_fft/design/rtl/twiddle_interface/twiddle_interface.v:124$410'.
Found and cleaned up 4 empty switches in `$paramod$55e188ae133e8a9a9b845f543e216dcb7898452c\twiddle_interface.$proc$/home/designer/shared/FFT/parallel_fft/design/rtl/twiddle_interface/twiddle_interface.v:106$407'.
Removing empty process `$paramod$55e188ae133e8a9a9b845f543e216dcb7898452c\twiddle_interface.$proc$/home/designer/shared/FFT/parallel_fft/design/rtl/twiddle_interface/twiddle_interface.v:106$407'.
Found and cleaned up 1 empty switch in `$paramod\shift_r2\NB_DATA=s32'00000000000000000000000000001000.$proc$/home/designer/shared/FFT/parallel_fft/design/rtl/shift_r2.v:32$307'.
Removing empty process `$paramod\shift_r2\NB_DATA=s32'00000000000000000000000000001000.$proc$/home/designer/shared/FFT/parallel_fft/design/rtl/shift_r2.v:32$307'.
Found and cleaned up 8 empty switches in `$paramod\buffer_parallel2serial\NB_DATA=s32'00000000000000000000000000001000.$proc$/home/designer/shared/FFT/parallel_fft/design/rtl/buffer_parallel2serial.v:54$59'.
Removing empty process `$paramod\buffer_parallel2serial\NB_DATA=s32'00000000000000000000000000001000.$proc$/home/designer/shared/FFT/parallel_fft/design/rtl/buffer_parallel2serial.v:54$59'.
Found and cleaned up 3 empty switches in `$paramod\rx_serializer\NB_DATA=s32'00000000000000000000000000001000.$proc$/home/designer/shared/FFT/parallel_fft/design/rtl/common_modules/rx_serializer.v:70$40'.
Removing empty process `$paramod\rx_serializer\NB_DATA=s32'00000000000000000000000000001000.$proc$/home/designer/shared/FFT/parallel_fft/design/rtl/common_modules/rx_serializer.v:70$40'.
Found and cleaned up 1 empty switch in `$paramod\rx_serializer\NB_DATA=s32'00000000000000000000000000001000.$proc$/home/designer/shared/FFT/parallel_fft/design/rtl/common_modules/rx_serializer.v:46$37'.
Removing empty process `$paramod\rx_serializer\NB_DATA=s32'00000000000000000000000000001000.$proc$/home/designer/shared/FFT/parallel_fft/design/rtl/common_modules/rx_serializer.v:46$37'.
Removing empty process `$paramod\rx_serializer\NB_DATA=s32'00000000000000000000000000001000.$proc$/home/designer/shared/FFT/parallel_fft/design/rtl/common_modules/rx_serializer.v:39$33'.
Found and cleaned up 3 empty switches in `$paramod\tx_serializer\NB_DATA=s32'00000000000000000000000000001000.$proc$/home/designer/shared/FFT/parallel_fft/design/rtl/common_modules/tx_serializer.v:59$27'.
Removing empty process `$paramod\tx_serializer\NB_DATA=s32'00000000000000000000000000001000.$proc$/home/designer/shared/FFT/parallel_fft/design/rtl/common_modules/tx_serializer.v:59$27'.
Removing empty process `$paramod\tx_serializer\NB_DATA=s32'00000000000000000000000000001000.$proc$/home/designer/shared/FFT/parallel_fft/design/rtl/common_modules/tx_serializer.v:44$25'.
Removing empty process `$paramod$e825517e76a6abfe988a8af00874d6681f9a4907\ds_switch.$proc$/home/designer/shared/FFT/parallel_fft/design/rtl/common_modules/ds_switch.v:159$586'.
Found and cleaned up 4 empty switches in `$paramod$e825517e76a6abfe988a8af00874d6681f9a4907\ds_switch.$proc$/home/designer/shared/FFT/parallel_fft/design/rtl/common_modules/ds_switch.v:131$582'.
Removing empty process `$paramod$e825517e76a6abfe988a8af00874d6681f9a4907\ds_switch.$proc$/home/designer/shared/FFT/parallel_fft/design/rtl/common_modules/ds_switch.v:131$582'.
Found and cleaned up 2 empty switches in `$paramod$e825517e76a6abfe988a8af00874d6681f9a4907\ds_switch.$proc$/home/designer/shared/FFT/parallel_fft/design/rtl/common_modules/ds_switch.v:109$579'.
Removing empty process `$paramod$e825517e76a6abfe988a8af00874d6681f9a4907\ds_switch.$proc$/home/designer/shared/FFT/parallel_fft/design/rtl/common_modules/ds_switch.v:109$579'.
Found and cleaned up 3 empty switches in `$paramod$e825517e76a6abfe988a8af00874d6681f9a4907\ds_switch.$proc$/home/designer/shared/FFT/parallel_fft/design/rtl/common_modules/ds_switch.v:83$575'.
Removing empty process `$paramod$e825517e76a6abfe988a8af00874d6681f9a4907\ds_switch.$proc$/home/designer/shared/FFT/parallel_fft/design/rtl/common_modules/ds_switch.v:83$575'.
Found and cleaned up 4 empty switches in `$paramod$e825517e76a6abfe988a8af00874d6681f9a4907\ds_switch.$proc$/home/designer/shared/FFT/parallel_fft/design/rtl/common_modules/ds_switch.v:54$570'.
Removing empty process `$paramod$e825517e76a6abfe988a8af00874d6681f9a4907\ds_switch.$proc$/home/designer/shared/FFT/parallel_fft/design/rtl/common_modules/ds_switch.v:54$570'.
Cleaned up 82 empty switches.

47. Executing CHECK pass (checking for obvious problems).
Checking module top_chip...
Checking module $paramod$ee998c48d291f24165178e86db53e4d6f2541c31\btfly_2...
Checking module $paramod$adef7b7f071f262d011b8eff237fe1297a531d6a\xfft_cell...
Checking module $paramod$37c44c8171ec20227f00ac25948f2e851df399c9\ds_switch...
Checking module $paramod$ed12c0bd15db7b134ad06ea575abb269e0ee74ce\mdc8p_stage1...
Checking module $paramod$0412e2692e4fb416d489fd1dda7f407e3f363dcc\mdc8p_stage2...
Checking module $paramod$15976f97eff3e7efba67231cdea386a8faf17143\mdc8p_stage3...
Checking module $paramod$822bb578bad106d066af788502e6b7c8175f5771\complex_multiplier...
Checking module $paramod$4b888baed3c80e165e67efcc55e29a2746c95ac5\clip_round...
Checking module $paramod\cdc_snapshot\DATA_WIDTH=s32'00000000000000000000000000001000...
Checking module $paramod$86c3a2406c43d36f373e6f546f8eb44128c55483\spi_slave_mode0...
Checking module $paramod$9d48a4856d550f9261444b1c4abfe084c1906f00\debug_unit...
Checking module $paramod\shift_r4\NB_DATA=s32'00000000000000000000000000001000...
Checking module $paramod$822bb578bad106d066af788502e6b7c8175f5771\fft4...
Checking module $paramod$55e188ae133e8a9a9b845f543e216dcb7898452c\twiddle_interface...
Checking module $paramod\shift_r2\NB_DATA=s32'00000000000000000000000000001000...
Checking module $paramod$822bb578bad106d066af788502e6b7c8175f5771\fft8...
Checking module $paramod\buffer_parallel2serial\NB_DATA=s32'00000000000000000000000000001000...
Checking module $paramod\rx_serializer\NB_DATA=s32'00000000000000000000000000001000...
Checking module $paramod\fft32\NB_DATA=s32'00000000000000000000000000001000...
Checking module $paramod\tx_serializer\NB_DATA=s32'00000000000000000000000000001000...
Checking module debug_system...
Checking module $paramod$e825517e76a6abfe988a8af00874d6681f9a4907\ds_switch...
Checking module $paramod$833ab97d3a5a7beaf1c79fa714ad51a2af6d5400\clip_round...
Checking module $paramod$edddbe87b6cfd6e80118c6397b48a457ce4f4cb3\btfly_2...
Checking module $paramod$0412e2692e4fb416d489fd1dda7f407e3f363dcc\btfly_2...
Found and reported 0 problems.

48. Executing OPT_EXPR pass (perform const folding).
Optimizing module top_chip.
<suppressed ~10 debug messages>
Optimizing module $paramod$ee998c48d291f24165178e86db53e4d6f2541c31\btfly_2.
Optimizing module $paramod$adef7b7f071f262d011b8eff237fe1297a531d6a\xfft_cell.
Optimizing module $paramod$37c44c8171ec20227f00ac25948f2e851df399c9\ds_switch.
<suppressed ~14 debug messages>
Optimizing module $paramod$ed12c0bd15db7b134ad06ea575abb269e0ee74ce\mdc8p_stage1.
<suppressed ~3 debug messages>
Optimizing module $paramod$0412e2692e4fb416d489fd1dda7f407e3f363dcc\mdc8p_stage2.
<suppressed ~3 debug messages>
Optimizing module $paramod$15976f97eff3e7efba67231cdea386a8faf17143\mdc8p_stage3.
Optimizing module $paramod$822bb578bad106d066af788502e6b7c8175f5771\complex_multiplier.
Optimizing module $paramod$4b888baed3c80e165e67efcc55e29a2746c95ac5\clip_round.
Optimizing module $paramod\cdc_snapshot\DATA_WIDTH=s32'00000000000000000000000000001000.
<suppressed ~6 debug messages>
Optimizing module $paramod$86c3a2406c43d36f373e6f546f8eb44128c55483\spi_slave_mode0.
<suppressed ~33 debug messages>
Optimizing module $paramod$9d48a4856d550f9261444b1c4abfe084c1906f00\debug_unit.
<suppressed ~3 debug messages>
Optimizing module $paramod\shift_r4\NB_DATA=s32'00000000000000000000000000001000.
Optimizing module $paramod$822bb578bad106d066af788502e6b7c8175f5771\fft4.
Optimizing module $paramod$55e188ae133e8a9a9b845f543e216dcb7898452c\twiddle_interface.
<suppressed ~6 debug messages>
Optimizing module $paramod\shift_r2\NB_DATA=s32'00000000000000000000000000001000.
Optimizing module $paramod$822bb578bad106d066af788502e6b7c8175f5771\fft8.
Optimizing module $paramod\buffer_parallel2serial\NB_DATA=s32'00000000000000000000000000001000.
<suppressed ~102 debug messages>
Optimizing module $paramod\rx_serializer\NB_DATA=s32'00000000000000000000000000001000.
<suppressed ~17 debug messages>
Optimizing module $paramod\fft32\NB_DATA=s32'00000000000000000000000000001000.
Optimizing module $paramod\tx_serializer\NB_DATA=s32'00000000000000000000000000001000.
<suppressed ~14 debug messages>
Optimizing module debug_system.
Optimizing module $paramod$e825517e76a6abfe988a8af00874d6681f9a4907\ds_switch.
<suppressed ~18 debug messages>
Optimizing module $paramod$833ab97d3a5a7beaf1c79fa714ad51a2af6d5400\clip_round.
Optimizing module $paramod$edddbe87b6cfd6e80118c6397b48a457ce4f4cb3\btfly_2.
Optimizing module $paramod$0412e2692e4fb416d489fd1dda7f407e3f363dcc\btfly_2.

49. Executing FLATTEN pass (flatten design).
Deleting now unused module $paramod$ee998c48d291f24165178e86db53e4d6f2541c31\btfly_2.
Deleting now unused module $paramod$adef7b7f071f262d011b8eff237fe1297a531d6a\xfft_cell.
Deleting now unused module $paramod$37c44c8171ec20227f00ac25948f2e851df399c9\ds_switch.
Deleting now unused module $paramod$ed12c0bd15db7b134ad06ea575abb269e0ee74ce\mdc8p_stage1.
Deleting now unused module $paramod$0412e2692e4fb416d489fd1dda7f407e3f363dcc\mdc8p_stage2.
Deleting now unused module $paramod$15976f97eff3e7efba67231cdea386a8faf17143\mdc8p_stage3.
Deleting now unused module $paramod$822bb578bad106d066af788502e6b7c8175f5771\complex_multiplier.
Deleting now unused module $paramod$4b888baed3c80e165e67efcc55e29a2746c95ac5\clip_round.
Deleting now unused module $paramod\cdc_snapshot\DATA_WIDTH=s32'00000000000000000000000000001000.
Deleting now unused module $paramod$86c3a2406c43d36f373e6f546f8eb44128c55483\spi_slave_mode0.
Deleting now unused module $paramod$9d48a4856d550f9261444b1c4abfe084c1906f00\debug_unit.
Deleting now unused module $paramod\shift_r4\NB_DATA=s32'00000000000000000000000000001000.
Deleting now unused module $paramod$822bb578bad106d066af788502e6b7c8175f5771\fft4.
Deleting now unused module $paramod$55e188ae133e8a9a9b845f543e216dcb7898452c\twiddle_interface.
Deleting now unused module $paramod\shift_r2\NB_DATA=s32'00000000000000000000000000001000.
Deleting now unused module $paramod$822bb578bad106d066af788502e6b7c8175f5771\fft8.
Deleting now unused module $paramod\buffer_parallel2serial\NB_DATA=s32'00000000000000000000000000001000.
Deleting now unused module $paramod\rx_serializer\NB_DATA=s32'00000000000000000000000000001000.
Deleting now unused module $paramod\fft32\NB_DATA=s32'00000000000000000000000000001000.
Deleting now unused module $paramod\tx_serializer\NB_DATA=s32'00000000000000000000000000001000.
Deleting now unused module debug_system.
Deleting now unused module $paramod$e825517e76a6abfe988a8af00874d6681f9a4907\ds_switch.
Deleting now unused module $paramod$833ab97d3a5a7beaf1c79fa714ad51a2af6d5400\clip_round.
Deleting now unused module $paramod$edddbe87b6cfd6e80118c6397b48a457ce4f4cb3\btfly_2.
Deleting now unused module $paramod$0412e2692e4fb416d489fd1dda7f407e3f363dcc\btfly_2.
<suppressed ~42 debug messages>

50. Executing OPT_EXPR pass (perform const folding).
Optimizing module top_chip.
<suppressed ~265 debug messages>

51. Executing OPT_CLEAN pass (remove unused cells and wires).
Finding unused cells or wires in module \top_chip..
Removed 172 unused cells and 2357 unused wires.
<suppressed ~221 debug messages>

52. Executing OPT_EXPR pass (perform const folding).
Optimizing module top_chip.

53. Executing OPT_MERGE pass (detect identical cells).
Finding identical cells in module `\top_chip'.
<suppressed ~924 debug messages>
Removed a total of 308 cells.

54. Executing OPT_MUXTREE pass (detect dead branches in mux trees).
Running muxtree optimizer on module \top_chip..
  Creating internal representation of mux trees.
  Evaluating internal representation of mux trees.
      Replacing known input bits on port A of cell $flatten\u_debug_sys.\u_spi_slave.$procmux$734: \u_debug_sys.u_spi_slave.tx_active -> 1'0
      Replacing known input bits on port B of cell $flatten\u_debug_sys.\u_spi_slave.$procmux$732: \u_debug_sys.u_spi_slave.tx_active -> 1'1
  Analyzing evaluation results.
    dead port 2/2 on $mux $flatten\u_fft_core.\u_buffer_parallel2serial.$procmux$1775.
    dead port 2/2 on $mux $flatten\u_fft_core.\u_buffer_parallel2serial.$procmux$1778.
    dead port 2/2 on $mux $flatten\u_fft_core.\u_buffer_parallel2serial.$procmux$1787.
    dead port 2/2 on $mux $flatten\u_fft_core.\u_buffer_parallel2serial.$procmux$1789.
    dead port 2/2 on $mux $flatten\u_fft_core.\u_buffer_parallel2serial.$procmux$1792.
    dead port 2/2 on $mux $flatten\u_fft_core.\u_buffer_parallel2serial.$procmux$1801.
    dead port 2/2 on $mux $flatten\u_fft_core.\u_buffer_parallel2serial.$procmux$1803.
    dead port 2/2 on $mux $flatten\u_fft_core.\u_buffer_parallel2serial.$procmux$1806.
    dead port 2/2 on $mux $flatten\u_fft_core.\u_buffer_parallel2serial.$procmux$1815.
    dead port 2/2 on $mux $flatten\u_fft_core.\u_buffer_parallel2serial.$procmux$1817.
    dead port 2/2 on $mux $flatten\u_fft_core.\u_buffer_parallel2serial.$procmux$1820.
    dead port 2/2 on $mux $flatten\u_fft_core.\u_buffer_parallel2serial.$procmux$1829.
    dead port 2/2 on $mux $flatten\u_fft_core.\u_buffer_parallel2serial.$procmux$1831.
    dead port 2/2 on $mux $flatten\u_fft_core.\u_buffer_parallel2serial.$procmux$1834.
    dead port 2/2 on $mux $flatten\u_fft_core.\u_buffer_parallel2serial.$procmux$1843.
    dead port 2/2 on $mux $flatten\u_fft_core.\u_buffer_parallel2serial.$procmux$1845.
    dead port 2/2 on $mux $flatten\u_fft_core.\u_buffer_parallel2serial.$procmux$1848.
    dead port 2/2 on $mux $flatten\u_fft_core.\u_buffer_parallel2serial.$procmux$1857.
    dead port 2/2 on $mux $flatten\u_fft_core.\u_buffer_parallel2serial.$procmux$1859.
    dead port 2/2 on $mux $flatten\u_fft_core.\u_buffer_parallel2serial.$procmux$1862.
    dead port 2/2 on $mux $flatten\u_fft_core.\u_buffer_parallel2serial.$procmux$1871.
    dead port 2/2 on $mux $flatten\u_fft_core.\u_buffer_parallel2serial.$procmux$1873.
    dead port 2/2 on $mux $flatten\u_fft_core.\u_buffer_parallel2serial.$procmux$1876.
    dead port 2/2 on $mux $flatten\u_fft_core.\u_buffer_parallel2serial.$procmux$1885.
    dead port 2/2 on $mux $flatten\u_fft_core.\u_buffer_parallel2serial.$procmux$1887.
    dead port 2/2 on $mux $flatten\u_fft_core.\u_buffer_parallel2serial.$procmux$1890.
    dead port 2/2 on $mux $flatten\u_fft_core.\u_buffer_parallel2serial.$procmux$1899.
    dead port 2/2 on $mux $flatten\u_fft_core.\u_buffer_parallel2serial.$procmux$1901.
    dead port 2/2 on $mux $flatten\u_fft_core.\u_buffer_parallel2serial.$procmux$1904.
    dead port 2/2 on $mux $flatten\u_fft_core.\u_buffer_parallel2serial.$procmux$1913.
    dead port 2/2 on $mux $flatten\u_fft_core.\u_buffer_parallel2serial.$procmux$1915.
    dead port 2/2 on $mux $flatten\u_fft_core.\u_buffer_parallel2serial.$procmux$1918.
    dead port 2/2 on $mux $flatten\u_fft_core.\u_buffer_parallel2serial.$procmux$1927.
    dead port 2/2 on $mux $flatten\u_fft_core.\u_buffer_parallel2serial.$procmux$1929.
    dead port 2/2 on $mux $flatten\u_fft_core.\u_buffer_parallel2serial.$procmux$1932.
    dead port 2/2 on $mux $flatten\u_fft_core.\u_buffer_parallel2serial.$procmux$1941.
    dead port 2/2 on $mux $flatten\u_fft_core.\u_buffer_parallel2serial.$procmux$1943.
    dead port 2/2 on $mux $flatten\u_fft_core.\u_buffer_parallel2serial.$procmux$1946.
    dead port 2/2 on $mux $flatten\u_fft_core.\u_buffer_parallel2serial.$procmux$1955.
    dead port 2/2 on $mux $flatten\u_fft_core.\u_buffer_parallel2serial.$procmux$1957.
    dead port 2/2 on $mux $flatten\u_fft_core.\u_buffer_parallel2serial.$procmux$1960.
    dead port 2/2 on $mux $flatten\u_fft_core.\u_buffer_parallel2serial.$procmux$1968.
    dead port 2/2 on $mux $flatten\u_fft_core.\u_buffer_parallel2serial.$procmux$1971.
    dead port 2/2 on $mux $flatten\u_fft_core.\u_buffer_parallel2serial.$procmux$1979.
    dead port 2/2 on $mux $flatten\u_fft_core.\u_buffer_parallel2serial.$procmux$1982.
    dead port 2/2 on $mux $flatten\u_fft_core.\u_buffer_parallel2serial.$procmux$1990.
    dead port 2/2 on $mux $flatten\u_fft_core.\u_buffer_parallel2serial.$procmux$1993.
    dead port 2/2 on $mux $flatten\u_fft_core.\u_buffer_parallel2serial.$procmux$2001.
    dead port 2/2 on $mux $flatten\u_fft_core.\u_buffer_parallel2serial.$procmux$2004.
    dead port 2/2 on $mux $flatten\u_fft_core.\u_buffer_parallel2serial.$procmux$2012.
    dead port 2/2 on $mux $flatten\u_fft_core.\u_buffer_parallel2serial.$procmux$2015.
    dead port 2/2 on $mux $flatten\u_fft_core.\u_buffer_parallel2serial.$procmux$2023.
    dead port 2/2 on $mux $flatten\u_fft_core.\u_buffer_parallel2serial.$procmux$2026.
    dead port 2/2 on $mux $flatten\u_fft_core.\u_buffer_parallel2serial.$procmux$2034.
    dead port 2/2 on $mux $flatten\u_fft_core.\u_buffer_parallel2serial.$procmux$2037.
    dead port 2/2 on $mux $flatten\u_fft_core.\u_buffer_parallel2serial.$procmux$2045.
    dead port 2/2 on $mux $flatten\u_fft_core.\u_buffer_parallel2serial.$procmux$2048.
    dead port 2/2 on $mux $flatten\u_fft_core.\u_buffer_parallel2serial.$procmux$2056.
    dead port 2/2 on $mux $flatten\u_fft_core.\u_buffer_parallel2serial.$procmux$2059.
    dead port 2/2 on $mux $flatten\u_fft_core.\u_buffer_parallel2serial.$procmux$2067.
    dead port 2/2 on $mux $flatten\u_fft_core.\u_buffer_parallel2serial.$procmux$2070.
    dead port 2/2 on $mux $flatten\u_fft_core.\u_buffer_parallel2serial.$procmux$2078.
    dead port 2/2 on $mux $flatten\u_fft_core.\u_buffer_parallel2serial.$procmux$2081.
    dead port 2/2 on $mux $flatten\u_fft_core.\u_buffer_parallel2serial.$procmux$2089.
    dead port 2/2 on $mux $flatten\u_fft_core.\u_buffer_parallel2serial.$procmux$2092.
    dead port 2/2 on $mux $flatten\u_fft_core.\u_buffer_parallel2serial.$procmux$2100.
    dead port 2/2 on $mux $flatten\u_fft_core.\u_buffer_parallel2serial.$procmux$2103.
    dead port 2/2 on $mux $flatten\u_fft_core.\u_buffer_parallel2serial.$procmux$2111.
    dead port 2/2 on $mux $flatten\u_fft_core.\u_buffer_parallel2serial.$procmux$2114.
    dead port 2/2 on $mux $flatten\u_fft_core.\u_buffer_parallel2serial.$procmux$2122.
    dead port 2/2 on $mux $flatten\u_fft_core.\u_buffer_parallel2serial.$procmux$2125.
    dead port 2/2 on $mux $flatten\u_fft_core.\u_buffer_parallel2serial.$procmux$2133.
    dead port 2/2 on $mux $flatten\u_fft_core.\u_buffer_parallel2serial.$procmux$2136.
    dead port 2/2 on $mux $flatten\u_fft_core.\u_buffer_parallel2serial.$procmux$2144.
    dead port 2/2 on $mux $flatten\u_fft_core.\u_buffer_parallel2serial.$procmux$2147.
    dead port 2/2 on $mux $flatten\u_fft_core.\u_buffer_parallel2serial.$procmux$2155.
    dead port 2/2 on $mux $flatten\u_fft_core.\u_buffer_parallel2serial.$procmux$2158.
    dead port 2/2 on $mux $flatten\u_fft_core.\u_buffer_parallel2serial.$procmux$2166.
    dead port 2/2 on $mux $flatten\u_fft_core.\u_buffer_parallel2serial.$procmux$2169.
    dead port 2/2 on $mux $flatten\u_fft_core.\u_buffer_parallel2serial.$procmux$2177.
    dead port 2/2 on $mux $flatten\u_fft_core.\u_buffer_parallel2serial.$procmux$2180.
    dead port 2/2 on $mux $flatten\u_fft_core.\u_buffer_parallel2serial.$procmux$2188.
    dead port 2/2 on $mux $flatten\u_fft_core.\u_buffer_parallel2serial.$procmux$2191.
    dead port 2/2 on $mux $flatten\u_fft_core.\u_buffer_parallel2serial.$procmux$2199.
    dead port 2/2 on $mux $flatten\u_fft_core.\u_buffer_parallel2serial.$procmux$2202.
    dead port 2/2 on $mux $flatten\u_fft_core.\u_buffer_parallel2serial.$procmux$2210.
    dead port 2/2 on $mux $flatten\u_fft_core.\u_buffer_parallel2serial.$procmux$2213.
    dead port 2/2 on $mux $flatten\u_fft_core.\u_buffer_parallel2serial.$procmux$2221.
    dead port 2/2 on $mux $flatten\u_fft_core.\u_buffer_parallel2serial.$procmux$2224.
    dead port 2/2 on $mux $flatten\u_fft_core.\u_buffer_parallel2serial.$procmux$2232.
    dead port 2/2 on $mux $flatten\u_fft_core.\u_buffer_parallel2serial.$procmux$2235.
    dead port 2/2 on $mux $flatten\u_fft_core.\u_buffer_parallel2serial.$procmux$2243.
    dead port 2/2 on $mux $flatten\u_fft_core.\u_buffer_parallel2serial.$procmux$2246.
    dead port 2/2 on $mux $flatten\u_fft_core.\u_buffer_parallel2serial.$procmux$2254.
    dead port 2/2 on $mux $flatten\u_fft_core.\u_buffer_parallel2serial.$procmux$2257.
    dead port 2/2 on $mux $flatten\u_fft_core.\u_buffer_parallel2serial.$procmux$2265.
    dead port 2/2 on $mux $flatten\u_fft_core.\u_buffer_parallel2serial.$procmux$2268.
    dead port 2/2 on $mux $flatten\u_fft_core.\u_buffer_parallel2serial.$procmux$2276.
    dead port 2/2 on $mux $flatten\u_fft_core.\u_buffer_parallel2serial.$procmux$2279.
    dead port 2/2 on $mux $flatten\u_fft_core.\u_buffer_parallel2serial.$procmux$2287.
    dead port 2/2 on $mux $flatten\u_fft_core.\u_buffer_parallel2serial.$procmux$2290.
    dead port 2/2 on $mux $flatten\u_fft_core.\u_buffer_parallel2serial.$procmux$2298.
    dead port 2/2 on $mux $flatten\u_fft_core.\u_buffer_parallel2serial.$procmux$2301.
    dead port 2/2 on $mux $flatten\u_fft_core.\u_buffer_parallel2serial.$procmux$2309.
    dead port 2/2 on $mux $flatten\u_fft_core.\u_buffer_parallel2serial.$procmux$2312.
    dead port 2/2 on $mux $flatten\u_fft_core.\u_buffer_parallel2serial.$procmux$2320.
    dead port 2/2 on $mux $flatten\u_fft_core.\u_buffer_parallel2serial.$procmux$2323.
    dead port 2/2 on $mux $flatten\u_fft_core.\u_buffer_parallel2serial.$procmux$2331.
    dead port 2/2 on $mux $flatten\u_fft_core.\u_buffer_parallel2serial.$procmux$2334.
    dead port 2/2 on $mux $flatten\u_fft_core.\u_buffer_parallel2serial.$procmux$2342.
    dead port 2/2 on $mux $flatten\u_fft_core.\u_buffer_parallel2serial.$procmux$2345.
    dead port 2/2 on $mux $flatten\u_fft_core.\u_buffer_parallel2serial.$procmux$2353.
    dead port 2/2 on $mux $flatten\u_fft_core.\u_buffer_parallel2serial.$procmux$2356.
    dead port 2/2 on $mux $flatten\u_fft_core.\u_buffer_parallel2serial.$procmux$2364.
    dead port 2/2 on $mux $flatten\u_fft_core.\u_buffer_parallel2serial.$procmux$2367.
    dead port 2/2 on $mux $flatten\u_fft_core.\u_buffer_parallel2serial.$procmux$2375.
    dead port 2/2 on $mux $flatten\u_fft_core.\u_buffer_parallel2serial.$procmux$2378.
    dead port 2/2 on $mux $flatten\u_fft_core.\u_buffer_parallel2serial.$procmux$2386.
    dead port 2/2 on $mux $flatten\u_fft_core.\u_buffer_parallel2serial.$procmux$2389.
    dead port 2/2 on $mux $flatten\u_fft_core.\u_buffer_parallel2serial.$procmux$2397.
    dead port 2/2 on $mux $flatten\u_fft_core.\u_buffer_parallel2serial.$procmux$2400.
    dead port 2/2 on $mux $flatten\u_fft_core.\u_buffer_parallel2serial.$procmux$2408.
    dead port 2/2 on $mux $flatten\u_fft_core.\u_buffer_parallel2serial.$procmux$2411.
    dead port 2/2 on $mux $flatten\u_fft_core.\u_buffer_parallel2serial.$procmux$2419.
    dead port 2/2 on $mux $flatten\u_fft_core.\u_buffer_parallel2serial.$procmux$2422.
    dead port 2/2 on $mux $flatten\u_fft_core.\u_buffer_parallel2serial.$procmux$2430.
    dead port 2/2 on $mux $flatten\u_fft_core.\u_buffer_parallel2serial.$procmux$2433.
    dead port 2/2 on $mux $flatten\u_fft_core.\u_buffer_parallel2serial.$procmux$2441.
    dead port 2/2 on $mux $flatten\u_fft_core.\u_buffer_parallel2serial.$procmux$2444.
    dead port 2/2 on $mux $flatten\u_fft_core.\u_buffer_parallel2serial.$procmux$2452.
    dead port 2/2 on $mux $flatten\u_fft_core.\u_buffer_parallel2serial.$procmux$2455.
    dead port 2/2 on $mux $flatten\u_fft_core.\u_buffer_parallel2serial.$procmux$1297.
    dead port 2/2 on $mux $flatten\u_fft_core.\u_buffer_parallel2serial.$procmux$2463.
    dead port 2/2 on $mux $flatten\u_fft_core.\u_buffer_parallel2serial.$procmux$2466.
    dead port 2/2 on $mux $flatten\u_fft_core.\u_buffer_parallel2serial.$procmux$1299.
    dead port 2/2 on $mux $flatten\u_fft_core.\u_buffer_parallel2serial.$procmux$2474.
    dead port 2/2 on $mux $flatten\u_fft_core.\u_buffer_parallel2serial.$procmux$2477.
    dead port 2/2 on $mux $flatten\u_fft_core.\u_buffer_parallel2serial.$procmux$1302.
    dead port 2/2 on $mux $flatten\u_fft_core.\u_buffer_parallel2serial.$procmux$2485.
    dead port 2/2 on $mux $flatten\u_fft_core.\u_buffer_parallel2serial.$procmux$2488.
    dead port 2/2 on $mux $flatten\u_fft_core.\u_buffer_parallel2serial.$procmux$2494.
    dead port 2/2 on $mux $flatten\u_fft_core.\u_buffer_parallel2serial.$procmux$2500.
    dead port 2/2 on $mux $flatten\u_fft_core.\u_buffer_parallel2serial.$procmux$2506.
    dead port 2/2 on $mux $flatten\u_fft_core.\u_buffer_parallel2serial.$procmux$2512.
    dead port 2/2 on $mux $flatten\u_fft_core.\u_buffer_parallel2serial.$procmux$2518.
    dead port 2/2 on $mux $flatten\u_fft_core.\u_buffer_parallel2serial.$procmux$2524.
    dead port 2/2 on $mux $flatten\u_fft_core.\u_buffer_parallel2serial.$procmux$2530.
    dead port 2/2 on $mux $flatten\u_fft_core.\u_buffer_parallel2serial.$procmux$2536.
    dead port 2/2 on $mux $flatten\u_fft_core.\u_buffer_parallel2serial.$procmux$2542.
    dead port 2/2 on $mux $flatten\u_fft_core.\u_buffer_parallel2serial.$procmux$2548.
    dead port 2/2 on $mux $flatten\u_fft_core.\u_buffer_parallel2serial.$procmux$2554.
    dead port 2/2 on $mux $flatten\u_fft_core.\u_buffer_parallel2serial.$procmux$2560.
    dead port 2/2 on $mux $flatten\u_fft_core.\u_buffer_parallel2serial.$procmux$2566.
    dead port 2/2 on $mux $flatten\u_fft_core.\u_buffer_parallel2serial.$procmux$2572.
    dead port 2/2 on $mux $flatten\u_fft_core.\u_buffer_parallel2serial.$procmux$2578.
    dead port 2/2 on $mux $flatten\u_fft_core.\u_buffer_parallel2serial.$procmux$2584.
    dead port 2/2 on $mux $flatten\u_fft_core.\u_buffer_parallel2serial.$procmux$2590.
    dead port 2/2 on $mux $flatten\u_fft_core.\u_buffer_parallel2serial.$procmux$2596.
    dead port 2/2 on $mux $flatten\u_fft_core.\u_buffer_parallel2serial.$procmux$2602.
    dead port 2/2 on $mux $flatten\u_fft_core.\u_buffer_parallel2serial.$procmux$2608.
    dead port 2/2 on $mux $flatten\u_fft_core.\u_buffer_parallel2serial.$procmux$2614.
    dead port 2/2 on $mux $flatten\u_fft_core.\u_buffer_parallel2serial.$procmux$2620.
    dead port 2/2 on $mux $flatten\u_fft_core.\u_buffer_parallel2serial.$procmux$2626.
    dead port 2/2 on $mux $flatten\u_fft_core.\u_buffer_parallel2serial.$procmux$2632.
    dead port 2/2 on $mux $flatten\u_fft_core.\u_buffer_parallel2serial.$procmux$2638.
    dead port 2/2 on $mux $flatten\u_fft_core.\u_buffer_parallel2serial.$procmux$2644.
    dead port 2/2 on $mux $flatten\u_fft_core.\u_buffer_parallel2serial.$procmux$2650.
    dead port 2/2 on $mux $flatten\u_fft_core.\u_buffer_parallel2serial.$procmux$2656.
    dead port 2/2 on $mux $flatten\u_fft_core.\u_buffer_parallel2serial.$procmux$2662.
    dead port 2/2 on $mux $flatten\u_fft_core.\u_buffer_parallel2serial.$procmux$2668.
    dead port 2/2 on $mux $flatten\u_fft_core.\u_buffer_parallel2serial.$procmux$2674.
    dead port 2/2 on $mux $flatten\u_fft_core.\u_buffer_parallel2serial.$procmux$2680.
    dead port 2/2 on $mux $flatten\u_fft_core.\u_buffer_parallel2serial.$procmux$2686.
    dead port 2/2 on $mux $flatten\u_fft_core.\u_buffer_parallel2serial.$procmux$2692.
    dead port 2/2 on $mux $flatten\u_fft_core.\u_buffer_parallel2serial.$procmux$2698.
    dead port 2/2 on $mux $flatten\u_fft_core.\u_buffer_parallel2serial.$procmux$2704.
    dead port 2/2 on $mux $flatten\u_fft_core.\u_buffer_parallel2serial.$procmux$2710.
    dead port 2/2 on $mux $flatten\u_fft_core.\u_buffer_parallel2serial.$procmux$2716.
    dead port 2/2 on $mux $flatten\u_fft_core.\u_buffer_parallel2serial.$procmux$2722.
    dead port 2/2 on $mux $flatten\u_fft_core.\u_buffer_parallel2serial.$procmux$2728.
    dead port 2/2 on $mux $flatten\u_fft_core.\u_buffer_parallel2serial.$procmux$2734.
    dead port 2/2 on $mux $flatten\u_fft_core.\u_buffer_parallel2serial.$procmux$2740.
    dead port 2/2 on $mux $flatten\u_fft_core.\u_buffer_parallel2serial.$procmux$2746.
    dead port 2/2 on $mux $flatten\u_fft_core.\u_buffer_parallel2serial.$procmux$2752.
    dead port 2/2 on $mux $flatten\u_fft_core.\u_buffer_parallel2serial.$procmux$2758.
    dead port 2/2 on $mux $flatten\u_fft_core.\u_buffer_parallel2serial.$procmux$2764.
    dead port 2/2 on $mux $flatten\u_fft_core.\u_buffer_parallel2serial.$procmux$2770.
    dead port 2/2 on $mux $flatten\u_fft_core.\u_buffer_parallel2serial.$procmux$2776.
    dead port 2/2 on $mux $flatten\u_fft_core.\u_buffer_parallel2serial.$procmux$1311.
    dead port 2/2 on $mux $flatten\u_fft_core.\u_buffer_parallel2serial.$procmux$1313.
    dead port 2/2 on $mux $flatten\u_fft_core.\u_buffer_parallel2serial.$procmux$1316.
    dead port 2/2 on $mux $flatten\u_fft_core.\u_buffer_parallel2serial.$procmux$1325.
    dead port 2/2 on $mux $flatten\u_fft_core.\u_buffer_parallel2serial.$procmux$1327.
    dead port 2/2 on $mux $flatten\u_fft_core.\u_buffer_parallel2serial.$procmux$1330.
    dead port 2/2 on $mux $flatten\u_fft_core.\u_buffer_parallel2serial.$procmux$1339.
    dead port 2/2 on $mux $flatten\u_fft_core.\u_buffer_parallel2serial.$procmux$1341.
    dead port 2/2 on $mux $flatten\u_fft_core.\u_buffer_parallel2serial.$procmux$1344.
    dead port 2/2 on $mux $flatten\u_fft_core.\u_buffer_parallel2serial.$procmux$1353.
    dead port 2/2 on $mux $flatten\u_fft_core.\u_buffer_parallel2serial.$procmux$1355.
    dead port 2/2 on $mux $flatten\u_fft_core.\u_buffer_parallel2serial.$procmux$1358.
    dead port 2/2 on $mux $flatten\u_fft_core.\u_buffer_parallel2serial.$procmux$1367.
    dead port 2/2 on $mux $flatten\u_fft_core.\u_buffer_parallel2serial.$procmux$1369.
    dead port 2/2 on $mux $flatten\u_fft_core.\u_buffer_parallel2serial.$procmux$1372.
    dead port 2/2 on $mux $flatten\u_fft_core.\u_buffer_parallel2serial.$procmux$1381.
    dead port 1/2 on $mux $flatten\u_fft_core.\u_fft8_mdc0.\u_mdc8p_stage1.\ds_switch_stage1.$procmux$633.
    dead port 2/2 on $mux $flatten\u_fft_core.\u_fft8_mdc0.\u_mdc8p_stage1.\ds_switch_stage1.$procmux$635.
    dead port 2/2 on $mux $flatten\u_fft_core.\u_fft8_mdc0.\u_mdc8p_stage1.\ds_switch_stage1.$procmux$640.
    dead port 1/2 on $mux $flatten\u_fft_core.\u_fft8_mdc0.\u_mdc8p_stage1.\ds_switch_stage1.$procmux$646.
    dead port 2/2 on $mux $flatten\u_fft_core.\u_buffer_parallel2serial.$procmux$1383.
    dead port 2/2 on $mux $flatten\u_fft_core.\u_fft8_mdc0.\u_mdc8p_stage1.\ds_switch_stage1.$procmux$663.
    dead port 1/2 on $mux $flatten\u_fft_core.\u_fft8_mdc0.\u_mdc8p_stage1.\ds_switch_stage1.$procmux$669.
    dead port 2/2 on $mux $flatten\u_fft_core.\u_buffer_parallel2serial.$procmux$1386.
    dead port 2/2 on $mux $flatten\u_fft_core.\u_buffer_parallel2serial.$procmux$1395.
    dead port 2/2 on $mux $flatten\u_fft_core.\u_buffer_parallel2serial.$procmux$1397.
    dead port 2/2 on $mux $flatten\u_fft_core.\u_buffer_parallel2serial.$procmux$1400.
    dead port 1/2 on $mux $flatten\u_fft_core.\u_fft8_mdc0.\u_mdc8p_stage2.\ds_switch_stage1.$procmux$3106.
    dead port 2/2 on $mux $flatten\u_fft_core.\u_fft8_mdc0.\u_mdc8p_stage2.\ds_switch_stage1.$procmux$3108.
    dead port 2/2 on $mux $flatten\u_fft_core.\u_fft8_mdc0.\u_mdc8p_stage2.\ds_switch_stage1.$procmux$3113.
    dead port 1/2 on $mux $flatten\u_fft_core.\u_fft8_mdc0.\u_mdc8p_stage2.\ds_switch_stage1.$procmux$3119.
    dead port 2/2 on $mux $flatten\u_fft_core.\u_buffer_parallel2serial.$procmux$1409.
    dead port 2/2 on $mux $flatten\u_fft_core.\u_fft8_mdc0.\u_mdc8p_stage2.\ds_switch_stage1.$procmux$3136.
    dead port 1/2 on $mux $flatten\u_fft_core.\u_fft8_mdc0.\u_mdc8p_stage2.\ds_switch_stage1.$procmux$3142.
    dead port 2/2 on $mux $flatten\u_fft_core.\u_buffer_parallel2serial.$procmux$1411.
    dead port 2/2 on $mux $flatten\u_fft_core.\u_buffer_parallel2serial.$procmux$1414.
    dead port 2/2 on $mux $flatten\u_fft_core.\u_buffer_parallel2serial.$procmux$1423.
    dead port 2/2 on $mux $flatten\u_fft_core.\u_buffer_parallel2serial.$procmux$1425.
    dead port 2/2 on $mux $flatten\u_fft_core.\u_buffer_parallel2serial.$procmux$1428.
    dead port 2/2 on $mux $flatten\u_fft_core.\u_buffer_parallel2serial.$procmux$1437.
    dead port 2/2 on $mux $flatten\u_fft_core.\u_buffer_parallel2serial.$procmux$1439.
    dead port 2/2 on $mux $flatten\u_fft_core.\u_buffer_parallel2serial.$procmux$1442.
    dead port 1/2 on $mux $flatten\u_fft_core.\u_fft8_mdc1.\u_mdc8p_stage1.\ds_switch_stage1.$procmux$633.
    dead port 2/2 on $mux $flatten\u_fft_core.\u_fft8_mdc1.\u_mdc8p_stage1.\ds_switch_stage1.$procmux$635.
    dead port 2/2 on $mux $flatten\u_fft_core.\u_fft8_mdc1.\u_mdc8p_stage1.\ds_switch_stage1.$procmux$640.
    dead port 1/2 on $mux $flatten\u_fft_core.\u_fft8_mdc1.\u_mdc8p_stage1.\ds_switch_stage1.$procmux$646.
    dead port 2/2 on $mux $flatten\u_fft_core.\u_buffer_parallel2serial.$procmux$1451.
    dead port 2/2 on $mux $flatten\u_fft_core.\u_fft8_mdc1.\u_mdc8p_stage1.\ds_switch_stage1.$procmux$663.
    dead port 1/2 on $mux $flatten\u_fft_core.\u_fft8_mdc1.\u_mdc8p_stage1.\ds_switch_stage1.$procmux$669.
    dead port 2/2 on $mux $flatten\u_fft_core.\u_buffer_parallel2serial.$procmux$1453.
    dead port 2/2 on $mux $flatten\u_fft_core.\u_buffer_parallel2serial.$procmux$1456.
    dead port 2/2 on $mux $flatten\u_fft_core.\u_buffer_parallel2serial.$procmux$1465.
    dead port 2/2 on $mux $flatten\u_fft_core.\u_buffer_parallel2serial.$procmux$1467.
    dead port 1/2 on $mux $flatten\u_fft_core.\u_fft8_mdc1.\u_mdc8p_stage2.\ds_switch_stage1.$procmux$3106.
    dead port 2/2 on $mux $flatten\u_fft_core.\u_fft8_mdc1.\u_mdc8p_stage2.\ds_switch_stage1.$procmux$3108.
    dead port 2/2 on $mux $flatten\u_fft_core.\u_fft8_mdc1.\u_mdc8p_stage2.\ds_switch_stage1.$procmux$3113.
    dead port 1/2 on $mux $flatten\u_fft_core.\u_fft8_mdc1.\u_mdc8p_stage2.\ds_switch_stage1.$procmux$3119.
    dead port 2/2 on $mux $flatten\u_fft_core.\u_buffer_parallel2serial.$procmux$1470.
    dead port 2/2 on $mux $flatten\u_fft_core.\u_fft8_mdc1.\u_mdc8p_stage2.\ds_switch_stage1.$procmux$3136.
    dead port 1/2 on $mux $flatten\u_fft_core.\u_fft8_mdc1.\u_mdc8p_stage2.\ds_switch_stage1.$procmux$3142.
    dead port 2/2 on $mux $flatten\u_fft_core.\u_buffer_parallel2serial.$procmux$1479.
    dead port 2/2 on $mux $flatten\u_fft_core.\u_buffer_parallel2serial.$procmux$1481.
    dead port 2/2 on $mux $flatten\u_fft_core.\u_buffer_parallel2serial.$procmux$1484.
    dead port 2/2 on $mux $flatten\u_fft_core.\u_buffer_parallel2serial.$procmux$1493.
    dead port 2/2 on $mux $flatten\u_fft_core.\u_buffer_parallel2serial.$procmux$1495.
    dead port 2/2 on $mux $flatten\u_fft_core.\u_buffer_parallel2serial.$procmux$1498.
    dead port 2/2 on $mux $flatten\u_fft_core.\u_buffer_parallel2serial.$procmux$1507.
    dead port 1/2 on $mux $flatten\u_fft_core.\u_fft8_mdc2.\u_mdc8p_stage1.\ds_switch_stage1.$procmux$633.
    dead port 2/2 on $mux $flatten\u_fft_core.\u_fft8_mdc2.\u_mdc8p_stage1.\ds_switch_stage1.$procmux$635.
    dead port 2/2 on $mux $flatten\u_fft_core.\u_fft8_mdc2.\u_mdc8p_stage1.\ds_switch_stage1.$procmux$640.
    dead port 1/2 on $mux $flatten\u_fft_core.\u_fft8_mdc2.\u_mdc8p_stage1.\ds_switch_stage1.$procmux$646.
    dead port 2/2 on $mux $flatten\u_fft_core.\u_buffer_parallel2serial.$procmux$1509.
    dead port 2/2 on $mux $flatten\u_fft_core.\u_buffer_parallel2serial.$procmux$1512.
    dead port 2/2 on $mux $flatten\u_fft_core.\u_fft8_mdc2.\u_mdc8p_stage1.\ds_switch_stage1.$procmux$663.
    dead port 1/2 on $mux $flatten\u_fft_core.\u_fft8_mdc2.\u_mdc8p_stage1.\ds_switch_stage1.$procmux$669.
    dead port 2/2 on $mux $flatten\u_fft_core.\u_buffer_parallel2serial.$procmux$1521.
    dead port 2/2 on $mux $flatten\u_fft_core.\u_buffer_parallel2serial.$procmux$1523.
    dead port 2/2 on $mux $flatten\u_fft_core.\u_buffer_parallel2serial.$procmux$1526.
    dead port 2/2 on $mux $flatten\u_fft_core.\u_buffer_parallel2serial.$procmux$1535.
    dead port 1/2 on $mux $flatten\u_fft_core.\u_fft8_mdc2.\u_mdc8p_stage2.\ds_switch_stage1.$procmux$3106.
    dead port 2/2 on $mux $flatten\u_fft_core.\u_fft8_mdc2.\u_mdc8p_stage2.\ds_switch_stage1.$procmux$3108.
    dead port 2/2 on $mux $flatten\u_fft_core.\u_fft8_mdc2.\u_mdc8p_stage2.\ds_switch_stage1.$procmux$3113.
    dead port 1/2 on $mux $flatten\u_fft_core.\u_fft8_mdc2.\u_mdc8p_stage2.\ds_switch_stage1.$procmux$3119.
    dead port 2/2 on $mux $flatten\u_fft_core.\u_buffer_parallel2serial.$procmux$1537.
    dead port 2/2 on $mux $flatten\u_fft_core.\u_fft8_mdc2.\u_mdc8p_stage2.\ds_switch_stage1.$procmux$3136.
    dead port 1/2 on $mux $flatten\u_fft_core.\u_fft8_mdc2.\u_mdc8p_stage2.\ds_switch_stage1.$procmux$3142.
    dead port 2/2 on $mux $flatten\u_fft_core.\u_buffer_parallel2serial.$procmux$1540.
    dead port 2/2 on $mux $flatten\u_fft_core.\u_buffer_parallel2serial.$procmux$1549.
    dead port 2/2 on $mux $flatten\u_fft_core.\u_buffer_parallel2serial.$procmux$1551.
    dead port 2/2 on $mux $flatten\u_fft_core.\u_buffer_parallel2serial.$procmux$1554.
    dead port 2/2 on $mux $flatten\u_fft_core.\u_buffer_parallel2serial.$procmux$1563.
    dead port 2/2 on $mux $flatten\u_fft_core.\u_buffer_parallel2serial.$procmux$1565.
    dead port 2/2 on $mux $flatten\u_fft_core.\u_buffer_parallel2serial.$procmux$1568.
    dead port 1/2 on $mux $flatten\u_fft_core.\u_fft8_mdc3.\u_mdc8p_stage1.\ds_switch_stage1.$procmux$633.
    dead port 2/2 on $mux $flatten\u_fft_core.\u_fft8_mdc3.\u_mdc8p_stage1.\ds_switch_stage1.$procmux$635.
    dead port 2/2 on $mux $flatten\u_fft_core.\u_fft8_mdc3.\u_mdc8p_stage1.\ds_switch_stage1.$procmux$640.
    dead port 1/2 on $mux $flatten\u_fft_core.\u_fft8_mdc3.\u_mdc8p_stage1.\ds_switch_stage1.$procmux$646.
    dead port 2/2 on $mux $flatten\u_fft_core.\u_buffer_parallel2serial.$procmux$1577.
    dead port 2/2 on $mux $flatten\u_fft_core.\u_fft8_mdc3.\u_mdc8p_stage1.\ds_switch_stage1.$procmux$663.
    dead port 1/2 on $mux $flatten\u_fft_core.\u_fft8_mdc3.\u_mdc8p_stage1.\ds_switch_stage1.$procmux$669.
    dead port 2/2 on $mux $flatten\u_fft_core.\u_buffer_parallel2serial.$procmux$1579.
    dead port 2/2 on $mux $flatten\u_fft_core.\u_buffer_parallel2serial.$procmux$1582.
    dead port 2/2 on $mux $flatten\u_fft_core.\u_buffer_parallel2serial.$procmux$1591.
    dead port 2/2 on $mux $flatten\u_fft_core.\u_buffer_parallel2serial.$procmux$1593.
    dead port 2/2 on $mux $flatten\u_fft_core.\u_buffer_parallel2serial.$procmux$1596.
    dead port 1/2 on $mux $flatten\u_fft_core.\u_fft8_mdc3.\u_mdc8p_stage2.\ds_switch_stage1.$procmux$3106.
    dead port 2/2 on $mux $flatten\u_fft_core.\u_fft8_mdc3.\u_mdc8p_stage2.\ds_switch_stage1.$procmux$3108.
    dead port 2/2 on $mux $flatten\u_fft_core.\u_fft8_mdc3.\u_mdc8p_stage2.\ds_switch_stage1.$procmux$3113.
    dead port 1/2 on $mux $flatten\u_fft_core.\u_fft8_mdc3.\u_mdc8p_stage2.\ds_switch_stage1.$procmux$3119.
    dead port 2/2 on $mux $flatten\u_fft_core.\u_buffer_parallel2serial.$procmux$1605.
    dead port 2/2 on $mux $flatten\u_fft_core.\u_fft8_mdc3.\u_mdc8p_stage2.\ds_switch_stage1.$procmux$3136.
    dead port 1/2 on $mux $flatten\u_fft_core.\u_fft8_mdc3.\u_mdc8p_stage2.\ds_switch_stage1.$procmux$3142.
    dead port 2/2 on $mux $flatten\u_fft_core.\u_buffer_parallel2serial.$procmux$1607.
    dead port 2/2 on $mux $flatten\u_fft_core.\u_buffer_parallel2serial.$procmux$1610.
    dead port 2/2 on $mux $flatten\u_fft_core.\u_buffer_parallel2serial.$procmux$1619.
    dead port 2/2 on $mux $flatten\u_fft_core.\u_buffer_parallel2serial.$procmux$1621.
    dead port 2/2 on $mux $flatten\u_fft_core.\u_buffer_parallel2serial.$procmux$1624.
    dead port 2/2 on $mux $flatten\u_fft_core.\u_buffer_parallel2serial.$procmux$1633.
    dead port 2/2 on $mux $flatten\u_fft_core.\u_buffer_parallel2serial.$procmux$1635.
    dead port 2/2 on $mux $flatten\u_fft_core.\u_buffer_parallel2serial.$procmux$1638.
    dead port 2/2 on $mux $flatten\u_fft_core.\u_buffer_parallel2serial.$procmux$1647.
    dead port 2/2 on $mux $flatten\u_fft_core.\u_buffer_parallel2serial.$procmux$1649.
    dead port 2/2 on $mux $flatten\u_fft_core.\u_buffer_parallel2serial.$procmux$1652.
    dead port 2/2 on $mux $flatten\u_fft_core.\u_buffer_parallel2serial.$procmux$1661.
    dead port 2/2 on $mux $flatten\u_fft_core.\u_buffer_parallel2serial.$procmux$1663.
    dead port 2/2 on $mux $flatten\u_fft_core.\u_buffer_parallel2serial.$procmux$1666.
    dead port 2/2 on $mux $flatten\u_fft_core.\u_buffer_parallel2serial.$procmux$1675.
    dead port 2/2 on $mux $flatten\u_fft_core.\u_buffer_parallel2serial.$procmux$1677.
    dead port 2/2 on $mux $flatten\u_fft_core.\u_buffer_parallel2serial.$procmux$1680.
    dead port 2/2 on $mux $flatten\u_fft_core.\u_buffer_parallel2serial.$procmux$1689.
    dead port 2/2 on $mux $flatten\u_fft_core.\u_buffer_parallel2serial.$procmux$1691.
    dead port 2/2 on $mux $flatten\u_fft_core.\u_buffer_parallel2serial.$procmux$1694.
    dead port 2/2 on $mux $flatten\u_fft_core.\u_buffer_parallel2serial.$procmux$1703.
    dead port 2/2 on $mux $flatten\u_fft_core.\u_buffer_parallel2serial.$procmux$1705.
    dead port 2/2 on $mux $flatten\u_fft_core.\u_buffer_parallel2serial.$procmux$1708.
    dead port 2/2 on $mux $flatten\u_fft_core.\u_buffer_parallel2serial.$procmux$1717.
    dead port 2/2 on $mux $flatten\u_fft_core.\u_buffer_parallel2serial.$procmux$1719.
    dead port 2/2 on $mux $flatten\u_fft_core.\u_buffer_parallel2serial.$procmux$1722.
    dead port 2/2 on $mux $flatten\u_rx.$procmux$3017.
    dead port 2/2 on $mux $flatten\u_rx.$procmux$3024.
    dead port 2/2 on $mux $flatten\u_rx.$procmux$3032.
    dead port 2/2 on $mux $flatten\u_fft_core.\u_buffer_parallel2serial.$procmux$1731.
    dead port 2/2 on $mux $flatten\u_fft_core.\u_buffer_parallel2serial.$procmux$1733.
    dead port 2/2 on $mux $flatten\u_fft_core.\u_buffer_parallel2serial.$procmux$1736.
    dead port 2/2 on $mux $flatten\u_tx.$procmux$3061.
    dead port 2/2 on $mux $flatten\u_tx.$procmux$3067.
    dead port 2/2 on $mux $flatten\u_fft_core.\u_buffer_parallel2serial.$procmux$1745.
    dead port 2/2 on $mux $flatten\u_tx.$procmux$3075.
    dead port 2/2 on $mux $flatten\u_tx.$procmux$3083.
    dead port 2/2 on $mux $flatten\u_fft_core.\u_buffer_parallel2serial.$procmux$1747.
    dead port 2/2 on $mux $flatten\u_fft_core.\u_buffer_parallel2serial.$procmux$1750.
    dead port 2/2 on $mux $flatten\u_fft_core.\u_buffer_parallel2serial.$procmux$1759.
    dead port 2/2 on $mux $flatten\u_fft_core.\u_buffer_parallel2serial.$procmux$1761.
    dead port 2/2 on $mux $flatten\u_fft_core.\u_buffer_parallel2serial.$procmux$1764.
    dead port 2/2 on $mux $flatten\u_fft_core.\u_buffer_parallel2serial.$procmux$1773.
Removed 343 multiplexer ports.
<suppressed ~383 debug messages>

55. Executing OPT_REDUCE pass (consolidate $*mux and $reduce_* inputs).
  Optimizing cells in module \top_chip.
    New ctrl vector for $pmux cell $flatten\u_fft_core.\u_buffer_parallel2serial.$procmux$2161: { $flatten\u_fft_core.\u_buffer_parallel2serial.$procmux$1298_CMP $auto$opt_reduce.cc:137:opt_pmux$3590 }
    New ctrl vector for $pmux cell $flatten\u_fft_core.\u_buffer_parallel2serial.$procmux$2194: { $flatten\u_fft_core.\u_buffer_parallel2serial.$procmux$1298_CMP $auto$opt_reduce.cc:137:opt_pmux$3592 }
    New ctrl vector for $pmux cell $flatten\u_fft_core.\u_buffer_parallel2serial.$procmux$1996: { $flatten\u_fft_core.\u_buffer_parallel2serial.$procmux$1298_CMP $auto$opt_reduce.cc:137:opt_pmux$3594 }
    New ctrl vector for $pmux cell $flatten\u_fft_core.\u_buffer_parallel2serial.$procmux$2227: { $flatten\u_fft_core.\u_buffer_parallel2serial.$procmux$1298_CMP $auto$opt_reduce.cc:137:opt_pmux$3596 }
    New ctrl vector for $pmux cell $flatten\u_fft_core.\u_buffer_parallel2serial.$procmux$2984: { $flatten\u_fft_core.\u_buffer_parallel2serial.$procmux$1965_CMP $auto$opt_reduce.cc:137:opt_pmux$3598 }
    New ctrl vector for $pmux cell $flatten\u_fft_core.\u_buffer_parallel2serial.$procmux$2260: { $flatten\u_fft_core.\u_buffer_parallel2serial.$procmux$1298_CMP $auto$opt_reduce.cc:137:opt_pmux$3600 }
    New ctrl vector for $pmux cell $flatten\u_fft_core.\u_buffer_parallel2serial.$procmux$2029: { $flatten\u_fft_core.\u_buffer_parallel2serial.$procmux$1298_CMP $auto$opt_reduce.cc:137:opt_pmux$3602 }
    New ctrl vector for $pmux cell $flatten\u_fft_core.\u_buffer_parallel2serial.$procmux$2293: { $flatten\u_fft_core.\u_buffer_parallel2serial.$procmux$1298_CMP $auto$opt_reduce.cc:137:opt_pmux$3604 }
    New ctrl vector for $pmux cell $flatten\u_fft_core.\u_buffer_parallel2serial.$procmux$2326: { $flatten\u_fft_core.\u_buffer_parallel2serial.$procmux$1298_CMP $auto$opt_reduce.cc:137:opt_pmux$3606 }
    New ctrl vector for $pmux cell $flatten\u_fft_core.\u_buffer_parallel2serial.$procmux$2359: { $flatten\u_fft_core.\u_buffer_parallel2serial.$procmux$1298_CMP $auto$opt_reduce.cc:137:opt_pmux$3608 }
    New ctrl vector for $pmux cell $flatten\u_fft_core.\u_buffer_parallel2serial.$procmux$2062: { $flatten\u_fft_core.\u_buffer_parallel2serial.$procmux$1298_CMP $auto$opt_reduce.cc:137:opt_pmux$3610 }
    New ctrl vector for $pmux cell $flatten\u_fft_core.\u_buffer_parallel2serial.$procmux$2392: { $flatten\u_fft_core.\u_buffer_parallel2serial.$procmux$1298_CMP $auto$opt_reduce.cc:137:opt_pmux$3612 }
    New ctrl vector for $pmux cell $flatten\u_fft_core.\u_buffer_parallel2serial.$procmux$2425: { $flatten\u_fft_core.\u_buffer_parallel2serial.$procmux$1298_CMP $auto$opt_reduce.cc:137:opt_pmux$3614 }
    New ctrl vector for $pmux cell $flatten\u_fft_core.\u_buffer_parallel2serial.$procmux$2095: { $flatten\u_fft_core.\u_buffer_parallel2serial.$procmux$1298_CMP $auto$opt_reduce.cc:137:opt_pmux$3616 }
    New ctrl vector for $pmux cell $flatten\u_fft_core.\u_buffer_parallel2serial.$procmux$2458: { $flatten\u_fft_core.\u_buffer_parallel2serial.$procmux$1298_CMP $auto$opt_reduce.cc:137:opt_pmux$3618 }
    New ctrl vector for $pmux cell $flatten\u_fft_core.\u_buffer_parallel2serial.$procmux$1963: { $flatten\u_fft_core.\u_buffer_parallel2serial.$procmux$1298_CMP $auto$opt_reduce.cc:137:opt_pmux$3620 }
    New ctrl vector for $pmux cell $flatten\u_fft_core.\u_buffer_parallel2serial.$procmux$2128: { $flatten\u_fft_core.\u_buffer_parallel2serial.$procmux$1298_CMP $auto$opt_reduce.cc:137:opt_pmux$3622 }
  Optimizing cells in module \top_chip.
Performed a total of 17 changes.

56. Executing OPT_MERGE pass (detect identical cells).
Finding identical cells in module `\top_chip'.
<suppressed ~399 debug messages>
Removed a total of 133 cells.

57. Executing OPT_DFF pass (perform DFF optimizations).

58. Executing OPT_CLEAN pass (remove unused cells and wires).
Finding unused cells or wires in module \top_chip..
Removed 0 unused cells and 774 unused wires.
<suppressed ~1 debug messages>

59. Executing OPT_EXPR pass (perform const folding).
Optimizing module top_chip.

60. Rerunning OPT passes. (Maybe there is more to do…)

61. Executing OPT_MUXTREE pass (detect dead branches in mux trees).
Running muxtree optimizer on module \top_chip..
  Creating internal representation of mux trees.
  Evaluating internal representation of mux trees.
  Analyzing evaluation results.
Removed 0 multiplexer ports.
<suppressed ~378 debug messages>

62. Executing OPT_REDUCE pass (consolidate $*mux and $reduce_* inputs).
  Optimizing cells in module \top_chip.
    New ctrl vector for $pmux cell $flatten\u_fft_core.\u_fft8_mdc0.\u_mdc8p_stage1.$procmux$689: { $flatten\u_fft_core.\u_fft8_mdc0.\u_mdc8p_stage1.$procmux$693_CMP $flatten\u_fft_core.\u_fft8_mdc0.\u_mdc8p_stage1.$procmux$691_CMP $auto$opt_reduce.cc:137:opt_pmux$3624 }
    New ctrl vector for $pmux cell $flatten\u_fft_core.\u_fft8_mdc1.\u_mdc8p_stage1.$procmux$689: { $flatten\u_fft_core.\u_fft8_mdc1.\u_mdc8p_stage1.$procmux$693_CMP $flatten\u_fft_core.\u_fft8_mdc1.\u_mdc8p_stage1.$procmux$691_CMP $auto$opt_reduce.cc:137:opt_pmux$3626 }
    New ctrl vector for $pmux cell $flatten\u_fft_core.\u_fft8_mdc2.\u_mdc8p_stage1.$procmux$689: { $flatten\u_fft_core.\u_fft8_mdc2.\u_mdc8p_stage1.$procmux$693_CMP $flatten\u_fft_core.\u_fft8_mdc2.\u_mdc8p_stage1.$procmux$691_CMP $auto$opt_reduce.cc:137:opt_pmux$3628 }
    New ctrl vector for $pmux cell $flatten\u_fft_core.\u_fft8_mdc3.\u_mdc8p_stage1.$procmux$689: { $flatten\u_fft_core.\u_fft8_mdc3.\u_mdc8p_stage1.$procmux$693_CMP $flatten\u_fft_core.\u_fft8_mdc3.\u_mdc8p_stage1.$procmux$691_CMP $auto$opt_reduce.cc:137:opt_pmux$3630 }
  Optimizing cells in module \top_chip.
Performed a total of 4 changes.

63. Executing OPT_MERGE pass (detect identical cells).
Finding identical cells in module `\top_chip'.
Removed a total of 0 cells.

64. Executing OPT_DFF pass (perform DFF optimizations).

65. Executing OPT_CLEAN pass (remove unused cells and wires).
Finding unused cells or wires in module \top_chip..

66. Executing OPT_EXPR pass (perform const folding).
Optimizing module top_chip.

67. Rerunning OPT passes. (Maybe there is more to do…)

68. Executing OPT_MUXTREE pass (detect dead branches in mux trees).
Running muxtree optimizer on module \top_chip..
  Creating internal representation of mux trees.
  Evaluating internal representation of mux trees.
  Analyzing evaluation results.
Removed 0 multiplexer ports.
<suppressed ~378 debug messages>

69. Executing OPT_REDUCE pass (consolidate $*mux and $reduce_* inputs).
  Optimizing cells in module \top_chip.
Performed a total of 0 changes.

70. Executing OPT_MERGE pass (detect identical cells).
Finding identical cells in module `\top_chip'.
Removed a total of 0 cells.

71. Executing OPT_DFF pass (perform DFF optimizations).

72. Executing OPT_CLEAN pass (remove unused cells and wires).
Finding unused cells or wires in module \top_chip..

73. Executing OPT_EXPR pass (perform const folding).
Optimizing module top_chip.

74. Executing FSM pass (extract and optimize FSM).

74.1. Executing FSM_DETECT pass (finding FSMs in design).
Found FSM state register top_chip.u_fft_core.u_buffer_parallel2serial.state.
Not marking top_chip.u_fft_core.u_fft8_mdc0.u_mdc8p_stage1.xfft_cell_route1.r_pp1_tw_i as FSM state register:
    Users of register don't seem to benefit from recoding.
Not marking top_chip.u_fft_core.u_fft8_mdc0.u_mdc8p_stage1.xfft_cell_route1.r_pp1_tw_r as FSM state register:
    Users of register don't seem to benefit from recoding.
Not marking top_chip.u_fft_core.u_fft8_mdc1.u_mdc8p_stage1.xfft_cell_route1.r_pp1_tw_i as FSM state register:
    Users of register don't seem to benefit from recoding.
Not marking top_chip.u_fft_core.u_fft8_mdc1.u_mdc8p_stage1.xfft_cell_route1.r_pp1_tw_r as FSM state register:
    Users of register don't seem to benefit from recoding.
Not marking top_chip.u_fft_core.u_fft8_mdc2.u_mdc8p_stage1.xfft_cell_route1.r_pp1_tw_i as FSM state register:
    Users of register don't seem to benefit from recoding.
Not marking top_chip.u_fft_core.u_fft8_mdc2.u_mdc8p_stage1.xfft_cell_route1.r_pp1_tw_r as FSM state register:
    Users of register don't seem to benefit from recoding.
Not marking top_chip.u_fft_core.u_fft8_mdc3.u_mdc8p_stage1.xfft_cell_route1.r_pp1_tw_i as FSM state register:
    Users of register don't seem to benefit from recoding.
Not marking top_chip.u_fft_core.u_fft8_mdc3.u_mdc8p_stage1.xfft_cell_route1.r_pp1_tw_r as FSM state register:
    Users of register don't seem to benefit from recoding.
Not marking top_chip.u_rx.current_state as FSM state register:
    Circuit seems to be self-resetting.
Not marking top_chip.u_tx.current_state as FSM state register:
    Circuit seems to be self-resetting.

74.2. Executing FSM_EXTRACT pass (extracting FSM from design).
Extracting FSM `\u_fft_core.u_buffer_parallel2serial.state' from module `\top_chip'.
  found $dff cell for state register: $flatten\u_fft_core.\u_buffer_parallel2serial.$procdff$3408
  root of input selection tree: $flatten\u_fft_core.\u_buffer_parallel2serial.$0\state[1:0]
  found reset state: 2'00 (guessed from mux tree)
  found ctrl input: \u_rx.i_rst_n
  found state code: 2'00
  found ctrl input: \u_debug_sys.u_debug_unit.sys_config [0]
  found ctrl input: $flatten\u_fft_core.\u_buffer_parallel2serial.$procmux$1964_CMP
  found ctrl input: $flatten\u_fft_core.\u_buffer_parallel2serial.$procmux$1965_CMP
  found ctrl input: $flatten\u_fft_core.\u_buffer_parallel2serial.$procmux$1966_CMP
  found ctrl input: $flatten\u_fft_core.\u_buffer_parallel2serial.$procmux$1298_CMP
  found ctrl input: \u_fft_core.u_buffer_parallel2serial.i_tx_ready
  found ctrl input: $flatten\u_fft_core.\u_buffer_parallel2serial.$eq$/home/designer/shared/FFT/parallel_fft/design/rtl/buffer_parallel2serial.v:99$305_Y
  found state code: 2'01
  found state code: 2'11
  found state code: 2'10
  found ctrl input: \u_fft_core.mdc_ffx_valid
  found ctrl input: $flatten\u_fft_core.\u_buffer_parallel2serial.$eq$/home/designer/shared/FFT/parallel_fft/design/rtl/buffer_parallel2serial.v:74$300_Y
  found ctrl output: $flatten\u_fft_core.\u_buffer_parallel2serial.$procmux$1298_CMP
  found ctrl output: $flatten\u_fft_core.\u_buffer_parallel2serial.$procmux$1964_CMP
  found ctrl output: $flatten\u_fft_core.\u_buffer_parallel2serial.$procmux$1965_CMP
  found ctrl output: $flatten\u_fft_core.\u_buffer_parallel2serial.$procmux$1966_CMP
  ctrl inputs: { \u_debug_sys.u_debug_unit.sys_config [0] \u_fft_core.mdc_ffx_valid $flatten\u_fft_core.\u_buffer_parallel2serial.$eq$/home/designer/shared/FFT/parallel_fft/design/rtl/buffer_parallel2serial.v:99$305_Y $flatten\u_fft_core.\u_buffer_parallel2serial.$eq$/home/designer/shared/FFT/parallel_fft/design/rtl/buffer_parallel2serial.v:74$300_Y \u_fft_core.u_buffer_parallel2serial.i_tx_ready \u_rx.i_rst_n }
  ctrl outputs: { $flatten\u_fft_core.\u_buffer_parallel2serial.$procmux$1966_CMP $flatten\u_fft_core.\u_buffer_parallel2serial.$procmux$1965_CMP $flatten\u_fft_core.\u_buffer_parallel2serial.$procmux$1964_CMP $flatten\u_fft_core.\u_buffer_parallel2serial.$procmux$1298_CMP $flatten\u_fft_core.\u_buffer_parallel2serial.$0\state[1:0] }
  transition:       2'00 6'-----0 ->       2'00 6'000100
  transition:       2'00 6'0----1 ->       2'00 6'000100
  transition:       2'00 6'10---1 ->       2'00 6'000100
  transition:       2'00 6'11-0-1 ->       2'00 6'000100
  transition:       2'00 6'11-1-1 ->       2'01 6'000101
  transition:       2'10 6'-----0 ->       2'00 6'010000
  transition:       2'10 6'0----1 ->       2'10 6'010010
  transition:       2'10 6'1----1 ->       2'11 6'010011
  transition:       2'01 6'-----0 ->       2'00 6'100000
  transition:       2'01 6'0----1 ->       2'01 6'100001
  transition:       2'01 6'1---01 ->       2'01 6'100001
  transition:       2'01 6'1---11 ->       2'10 6'100010
  transition:       2'11 6'-----0 ->       2'00 6'001000
  transition:       2'11 6'0----1 ->       2'11 6'001011
  transition:       2'11 6'1-0-01 ->       2'01 6'001001
  transition:       2'11 6'1-1-01 ->       2'00 6'001000
  transition:       2'11 6'1---11 ->       2'11 6'001011

74.3. Executing FSM_OPT pass (simple optimizations of FSMs).
Optimizing FSM `$fsm$\u_fft_core.u_buffer_parallel2serial.state$3631' from module `\top_chip'.

74.4. Executing OPT_CLEAN pass (remove unused cells and wires).
Finding unused cells or wires in module \top_chip..
Removed 13 unused cells and 13 unused wires.
<suppressed ~14 debug messages>

74.5. Executing FSM_OPT pass (simple optimizations of FSMs).
Optimizing FSM `$fsm$\u_fft_core.u_buffer_parallel2serial.state$3631' from module `\top_chip'.
  Removing unused output signal $flatten\u_fft_core.\u_buffer_parallel2serial.$0\state[1:0] [0].
  Removing unused output signal $flatten\u_fft_core.\u_buffer_parallel2serial.$0\state[1:0] [1].

74.6. Executing FSM_RECODE pass (re-assigning FSM state encoding).
Recoding FSM `$fsm$\u_fft_core.u_buffer_parallel2serial.state$3631' from module `\top_chip' using `auto' encoding:
  mapping auto encoding to `one-hot` for this FSM.
  00 -> ---1
  10 -> --1-
  01 -> -1--
  11 -> 1---

74.7. Executing FSM_INFO pass (dumping all available information on FSM cells).

FSM `$fsm$\u_fft_core.u_buffer_parallel2serial.state$3631' from module `top_chip':
-------------------------------------

  Information on FSM $fsm$\u_fft_core.u_buffer_parallel2serial.state$3631 (\u_fft_core.u_buffer_parallel2serial.state):

  Number of input signals:    6
  Number of output signals:   4
  Number of state bits:       4

  Input signals:
    0: \u_rx.i_rst_n
    1: \u_fft_core.u_buffer_parallel2serial.i_tx_ready
    2: $flatten\u_fft_core.\u_buffer_parallel2serial.$eq$/home/designer/shared/FFT/parallel_fft/design/rtl/buffer_parallel2serial.v:74$300_Y
    3: $flatten\u_fft_core.\u_buffer_parallel2serial.$eq$/home/designer/shared/FFT/parallel_fft/design/rtl/buffer_parallel2serial.v:99$305_Y
    4: \u_fft_core.mdc_ffx_valid
    5: \u_debug_sys.u_debug_unit.sys_config [0]

  Output signals:
    0: $flatten\u_fft_core.\u_buffer_parallel2serial.$procmux$1298_CMP
    1: $flatten\u_fft_core.\u_buffer_parallel2serial.$procmux$1964_CMP
    2: $flatten\u_fft_core.\u_buffer_parallel2serial.$procmux$1965_CMP
    3: $flatten\u_fft_core.\u_buffer_parallel2serial.$procmux$1966_CMP

  State encoding:
    0:     4'---1  <RESET STATE>
    1:     4'--1-
    2:     4'-1--
    3:     4'1---

  Transition Table (state_in, ctrl_in, state_out, ctrl_out):
      0:     0 6'-----0   ->     0 4'0001
      1:     0 6'11-0-1   ->     0 4'0001
      2:     0 6'10---1   ->     0 4'0001
      3:     0 6'0----1   ->     0 4'0001
      4:     0 6'11-1-1   ->     2 4'0001
      5:     1 6'-----0   ->     0 4'0100
      6:     1 6'0----1   ->     1 4'0100
      7:     1 6'1----1   ->     3 4'0100
      8:     2 6'-----0   ->     0 4'1000
      9:     2 6'1---11   ->     1 4'1000
     10:     2 6'1---01   ->     2 4'1000
     11:     2 6'0----1   ->     2 4'1000
     12:     3 6'-----0   ->     0 4'0010
     13:     3 6'1-1-01   ->     0 4'0010
     14:     3 6'1-0-01   ->     2 4'0010
     15:     3 6'1---11   ->     3 4'0010
     16:     3 6'0----1   ->     3 4'0010

-------------------------------------

74.8. Executing FSM_MAP pass (mapping FSMs to basic logic).
Mapping FSM `$fsm$\u_fft_core.u_buffer_parallel2serial.state$3631' from module `\top_chip'.

75. Executing OPT_EXPR pass (perform const folding).
Optimizing module top_chip.
<suppressed ~1 debug messages>

76. Executing OPT_MERGE pass (detect identical cells).
Finding identical cells in module `\top_chip'.
<suppressed ~12 debug messages>
Removed a total of 4 cells.

77. Executing OPT_MUXTREE pass (detect dead branches in mux trees).
Running muxtree optimizer on module \top_chip..
  Creating internal representation of mux trees.
  Evaluating internal representation of mux trees.
  Analyzing evaluation results.
Removed 0 multiplexer ports.
<suppressed ~377 debug messages>

78. Executing OPT_REDUCE pass (consolidate $*mux and $reduce_* inputs).
  Optimizing cells in module \top_chip.
Performed a total of 0 changes.

79. Executing OPT_MERGE pass (detect identical cells).
Finding identical cells in module `\top_chip'.
Removed a total of 0 cells.

80. Executing OPT_DFF pass (perform DFF optimizations).
Adding EN signal on $procdff$3186 ($adff) from module top_chip (D = $add$/home/designer/shared/FFT/parallel_fft/design/rtl/top_chip.v:77$9_Y, Q = \cnt_outputs).
Adding EN signal on $procdff$3181 ($adff) from module top_chip (D = $add$/home/designer/shared/FFT/parallel_fft/design/rtl/top_chip.v:76$8_Y, Q = \cnt_inputs).
Adding EN signal on $procdff$3176 ($adff) from module top_chip (D = 1'1, Q = \error_flags [0]).
Adding EN signal on $procdff$3176 ($adff) from module top_chip (D = \error_flags [7:1], Q = \error_flags [7:1]).
Handling D = Q on $auto$ff.cc:266:slice$3702 ($adffe) from module top_chip (removing D path).
Adding EN signal on $procdff$3171 ($adff) from module top_chip (D = \u_fft_core.u_buffer_parallel2serial.o_data_im, Q = \last_out_im).
Adding EN signal on $procdff$3166 ($adff) from module top_chip (D = \u_fft_core.u_buffer_parallel2serial.o_data_re, Q = \last_out_re).
Adding EN signal on $flatten\u_tx.$procdff$3513 ($adff) from module top_chip (D = \u_tx.next_shift, Q = \u_tx.current_shift).
Adding EN signal on $flatten\u_tx.$procdff$3508 ($adff) from module top_chip (D = \u_tx.next_cnt, Q = \u_tx.current_cnt).
Adding EN signal on $flatten\u_tx.$procdff$3503 ($adff) from module top_chip (D = \u_tx.next_state, Q = \u_tx.current_state).
Adding EN signal on $flatten\u_rx.$procdff$3488 ($adff) from module top_chip (D = { \u_rx.current_shift [14:0] \i_serial_rx }, Q = \u_rx.current_shift).
Adding EN signal on $flatten\u_rx.$procdff$3483 ($adff) from module top_chip (D = \u_rx.next_cnt, Q = \u_rx.current_cnt).
Adding EN signal on $flatten\u_rx.$procdff$3478 ($adff) from module top_chip (D = \u_rx.next_state, Q = \u_rx.current_state).
Adding EN signal on $flatten\u_rx.$procdff$3468 ($adff) from module top_chip (D = \u_rx.current_shift [7:0], Q = \u_rx.o_data_im).
Adding EN signal on $flatten\u_rx.$procdff$3463 ($adff) from module top_chip (D = \u_rx.current_shift [15:8], Q = \u_rx.o_data_re).
Adding SRST signal on $flatten\u_fft_core.\u_twiddle_interface.$procdff$3401 ($dff) from module top_chip (D = \u_fft_core.u_twiddle_interface.val_q, Q = \u_fft_core.u_twiddle_interface.val_2q, rval = 1'0).
Adding SRST signal on $flatten\u_fft_core.\u_twiddle_interface.$procdff$3400 ($dff) from module top_chip (D = \u_fft_core.u_fft4.valid_4q, Q = \u_fft_core.u_twiddle_interface.val_q, rval = 1'0).
Adding SRST signal on $flatten\u_fft_core.\u_twiddle_interface.$procdff$3399 ($dff) from module top_chip (D = $flatten\u_fft_core.\u_twiddle_interface.$procmux$1265_Y, Q = \u_fft_core.u_twiddle_interface.inv_q, rval = 1'0).
Adding EN signal on $auto$ff.cc:266:slice$3747 ($sdff) from module top_chip (D = \u_debug_sys.u_debug_unit.sys_config [1], Q = \u_fft_core.u_twiddle_interface.inv_q).
Adding SRST signal on $flatten\u_fft_core.\u_twiddle_interface.$procdff$3398 ($dff) from module top_chip (D = $flatten\u_fft_core.\u_twiddle_interface.$procmux$1273_Y, Q = \u_fft_core.u_twiddle_interface.cnt_q, rval = 3'000).
Adding EN signal on $auto$ff.cc:266:slice$3749 ($sdff) from module top_chip (D = $flatten\u_fft_core.\u_twiddle_interface.$procmux$1271_Y, Q = \u_fft_core.u_twiddle_interface.cnt_q).
Adding EN signal on $flatten\u_fft_core.\u_twiddle_interface.$procdff$3397 ($dff) from module top_chip (D = \u_fft_core.u_fft4.o_data3_im, Q = \u_fft_core.u_twiddle_interface.data3_im_q).
Adding EN signal on $flatten\u_fft_core.\u_twiddle_interface.$procdff$3396 ($dff) from module top_chip (D = \u_fft_core.u_fft4.o_data3_re, Q = \u_fft_core.u_twiddle_interface.data3_re_q).
Adding EN signal on $flatten\u_fft_core.\u_twiddle_interface.$procdff$3395 ($dff) from module top_chip (D = \u_fft_core.u_fft4.o_data2_im, Q = \u_fft_core.u_twiddle_interface.data2_im_q).
Adding EN signal on $flatten\u_fft_core.\u_twiddle_interface.$procdff$3394 ($dff) from module top_chip (D = \u_fft_core.u_fft4.o_data2_re, Q = \u_fft_core.u_twiddle_interface.data2_re_q).
Adding EN signal on $flatten\u_fft_core.\u_twiddle_interface.$procdff$3393 ($dff) from module top_chip (D = \u_fft_core.u_fft4.o_data1_im, Q = \u_fft_core.u_twiddle_interface.data1_im_q).
Adding EN signal on $flatten\u_fft_core.\u_twiddle_interface.$procdff$3392 ($dff) from module top_chip (D = \u_fft_core.u_fft4.o_data1_re, Q = \u_fft_core.u_twiddle_interface.data1_re_q).
Adding EN signal on $flatten\u_fft_core.\u_twiddle_interface.$procdff$3391 ($dff) from module top_chip (D = \u_fft_core.u_fft4.o_data0_im, Q = \u_fft_core.u_twiddle_interface.data0_im_q).
Adding EN signal on $flatten\u_fft_core.\u_twiddle_interface.$procdff$3390 ($dff) from module top_chip (D = \u_fft_core.u_fft4.o_data0_re, Q = \u_fft_core.u_twiddle_interface.data0_re_q).
Adding SRST signal on $flatten\u_fft_core.\u_twiddle_interface.$procdff$3387 ($dff) from module top_chip (D = $flatten\u_fft_core.\u_twiddle_interface.$procmux$1203_Y, Q = \u_fft_core.u_twiddle_interface.o_data3_im, rval = 8'00000000).
Adding EN signal on $auto$ff.cc:266:slice$3759 ($sdff) from module top_chip (D = \u_fft_core.u_twiddle_interface.u_mult_3.o_imag, Q = \u_fft_core.u_twiddle_interface.o_data3_im).
Adding SRST signal on $flatten\u_fft_core.\u_twiddle_interface.$procdff$3386 ($dff) from module top_chip (D = $flatten\u_fft_core.\u_twiddle_interface.$procmux$1208_Y, Q = \u_fft_core.u_twiddle_interface.o_data3_re, rval = 8'00000000).
Adding EN signal on $auto$ff.cc:266:slice$3761 ($sdff) from module top_chip (D = \u_fft_core.u_twiddle_interface.u_mult_3.o_real, Q = \u_fft_core.u_twiddle_interface.o_data3_re).
Adding SRST signal on $flatten\u_fft_core.\u_twiddle_interface.$procdff$3385 ($dff) from module top_chip (D = $flatten\u_fft_core.\u_twiddle_interface.$procmux$1213_Y, Q = \u_fft_core.u_twiddle_interface.o_data2_im, rval = 8'00000000).
Adding EN signal on $auto$ff.cc:266:slice$3763 ($sdff) from module top_chip (D = \u_fft_core.u_twiddle_interface.u_mult_2.o_imag, Q = \u_fft_core.u_twiddle_interface.o_data2_im).
Adding SRST signal on $flatten\u_fft_core.\u_twiddle_interface.$procdff$3384 ($dff) from module top_chip (D = $flatten\u_fft_core.\u_twiddle_interface.$procmux$1218_Y, Q = \u_fft_core.u_twiddle_interface.o_data2_re, rval = 8'00000000).
Adding EN signal on $auto$ff.cc:266:slice$3765 ($sdff) from module top_chip (D = \u_fft_core.u_twiddle_interface.u_mult_2.o_real, Q = \u_fft_core.u_twiddle_interface.o_data2_re).
Adding SRST signal on $flatten\u_fft_core.\u_twiddle_interface.$procdff$3383 ($dff) from module top_chip (D = $flatten\u_fft_core.\u_twiddle_interface.$procmux$1223_Y, Q = \u_fft_core.u_twiddle_interface.o_data1_im, rval = 8'00000000).
Adding EN signal on $auto$ff.cc:266:slice$3767 ($sdff) from module top_chip (D = \u_fft_core.u_twiddle_interface.u_mult_1.o_imag, Q = \u_fft_core.u_twiddle_interface.o_data1_im).
Adding SRST signal on $flatten\u_fft_core.\u_twiddle_interface.$procdff$3382 ($dff) from module top_chip (D = $flatten\u_fft_core.\u_twiddle_interface.$procmux$1228_Y, Q = \u_fft_core.u_twiddle_interface.o_data1_re, rval = 8'00000000).
Adding EN signal on $auto$ff.cc:266:slice$3769 ($sdff) from module top_chip (D = \u_fft_core.u_twiddle_interface.u_mult_1.o_real, Q = \u_fft_core.u_twiddle_interface.o_data1_re).
Adding SRST signal on $flatten\u_fft_core.\u_twiddle_interface.$procdff$3381 ($dff) from module top_chip (D = $flatten\u_fft_core.\u_twiddle_interface.$procmux$1233_Y, Q = \u_fft_core.u_twiddle_interface.o_data0_im, rval = 8'00000000).
Adding EN signal on $auto$ff.cc:266:slice$3771 ($sdff) from module top_chip (D = \u_fft_core.u_twiddle_interface.data0_im_2q, Q = \u_fft_core.u_twiddle_interface.o_data0_im).
Adding SRST signal on $flatten\u_fft_core.\u_twiddle_interface.$procdff$3380 ($dff) from module top_chip (D = $flatten\u_fft_core.\u_twiddle_interface.$procmux$1238_Y, Q = \u_fft_core.u_twiddle_interface.o_data0_re, rval = 8'00000000).
Adding EN signal on $auto$ff.cc:266:slice$3773 ($sdff) from module top_chip (D = \u_fft_core.u_twiddle_interface.data0_re_2q, Q = \u_fft_core.u_twiddle_interface.o_data0_re).
Adding SRST signal on $flatten\u_fft_core.\u_twiddle_interface.$procdff$3379 ($dff) from module top_chip (D = \u_fft_core.u_twiddle_interface.val_2q, Q = \u_fft_core.u_twiddle_interface.o_valid, rval = 1'0).
Adding EN signal on $flatten\u_fft_core.\u_shift_r4.$procdff$3339 ($dff) from module top_chip (D = { \u_fft_core.u_shift_r4.valid_q [23:0] \u_rx.o_valid }, Q = \u_fft_core.u_shift_r4.valid_q).
Adding EN signal on $flatten\u_fft_core.\u_shift_r4.$procdff$3338 ($dff) from module top_chip (D = { \u_fft_core.u_shift_r4.data_im_q [191:0] \u_rx.o_data_im }, Q = \u_fft_core.u_shift_r4.data_im_q).
Adding EN signal on $flatten\u_fft_core.\u_shift_r4.$procdff$3337 ($dff) from module top_chip (D = { \u_fft_core.u_shift_r4.data_re_q [191:0] \u_rx.o_data_re }, Q = \u_fft_core.u_shift_r4.data_re_q).
Adding EN signal on $flatten\u_fft_core.\u_shift_r2_fft3.$procdff$3404 ($dff) from module top_chip (D = { \u_fft_core.u_shift_r2_fft3.valid_q [3:0] \u_fft_core.u_twiddle_interface.o_valid }, Q = \u_fft_core.u_shift_r2_fft3.valid_q).
Adding EN signal on $flatten\u_fft_core.\u_shift_r2_fft3.$procdff$3403 ($dff) from module top_chip (D = { \u_fft_core.u_shift_r2_fft3.data_im_q [31:0] \u_fft_core.u_twiddle_interface.o_data3_im }, Q = \u_fft_core.u_shift_r2_fft3.data_im_q).
Adding EN signal on $flatten\u_fft_core.\u_shift_r2_fft3.$procdff$3402 ($dff) from module top_chip (D = { \u_fft_core.u_shift_r2_fft3.data_re_q [31:0] \u_fft_core.u_twiddle_interface.o_data3_re }, Q = \u_fft_core.u_shift_r2_fft3.data_re_q).
Adding EN signal on $flatten\u_fft_core.\u_shift_r2_fft2.$procdff$3404 ($dff) from module top_chip (D = { \u_fft_core.u_shift_r2_fft2.valid_q [3:0] \u_fft_core.u_twiddle_interface.o_valid }, Q = \u_fft_core.u_shift_r2_fft2.valid_q).
Adding EN signal on $flatten\u_fft_core.\u_shift_r2_fft2.$procdff$3403 ($dff) from module top_chip (D = { \u_fft_core.u_shift_r2_fft2.data_im_q [31:0] \u_fft_core.u_twiddle_interface.o_data2_im }, Q = \u_fft_core.u_shift_r2_fft2.data_im_q).
Adding EN signal on $flatten\u_fft_core.\u_shift_r2_fft2.$procdff$3402 ($dff) from module top_chip (D = { \u_fft_core.u_shift_r2_fft2.data_re_q [31:0] \u_fft_core.u_twiddle_interface.o_data2_re }, Q = \u_fft_core.u_shift_r2_fft2.data_re_q).
Adding EN signal on $flatten\u_fft_core.\u_shift_r2_fft1.$procdff$3404 ($dff) from module top_chip (D = { \u_fft_core.u_shift_r2_fft1.valid_q [3:0] \u_fft_core.u_twiddle_interface.o_valid }, Q = \u_fft_core.u_shift_r2_fft1.valid_q).
Adding EN signal on $flatten\u_fft_core.\u_shift_r2_fft1.$procdff$3403 ($dff) from module top_chip (D = { \u_fft_core.u_shift_r2_fft1.data_im_q [31:0] \u_fft_core.u_twiddle_interface.o_data1_im }, Q = \u_fft_core.u_shift_r2_fft1.data_im_q).
Adding EN signal on $flatten\u_fft_core.\u_shift_r2_fft1.$procdff$3402 ($dff) from module top_chip (D = { \u_fft_core.u_shift_r2_fft1.data_re_q [31:0] \u_fft_core.u_twiddle_interface.o_data1_re }, Q = \u_fft_core.u_shift_r2_fft1.data_re_q).
Adding EN signal on $flatten\u_fft_core.\u_shift_r2_fft0.$procdff$3404 ($dff) from module top_chip (D = { \u_fft_core.u_shift_r2_fft0.valid_q [3:0] \u_fft_core.u_twiddle_interface.o_valid }, Q = \u_fft_core.u_shift_r2_fft0.valid_q).
Adding EN signal on $flatten\u_fft_core.\u_shift_r2_fft0.$procdff$3403 ($dff) from module top_chip (D = { \u_fft_core.u_shift_r2_fft0.data_im_q [31:0] \u_fft_core.u_twiddle_interface.o_data0_im }, Q = \u_fft_core.u_shift_r2_fft0.data_im_q).
Adding EN signal on $flatten\u_fft_core.\u_shift_r2_fft0.$procdff$3402 ($dff) from module top_chip (D = { \u_fft_core.u_shift_r2_fft0.data_re_q [31:0] \u_fft_core.u_twiddle_interface.o_data0_re }, Q = \u_fft_core.u_shift_r2_fft0.data_re_q).
Adding SRST signal on $flatten\u_fft_core.\u_fft8_mdc3.\u_mdc8p_stage1.$procdff$3229 ($dff) from module top_chip (D = $flatten\u_fft_core.\u_fft8_mdc3.\u_mdc8p_stage1.$add$/home/designer/shared/FFT/parallel_fft/design/rtl/fft_mdc_8p/stages/mdc8p_stage1.v:86$506_Y, Q = \u_fft_core.u_fft8_mdc3.u_mdc8p_stage1.r_count, rval = 2'00).
Adding SRST signal on $flatten\u_fft_core.\u_fft8_mdc2.\u_mdc8p_stage1.$procdff$3229 ($dff) from module top_chip (D = $flatten\u_fft_core.\u_fft8_mdc2.\u_mdc8p_stage1.$add$/home/designer/shared/FFT/parallel_fft/design/rtl/fft_mdc_8p/stages/mdc8p_stage1.v:86$506_Y, Q = \u_fft_core.u_fft8_mdc2.u_mdc8p_stage1.r_count, rval = 2'00).
Adding SRST signal on $flatten\u_fft_core.\u_fft8_mdc1.\u_mdc8p_stage1.$procdff$3229 ($dff) from module top_chip (D = $flatten\u_fft_core.\u_fft8_mdc1.\u_mdc8p_stage1.$add$/home/designer/shared/FFT/parallel_fft/design/rtl/fft_mdc_8p/stages/mdc8p_stage1.v:86$506_Y, Q = \u_fft_core.u_fft8_mdc1.u_mdc8p_stage1.r_count, rval = 2'00).
Adding SRST signal on $flatten\u_fft_core.\u_fft8_mdc0.\u_mdc8p_stage1.$procdff$3229 ($dff) from module top_chip (D = $flatten\u_fft_core.\u_fft8_mdc0.\u_mdc8p_stage1.$add$/home/designer/shared/FFT/parallel_fft/design/rtl/fft_mdc_8p/stages/mdc8p_stage1.v:86$506_Y, Q = \u_fft_core.u_fft8_mdc0.u_mdc8p_stage1.r_count, rval = 2'00).
Adding SRST signal on $flatten\u_fft_core.\u_fft4.$procdff$3378 ($dff) from module top_chip (D = $flatten\u_fft_core.\u_fft4.$procmux$1170_Y, Q = \u_fft_core.u_fft4.inv_2q, rval = 1'0).
Adding EN signal on $auto$ff.cc:266:slice$3803 ($sdff) from module top_chip (D = \u_fft_core.u_fft4.inv_q, Q = \u_fft_core.u_fft4.inv_2q).
Adding SRST signal on $flatten\u_fft_core.\u_fft4.$procdff$3377 ($dff) from module top_chip (D = $flatten\u_fft_core.\u_fft4.$procmux$1175_Y, Q = \u_fft_core.u_fft4.valid_4q, rval = 1'0).
Adding EN signal on $auto$ff.cc:266:slice$3805 ($sdff) from module top_chip (D = \u_fft_core.u_fft4.valid_3q, Q = \u_fft_core.u_fft4.valid_4q).
Adding SRST signal on $flatten\u_fft_core.\u_fft4.$procdff$3376 ($dff) from module top_chip (D = $flatten\u_fft_core.\u_fft4.$procmux$1180_Y, Q = \u_fft_core.u_fft4.valid_3q, rval = 1'0).
Adding EN signal on $auto$ff.cc:266:slice$3807 ($sdff) from module top_chip (D = \u_fft_core.u_fft4.valid_2q, Q = \u_fft_core.u_fft4.valid_3q).
Adding SRST signal on $flatten\u_fft_core.\u_fft4.$procdff$3375 ($dff) from module top_chip (D = $flatten\u_fft_core.\u_fft4.$procmux$1185_Y, Q = \u_fft_core.u_fft4.valid_2q, rval = 1'0).
Adding EN signal on $auto$ff.cc:266:slice$3809 ($sdff) from module top_chip (D = \u_fft_core.u_fft4.valid_q, Q = \u_fft_core.u_fft4.valid_2q).
Adding SRST signal on $flatten\u_fft_core.\u_fft4.$procdff$3374 ($dff) from module top_chip (D = $flatten\u_fft_core.\u_fft4.$procmux$1190_Y, Q = \u_fft_core.u_fft4.inv_q, rval = 1'0).
Adding EN signal on $auto$ff.cc:266:slice$3811 ($sdff) from module top_chip (D = \u_debug_sys.u_debug_unit.sys_config [1], Q = \u_fft_core.u_fft4.inv_q).
Adding SRST signal on $flatten\u_fft_core.\u_fft4.$procdff$3373 ($dff) from module top_chip (D = $flatten\u_fft_core.\u_fft4.$procmux$1195_Y, Q = \u_fft_core.u_fft4.valid_q, rval = 1'0).
Adding EN signal on $auto$ff.cc:266:slice$3813 ($sdff) from module top_chip (D = \u_fft_core.u_shift_r4.valid_q [24], Q = \u_fft_core.u_fft4.valid_q).
Adding EN signal on $flatten\u_fft_core.\u_fft4.$procdff$3372 ($dff) from module top_chip (D = \u_fft_core.u_shift_r4.data_im_q [7:0], Q = \u_fft_core.u_fft4.r_x3_im).
Adding EN signal on $flatten\u_fft_core.\u_fft4.$procdff$3371 ($dff) from module top_chip (D = \u_fft_core.u_shift_r4.data_re_q [7:0], Q = \u_fft_core.u_fft4.r_x3_re).
Adding EN signal on $flatten\u_fft_core.\u_fft4.$procdff$3370 ($dff) from module top_chip (D = \u_fft_core.u_shift_r4.data_im_q [71:64], Q = \u_fft_core.u_fft4.r_x2_im).
Adding EN signal on $flatten\u_fft_core.\u_fft4.$procdff$3369 ($dff) from module top_chip (D = \u_fft_core.u_shift_r4.data_re_q [71:64], Q = \u_fft_core.u_fft4.r_x2_re).
Adding EN signal on $flatten\u_fft_core.\u_fft4.$procdff$3368 ($dff) from module top_chip (D = \u_fft_core.u_shift_r4.data_im_q [135:128], Q = \u_fft_core.u_fft4.r_x1_im).
Adding EN signal on $flatten\u_fft_core.\u_fft4.$procdff$3367 ($dff) from module top_chip (D = \u_fft_core.u_shift_r4.data_re_q [135:128], Q = \u_fft_core.u_fft4.r_x1_re).
Adding EN signal on $flatten\u_fft_core.\u_fft4.$procdff$3366 ($dff) from module top_chip (D = \u_fft_core.u_shift_r4.data_im_q [199:192], Q = \u_fft_core.u_fft4.r_x0_im).
Adding EN signal on $flatten\u_fft_core.\u_fft4.$procdff$3365 ($dff) from module top_chip (D = \u_fft_core.u_shift_r4.data_re_q [199:192], Q = \u_fft_core.u_fft4.r_x0_re).
Adding EN signal on $flatten\u_fft_core.\u_fft4.$procdff$3364 ($dff) from module top_chip (D = $flatten\u_fft_core.\u_fft4.$sub$/home/designer/shared/FFT/parallel_fft/design/rtl/fft4.v:112$425_Y, Q = \u_fft_core.u_fft4.s1_od_sub_im).
Adding EN signal on $flatten\u_fft_core.\u_fft4.$procdff$3363 ($dff) from module top_chip (D = $flatten\u_fft_core.\u_fft4.$sub$/home/designer/shared/FFT/parallel_fft/design/rtl/fft4.v:111$424_Y, Q = \u_fft_core.u_fft4.s1_od_sub_re).
Adding EN signal on $flatten\u_fft_core.\u_fft4.$procdff$3362 ($dff) from module top_chip (D = $flatten\u_fft_core.\u_fft4.$add$/home/designer/shared/FFT/parallel_fft/design/rtl/fft4.v:110$423_Y, Q = \u_fft_core.u_fft4.s1_od_sum_im).
Adding EN signal on $flatten\u_fft_core.\u_fft4.$procdff$3361 ($dff) from module top_chip (D = $flatten\u_fft_core.\u_fft4.$add$/home/designer/shared/FFT/parallel_fft/design/rtl/fft4.v:109$422_Y, Q = \u_fft_core.u_fft4.s1_od_sum_re).
Adding EN signal on $flatten\u_fft_core.\u_fft4.$procdff$3360 ($dff) from module top_chip (D = $flatten\u_fft_core.\u_fft4.$sub$/home/designer/shared/FFT/parallel_fft/design/rtl/fft4.v:107$421_Y, Q = \u_fft_core.u_fft4.s1_ev_sub_im).
Adding EN signal on $flatten\u_fft_core.\u_fft4.$procdff$3359 ($dff) from module top_chip (D = $flatten\u_fft_core.\u_fft4.$sub$/home/designer/shared/FFT/parallel_fft/design/rtl/fft4.v:106$420_Y, Q = \u_fft_core.u_fft4.s1_ev_sub_re).
Adding EN signal on $flatten\u_fft_core.\u_fft4.$procdff$3358 ($dff) from module top_chip (D = $flatten\u_fft_core.\u_fft4.$add$/home/designer/shared/FFT/parallel_fft/design/rtl/fft4.v:105$419_Y, Q = \u_fft_core.u_fft4.s1_ev_sum_im).
Adding EN signal on $flatten\u_fft_core.\u_fft4.$procdff$3357 ($dff) from module top_chip (D = $flatten\u_fft_core.\u_fft4.$add$/home/designer/shared/FFT/parallel_fft/design/rtl/fft4.v:104$418_Y, Q = \u_fft_core.u_fft4.s1_ev_sum_re).
Adding EN signal on $flatten\u_fft_core.\u_fft4.$procdff$3356 ($dff) from module top_chip (D = $flatten\u_fft_core.\u_fft4.$procmux$1111_Y, Q = \u_fft_core.u_fft4.s2_x3_im).
Adding EN signal on $flatten\u_fft_core.\u_fft4.$procdff$3355 ($dff) from module top_chip (D = $flatten\u_fft_core.\u_fft4.$procmux$1116_Y, Q = \u_fft_core.u_fft4.s2_x3_re).
Adding EN signal on $flatten\u_fft_core.\u_fft4.$procdff$3354 ($dff) from module top_chip (D = $flatten\u_fft_core.\u_fft4.$sub$/home/designer/shared/FFT/parallel_fft/design/rtl/fft4.v:121$431_Y, Q = \u_fft_core.u_fft4.s2_x2_im).
Adding EN signal on $flatten\u_fft_core.\u_fft4.$procdff$3353 ($dff) from module top_chip (D = $flatten\u_fft_core.\u_fft4.$sub$/home/designer/shared/FFT/parallel_fft/design/rtl/fft4.v:120$430_Y, Q = \u_fft_core.u_fft4.s2_x2_re).
Adding EN signal on $flatten\u_fft_core.\u_fft4.$procdff$3352 ($dff) from module top_chip (D = $flatten\u_fft_core.\u_fft4.$procmux$1125_Y, Q = \u_fft_core.u_fft4.s2_x1_im).
Adding EN signal on $flatten\u_fft_core.\u_fft4.$procdff$3351 ($dff) from module top_chip (D = $flatten\u_fft_core.\u_fft4.$procmux$1130_Y, Q = \u_fft_core.u_fft4.s2_x1_re).
Adding EN signal on $flatten\u_fft_core.\u_fft4.$procdff$3350 ($dff) from module top_chip (D = $flatten\u_fft_core.\u_fft4.$add$/home/designer/shared/FFT/parallel_fft/design/rtl/fft4.v:119$429_Y, Q = \u_fft_core.u_fft4.s2_x0_im).
Adding EN signal on $flatten\u_fft_core.\u_fft4.$procdff$3349 ($dff) from module top_chip (D = $flatten\u_fft_core.\u_fft4.$add$/home/designer/shared/FFT/parallel_fft/design/rtl/fft4.v:118$428_Y, Q = \u_fft_core.u_fft4.s2_x0_re).
Adding SRST signal on $flatten\u_fft_core.\u_fft4.$procdff$3348 ($dff) from module top_chip (D = $flatten\u_fft_core.\u_fft4.$procmux$1070_Y, Q = \u_fft_core.u_fft4.o_data3_im, rval = 8'00000000).
Adding EN signal on $auto$ff.cc:266:slice$3839 ($sdff) from module top_chip (D = \u_fft_core.u_fft4.w_out3_im, Q = \u_fft_core.u_fft4.o_data3_im).
Adding SRST signal on $flatten\u_fft_core.\u_fft4.$procdff$3347 ($dff) from module top_chip (D = $flatten\u_fft_core.\u_fft4.$procmux$1075_Y, Q = \u_fft_core.u_fft4.o_data3_re, rval = 8'00000000).
Adding EN signal on $auto$ff.cc:266:slice$3841 ($sdff) from module top_chip (D = \u_fft_core.u_fft4.w_out3_re, Q = \u_fft_core.u_fft4.o_data3_re).
Adding SRST signal on $flatten\u_fft_core.\u_fft4.$procdff$3346 ($dff) from module top_chip (D = $flatten\u_fft_core.\u_fft4.$procmux$1080_Y, Q = \u_fft_core.u_fft4.o_data2_im, rval = 8'00000000).
Adding EN signal on $auto$ff.cc:266:slice$3843 ($sdff) from module top_chip (D = \u_fft_core.u_fft4.w_out2_im, Q = \u_fft_core.u_fft4.o_data2_im).
Adding SRST signal on $flatten\u_fft_core.\u_fft4.$procdff$3345 ($dff) from module top_chip (D = $flatten\u_fft_core.\u_fft4.$procmux$1085_Y, Q = \u_fft_core.u_fft4.o_data2_re, rval = 8'00000000).
Adding EN signal on $auto$ff.cc:266:slice$3845 ($sdff) from module top_chip (D = \u_fft_core.u_fft4.w_out2_re, Q = \u_fft_core.u_fft4.o_data2_re).
Adding SRST signal on $flatten\u_fft_core.\u_fft4.$procdff$3344 ($dff) from module top_chip (D = $flatten\u_fft_core.\u_fft4.$procmux$1090_Y, Q = \u_fft_core.u_fft4.o_data1_im, rval = 8'00000000).
Adding EN signal on $auto$ff.cc:266:slice$3847 ($sdff) from module top_chip (D = \u_fft_core.u_fft4.w_out1_im, Q = \u_fft_core.u_fft4.o_data1_im).
Adding SRST signal on $flatten\u_fft_core.\u_fft4.$procdff$3343 ($dff) from module top_chip (D = $flatten\u_fft_core.\u_fft4.$procmux$1095_Y, Q = \u_fft_core.u_fft4.o_data1_re, rval = 8'00000000).
Adding EN signal on $auto$ff.cc:266:slice$3849 ($sdff) from module top_chip (D = \u_fft_core.u_fft4.w_out1_re, Q = \u_fft_core.u_fft4.o_data1_re).
Adding SRST signal on $flatten\u_fft_core.\u_fft4.$procdff$3342 ($dff) from module top_chip (D = $flatten\u_fft_core.\u_fft4.$procmux$1100_Y, Q = \u_fft_core.u_fft4.o_data0_im, rval = 8'00000000).
Adding EN signal on $auto$ff.cc:266:slice$3851 ($sdff) from module top_chip (D = \u_fft_core.u_fft4.w_out0_im, Q = \u_fft_core.u_fft4.o_data0_im).
Adding SRST signal on $flatten\u_fft_core.\u_fft4.$procdff$3341 ($dff) from module top_chip (D = $flatten\u_fft_core.\u_fft4.$procmux$1105_Y, Q = \u_fft_core.u_fft4.o_data0_re, rval = 8'00000000).
Adding EN signal on $auto$ff.cc:266:slice$3853 ($sdff) from module top_chip (D = \u_fft_core.u_fft4.w_out0_re, Q = \u_fft_core.u_fft4.o_data0_re).
Adding SRST signal on $flatten\u_fft_core.\u_buffer_parallel2serial.$procdff$3410 ($dff) from module top_chip (D = $flatten\u_fft_core.\u_buffer_parallel2serial.$procmux$2937_Y, Q = \u_fft_core.u_buffer_parallel2serial.read_ptr, rval = 5'00000).
Adding EN signal on $auto$ff.cc:266:slice$3855 ($sdff) from module top_chip (D = $flatten\u_fft_core.\u_buffer_parallel2serial.$procmux$2928_Y, Q = \u_fft_core.u_buffer_parallel2serial.read_ptr).
Adding SRST signal on $flatten\u_fft_core.\u_buffer_parallel2serial.$procdff$3409 ($dff) from module top_chip (D = $flatten\u_fft_core.\u_buffer_parallel2serial.$procmux$2954_Y, Q = \u_fft_core.u_buffer_parallel2serial.batch_count, rval = 2'00).
Adding EN signal on $auto$ff.cc:266:slice$3867 ($sdff) from module top_chip (D = $flatten\u_fft_core.\u_buffer_parallel2serial.$procmux$2948_Y, Q = \u_fft_core.u_buffer_parallel2serial.batch_count).
Adding SRST signal on $flatten\u_fft_core.\u_buffer_parallel2serial.$procdff$3407 ($dff) from module top_chip (D = $flatten\u_fft_core.\u_buffer_parallel2serial.$procmux$2989_Y, Q = \u_fft_core.u_buffer_parallel2serial.o_valid, rval = 1'0).
Adding EN signal on $auto$ff.cc:266:slice$3871 ($sdff) from module top_chip (D = $flatten\u_fft_core.\u_buffer_parallel2serial.$procmux$2984_Y, Q = \u_fft_core.u_buffer_parallel2serial.o_valid).
Adding EN signal on $flatten\u_fft_core.\u_buffer_parallel2serial.$procdff$3406 ($dff) from module top_chip (D = $flatten\u_fft_core.\u_buffer_parallel2serial.$memrd$\mem_im$/home/designer/shared/FFT/parallel_fft/design/rtl/buffer_parallel2serial.v:92$303_DATA, Q = \u_fft_core.u_buffer_parallel2serial.o_data_im).
Adding EN signal on $flatten\u_fft_core.\u_buffer_parallel2serial.$procdff$3405 ($dff) from module top_chip (D = $flatten\u_fft_core.\u_buffer_parallel2serial.$memrd$\mem_re$/home/designer/shared/FFT/parallel_fft/design/rtl/buffer_parallel2serial.v:91$302_DATA, Q = \u_fft_core.u_buffer_parallel2serial.o_data_re).
Adding EN signal on $flatten\u_debug_sys.\u_spi_slave.$procdff$3331 ($dff) from module top_chip (D = { \u_debug_sys.u_spi_slave.rx_shift [14:0] \i_spi_mosi }, Q = \u_debug_sys.u_spi_slave.next_rx).
Adding EN signal on $flatten\u_debug_sys.\u_spi_slave.$procdff$3324 ($adff) from module top_chip (D = $flatten\u_debug_sys.\u_spi_slave.$not$/home/designer/shared/FFT/parallel_fft/design/rtl/debug_unit/spi_slave_mode0.v:93$452_Y, Q = \u_debug_sys.u_spi_slave.rd_toggle).
Adding EN signal on $flatten\u_debug_sys.\u_spi_slave.$procdff$3284 ($adff) from module top_chip (D = \u_debug_sys.u_spi_slave.next_rx [7:0], Q = \u_debug_sys.u_spi_slave.data_out).
Adding EN signal on $flatten\u_debug_sys.\u_spi_slave.$procdff$3279 ($adff) from module top_chip (D = $flatten\u_debug_sys.\u_spi_slave.$procmux$822_Y, Q = \u_debug_sys.u_spi_slave.addr_out).
Adding EN signal on $flatten\u_debug_sys.\u_spi_slave.$procdff$3274 ($adff) from module top_chip (D = $flatten\u_debug_sys.\u_spi_slave.$0\rd_toggle_q[0:0], Q = \u_debug_sys.u_spi_slave.rd_toggle_q).
Adding EN signal on $flatten\u_debug_sys.\u_spi_slave.$procdff$3264 ($adff) from module top_chip (D = $flatten\u_debug_sys.\u_spi_slave.$0\tx_cnt[2:0], Q = \u_debug_sys.u_spi_slave.tx_cnt).
Adding EN signal on $flatten\u_debug_sys.\u_spi_slave.$procdff$3259 ($adff) from module top_chip (D = $flatten\u_debug_sys.\u_spi_slave.$0\tx_shift[15:0], Q = \u_debug_sys.u_spi_slave.tx_shift).
Adding EN signal on $flatten\u_debug_sys.\u_debug_unit.\u_cdc_status_flags.$procdff$3249 ($adff) from module top_chip (D = { 4'0000 \u_debug_sys.u_debug_unit.sys_config [1] \u_fft_core.u_buffer_parallel2serial.i_tx_ready \u_fft_core.u_buffer_parallel2serial.o_valid \u_rx.o_valid }, Q = \u_debug_sys.u_debug_unit.u_cdc_status_flags.data_out).
Adding EN signal on $flatten\u_debug_sys.\u_debug_unit.\u_cdc_mid_data_re.$procdff$3249 ($adff) from module top_chip (D = \u_fft_core.u_twiddle_interface.o_data0_re, Q = \u_debug_sys.u_debug_unit.u_cdc_mid_data_re.data_out).
Adding EN signal on $flatten\u_debug_sys.\u_debug_unit.\u_cdc_last_out_re.$procdff$3249 ($adff) from module top_chip (D = \last_out_re, Q = \u_debug_sys.u_debug_unit.u_cdc_last_out_re.data_out).
Adding EN signal on $flatten\u_debug_sys.\u_debug_unit.\u_cdc_last_out_im.$procdff$3249 ($adff) from module top_chip (D = \last_out_im, Q = \u_debug_sys.u_debug_unit.u_cdc_last_out_im.data_out).
Adding EN signal on $flatten\u_debug_sys.\u_debug_unit.\u_cdc_error_flags.$procdff$3249 ($adff) from module top_chip (D = \error_flags, Q = \u_debug_sys.u_debug_unit.u_cdc_error_flags.data_out).
Adding EN signal on $flatten\u_debug_sys.\u_debug_unit.\u_cdc_cnt_outputs.$procdff$3249 ($adff) from module top_chip (D = \cnt_outputs, Q = \u_debug_sys.u_debug_unit.u_cdc_cnt_outputs.data_out).
Adding EN signal on $flatten\u_debug_sys.\u_debug_unit.\u_cdc_cnt_inputs.$procdff$3249 ($adff) from module top_chip (D = \cnt_inputs, Q = \u_debug_sys.u_debug_unit.u_cdc_cnt_inputs.data_out).
Adding EN signal on $flatten\u_debug_sys.\u_debug_unit.$procdff$3336 ($adff) from module top_chip (D = \u_debug_sys.u_spi_slave.data_out [2:0], Q = \u_debug_sys.u_debug_unit.sys_config).
Setting constant 0-bit at position 0 on $auto$ff.cc:266:slice$3702 ($dlatch) from module top_chip.
Setting constant 0-bit at position 1 on $auto$ff.cc:266:slice$3702 ($dlatch) from module top_chip.
Setting constant 0-bit at position 2 on $auto$ff.cc:266:slice$3702 ($dlatch) from module top_chip.
Setting constant 0-bit at position 3 on $auto$ff.cc:266:slice$3702 ($dlatch) from module top_chip.
Setting constant 0-bit at position 4 on $auto$ff.cc:266:slice$3702 ($dlatch) from module top_chip.
Setting constant 0-bit at position 5 on $auto$ff.cc:266:slice$3702 ($dlatch) from module top_chip.
Setting constant 0-bit at position 6 on $auto$ff.cc:266:slice$3702 ($dlatch) from module top_chip.
Setting constant 0-bit at position 4 on $auto$ff.cc:266:slice$3918 ($adffe) from module top_chip.
Setting constant 0-bit at position 5 on $auto$ff.cc:266:slice$3918 ($adffe) from module top_chip.
Setting constant 0-bit at position 6 on $auto$ff.cc:266:slice$3918 ($adffe) from module top_chip.
Setting constant 0-bit at position 7 on $auto$ff.cc:266:slice$3918 ($adffe) from module top_chip.

81. Executing OPT_CLEAN pass (remove unused cells and wires).
Finding unused cells or wires in module \top_chip..
Removed 234 unused cells and 161 unused wires.
<suppressed ~236 debug messages>

82. Executing OPT_EXPR pass (perform const folding).
Optimizing module top_chip.
<suppressed ~8 debug messages>

83. Rerunning OPT passes. (Maybe there is more to do…)

84. Executing OPT_MUXTREE pass (detect dead branches in mux trees).
Running muxtree optimizer on module \top_chip..
  Creating internal representation of mux trees.
  Evaluating internal representation of mux trees.
  Analyzing evaluation results.
Removed 0 multiplexer ports.
<suppressed ~207 debug messages>

85. Executing OPT_REDUCE pass (consolidate $*mux and $reduce_* inputs).
  Optimizing cells in module \top_chip.
Performed a total of 0 changes.

86. Executing OPT_MERGE pass (detect identical cells).
Finding identical cells in module `\top_chip'.
<suppressed ~24 debug messages>
Removed a total of 8 cells.

87. Executing OPT_DFF pass (perform DFF optimizations).
Setting constant 0-bit at position 1 on $auto$ff.cc:266:slice$3922 ($adffe) from module top_chip.
Setting constant 0-bit at position 2 on $auto$ff.cc:266:slice$3922 ($adffe) from module top_chip.
Setting constant 0-bit at position 3 on $auto$ff.cc:266:slice$3922 ($adffe) from module top_chip.
Setting constant 0-bit at position 4 on $auto$ff.cc:266:slice$3922 ($adffe) from module top_chip.
Setting constant 0-bit at position 5 on $auto$ff.cc:266:slice$3922 ($adffe) from module top_chip.
Setting constant 0-bit at position 6 on $auto$ff.cc:266:slice$3922 ($adffe) from module top_chip.
Setting constant 0-bit at position 7 on $auto$ff.cc:266:slice$3922 ($adffe) from module top_chip.

88. Executing OPT_CLEAN pass (remove unused cells and wires).
Finding unused cells or wires in module \top_chip..
Removed 0 unused cells and 8 unused wires.
<suppressed ~1 debug messages>

89. Executing OPT_EXPR pass (perform const folding).
Optimizing module top_chip.

90. Rerunning OPT passes. (Maybe there is more to do…)

91. Executing OPT_MUXTREE pass (detect dead branches in mux trees).
Running muxtree optimizer on module \top_chip..
  Creating internal representation of mux trees.
  Evaluating internal representation of mux trees.
  Analyzing evaluation results.
Removed 0 multiplexer ports.
<suppressed ~207 debug messages>

92. Executing OPT_REDUCE pass (consolidate $*mux and $reduce_* inputs).
  Optimizing cells in module \top_chip.
Performed a total of 0 changes.

93. Executing OPT_MERGE pass (detect identical cells).
Finding identical cells in module `\top_chip'.
Removed a total of 0 cells.

94. Executing OPT_DFF pass (perform DFF optimizations).

95. Executing OPT_CLEAN pass (remove unused cells and wires).
Finding unused cells or wires in module \top_chip..

96. Executing OPT_EXPR pass (perform const folding).
Optimizing module top_chip.

97. Executing WREDUCE pass (reducing word size of cells).
Removed top 1 bits (of 8) from port B of cell top_chip.$eq$/home/designer/shared/FFT/parallel_fft/design/rtl/top_chip.v:88$10 ($eq).
Removed top 1 bits (of 8) from port B of cell top_chip.$eq$/home/designer/shared/FFT/parallel_fft/design/rtl/top_chip.v:88$13 ($eq).
Removed top 1 bits (of 2) from port B of cell top_chip.$flatten\u_rx.$procmux$3018_CMP0 ($eq).
Removed top 31 bits (of 32) from port B of cell top_chip.$flatten\u_rx.$add$/home/designer/shared/FFT/parallel_fft/design/rtl/common_modules/rx_serializer.v:87$42 ($add).
Removed top 27 bits (of 32) from port Y of cell top_chip.$flatten\u_rx.$add$/home/designer/shared/FFT/parallel_fft/design/rtl/common_modules/rx_serializer.v:87$42 ($add).
Removed top 1 bits (of 5) from port B of cell top_chip.$flatten\u_rx.$eq$/home/designer/shared/FFT/parallel_fft/design/rtl/common_modules/rx_serializer.v:83$41 ($eq).
Removed top 1 bits (of 2) from port B of cell top_chip.$auto$opt_dff.cc:195:make_patterns_logic$3711 ($ne).
Removed top 1 bits (of 2) from port B of cell top_chip.$auto$fsm_map.cc:77:implement_pattern_cache$3691 ($eq).
Removed top 1 bits (of 2) from port B of cell top_chip.$auto$opt_dff.cc:195:make_patterns_logic$3738 ($ne).
Removed top 1 bits (of 2) from port B of cell top_chip.$auto$opt_dff.cc:195:make_patterns_logic$3740 ($ne).
Removed top 1 bits (of 2) from port B of cell top_chip.$auto$opt_dff.cc:195:make_patterns_logic$3725 ($ne).
Removed top 2 bits (of 4) from port B of cell top_chip.$auto$opt_dff.cc:195:make_patterns_logic$3908 ($ne).
Removed top 30 bits (of 32) from port B of cell top_chip.$flatten\u_fft_core.\u_fft8_mdc3.\u_mdc8p_stage1.\ds_switch_stage1.$lt$/home/designer/shared/FFT/parallel_fft/design/rtl/common_modules/ds_switch.v:120$530 ($lt).
Removed top 3 bits (of 4) from port B of cell top_chip.$flatten\u_fft_core.\u_fft8_mdc3.\u_mdc8p_stage1.\ds_switch_stage1.$add$/home/designer/shared/FFT/parallel_fft/design/rtl/common_modules/ds_switch.v:120$531 ($add).
Removed top 1 bits (of 2) from port B of cell top_chip.$flatten\u_fft_core.\u_fft8_mdc3.\u_mdc8p_stage1.\ds_switch_stage1.$eq$/home/designer/shared/FFT/parallel_fft/design/rtl/common_modules/ds_switch.v:135$533 ($eq).
Removed top 8 bits (of 9) from port B of cell top_chip.$flatten\u_fft_core.\u_fft8_mdc3.\u_mdc8p_stage1.\u_btfly2.$add$/home/designer/shared/FFT/parallel_fft/design/rtl/common_modules/btfly_2.v:23$563 ($add).
Removed top 8 bits (of 9) from port B of cell top_chip.$flatten\u_fft_core.\u_fft8_mdc3.\u_mdc8p_stage1.\u_btfly2.$add$/home/designer/shared/FFT/parallel_fft/design/rtl/common_modules/btfly_2.v:24$565 ($add).
Converting cell top_chip.$flatten\u_fft_core.\u_fft8_mdc3.\u_mdc8p_stage1.\u_btfly2.$add$/home/designer/shared/FFT/parallel_fft/design/rtl/common_modules/btfly_2.v:27$566 ($add) from unsigned to signed.
Removed top 1 bits (of 9) from port A of cell top_chip.$flatten\u_fft_core.\u_fft8_mdc3.\u_mdc8p_stage1.\u_btfly2.$add$/home/designer/shared/FFT/parallel_fft/design/rtl/common_modules/btfly_2.v:27$566 ($add).
Removed top 1 bits (of 9) from port B of cell top_chip.$flatten\u_fft_core.\u_fft8_mdc3.\u_mdc8p_stage1.\u_btfly2.$add$/home/designer/shared/FFT/parallel_fft/design/rtl/common_modules/btfly_2.v:27$566 ($add).
Converting cell top_chip.$flatten\u_fft_core.\u_fft8_mdc3.\u_mdc8p_stage1.\u_btfly2.$add$/home/designer/shared/FFT/parallel_fft/design/rtl/common_modules/btfly_2.v:28$567 ($add) from unsigned to signed.
Removed top 1 bits (of 9) from port A of cell top_chip.$flatten\u_fft_core.\u_fft8_mdc3.\u_mdc8p_stage1.\u_btfly2.$add$/home/designer/shared/FFT/parallel_fft/design/rtl/common_modules/btfly_2.v:28$567 ($add).
Removed top 1 bits (of 9) from port B of cell top_chip.$flatten\u_fft_core.\u_fft8_mdc3.\u_mdc8p_stage1.\u_btfly2.$add$/home/designer/shared/FFT/parallel_fft/design/rtl/common_modules/btfly_2.v:28$567 ($add).
Removed top 1 bits (of 2) from port B of cell top_chip.$flatten\u_fft_core.\u_fft8_mdc3.\u_mdc8p_stage1.$procmux$692_CMP0 ($eq).
Removed top 1 bits (of 2) from port B of cell top_chip.$flatten\u_fft_core.\u_fft8_mdc3.\u_mdc8p_stage1.\ds_switch_stage1.$lt$/home/designer/shared/FFT/parallel_fft/design/rtl/common_modules/ds_switch.v:64$521 ($lt).
Removed top 1 bits (of 2) from port B of cell top_chip.$flatten\u_fft_core.\u_fft8_mdc3.\u_mdc8p_stage1.$add$/home/designer/shared/FFT/parallel_fft/design/rtl/fft_mdc_8p/stages/mdc8p_stage1.v:86$506 ($add).
Removed top 30 bits (of 32) from port B of cell top_chip.$flatten\u_fft_core.\u_fft8_mdc3.\u_mdc8p_stage2.\ds_switch_stage1.$lt$/home/designer/shared/FFT/parallel_fft/design/rtl/common_modules/ds_switch.v:120$580 ($lt).
Removed top 3 bits (of 4) from port B of cell top_chip.$flatten\u_fft_core.\u_fft8_mdc3.\u_mdc8p_stage2.\ds_switch_stage1.$add$/home/designer/shared/FFT/parallel_fft/design/rtl/common_modules/ds_switch.v:120$581 ($add).
Removed top 10 bits (of 11) from port B of cell top_chip.$flatten\u_fft_core.\u_fft8_mdc3.\u_mdc8p_stage2.\u_btfly2.$add$/home/designer/shared/FFT/parallel_fft/design/rtl/common_modules/btfly_2.v:23$592 ($add).
Removed top 10 bits (of 11) from port B of cell top_chip.$flatten\u_fft_core.\u_fft8_mdc3.\u_mdc8p_stage2.\u_btfly2.$add$/home/designer/shared/FFT/parallel_fft/design/rtl/common_modules/btfly_2.v:24$594 ($add).
Converting cell top_chip.$flatten\u_fft_core.\u_fft8_mdc3.\u_mdc8p_stage2.\u_btfly2.$add$/home/designer/shared/FFT/parallel_fft/design/rtl/common_modules/btfly_2.v:27$595 ($add) from unsigned to signed.
Removed top 1 bits (of 11) from port A of cell top_chip.$flatten\u_fft_core.\u_fft8_mdc3.\u_mdc8p_stage2.\u_btfly2.$add$/home/designer/shared/FFT/parallel_fft/design/rtl/common_modules/btfly_2.v:27$595 ($add).
Removed top 1 bits (of 11) from port B of cell top_chip.$flatten\u_fft_core.\u_fft8_mdc3.\u_mdc8p_stage2.\u_btfly2.$add$/home/designer/shared/FFT/parallel_fft/design/rtl/common_modules/btfly_2.v:27$595 ($add).
Converting cell top_chip.$flatten\u_fft_core.\u_fft8_mdc3.\u_mdc8p_stage2.\u_btfly2.$add$/home/designer/shared/FFT/parallel_fft/design/rtl/common_modules/btfly_2.v:28$596 ($add) from unsigned to signed.
Removed top 1 bits (of 11) from port A of cell top_chip.$flatten\u_fft_core.\u_fft8_mdc3.\u_mdc8p_stage2.\u_btfly2.$add$/home/designer/shared/FFT/parallel_fft/design/rtl/common_modules/btfly_2.v:28$596 ($add).
Removed top 1 bits (of 11) from port B of cell top_chip.$flatten\u_fft_core.\u_fft8_mdc3.\u_mdc8p_stage2.\u_btfly2.$add$/home/designer/shared/FFT/parallel_fft/design/rtl/common_modules/btfly_2.v:28$596 ($add).
Removed top 10 bits (of 11) from port B of cell top_chip.$flatten\u_fft_core.\u_fft8_mdc3.\u_mdc8p_stage2.$add$/home/designer/shared/FFT/parallel_fft/design/rtl/fft_mdc_8p/stages/mdc8p_stage2.v:100$496 ($add).
Removed top 10 bits (of 11) from port B of cell top_chip.$flatten\u_fft_core.\u_fft8_mdc3.\u_mdc8p_stage2.$add$/home/designer/shared/FFT/parallel_fft/design/rtl/fft_mdc_8p/stages/mdc8p_stage2.v:99$493 ($add).
Removed top 11 bits (of 12) from port B of cell top_chip.$flatten\u_fft_core.\u_fft8_mdc3.\u_mdc8p_stage3.\u_btfly2.$add$/home/designer/shared/FFT/parallel_fft/design/rtl/common_modules/btfly_2.v:23$600 ($add).
Removed top 11 bits (of 12) from port B of cell top_chip.$flatten\u_fft_core.\u_fft8_mdc3.\u_mdc8p_stage3.\u_btfly2.$add$/home/designer/shared/FFT/parallel_fft/design/rtl/common_modules/btfly_2.v:24$602 ($add).
Converting cell top_chip.$flatten\u_fft_core.\u_fft8_mdc3.\u_mdc8p_stage3.\u_btfly2.$add$/home/designer/shared/FFT/parallel_fft/design/rtl/common_modules/btfly_2.v:27$603 ($add) from unsigned to signed.
Removed top 1 bits (of 12) from port A of cell top_chip.$flatten\u_fft_core.\u_fft8_mdc3.\u_mdc8p_stage3.\u_btfly2.$add$/home/designer/shared/FFT/parallel_fft/design/rtl/common_modules/btfly_2.v:27$603 ($add).
Removed top 1 bits (of 12) from port B of cell top_chip.$flatten\u_fft_core.\u_fft8_mdc3.\u_mdc8p_stage3.\u_btfly2.$add$/home/designer/shared/FFT/parallel_fft/design/rtl/common_modules/btfly_2.v:27$603 ($add).
Converting cell top_chip.$flatten\u_fft_core.\u_fft8_mdc3.\u_mdc8p_stage3.\u_btfly2.$add$/home/designer/shared/FFT/parallel_fft/design/rtl/common_modules/btfly_2.v:28$604 ($add) from unsigned to signed.
Removed top 1 bits (of 12) from port A of cell top_chip.$flatten\u_fft_core.\u_fft8_mdc3.\u_mdc8p_stage3.\u_btfly2.$add$/home/designer/shared/FFT/parallel_fft/design/rtl/common_modules/btfly_2.v:28$604 ($add).
Removed top 1 bits (of 12) from port B of cell top_chip.$flatten\u_fft_core.\u_fft8_mdc3.\u_mdc8p_stage3.\u_btfly2.$add$/home/designer/shared/FFT/parallel_fft/design/rtl/common_modules/btfly_2.v:28$604 ($add).
Removed top 30 bits (of 32) from port B of cell top_chip.$flatten\u_fft_core.\u_fft8_mdc2.\u_mdc8p_stage1.\ds_switch_stage1.$lt$/home/designer/shared/FFT/parallel_fft/design/rtl/common_modules/ds_switch.v:120$530 ($lt).
Removed top 3 bits (of 4) from port B of cell top_chip.$flatten\u_fft_core.\u_fft8_mdc2.\u_mdc8p_stage1.\ds_switch_stage1.$add$/home/designer/shared/FFT/parallel_fft/design/rtl/common_modules/ds_switch.v:120$531 ($add).
Removed top 1 bits (of 2) from port B of cell top_chip.$flatten\u_fft_core.\u_fft8_mdc2.\u_mdc8p_stage1.\ds_switch_stage1.$eq$/home/designer/shared/FFT/parallel_fft/design/rtl/common_modules/ds_switch.v:135$533 ($eq).
Removed top 8 bits (of 9) from port B of cell top_chip.$flatten\u_fft_core.\u_fft8_mdc2.\u_mdc8p_stage1.\u_btfly2.$add$/home/designer/shared/FFT/parallel_fft/design/rtl/common_modules/btfly_2.v:23$563 ($add).
Removed top 8 bits (of 9) from port B of cell top_chip.$flatten\u_fft_core.\u_fft8_mdc2.\u_mdc8p_stage1.\u_btfly2.$add$/home/designer/shared/FFT/parallel_fft/design/rtl/common_modules/btfly_2.v:24$565 ($add).
Converting cell top_chip.$flatten\u_fft_core.\u_fft8_mdc2.\u_mdc8p_stage1.\u_btfly2.$add$/home/designer/shared/FFT/parallel_fft/design/rtl/common_modules/btfly_2.v:27$566 ($add) from unsigned to signed.
Removed top 1 bits (of 9) from port A of cell top_chip.$flatten\u_fft_core.\u_fft8_mdc2.\u_mdc8p_stage1.\u_btfly2.$add$/home/designer/shared/FFT/parallel_fft/design/rtl/common_modules/btfly_2.v:27$566 ($add).
Removed top 1 bits (of 9) from port B of cell top_chip.$flatten\u_fft_core.\u_fft8_mdc2.\u_mdc8p_stage1.\u_btfly2.$add$/home/designer/shared/FFT/parallel_fft/design/rtl/common_modules/btfly_2.v:27$566 ($add).
Converting cell top_chip.$flatten\u_fft_core.\u_fft8_mdc2.\u_mdc8p_stage1.\u_btfly2.$add$/home/designer/shared/FFT/parallel_fft/design/rtl/common_modules/btfly_2.v:28$567 ($add) from unsigned to signed.
Removed top 1 bits (of 9) from port A of cell top_chip.$flatten\u_fft_core.\u_fft8_mdc2.\u_mdc8p_stage1.\u_btfly2.$add$/home/designer/shared/FFT/parallel_fft/design/rtl/common_modules/btfly_2.v:28$567 ($add).
Removed top 1 bits (of 9) from port B of cell top_chip.$flatten\u_fft_core.\u_fft8_mdc2.\u_mdc8p_stage1.\u_btfly2.$add$/home/designer/shared/FFT/parallel_fft/design/rtl/common_modules/btfly_2.v:28$567 ($add).
Removed top 1 bits (of 2) from port B of cell top_chip.$flatten\u_fft_core.\u_fft8_mdc2.\u_mdc8p_stage1.$procmux$692_CMP0 ($eq).
Removed top 1 bits (of 2) from port B of cell top_chip.$flatten\u_fft_core.\u_fft8_mdc2.\u_mdc8p_stage1.\ds_switch_stage1.$lt$/home/designer/shared/FFT/parallel_fft/design/rtl/common_modules/ds_switch.v:64$521 ($lt).
Removed top 1 bits (of 2) from port B of cell top_chip.$flatten\u_fft_core.\u_fft8_mdc2.\u_mdc8p_stage1.$add$/home/designer/shared/FFT/parallel_fft/design/rtl/fft_mdc_8p/stages/mdc8p_stage1.v:86$506 ($add).
Removed top 30 bits (of 32) from port B of cell top_chip.$flatten\u_fft_core.\u_fft8_mdc2.\u_mdc8p_stage2.\ds_switch_stage1.$lt$/home/designer/shared/FFT/parallel_fft/design/rtl/common_modules/ds_switch.v:120$580 ($lt).
Removed top 3 bits (of 4) from port B of cell top_chip.$flatten\u_fft_core.\u_fft8_mdc2.\u_mdc8p_stage2.\ds_switch_stage1.$add$/home/designer/shared/FFT/parallel_fft/design/rtl/common_modules/ds_switch.v:120$581 ($add).
Removed top 10 bits (of 11) from port B of cell top_chip.$flatten\u_fft_core.\u_fft8_mdc2.\u_mdc8p_stage2.\u_btfly2.$add$/home/designer/shared/FFT/parallel_fft/design/rtl/common_modules/btfly_2.v:23$592 ($add).
Removed top 10 bits (of 11) from port B of cell top_chip.$flatten\u_fft_core.\u_fft8_mdc2.\u_mdc8p_stage2.\u_btfly2.$add$/home/designer/shared/FFT/parallel_fft/design/rtl/common_modules/btfly_2.v:24$594 ($add).
Converting cell top_chip.$flatten\u_fft_core.\u_fft8_mdc2.\u_mdc8p_stage2.\u_btfly2.$add$/home/designer/shared/FFT/parallel_fft/design/rtl/common_modules/btfly_2.v:27$595 ($add) from unsigned to signed.
Removed top 1 bits (of 11) from port A of cell top_chip.$flatten\u_fft_core.\u_fft8_mdc2.\u_mdc8p_stage2.\u_btfly2.$add$/home/designer/shared/FFT/parallel_fft/design/rtl/common_modules/btfly_2.v:27$595 ($add).
Removed top 1 bits (of 11) from port B of cell top_chip.$flatten\u_fft_core.\u_fft8_mdc2.\u_mdc8p_stage2.\u_btfly2.$add$/home/designer/shared/FFT/parallel_fft/design/rtl/common_modules/btfly_2.v:27$595 ($add).
Converting cell top_chip.$flatten\u_fft_core.\u_fft8_mdc2.\u_mdc8p_stage2.\u_btfly2.$add$/home/designer/shared/FFT/parallel_fft/design/rtl/common_modules/btfly_2.v:28$596 ($add) from unsigned to signed.
Removed top 1 bits (of 11) from port A of cell top_chip.$flatten\u_fft_core.\u_fft8_mdc2.\u_mdc8p_stage2.\u_btfly2.$add$/home/designer/shared/FFT/parallel_fft/design/rtl/common_modules/btfly_2.v:28$596 ($add).
Removed top 1 bits (of 11) from port B of cell top_chip.$flatten\u_fft_core.\u_fft8_mdc2.\u_mdc8p_stage2.\u_btfly2.$add$/home/designer/shared/FFT/parallel_fft/design/rtl/common_modules/btfly_2.v:28$596 ($add).
Removed top 10 bits (of 11) from port B of cell top_chip.$flatten\u_fft_core.\u_fft8_mdc2.\u_mdc8p_stage2.$add$/home/designer/shared/FFT/parallel_fft/design/rtl/fft_mdc_8p/stages/mdc8p_stage2.v:100$496 ($add).
Removed top 10 bits (of 11) from port B of cell top_chip.$flatten\u_fft_core.\u_fft8_mdc2.\u_mdc8p_stage2.$add$/home/designer/shared/FFT/parallel_fft/design/rtl/fft_mdc_8p/stages/mdc8p_stage2.v:99$493 ($add).
Removed top 11 bits (of 12) from port B of cell top_chip.$flatten\u_fft_core.\u_fft8_mdc2.\u_mdc8p_stage3.\u_btfly2.$add$/home/designer/shared/FFT/parallel_fft/design/rtl/common_modules/btfly_2.v:23$600 ($add).
Removed top 11 bits (of 12) from port B of cell top_chip.$flatten\u_fft_core.\u_fft8_mdc2.\u_mdc8p_stage3.\u_btfly2.$add$/home/designer/shared/FFT/parallel_fft/design/rtl/common_modules/btfly_2.v:24$602 ($add).
Converting cell top_chip.$flatten\u_fft_core.\u_fft8_mdc2.\u_mdc8p_stage3.\u_btfly2.$add$/home/designer/shared/FFT/parallel_fft/design/rtl/common_modules/btfly_2.v:27$603 ($add) from unsigned to signed.
Removed top 1 bits (of 12) from port A of cell top_chip.$flatten\u_fft_core.\u_fft8_mdc2.\u_mdc8p_stage3.\u_btfly2.$add$/home/designer/shared/FFT/parallel_fft/design/rtl/common_modules/btfly_2.v:27$603 ($add).
Removed top 1 bits (of 12) from port B of cell top_chip.$flatten\u_fft_core.\u_fft8_mdc2.\u_mdc8p_stage3.\u_btfly2.$add$/home/designer/shared/FFT/parallel_fft/design/rtl/common_modules/btfly_2.v:27$603 ($add).
Converting cell top_chip.$flatten\u_fft_core.\u_fft8_mdc2.\u_mdc8p_stage3.\u_btfly2.$add$/home/designer/shared/FFT/parallel_fft/design/rtl/common_modules/btfly_2.v:28$604 ($add) from unsigned to signed.
Removed top 1 bits (of 12) from port A of cell top_chip.$flatten\u_fft_core.\u_fft8_mdc2.\u_mdc8p_stage3.\u_btfly2.$add$/home/designer/shared/FFT/parallel_fft/design/rtl/common_modules/btfly_2.v:28$604 ($add).
Removed top 1 bits (of 12) from port B of cell top_chip.$flatten\u_fft_core.\u_fft8_mdc2.\u_mdc8p_stage3.\u_btfly2.$add$/home/designer/shared/FFT/parallel_fft/design/rtl/common_modules/btfly_2.v:28$604 ($add).
Removed top 30 bits (of 32) from port B of cell top_chip.$flatten\u_fft_core.\u_fft8_mdc1.\u_mdc8p_stage1.\ds_switch_stage1.$lt$/home/designer/shared/FFT/parallel_fft/design/rtl/common_modules/ds_switch.v:120$530 ($lt).
Removed top 3 bits (of 4) from port B of cell top_chip.$flatten\u_fft_core.\u_fft8_mdc1.\u_mdc8p_stage1.\ds_switch_stage1.$add$/home/designer/shared/FFT/parallel_fft/design/rtl/common_modules/ds_switch.v:120$531 ($add).
Removed top 1 bits (of 2) from port B of cell top_chip.$flatten\u_fft_core.\u_fft8_mdc1.\u_mdc8p_stage1.\ds_switch_stage1.$eq$/home/designer/shared/FFT/parallel_fft/design/rtl/common_modules/ds_switch.v:135$533 ($eq).
Removed top 8 bits (of 9) from port B of cell top_chip.$flatten\u_fft_core.\u_fft8_mdc1.\u_mdc8p_stage1.\u_btfly2.$add$/home/designer/shared/FFT/parallel_fft/design/rtl/common_modules/btfly_2.v:23$563 ($add).
Removed top 8 bits (of 9) from port B of cell top_chip.$flatten\u_fft_core.\u_fft8_mdc1.\u_mdc8p_stage1.\u_btfly2.$add$/home/designer/shared/FFT/parallel_fft/design/rtl/common_modules/btfly_2.v:24$565 ($add).
Converting cell top_chip.$flatten\u_fft_core.\u_fft8_mdc1.\u_mdc8p_stage1.\u_btfly2.$add$/home/designer/shared/FFT/parallel_fft/design/rtl/common_modules/btfly_2.v:27$566 ($add) from unsigned to signed.
Removed top 1 bits (of 9) from port A of cell top_chip.$flatten\u_fft_core.\u_fft8_mdc1.\u_mdc8p_stage1.\u_btfly2.$add$/home/designer/shared/FFT/parallel_fft/design/rtl/common_modules/btfly_2.v:27$566 ($add).
Removed top 1 bits (of 9) from port B of cell top_chip.$flatten\u_fft_core.\u_fft8_mdc1.\u_mdc8p_stage1.\u_btfly2.$add$/home/designer/shared/FFT/parallel_fft/design/rtl/common_modules/btfly_2.v:27$566 ($add).
Converting cell top_chip.$flatten\u_fft_core.\u_fft8_mdc1.\u_mdc8p_stage1.\u_btfly2.$add$/home/designer/shared/FFT/parallel_fft/design/rtl/common_modules/btfly_2.v:28$567 ($add) from unsigned to signed.
Removed top 1 bits (of 9) from port A of cell top_chip.$flatten\u_fft_core.\u_fft8_mdc1.\u_mdc8p_stage1.\u_btfly2.$add$/home/designer/shared/FFT/parallel_fft/design/rtl/common_modules/btfly_2.v:28$567 ($add).
Removed top 1 bits (of 9) from port B of cell top_chip.$flatten\u_fft_core.\u_fft8_mdc1.\u_mdc8p_stage1.\u_btfly2.$add$/home/designer/shared/FFT/parallel_fft/design/rtl/common_modules/btfly_2.v:28$567 ($add).
Removed top 1 bits (of 2) from port B of cell top_chip.$flatten\u_fft_core.\u_fft8_mdc1.\u_mdc8p_stage1.$procmux$692_CMP0 ($eq).
Removed top 1 bits (of 2) from port B of cell top_chip.$flatten\u_fft_core.\u_fft8_mdc1.\u_mdc8p_stage1.\ds_switch_stage1.$lt$/home/designer/shared/FFT/parallel_fft/design/rtl/common_modules/ds_switch.v:64$521 ($lt).
Removed top 1 bits (of 2) from port B of cell top_chip.$flatten\u_fft_core.\u_fft8_mdc1.\u_mdc8p_stage1.$add$/home/designer/shared/FFT/parallel_fft/design/rtl/fft_mdc_8p/stages/mdc8p_stage1.v:86$506 ($add).
Removed top 30 bits (of 32) from port B of cell top_chip.$flatten\u_fft_core.\u_fft8_mdc1.\u_mdc8p_stage2.\ds_switch_stage1.$lt$/home/designer/shared/FFT/parallel_fft/design/rtl/common_modules/ds_switch.v:120$580 ($lt).
Removed top 3 bits (of 4) from port B of cell top_chip.$flatten\u_fft_core.\u_fft8_mdc1.\u_mdc8p_stage2.\ds_switch_stage1.$add$/home/designer/shared/FFT/parallel_fft/design/rtl/common_modules/ds_switch.v:120$581 ($add).
Removed top 10 bits (of 11) from port B of cell top_chip.$flatten\u_fft_core.\u_fft8_mdc1.\u_mdc8p_stage2.\u_btfly2.$add$/home/designer/shared/FFT/parallel_fft/design/rtl/common_modules/btfly_2.v:23$592 ($add).
Removed top 10 bits (of 11) from port B of cell top_chip.$flatten\u_fft_core.\u_fft8_mdc1.\u_mdc8p_stage2.\u_btfly2.$add$/home/designer/shared/FFT/parallel_fft/design/rtl/common_modules/btfly_2.v:24$594 ($add).
Converting cell top_chip.$flatten\u_fft_core.\u_fft8_mdc1.\u_mdc8p_stage2.\u_btfly2.$add$/home/designer/shared/FFT/parallel_fft/design/rtl/common_modules/btfly_2.v:27$595 ($add) from unsigned to signed.
Removed top 1 bits (of 11) from port A of cell top_chip.$flatten\u_fft_core.\u_fft8_mdc1.\u_mdc8p_stage2.\u_btfly2.$add$/home/designer/shared/FFT/parallel_fft/design/rtl/common_modules/btfly_2.v:27$595 ($add).
Removed top 1 bits (of 11) from port B of cell top_chip.$flatten\u_fft_core.\u_fft8_mdc1.\u_mdc8p_stage2.\u_btfly2.$add$/home/designer/shared/FFT/parallel_fft/design/rtl/common_modules/btfly_2.v:27$595 ($add).
Converting cell top_chip.$flatten\u_fft_core.\u_fft8_mdc1.\u_mdc8p_stage2.\u_btfly2.$add$/home/designer/shared/FFT/parallel_fft/design/rtl/common_modules/btfly_2.v:28$596 ($add) from unsigned to signed.
Removed top 1 bits (of 11) from port A of cell top_chip.$flatten\u_fft_core.\u_fft8_mdc1.\u_mdc8p_stage2.\u_btfly2.$add$/home/designer/shared/FFT/parallel_fft/design/rtl/common_modules/btfly_2.v:28$596 ($add).
Removed top 1 bits (of 11) from port B of cell top_chip.$flatten\u_fft_core.\u_fft8_mdc1.\u_mdc8p_stage2.\u_btfly2.$add$/home/designer/shared/FFT/parallel_fft/design/rtl/common_modules/btfly_2.v:28$596 ($add).
Removed top 10 bits (of 11) from port B of cell top_chip.$flatten\u_fft_core.\u_fft8_mdc1.\u_mdc8p_stage2.$add$/home/designer/shared/FFT/parallel_fft/design/rtl/fft_mdc_8p/stages/mdc8p_stage2.v:100$496 ($add).
Removed top 10 bits (of 11) from port B of cell top_chip.$flatten\u_fft_core.\u_fft8_mdc1.\u_mdc8p_stage2.$add$/home/designer/shared/FFT/parallel_fft/design/rtl/fft_mdc_8p/stages/mdc8p_stage2.v:99$493 ($add).
Removed top 11 bits (of 12) from port B of cell top_chip.$flatten\u_fft_core.\u_fft8_mdc1.\u_mdc8p_stage3.\u_btfly2.$add$/home/designer/shared/FFT/parallel_fft/design/rtl/common_modules/btfly_2.v:23$600 ($add).
Removed top 11 bits (of 12) from port B of cell top_chip.$flatten\u_fft_core.\u_fft8_mdc1.\u_mdc8p_stage3.\u_btfly2.$add$/home/designer/shared/FFT/parallel_fft/design/rtl/common_modules/btfly_2.v:24$602 ($add).
Converting cell top_chip.$flatten\u_fft_core.\u_fft8_mdc1.\u_mdc8p_stage3.\u_btfly2.$add$/home/designer/shared/FFT/parallel_fft/design/rtl/common_modules/btfly_2.v:27$603 ($add) from unsigned to signed.
Removed top 1 bits (of 12) from port A of cell top_chip.$flatten\u_fft_core.\u_fft8_mdc1.\u_mdc8p_stage3.\u_btfly2.$add$/home/designer/shared/FFT/parallel_fft/design/rtl/common_modules/btfly_2.v:27$603 ($add).
Removed top 1 bits (of 12) from port B of cell top_chip.$flatten\u_fft_core.\u_fft8_mdc1.\u_mdc8p_stage3.\u_btfly2.$add$/home/designer/shared/FFT/parallel_fft/design/rtl/common_modules/btfly_2.v:27$603 ($add).
Converting cell top_chip.$flatten\u_fft_core.\u_fft8_mdc1.\u_mdc8p_stage3.\u_btfly2.$add$/home/designer/shared/FFT/parallel_fft/design/rtl/common_modules/btfly_2.v:28$604 ($add) from unsigned to signed.
Removed top 1 bits (of 12) from port A of cell top_chip.$flatten\u_fft_core.\u_fft8_mdc1.\u_mdc8p_stage3.\u_btfly2.$add$/home/designer/shared/FFT/parallel_fft/design/rtl/common_modules/btfly_2.v:28$604 ($add).
Removed top 1 bits (of 12) from port B of cell top_chip.$flatten\u_fft_core.\u_fft8_mdc1.\u_mdc8p_stage3.\u_btfly2.$add$/home/designer/shared/FFT/parallel_fft/design/rtl/common_modules/btfly_2.v:28$604 ($add).
Removed top 30 bits (of 32) from port B of cell top_chip.$flatten\u_fft_core.\u_fft8_mdc0.\u_mdc8p_stage1.\ds_switch_stage1.$lt$/home/designer/shared/FFT/parallel_fft/design/rtl/common_modules/ds_switch.v:120$530 ($lt).
Removed top 3 bits (of 4) from port B of cell top_chip.$flatten\u_fft_core.\u_fft8_mdc0.\u_mdc8p_stage1.\ds_switch_stage1.$add$/home/designer/shared/FFT/parallel_fft/design/rtl/common_modules/ds_switch.v:120$531 ($add).
Removed top 1 bits (of 2) from port B of cell top_chip.$flatten\u_fft_core.\u_fft8_mdc0.\u_mdc8p_stage1.\ds_switch_stage1.$eq$/home/designer/shared/FFT/parallel_fft/design/rtl/common_modules/ds_switch.v:135$533 ($eq).
Removed top 8 bits (of 9) from port B of cell top_chip.$flatten\u_fft_core.\u_fft8_mdc0.\u_mdc8p_stage1.\u_btfly2.$add$/home/designer/shared/FFT/parallel_fft/design/rtl/common_modules/btfly_2.v:23$563 ($add).
Removed top 8 bits (of 9) from port B of cell top_chip.$flatten\u_fft_core.\u_fft8_mdc0.\u_mdc8p_stage1.\u_btfly2.$add$/home/designer/shared/FFT/parallel_fft/design/rtl/common_modules/btfly_2.v:24$565 ($add).
Converting cell top_chip.$flatten\u_fft_core.\u_fft8_mdc0.\u_mdc8p_stage1.\u_btfly2.$add$/home/designer/shared/FFT/parallel_fft/design/rtl/common_modules/btfly_2.v:27$566 ($add) from unsigned to signed.
Removed top 1 bits (of 9) from port A of cell top_chip.$flatten\u_fft_core.\u_fft8_mdc0.\u_mdc8p_stage1.\u_btfly2.$add$/home/designer/shared/FFT/parallel_fft/design/rtl/common_modules/btfly_2.v:27$566 ($add).
Removed top 1 bits (of 9) from port B of cell top_chip.$flatten\u_fft_core.\u_fft8_mdc0.\u_mdc8p_stage1.\u_btfly2.$add$/home/designer/shared/FFT/parallel_fft/design/rtl/common_modules/btfly_2.v:27$566 ($add).
Converting cell top_chip.$flatten\u_fft_core.\u_fft8_mdc0.\u_mdc8p_stage1.\u_btfly2.$add$/home/designer/shared/FFT/parallel_fft/design/rtl/common_modules/btfly_2.v:28$567 ($add) from unsigned to signed.
Removed top 1 bits (of 9) from port A of cell top_chip.$flatten\u_fft_core.\u_fft8_mdc0.\u_mdc8p_stage1.\u_btfly2.$add$/home/designer/shared/FFT/parallel_fft/design/rtl/common_modules/btfly_2.v:28$567 ($add).
Removed top 1 bits (of 9) from port B of cell top_chip.$flatten\u_fft_core.\u_fft8_mdc0.\u_mdc8p_stage1.\u_btfly2.$add$/home/designer/shared/FFT/parallel_fft/design/rtl/common_modules/btfly_2.v:28$567 ($add).
Removed top 1 bits (of 2) from port B of cell top_chip.$flatten\u_fft_core.\u_fft8_mdc0.\u_mdc8p_stage1.$procmux$692_CMP0 ($eq).
Removed top 1 bits (of 2) from port B of cell top_chip.$flatten\u_fft_core.\u_fft8_mdc0.\u_mdc8p_stage1.\ds_switch_stage1.$lt$/home/designer/shared/FFT/parallel_fft/design/rtl/common_modules/ds_switch.v:64$521 ($lt).
Removed top 1 bits (of 2) from port B of cell top_chip.$flatten\u_fft_core.\u_fft8_mdc0.\u_mdc8p_stage1.$add$/home/designer/shared/FFT/parallel_fft/design/rtl/fft_mdc_8p/stages/mdc8p_stage1.v:86$506 ($add).
Removed top 30 bits (of 32) from port B of cell top_chip.$flatten\u_fft_core.\u_fft8_mdc0.\u_mdc8p_stage2.\ds_switch_stage1.$lt$/home/designer/shared/FFT/parallel_fft/design/rtl/common_modules/ds_switch.v:120$580 ($lt).
Removed top 3 bits (of 4) from port B of cell top_chip.$flatten\u_fft_core.\u_fft8_mdc0.\u_mdc8p_stage2.\ds_switch_stage1.$add$/home/designer/shared/FFT/parallel_fft/design/rtl/common_modules/ds_switch.v:120$581 ($add).
Removed top 10 bits (of 11) from port B of cell top_chip.$flatten\u_fft_core.\u_fft8_mdc0.\u_mdc8p_stage2.\u_btfly2.$add$/home/designer/shared/FFT/parallel_fft/design/rtl/common_modules/btfly_2.v:23$592 ($add).
Removed top 10 bits (of 11) from port B of cell top_chip.$flatten\u_fft_core.\u_fft8_mdc0.\u_mdc8p_stage2.\u_btfly2.$add$/home/designer/shared/FFT/parallel_fft/design/rtl/common_modules/btfly_2.v:24$594 ($add).
Converting cell top_chip.$flatten\u_fft_core.\u_fft8_mdc0.\u_mdc8p_stage2.\u_btfly2.$add$/home/designer/shared/FFT/parallel_fft/design/rtl/common_modules/btfly_2.v:27$595 ($add) from unsigned to signed.
Removed top 1 bits (of 11) from port A of cell top_chip.$flatten\u_fft_core.\u_fft8_mdc0.\u_mdc8p_stage2.\u_btfly2.$add$/home/designer/shared/FFT/parallel_fft/design/rtl/common_modules/btfly_2.v:27$595 ($add).
Removed top 1 bits (of 11) from port B of cell top_chip.$flatten\u_fft_core.\u_fft8_mdc0.\u_mdc8p_stage2.\u_btfly2.$add$/home/designer/shared/FFT/parallel_fft/design/rtl/common_modules/btfly_2.v:27$595 ($add).
Converting cell top_chip.$flatten\u_fft_core.\u_fft8_mdc0.\u_mdc8p_stage2.\u_btfly2.$add$/home/designer/shared/FFT/parallel_fft/design/rtl/common_modules/btfly_2.v:28$596 ($add) from unsigned to signed.
Removed top 1 bits (of 11) from port A of cell top_chip.$flatten\u_fft_core.\u_fft8_mdc0.\u_mdc8p_stage2.\u_btfly2.$add$/home/designer/shared/FFT/parallel_fft/design/rtl/common_modules/btfly_2.v:28$596 ($add).
Removed top 1 bits (of 11) from port B of cell top_chip.$flatten\u_fft_core.\u_fft8_mdc0.\u_mdc8p_stage2.\u_btfly2.$add$/home/designer/shared/FFT/parallel_fft/design/rtl/common_modules/btfly_2.v:28$596 ($add).
Removed top 10 bits (of 11) from port B of cell top_chip.$flatten\u_fft_core.\u_fft8_mdc0.\u_mdc8p_stage2.$add$/home/designer/shared/FFT/parallel_fft/design/rtl/fft_mdc_8p/stages/mdc8p_stage2.v:100$496 ($add).
Removed top 10 bits (of 11) from port B of cell top_chip.$flatten\u_fft_core.\u_fft8_mdc0.\u_mdc8p_stage2.$add$/home/designer/shared/FFT/parallel_fft/design/rtl/fft_mdc_8p/stages/mdc8p_stage2.v:99$493 ($add).
Removed top 11 bits (of 12) from port B of cell top_chip.$flatten\u_fft_core.\u_fft8_mdc0.\u_mdc8p_stage3.\u_btfly2.$add$/home/designer/shared/FFT/parallel_fft/design/rtl/common_modules/btfly_2.v:23$600 ($add).
Removed top 11 bits (of 12) from port B of cell top_chip.$flatten\u_fft_core.\u_fft8_mdc0.\u_mdc8p_stage3.\u_btfly2.$add$/home/designer/shared/FFT/parallel_fft/design/rtl/common_modules/btfly_2.v:24$602 ($add).
Converting cell top_chip.$flatten\u_fft_core.\u_fft8_mdc0.\u_mdc8p_stage3.\u_btfly2.$add$/home/designer/shared/FFT/parallel_fft/design/rtl/common_modules/btfly_2.v:27$603 ($add) from unsigned to signed.
Removed top 1 bits (of 12) from port A of cell top_chip.$flatten\u_fft_core.\u_fft8_mdc0.\u_mdc8p_stage3.\u_btfly2.$add$/home/designer/shared/FFT/parallel_fft/design/rtl/common_modules/btfly_2.v:27$603 ($add).
Removed top 1 bits (of 12) from port B of cell top_chip.$flatten\u_fft_core.\u_fft8_mdc0.\u_mdc8p_stage3.\u_btfly2.$add$/home/designer/shared/FFT/parallel_fft/design/rtl/common_modules/btfly_2.v:27$603 ($add).
Converting cell top_chip.$flatten\u_fft_core.\u_fft8_mdc0.\u_mdc8p_stage3.\u_btfly2.$add$/home/designer/shared/FFT/parallel_fft/design/rtl/common_modules/btfly_2.v:28$604 ($add) from unsigned to signed.
Removed top 1 bits (of 12) from port A of cell top_chip.$flatten\u_fft_core.\u_fft8_mdc0.\u_mdc8p_stage3.\u_btfly2.$add$/home/designer/shared/FFT/parallel_fft/design/rtl/common_modules/btfly_2.v:28$604 ($add).
Removed top 1 bits (of 12) from port B of cell top_chip.$flatten\u_fft_core.\u_fft8_mdc0.\u_mdc8p_stage3.\u_btfly2.$add$/home/designer/shared/FFT/parallel_fft/design/rtl/common_modules/btfly_2.v:28$604 ($add).
Removed top 2 bits (of 3) from port B of cell top_chip.$flatten\u_fft_core.\u_twiddle_interface.$eq$/home/designer/shared/FFT/parallel_fft/design/rtl/twiddle_interface/twiddle_interface.v:39$309 ($eq).
Removed top 1 bits (of 3) from port B of cell top_chip.$flatten\u_fft_core.\u_twiddle_interface.$eq$/home/designer/shared/FFT/parallel_fft/design/rtl/twiddle_interface/twiddle_interface.v:40$310 ($eq).
Removed top 1 bits (of 3) from port B of cell top_chip.$flatten\u_fft_core.\u_twiddle_interface.$eq$/home/designer/shared/FFT/parallel_fft/design/rtl/twiddle_interface/twiddle_interface.v:41$311 ($eq).
Removed top 3 bits (of 16) from mux cell top_chip.$flatten\u_fft_core.\u_twiddle_interface.$ternary$/home/designer/shared/FFT/parallel_fft/design/rtl/twiddle_interface/twiddle_interface.v:45$316 ($mux).
Removed top 2 bits (of 16) from mux cell top_chip.$flatten\u_fft_core.\u_twiddle_interface.$ternary$/home/designer/shared/FFT/parallel_fft/design/rtl/twiddle_interface/twiddle_interface.v:44$317 ($mux).
Removed top 1 bits (of 16) from mux cell top_chip.$flatten\u_fft_core.\u_twiddle_interface.$ternary$/home/designer/shared/FFT/parallel_fft/design/rtl/twiddle_interface/twiddle_interface.v:43$318 ($mux).
Removed top 1 bits (of 16) from mux cell top_chip.$flatten\u_fft_core.\u_twiddle_interface.$ternary$/home/designer/shared/FFT/parallel_fft/design/rtl/twiddle_interface/twiddle_interface.v:42$319 ($mux).
Removed top 1 bits (of 16) from mux cell top_chip.$flatten\u_fft_core.\u_twiddle_interface.$ternary$/home/designer/shared/FFT/parallel_fft/design/rtl/twiddle_interface/twiddle_interface.v:41$320 ($mux).
Removed top 1 bits (of 16) from mux cell top_chip.$flatten\u_fft_core.\u_twiddle_interface.$ternary$/home/designer/shared/FFT/parallel_fft/design/rtl/twiddle_interface/twiddle_interface.v:40$321 ($mux).
Removed top 1 bits (of 16) from mux cell top_chip.$flatten\u_fft_core.\u_twiddle_interface.$ternary$/home/designer/shared/FFT/parallel_fft/design/rtl/twiddle_interface/twiddle_interface.v:39$322 ($mux).
Removed top 1 bits (of 16) from mux cell top_chip.$flatten\u_fft_core.\u_twiddle_interface.$ternary$/home/designer/shared/FFT/parallel_fft/design/rtl/twiddle_interface/twiddle_interface.v:38$323 ($mux).
Removed top 3 bits (of 16) from mux cell top_chip.$flatten\u_fft_core.\u_twiddle_interface.$ternary$/home/designer/shared/FFT/parallel_fft/design/rtl/twiddle_interface/twiddle_interface.v:76$364 ($mux).
Removed top 2 bits (of 16) from mux cell top_chip.$flatten\u_fft_core.\u_twiddle_interface.$ternary$/home/designer/shared/FFT/parallel_fft/design/rtl/twiddle_interface/twiddle_interface.v:75$365 ($mux).
Removed top 1 bits (of 16) from mux cell top_chip.$flatten\u_fft_core.\u_twiddle_interface.$ternary$/home/designer/shared/FFT/parallel_fft/design/rtl/twiddle_interface/twiddle_interface.v:74$366 ($mux).
Removed top 1 bits (of 16) from mux cell top_chip.$flatten\u_fft_core.\u_twiddle_interface.$ternary$/home/designer/shared/FFT/parallel_fft/design/rtl/twiddle_interface/twiddle_interface.v:73$367 ($mux).
Removed top 1 bits (of 16) from mux cell top_chip.$flatten\u_fft_core.\u_twiddle_interface.$ternary$/home/designer/shared/FFT/parallel_fft/design/rtl/twiddle_interface/twiddle_interface.v:72$368 ($mux).
Removed top 1 bits (of 16) from mux cell top_chip.$flatten\u_fft_core.\u_twiddle_interface.$ternary$/home/designer/shared/FFT/parallel_fft/design/rtl/twiddle_interface/twiddle_interface.v:71$369 ($mux).
Removed top 1 bits (of 16) from mux cell top_chip.$flatten\u_fft_core.\u_twiddle_interface.$ternary$/home/designer/shared/FFT/parallel_fft/design/rtl/twiddle_interface/twiddle_interface.v:70$370 ($mux).
Removed top 1 bits (of 16) from mux cell top_chip.$flatten\u_fft_core.\u_twiddle_interface.$ternary$/home/designer/shared/FFT/parallel_fft/design/rtl/twiddle_interface/twiddle_interface.v:69$371 ($mux).
Removed top 1 bits (of 16) from mux cell top_chip.$flatten\u_fft_core.\u_twiddle_interface.$ternary$/home/designer/shared/FFT/parallel_fft/design/rtl/twiddle_interface/twiddle_interface.v:101$404 ($mux).
Removed top 1 bits (of 2) from port B of cell top_chip.$flatten\u_tx.$procmux$3092_CMP0 ($eq).
Removed top 31 bits (of 32) from port B of cell top_chip.$flatten\u_tx.$sub$/home/designer/shared/FFT/parallel_fft/design/rtl/common_modules/tx_serializer.v:87$29 ($sub).
Removed top 27 bits (of 32) from port Y of cell top_chip.$flatten\u_tx.$sub$/home/designer/shared/FFT/parallel_fft/design/rtl/common_modules/tx_serializer.v:87$29 ($sub).
Removed top 2 bits (of 7) from port B of cell top_chip.$flatten\u_debug_sys.\u_debug_unit.$procmux$829_CMP0 ($eq).
Removed top 4 bits (of 7) from port B of cell top_chip.$flatten\u_debug_sys.\u_debug_unit.$procmux$830_CMP0 ($eq).
Removed top 4 bits (of 7) from port B of cell top_chip.$flatten\u_debug_sys.\u_debug_unit.$procmux$831_CMP0 ($eq).
Removed top 4 bits (of 7) from port B of cell top_chip.$flatten\u_debug_sys.\u_debug_unit.$procmux$832_CMP0 ($eq).
Removed top 5 bits (of 7) from port B of cell top_chip.$flatten\u_debug_sys.\u_debug_unit.$procmux$833_CMP0 ($eq).
Removed top 5 bits (of 7) from port B of cell top_chip.$flatten\u_debug_sys.\u_debug_unit.$procmux$834_CMP0 ($eq).
Removed top 6 bits (of 7) from port B of cell top_chip.$flatten\u_debug_sys.\u_debug_unit.$procmux$835_CMP0 ($eq).
Removed top 1 bits (of 4) from port B of cell top_chip.$flatten\u_debug_sys.\u_spi_slave.$eq$/home/designer/shared/FFT/parallel_fft/design/rtl/debug_unit/spi_slave_mode0.v:87$450 ($eq).
Removed top 5 bits (of 8) from FF cell top_chip.$auto$ff.cc:266:slice$3889 ($adffe).
Removed top 1 bits (of 16) from FF cell top_chip.$flatten\u_debug_sys.\u_spi_slave.$procdff$3304 ($adff).
Removed top 1 bits (of 16) from mux cell top_chip.$flatten\u_debug_sys.\u_spi_slave.$procmux$771 ($mux).
Removed top 1 bits (of 16) from wire top_chip.$flatten\u_debug_sys.\u_spi_slave.$0\rx_shift[15:0].
Removed top 1 bits (of 16) from wire top_chip.$flatten\u_fft_core.\u_twiddle_interface.$ternary$/home/designer/shared/FFT/parallel_fft/design/rtl/twiddle_interface/twiddle_interface.v:39$322_Y.
Removed top 5 bits (of 16) from wire top_chip.$flatten\u_fft_core.\u_twiddle_interface.$ternary$/home/designer/shared/FFT/parallel_fft/design/rtl/twiddle_interface/twiddle_interface.v:40$321_Y.
Removed top 1 bits (of 16) from wire top_chip.$flatten\u_fft_core.\u_twiddle_interface.$ternary$/home/designer/shared/FFT/parallel_fft/design/rtl/twiddle_interface/twiddle_interface.v:41$320_Y.
Removed top 5 bits (of 16) from wire top_chip.$flatten\u_fft_core.\u_twiddle_interface.$ternary$/home/designer/shared/FFT/parallel_fft/design/rtl/twiddle_interface/twiddle_interface.v:42$319_Y.
Removed top 1 bits (of 16) from wire top_chip.$flatten\u_fft_core.\u_twiddle_interface.$ternary$/home/designer/shared/FFT/parallel_fft/design/rtl/twiddle_interface/twiddle_interface.v:43$318_Y.
Removed top 5 bits (of 16) from wire top_chip.$flatten\u_fft_core.\u_twiddle_interface.$ternary$/home/designer/shared/FFT/parallel_fft/design/rtl/twiddle_interface/twiddle_interface.v:44$317_Y.
Removed top 3 bits (of 16) from wire top_chip.$flatten\u_fft_core.\u_twiddle_interface.$ternary$/home/designer/shared/FFT/parallel_fft/design/rtl/twiddle_interface/twiddle_interface.v:45$316_Y.
Removed top 1 bits (of 16) from wire top_chip.$flatten\u_fft_core.\u_twiddle_interface.$ternary$/home/designer/shared/FFT/parallel_fft/design/rtl/twiddle_interface/twiddle_interface.v:70$370_Y.
Removed top 1 bits (of 16) from wire top_chip.$flatten\u_fft_core.\u_twiddle_interface.$ternary$/home/designer/shared/FFT/parallel_fft/design/rtl/twiddle_interface/twiddle_interface.v:71$369_Y.
Removed top 5 bits (of 16) from wire top_chip.$flatten\u_fft_core.\u_twiddle_interface.$ternary$/home/designer/shared/FFT/parallel_fft/design/rtl/twiddle_interface/twiddle_interface.v:72$368_Y.
Removed top 1 bits (of 16) from wire top_chip.$flatten\u_fft_core.\u_twiddle_interface.$ternary$/home/designer/shared/FFT/parallel_fft/design/rtl/twiddle_interface/twiddle_interface.v:73$367_Y.
Removed top 1 bits (of 16) from wire top_chip.$flatten\u_fft_core.\u_twiddle_interface.$ternary$/home/designer/shared/FFT/parallel_fft/design/rtl/twiddle_interface/twiddle_interface.v:74$366_Y.
Removed top 5 bits (of 16) from wire top_chip.$flatten\u_fft_core.\u_twiddle_interface.$ternary$/home/designer/shared/FFT/parallel_fft/design/rtl/twiddle_interface/twiddle_interface.v:75$365_Y.
Removed top 3 bits (of 16) from wire top_chip.$flatten\u_fft_core.\u_twiddle_interface.$ternary$/home/designer/shared/FFT/parallel_fft/design/rtl/twiddle_interface/twiddle_interface.v:76$364_Y.
Removed top 27 bits (of 32) from wire top_chip.$flatten\u_rx.$add$/home/designer/shared/FFT/parallel_fft/design/rtl/common_modules/rx_serializer.v:87$42_Y.
Removed top 27 bits (of 32) from wire top_chip.$flatten\u_tx.$sub$/home/designer/shared/FFT/parallel_fft/design/rtl/common_modules/tx_serializer.v:87$29_Y.
Removed top 7 bits (of 8) from wire top_chip.error_flags.
Removed top 4 bits (of 8) from wire top_chip.status_flags.

98. Executing PEEPOPT pass (run peephole optimizers).

99. Executing OPT_CLEAN pass (remove unused cells and wires).
Finding unused cells or wires in module \top_chip..
Removed 0 unused cells and 19 unused wires.
<suppressed ~1 debug messages>

100. Executing ALUMACC pass (create $alu and $macc cells).
Extracting $alu and $macc cells in module top_chip:
  creating $macc model for $add$/home/designer/shared/FFT/parallel_fft/design/rtl/top_chip.v:76$8 ($add).
  creating $macc model for $add$/home/designer/shared/FFT/parallel_fft/design/rtl/top_chip.v:77$9 ($add).
  creating $macc model for $flatten\u_debug_sys.\u_spi_slave.$add$/home/designer/shared/FFT/parallel_fft/design/rtl/debug_unit/spi_slave_mode0.v:110$455 ($add).
  creating $macc model for $flatten\u_debug_sys.\u_spi_slave.$add$/home/designer/shared/FFT/parallel_fft/design/rtl/debug_unit/spi_slave_mode0.v:141$460 ($add).
  creating $macc model for $flatten\u_fft_core.\u_buffer_parallel2serial.$add$/home/designer/shared/FFT/parallel_fft/design/rtl/buffer_parallel2serial.v:104$306 ($add).
  creating $macc model for $flatten\u_fft_core.\u_buffer_parallel2serial.$add$/home/designer/shared/FFT/parallel_fft/design/rtl/buffer_parallel2serial.v:80$301 ($add).
  creating $macc model for $flatten\u_fft_core.\u_fft4.$add$/home/designer/shared/FFT/parallel_fft/design/rtl/fft4.v:104$418 ($add).
  creating $macc model for $flatten\u_fft_core.\u_fft4.$add$/home/designer/shared/FFT/parallel_fft/design/rtl/fft4.v:105$419 ($add).
  creating $macc model for $flatten\u_fft_core.\u_fft4.$add$/home/designer/shared/FFT/parallel_fft/design/rtl/fft4.v:109$422 ($add).
  creating $macc model for $flatten\u_fft_core.\u_fft4.$add$/home/designer/shared/FFT/parallel_fft/design/rtl/fft4.v:110$423 ($add).
  creating $macc model for $flatten\u_fft_core.\u_fft4.$add$/home/designer/shared/FFT/parallel_fft/design/rtl/fft4.v:118$428 ($add).
  creating $macc model for $flatten\u_fft_core.\u_fft4.$add$/home/designer/shared/FFT/parallel_fft/design/rtl/fft4.v:119$429 ($add).
  creating $macc model for $flatten\u_fft_core.\u_fft4.$add$/home/designer/shared/FFT/parallel_fft/design/rtl/fft4.v:124$433 ($add).
  creating $macc model for $flatten\u_fft_core.\u_fft4.$add$/home/designer/shared/FFT/parallel_fft/design/rtl/fft4.v:125$434 ($add).
  creating $macc model for $flatten\u_fft_core.\u_fft4.$sub$/home/designer/shared/FFT/parallel_fft/design/rtl/fft4.v:106$420 ($sub).
  creating $macc model for $flatten\u_fft_core.\u_fft4.$sub$/home/designer/shared/FFT/parallel_fft/design/rtl/fft4.v:107$421 ($sub).
  creating $macc model for $flatten\u_fft_core.\u_fft4.$sub$/home/designer/shared/FFT/parallel_fft/design/rtl/fft4.v:111$424 ($sub).
  creating $macc model for $flatten\u_fft_core.\u_fft4.$sub$/home/designer/shared/FFT/parallel_fft/design/rtl/fft4.v:112$425 ($sub).
  creating $macc model for $flatten\u_fft_core.\u_fft4.$sub$/home/designer/shared/FFT/parallel_fft/design/rtl/fft4.v:120$430 ($sub).
  creating $macc model for $flatten\u_fft_core.\u_fft4.$sub$/home/designer/shared/FFT/parallel_fft/design/rtl/fft4.v:121$431 ($sub).
  creating $macc model for $flatten\u_fft_core.\u_fft4.$sub$/home/designer/shared/FFT/parallel_fft/design/rtl/fft4.v:123$432 ($sub).
  creating $macc model for $flatten\u_fft_core.\u_fft4.$sub$/home/designer/shared/FFT/parallel_fft/design/rtl/fft4.v:126$435 ($sub).
  creating $macc model for $flatten\u_fft_core.\u_fft8_mdc0.\u_mdc8p_stage1.$add$/home/designer/shared/FFT/parallel_fft/design/rtl/fft_mdc_8p/stages/mdc8p_stage1.v:86$506 ($add).
  creating $macc model for $flatten\u_fft_core.\u_fft8_mdc0.\u_mdc8p_stage1.\ds_switch_stage1.$add$/home/designer/shared/FFT/parallel_fft/design/rtl/common_modules/ds_switch.v:120$531 ($add).
  creating $macc model for $flatten\u_fft_core.\u_fft8_mdc0.\u_mdc8p_stage1.\ds_switch_stage1.$add$/home/designer/shared/FFT/parallel_fft/design/rtl/common_modules/ds_switch.v:64$522 ($add).
  creating $macc model for $flatten\u_fft_core.\u_fft8_mdc0.\u_mdc8p_stage1.\u_btfly2.$add$/home/designer/shared/FFT/parallel_fft/design/rtl/common_modules/btfly_2.v:23$563 ($add).
  creating $macc model for $flatten\u_fft_core.\u_fft8_mdc0.\u_mdc8p_stage1.\u_btfly2.$add$/home/designer/shared/FFT/parallel_fft/design/rtl/common_modules/btfly_2.v:24$565 ($add).
  creating $macc model for $flatten\u_fft_core.\u_fft8_mdc0.\u_mdc8p_stage1.\u_btfly2.$add$/home/designer/shared/FFT/parallel_fft/design/rtl/common_modules/btfly_2.v:27$566 ($add).
  creating $macc model for $flatten\u_fft_core.\u_fft8_mdc0.\u_mdc8p_stage1.\u_btfly2.$add$/home/designer/shared/FFT/parallel_fft/design/rtl/common_modules/btfly_2.v:28$567 ($add).
  creating $macc model for $flatten\u_fft_core.\u_fft8_mdc0.\u_mdc8p_stage1.\u_btfly2.$add$/home/designer/shared/FFT/parallel_fft/design/rtl/common_modules/btfly_2.v:30$568 ($add).
  creating $macc model for $flatten\u_fft_core.\u_fft8_mdc0.\u_mdc8p_stage1.\u_btfly2.$add$/home/designer/shared/FFT/parallel_fft/design/rtl/common_modules/btfly_2.v:31$569 ($add).
  creating $macc model for $flatten\u_fft_core.\u_fft8_mdc0.\u_mdc8p_stage1.\xfft_cell_route1.$add$/home/designer/shared/FFT/parallel_fft/design/rtl/common_modules/xfft_cell.v:123$544 ($add).
  creating $macc model for $flatten\u_fft_core.\u_fft8_mdc0.\u_mdc8p_stage1.\xfft_cell_route1.$mul$/home/designer/shared/FFT/parallel_fft/design/rtl/common_modules/xfft_cell.v:92$558 ($mul).
  creating $macc model for $flatten\u_fft_core.\u_fft8_mdc0.\u_mdc8p_stage1.\xfft_cell_route1.$mul$/home/designer/shared/FFT/parallel_fft/design/rtl/common_modules/xfft_cell.v:93$559 ($mul).
  creating $macc model for $flatten\u_fft_core.\u_fft8_mdc0.\u_mdc8p_stage1.\xfft_cell_route1.$mul$/home/designer/shared/FFT/parallel_fft/design/rtl/common_modules/xfft_cell.v:94$560 ($mul).
  creating $macc model for $flatten\u_fft_core.\u_fft8_mdc0.\u_mdc8p_stage1.\xfft_cell_route1.$mul$/home/designer/shared/FFT/parallel_fft/design/rtl/common_modules/xfft_cell.v:95$561 ($mul).
  creating $macc model for $flatten\u_fft_core.\u_fft8_mdc0.\u_mdc8p_stage1.\xfft_cell_route1.$sub$/home/designer/shared/FFT/parallel_fft/design/rtl/common_modules/xfft_cell.v:122$543 ($sub).
  creating $macc model for $flatten\u_fft_core.\u_fft8_mdc0.\u_mdc8p_stage2.$add$/home/designer/shared/FFT/parallel_fft/design/rtl/fft_mdc_8p/stages/mdc8p_stage2.v:100$496 ($add).
  creating $macc model for $flatten\u_fft_core.\u_fft8_mdc0.\u_mdc8p_stage2.$add$/home/designer/shared/FFT/parallel_fft/design/rtl/fft_mdc_8p/stages/mdc8p_stage2.v:99$493 ($add).
  creating $macc model for $flatten\u_fft_core.\u_fft8_mdc0.\u_mdc8p_stage2.\ds_switch_stage1.$add$/home/designer/shared/FFT/parallel_fft/design/rtl/common_modules/ds_switch.v:120$581 ($add).
  creating $macc model for $flatten\u_fft_core.\u_fft8_mdc0.\u_mdc8p_stage2.\ds_switch_stage1.$add$/home/designer/shared/FFT/parallel_fft/design/rtl/common_modules/ds_switch.v:64$572 ($add).
  creating $macc model for $flatten\u_fft_core.\u_fft8_mdc0.\u_mdc8p_stage2.\u_btfly2.$add$/home/designer/shared/FFT/parallel_fft/design/rtl/common_modules/btfly_2.v:23$592 ($add).
  creating $macc model for $flatten\u_fft_core.\u_fft8_mdc0.\u_mdc8p_stage2.\u_btfly2.$add$/home/designer/shared/FFT/parallel_fft/design/rtl/common_modules/btfly_2.v:24$594 ($add).
  creating $macc model for $flatten\u_fft_core.\u_fft8_mdc0.\u_mdc8p_stage2.\u_btfly2.$add$/home/designer/shared/FFT/parallel_fft/design/rtl/common_modules/btfly_2.v:27$595 ($add).
  creating $macc model for $flatten\u_fft_core.\u_fft8_mdc0.\u_mdc8p_stage2.\u_btfly2.$add$/home/designer/shared/FFT/parallel_fft/design/rtl/common_modules/btfly_2.v:28$596 ($add).
  creating $macc model for $flatten\u_fft_core.\u_fft8_mdc0.\u_mdc8p_stage2.\u_btfly2.$add$/home/designer/shared/FFT/parallel_fft/design/rtl/common_modules/btfly_2.v:30$597 ($add).
  creating $macc model for $flatten\u_fft_core.\u_fft8_mdc0.\u_mdc8p_stage2.\u_btfly2.$add$/home/designer/shared/FFT/parallel_fft/design/rtl/common_modules/btfly_2.v:31$598 ($add).
  creating $macc model for $flatten\u_fft_core.\u_fft8_mdc0.\u_mdc8p_stage3.\u_btfly2.$add$/home/designer/shared/FFT/parallel_fft/design/rtl/common_modules/btfly_2.v:23$600 ($add).
  creating $macc model for $flatten\u_fft_core.\u_fft8_mdc0.\u_mdc8p_stage3.\u_btfly2.$add$/home/designer/shared/FFT/parallel_fft/design/rtl/common_modules/btfly_2.v:24$602 ($add).
  creating $macc model for $flatten\u_fft_core.\u_fft8_mdc0.\u_mdc8p_stage3.\u_btfly2.$add$/home/designer/shared/FFT/parallel_fft/design/rtl/common_modules/btfly_2.v:27$603 ($add).
  creating $macc model for $flatten\u_fft_core.\u_fft8_mdc0.\u_mdc8p_stage3.\u_btfly2.$add$/home/designer/shared/FFT/parallel_fft/design/rtl/common_modules/btfly_2.v:28$604 ($add).
  creating $macc model for $flatten\u_fft_core.\u_fft8_mdc0.\u_mdc8p_stage3.\u_btfly2.$add$/home/designer/shared/FFT/parallel_fft/design/rtl/common_modules/btfly_2.v:30$605 ($add).
  creating $macc model for $flatten\u_fft_core.\u_fft8_mdc0.\u_mdc8p_stage3.\u_btfly2.$add$/home/designer/shared/FFT/parallel_fft/design/rtl/common_modules/btfly_2.v:31$606 ($add).
  creating $macc model for $flatten\u_fft_core.\u_fft8_mdc1.\u_mdc8p_stage1.$add$/home/designer/shared/FFT/parallel_fft/design/rtl/fft_mdc_8p/stages/mdc8p_stage1.v:86$506 ($add).
  creating $macc model for $flatten\u_fft_core.\u_fft8_mdc1.\u_mdc8p_stage1.\ds_switch_stage1.$add$/home/designer/shared/FFT/parallel_fft/design/rtl/common_modules/ds_switch.v:120$531 ($add).
  creating $macc model for $flatten\u_fft_core.\u_fft8_mdc1.\u_mdc8p_stage1.\ds_switch_stage1.$add$/home/designer/shared/FFT/parallel_fft/design/rtl/common_modules/ds_switch.v:64$522 ($add).
  creating $macc model for $flatten\u_fft_core.\u_fft8_mdc1.\u_mdc8p_stage1.\u_btfly2.$add$/home/designer/shared/FFT/parallel_fft/design/rtl/common_modules/btfly_2.v:23$563 ($add).
  creating $macc model for $flatten\u_fft_core.\u_fft8_mdc1.\u_mdc8p_stage1.\u_btfly2.$add$/home/designer/shared/FFT/parallel_fft/design/rtl/common_modules/btfly_2.v:24$565 ($add).
  creating $macc model for $flatten\u_fft_core.\u_fft8_mdc1.\u_mdc8p_stage1.\u_btfly2.$add$/home/designer/shared/FFT/parallel_fft/design/rtl/common_modules/btfly_2.v:27$566 ($add).
  creating $macc model for $flatten\u_fft_core.\u_fft8_mdc1.\u_mdc8p_stage1.\u_btfly2.$add$/home/designer/shared/FFT/parallel_fft/design/rtl/common_modules/btfly_2.v:28$567 ($add).
  creating $macc model for $flatten\u_fft_core.\u_fft8_mdc1.\u_mdc8p_stage1.\u_btfly2.$add$/home/designer/shared/FFT/parallel_fft/design/rtl/common_modules/btfly_2.v:30$568 ($add).
  creating $macc model for $flatten\u_fft_core.\u_fft8_mdc1.\u_mdc8p_stage1.\u_btfly2.$add$/home/designer/shared/FFT/parallel_fft/design/rtl/common_modules/btfly_2.v:31$569 ($add).
  creating $macc model for $flatten\u_fft_core.\u_fft8_mdc1.\u_mdc8p_stage1.\xfft_cell_route1.$add$/home/designer/shared/FFT/parallel_fft/design/rtl/common_modules/xfft_cell.v:123$544 ($add).
  creating $macc model for $flatten\u_fft_core.\u_fft8_mdc1.\u_mdc8p_stage1.\xfft_cell_route1.$mul$/home/designer/shared/FFT/parallel_fft/design/rtl/common_modules/xfft_cell.v:92$558 ($mul).
  creating $macc model for $flatten\u_fft_core.\u_fft8_mdc1.\u_mdc8p_stage1.\xfft_cell_route1.$mul$/home/designer/shared/FFT/parallel_fft/design/rtl/common_modules/xfft_cell.v:93$559 ($mul).
  creating $macc model for $flatten\u_fft_core.\u_fft8_mdc1.\u_mdc8p_stage1.\xfft_cell_route1.$mul$/home/designer/shared/FFT/parallel_fft/design/rtl/common_modules/xfft_cell.v:94$560 ($mul).
  creating $macc model for $flatten\u_fft_core.\u_fft8_mdc1.\u_mdc8p_stage1.\xfft_cell_route1.$mul$/home/designer/shared/FFT/parallel_fft/design/rtl/common_modules/xfft_cell.v:95$561 ($mul).
  creating $macc model for $flatten\u_fft_core.\u_fft8_mdc1.\u_mdc8p_stage1.\xfft_cell_route1.$sub$/home/designer/shared/FFT/parallel_fft/design/rtl/common_modules/xfft_cell.v:122$543 ($sub).
  creating $macc model for $flatten\u_fft_core.\u_fft8_mdc1.\u_mdc8p_stage2.$add$/home/designer/shared/FFT/parallel_fft/design/rtl/fft_mdc_8p/stages/mdc8p_stage2.v:100$496 ($add).
  creating $macc model for $flatten\u_fft_core.\u_fft8_mdc1.\u_mdc8p_stage2.$add$/home/designer/shared/FFT/parallel_fft/design/rtl/fft_mdc_8p/stages/mdc8p_stage2.v:99$493 ($add).
  creating $macc model for $flatten\u_fft_core.\u_fft8_mdc1.\u_mdc8p_stage2.\ds_switch_stage1.$add$/home/designer/shared/FFT/parallel_fft/design/rtl/common_modules/ds_switch.v:120$581 ($add).
  creating $macc model for $flatten\u_fft_core.\u_fft8_mdc1.\u_mdc8p_stage2.\ds_switch_stage1.$add$/home/designer/shared/FFT/parallel_fft/design/rtl/common_modules/ds_switch.v:64$572 ($add).
  creating $macc model for $flatten\u_fft_core.\u_fft8_mdc1.\u_mdc8p_stage2.\u_btfly2.$add$/home/designer/shared/FFT/parallel_fft/design/rtl/common_modules/btfly_2.v:23$592 ($add).
  creating $macc model for $flatten\u_fft_core.\u_fft8_mdc1.\u_mdc8p_stage2.\u_btfly2.$add$/home/designer/shared/FFT/parallel_fft/design/rtl/common_modules/btfly_2.v:24$594 ($add).
  creating $macc model for $flatten\u_fft_core.\u_fft8_mdc1.\u_mdc8p_stage2.\u_btfly2.$add$/home/designer/shared/FFT/parallel_fft/design/rtl/common_modules/btfly_2.v:27$595 ($add).
  creating $macc model for $flatten\u_fft_core.\u_fft8_mdc1.\u_mdc8p_stage2.\u_btfly2.$add$/home/designer/shared/FFT/parallel_fft/design/rtl/common_modules/btfly_2.v:28$596 ($add).
  creating $macc model for $flatten\u_fft_core.\u_fft8_mdc1.\u_mdc8p_stage2.\u_btfly2.$add$/home/designer/shared/FFT/parallel_fft/design/rtl/common_modules/btfly_2.v:30$597 ($add).
  creating $macc model for $flatten\u_fft_core.\u_fft8_mdc1.\u_mdc8p_stage2.\u_btfly2.$add$/home/designer/shared/FFT/parallel_fft/design/rtl/common_modules/btfly_2.v:31$598 ($add).
  creating $macc model for $flatten\u_fft_core.\u_fft8_mdc1.\u_mdc8p_stage3.\u_btfly2.$add$/home/designer/shared/FFT/parallel_fft/design/rtl/common_modules/btfly_2.v:23$600 ($add).
  creating $macc model for $flatten\u_fft_core.\u_fft8_mdc1.\u_mdc8p_stage3.\u_btfly2.$add$/home/designer/shared/FFT/parallel_fft/design/rtl/common_modules/btfly_2.v:24$602 ($add).
  creating $macc model for $flatten\u_fft_core.\u_fft8_mdc1.\u_mdc8p_stage3.\u_btfly2.$add$/home/designer/shared/FFT/parallel_fft/design/rtl/common_modules/btfly_2.v:27$603 ($add).
  creating $macc model for $flatten\u_fft_core.\u_fft8_mdc1.\u_mdc8p_stage3.\u_btfly2.$add$/home/designer/shared/FFT/parallel_fft/design/rtl/common_modules/btfly_2.v:28$604 ($add).
  creating $macc model for $flatten\u_fft_core.\u_fft8_mdc1.\u_mdc8p_stage3.\u_btfly2.$add$/home/designer/shared/FFT/parallel_fft/design/rtl/common_modules/btfly_2.v:30$605 ($add).
  creating $macc model for $flatten\u_fft_core.\u_fft8_mdc1.\u_mdc8p_stage3.\u_btfly2.$add$/home/designer/shared/FFT/parallel_fft/design/rtl/common_modules/btfly_2.v:31$606 ($add).
  creating $macc model for $flatten\u_fft_core.\u_fft8_mdc2.\u_mdc8p_stage1.$add$/home/designer/shared/FFT/parallel_fft/design/rtl/fft_mdc_8p/stages/mdc8p_stage1.v:86$506 ($add).
  creating $macc model for $flatten\u_fft_core.\u_fft8_mdc2.\u_mdc8p_stage1.\ds_switch_stage1.$add$/home/designer/shared/FFT/parallel_fft/design/rtl/common_modules/ds_switch.v:120$531 ($add).
  creating $macc model for $flatten\u_fft_core.\u_fft8_mdc2.\u_mdc8p_stage1.\ds_switch_stage1.$add$/home/designer/shared/FFT/parallel_fft/design/rtl/common_modules/ds_switch.v:64$522 ($add).
  creating $macc model for $flatten\u_fft_core.\u_fft8_mdc2.\u_mdc8p_stage1.\u_btfly2.$add$/home/designer/shared/FFT/parallel_fft/design/rtl/common_modules/btfly_2.v:23$563 ($add).
  creating $macc model for $flatten\u_fft_core.\u_fft8_mdc2.\u_mdc8p_stage1.\u_btfly2.$add$/home/designer/shared/FFT/parallel_fft/design/rtl/common_modules/btfly_2.v:24$565 ($add).
  creating $macc model for $flatten\u_fft_core.\u_fft8_mdc2.\u_mdc8p_stage1.\u_btfly2.$add$/home/designer/shared/FFT/parallel_fft/design/rtl/common_modules/btfly_2.v:27$566 ($add).
  creating $macc model for $flatten\u_fft_core.\u_fft8_mdc2.\u_mdc8p_stage1.\u_btfly2.$add$/home/designer/shared/FFT/parallel_fft/design/rtl/common_modules/btfly_2.v:28$567 ($add).
  creating $macc model for $flatten\u_fft_core.\u_fft8_mdc2.\u_mdc8p_stage1.\u_btfly2.$add$/home/designer/shared/FFT/parallel_fft/design/rtl/common_modules/btfly_2.v:30$568 ($add).
  creating $macc model for $flatten\u_fft_core.\u_fft8_mdc2.\u_mdc8p_stage1.\u_btfly2.$add$/home/designer/shared/FFT/parallel_fft/design/rtl/common_modules/btfly_2.v:31$569 ($add).
  creating $macc model for $flatten\u_fft_core.\u_fft8_mdc2.\u_mdc8p_stage1.\xfft_cell_route1.$add$/home/designer/shared/FFT/parallel_fft/design/rtl/common_modules/xfft_cell.v:123$544 ($add).
  creating $macc model for $flatten\u_fft_core.\u_fft8_mdc2.\u_mdc8p_stage1.\xfft_cell_route1.$mul$/home/designer/shared/FFT/parallel_fft/design/rtl/common_modules/xfft_cell.v:92$558 ($mul).
  creating $macc model for $flatten\u_fft_core.\u_fft8_mdc2.\u_mdc8p_stage1.\xfft_cell_route1.$mul$/home/designer/shared/FFT/parallel_fft/design/rtl/common_modules/xfft_cell.v:93$559 ($mul).
  creating $macc model for $flatten\u_fft_core.\u_fft8_mdc2.\u_mdc8p_stage1.\xfft_cell_route1.$mul$/home/designer/shared/FFT/parallel_fft/design/rtl/common_modules/xfft_cell.v:94$560 ($mul).
  creating $macc model for $flatten\u_fft_core.\u_fft8_mdc2.\u_mdc8p_stage1.\xfft_cell_route1.$mul$/home/designer/shared/FFT/parallel_fft/design/rtl/common_modules/xfft_cell.v:95$561 ($mul).
  creating $macc model for $flatten\u_fft_core.\u_fft8_mdc2.\u_mdc8p_stage1.\xfft_cell_route1.$sub$/home/designer/shared/FFT/parallel_fft/design/rtl/common_modules/xfft_cell.v:122$543 ($sub).
  creating $macc model for $flatten\u_fft_core.\u_fft8_mdc2.\u_mdc8p_stage2.$add$/home/designer/shared/FFT/parallel_fft/design/rtl/fft_mdc_8p/stages/mdc8p_stage2.v:100$496 ($add).
  creating $macc model for $flatten\u_fft_core.\u_fft8_mdc2.\u_mdc8p_stage2.$add$/home/designer/shared/FFT/parallel_fft/design/rtl/fft_mdc_8p/stages/mdc8p_stage2.v:99$493 ($add).
  creating $macc model for $flatten\u_fft_core.\u_fft8_mdc2.\u_mdc8p_stage2.\ds_switch_stage1.$add$/home/designer/shared/FFT/parallel_fft/design/rtl/common_modules/ds_switch.v:120$581 ($add).
  creating $macc model for $flatten\u_fft_core.\u_fft8_mdc2.\u_mdc8p_stage2.\ds_switch_stage1.$add$/home/designer/shared/FFT/parallel_fft/design/rtl/common_modules/ds_switch.v:64$572 ($add).
  creating $macc model for $flatten\u_fft_core.\u_fft8_mdc2.\u_mdc8p_stage2.\u_btfly2.$add$/home/designer/shared/FFT/parallel_fft/design/rtl/common_modules/btfly_2.v:23$592 ($add).
  creating $macc model for $flatten\u_fft_core.\u_fft8_mdc2.\u_mdc8p_stage2.\u_btfly2.$add$/home/designer/shared/FFT/parallel_fft/design/rtl/common_modules/btfly_2.v:24$594 ($add).
  creating $macc model for $flatten\u_fft_core.\u_fft8_mdc2.\u_mdc8p_stage2.\u_btfly2.$add$/home/designer/shared/FFT/parallel_fft/design/rtl/common_modules/btfly_2.v:27$595 ($add).
  creating $macc model for $flatten\u_fft_core.\u_fft8_mdc2.\u_mdc8p_stage2.\u_btfly2.$add$/home/designer/shared/FFT/parallel_fft/design/rtl/common_modules/btfly_2.v:28$596 ($add).
  creating $macc model for $flatten\u_fft_core.\u_fft8_mdc2.\u_mdc8p_stage2.\u_btfly2.$add$/home/designer/shared/FFT/parallel_fft/design/rtl/common_modules/btfly_2.v:30$597 ($add).
  creating $macc model for $flatten\u_fft_core.\u_fft8_mdc2.\u_mdc8p_stage2.\u_btfly2.$add$/home/designer/shared/FFT/parallel_fft/design/rtl/common_modules/btfly_2.v:31$598 ($add).
  creating $macc model for $flatten\u_fft_core.\u_fft8_mdc2.\u_mdc8p_stage3.\u_btfly2.$add$/home/designer/shared/FFT/parallel_fft/design/rtl/common_modules/btfly_2.v:23$600 ($add).
  creating $macc model for $flatten\u_fft_core.\u_fft8_mdc2.\u_mdc8p_stage3.\u_btfly2.$add$/home/designer/shared/FFT/parallel_fft/design/rtl/common_modules/btfly_2.v:24$602 ($add).
  creating $macc model for $flatten\u_fft_core.\u_fft8_mdc2.\u_mdc8p_stage3.\u_btfly2.$add$/home/designer/shared/FFT/parallel_fft/design/rtl/common_modules/btfly_2.v:27$603 ($add).
  creating $macc model for $flatten\u_fft_core.\u_fft8_mdc2.\u_mdc8p_stage3.\u_btfly2.$add$/home/designer/shared/FFT/parallel_fft/design/rtl/common_modules/btfly_2.v:28$604 ($add).
  creating $macc model for $flatten\u_fft_core.\u_fft8_mdc2.\u_mdc8p_stage3.\u_btfly2.$add$/home/designer/shared/FFT/parallel_fft/design/rtl/common_modules/btfly_2.v:30$605 ($add).
  creating $macc model for $flatten\u_fft_core.\u_fft8_mdc2.\u_mdc8p_stage3.\u_btfly2.$add$/home/designer/shared/FFT/parallel_fft/design/rtl/common_modules/btfly_2.v:31$606 ($add).
  creating $macc model for $flatten\u_fft_core.\u_fft8_mdc3.\u_mdc8p_stage1.$add$/home/designer/shared/FFT/parallel_fft/design/rtl/fft_mdc_8p/stages/mdc8p_stage1.v:86$506 ($add).
  creating $macc model for $flatten\u_fft_core.\u_fft8_mdc3.\u_mdc8p_stage1.\ds_switch_stage1.$add$/home/designer/shared/FFT/parallel_fft/design/rtl/common_modules/ds_switch.v:120$531 ($add).
  creating $macc model for $flatten\u_fft_core.\u_fft8_mdc3.\u_mdc8p_stage1.\ds_switch_stage1.$add$/home/designer/shared/FFT/parallel_fft/design/rtl/common_modules/ds_switch.v:64$522 ($add).
  creating $macc model for $flatten\u_fft_core.\u_fft8_mdc3.\u_mdc8p_stage1.\u_btfly2.$add$/home/designer/shared/FFT/parallel_fft/design/rtl/common_modules/btfly_2.v:23$563 ($add).
  creating $macc model for $flatten\u_fft_core.\u_fft8_mdc3.\u_mdc8p_stage1.\u_btfly2.$add$/home/designer/shared/FFT/parallel_fft/design/rtl/common_modules/btfly_2.v:24$565 ($add).
  creating $macc model for $flatten\u_fft_core.\u_fft8_mdc3.\u_mdc8p_stage1.\u_btfly2.$add$/home/designer/shared/FFT/parallel_fft/design/rtl/common_modules/btfly_2.v:27$566 ($add).
  creating $macc model for $flatten\u_fft_core.\u_fft8_mdc3.\u_mdc8p_stage1.\u_btfly2.$add$/home/designer/shared/FFT/parallel_fft/design/rtl/common_modules/btfly_2.v:28$567 ($add).
  creating $macc model for $flatten\u_fft_core.\u_fft8_mdc3.\u_mdc8p_stage1.\u_btfly2.$add$/home/designer/shared/FFT/parallel_fft/design/rtl/common_modules/btfly_2.v:30$568 ($add).
  creating $macc model for $flatten\u_fft_core.\u_fft8_mdc3.\u_mdc8p_stage1.\u_btfly2.$add$/home/designer/shared/FFT/parallel_fft/design/rtl/common_modules/btfly_2.v:31$569 ($add).
  creating $macc model for $flatten\u_fft_core.\u_fft8_mdc3.\u_mdc8p_stage1.\xfft_cell_route1.$add$/home/designer/shared/FFT/parallel_fft/design/rtl/common_modules/xfft_cell.v:123$544 ($add).
  creating $macc model for $flatten\u_fft_core.\u_fft8_mdc3.\u_mdc8p_stage1.\xfft_cell_route1.$mul$/home/designer/shared/FFT/parallel_fft/design/rtl/common_modules/xfft_cell.v:92$558 ($mul).
  creating $macc model for $flatten\u_fft_core.\u_fft8_mdc3.\u_mdc8p_stage1.\xfft_cell_route1.$mul$/home/designer/shared/FFT/parallel_fft/design/rtl/common_modules/xfft_cell.v:93$559 ($mul).
  creating $macc model for $flatten\u_fft_core.\u_fft8_mdc3.\u_mdc8p_stage1.\xfft_cell_route1.$mul$/home/designer/shared/FFT/parallel_fft/design/rtl/common_modules/xfft_cell.v:94$560 ($mul).
  creating $macc model for $flatten\u_fft_core.\u_fft8_mdc3.\u_mdc8p_stage1.\xfft_cell_route1.$mul$/home/designer/shared/FFT/parallel_fft/design/rtl/common_modules/xfft_cell.v:95$561 ($mul).
  creating $macc model for $flatten\u_fft_core.\u_fft8_mdc3.\u_mdc8p_stage1.\xfft_cell_route1.$sub$/home/designer/shared/FFT/parallel_fft/design/rtl/common_modules/xfft_cell.v:122$543 ($sub).
  creating $macc model for $flatten\u_fft_core.\u_fft8_mdc3.\u_mdc8p_stage2.$add$/home/designer/shared/FFT/parallel_fft/design/rtl/fft_mdc_8p/stages/mdc8p_stage2.v:100$496 ($add).
  creating $macc model for $flatten\u_fft_core.\u_fft8_mdc3.\u_mdc8p_stage2.$add$/home/designer/shared/FFT/parallel_fft/design/rtl/fft_mdc_8p/stages/mdc8p_stage2.v:99$493 ($add).
  creating $macc model for $flatten\u_fft_core.\u_fft8_mdc3.\u_mdc8p_stage2.\ds_switch_stage1.$add$/home/designer/shared/FFT/parallel_fft/design/rtl/common_modules/ds_switch.v:120$581 ($add).
  creating $macc model for $flatten\u_fft_core.\u_fft8_mdc3.\u_mdc8p_stage2.\ds_switch_stage1.$add$/home/designer/shared/FFT/parallel_fft/design/rtl/common_modules/ds_switch.v:64$572 ($add).
  creating $macc model for $flatten\u_fft_core.\u_fft8_mdc3.\u_mdc8p_stage2.\u_btfly2.$add$/home/designer/shared/FFT/parallel_fft/design/rtl/common_modules/btfly_2.v:23$592 ($add).
  creating $macc model for $flatten\u_fft_core.\u_fft8_mdc3.\u_mdc8p_stage2.\u_btfly2.$add$/home/designer/shared/FFT/parallel_fft/design/rtl/common_modules/btfly_2.v:24$594 ($add).
  creating $macc model for $flatten\u_fft_core.\u_fft8_mdc3.\u_mdc8p_stage2.\u_btfly2.$add$/home/designer/shared/FFT/parallel_fft/design/rtl/common_modules/btfly_2.v:27$595 ($add).
  creating $macc model for $flatten\u_fft_core.\u_fft8_mdc3.\u_mdc8p_stage2.\u_btfly2.$add$/home/designer/shared/FFT/parallel_fft/design/rtl/common_modules/btfly_2.v:28$596 ($add).
  creating $macc model for $flatten\u_fft_core.\u_fft8_mdc3.\u_mdc8p_stage2.\u_btfly2.$add$/home/designer/shared/FFT/parallel_fft/design/rtl/common_modules/btfly_2.v:30$597 ($add).
  creating $macc model for $flatten\u_fft_core.\u_fft8_mdc3.\u_mdc8p_stage2.\u_btfly2.$add$/home/designer/shared/FFT/parallel_fft/design/rtl/common_modules/btfly_2.v:31$598 ($add).
  creating $macc model for $flatten\u_fft_core.\u_fft8_mdc3.\u_mdc8p_stage3.\u_btfly2.$add$/home/designer/shared/FFT/parallel_fft/design/rtl/common_modules/btfly_2.v:23$600 ($add).
  creating $macc model for $flatten\u_fft_core.\u_fft8_mdc3.\u_mdc8p_stage3.\u_btfly2.$add$/home/designer/shared/FFT/parallel_fft/design/rtl/common_modules/btfly_2.v:24$602 ($add).
  creating $macc model for $flatten\u_fft_core.\u_fft8_mdc3.\u_mdc8p_stage3.\u_btfly2.$add$/home/designer/shared/FFT/parallel_fft/design/rtl/common_modules/btfly_2.v:27$603 ($add).
  creating $macc model for $flatten\u_fft_core.\u_fft8_mdc3.\u_mdc8p_stage3.\u_btfly2.$add$/home/designer/shared/FFT/parallel_fft/design/rtl/common_modules/btfly_2.v:28$604 ($add).
  creating $macc model for $flatten\u_fft_core.\u_fft8_mdc3.\u_mdc8p_stage3.\u_btfly2.$add$/home/designer/shared/FFT/parallel_fft/design/rtl/common_modules/btfly_2.v:30$605 ($add).
  creating $macc model for $flatten\u_fft_core.\u_fft8_mdc3.\u_mdc8p_stage3.\u_btfly2.$add$/home/designer/shared/FFT/parallel_fft/design/rtl/common_modules/btfly_2.v:31$606 ($add).
  creating $macc model for $flatten\u_fft_core.\u_twiddle_interface.$add$/home/designer/shared/FFT/parallel_fft/design/rtl/twiddle_interface/twiddle_interface.v:119$409 ($add).
  creating $macc model for $flatten\u_fft_core.\u_twiddle_interface.\u_mult_1.$add$/home/designer/shared/FFT/parallel_fft/design/rtl/common_modules/complex_multiplier.v:35$485 ($add).
  creating $macc model for $flatten\u_fft_core.\u_twiddle_interface.\u_mult_1.$mul$/home/designer/shared/FFT/parallel_fft/design/rtl/common_modules/complex_multiplier.v:26$480 ($mul).
  creating $macc model for $flatten\u_fft_core.\u_twiddle_interface.\u_mult_1.$mul$/home/designer/shared/FFT/parallel_fft/design/rtl/common_modules/complex_multiplier.v:27$481 ($mul).
  creating $macc model for $flatten\u_fft_core.\u_twiddle_interface.\u_mult_1.$mul$/home/designer/shared/FFT/parallel_fft/design/rtl/common_modules/complex_multiplier.v:28$482 ($mul).
  creating $macc model for $flatten\u_fft_core.\u_twiddle_interface.\u_mult_1.$mul$/home/designer/shared/FFT/parallel_fft/design/rtl/common_modules/complex_multiplier.v:29$483 ($mul).
  creating $macc model for $flatten\u_fft_core.\u_twiddle_interface.\u_mult_1.$sub$/home/designer/shared/FFT/parallel_fft/design/rtl/common_modules/complex_multiplier.v:34$484 ($sub).
  creating $macc model for $flatten\u_fft_core.\u_twiddle_interface.\u_mult_2.$add$/home/designer/shared/FFT/parallel_fft/design/rtl/common_modules/complex_multiplier.v:35$485 ($add).
  creating $macc model for $flatten\u_fft_core.\u_twiddle_interface.\u_mult_2.$mul$/home/designer/shared/FFT/parallel_fft/design/rtl/common_modules/complex_multiplier.v:26$480 ($mul).
  creating $macc model for $flatten\u_fft_core.\u_twiddle_interface.\u_mult_2.$mul$/home/designer/shared/FFT/parallel_fft/design/rtl/common_modules/complex_multiplier.v:27$481 ($mul).
  creating $macc model for $flatten\u_fft_core.\u_twiddle_interface.\u_mult_2.$mul$/home/designer/shared/FFT/parallel_fft/design/rtl/common_modules/complex_multiplier.v:28$482 ($mul).
  creating $macc model for $flatten\u_fft_core.\u_twiddle_interface.\u_mult_2.$mul$/home/designer/shared/FFT/parallel_fft/design/rtl/common_modules/complex_multiplier.v:29$483 ($mul).
  creating $macc model for $flatten\u_fft_core.\u_twiddle_interface.\u_mult_2.$sub$/home/designer/shared/FFT/parallel_fft/design/rtl/common_modules/complex_multiplier.v:34$484 ($sub).
  creating $macc model for $flatten\u_fft_core.\u_twiddle_interface.\u_mult_3.$add$/home/designer/shared/FFT/parallel_fft/design/rtl/common_modules/complex_multiplier.v:35$485 ($add).
  creating $macc model for $flatten\u_fft_core.\u_twiddle_interface.\u_mult_3.$mul$/home/designer/shared/FFT/parallel_fft/design/rtl/common_modules/complex_multiplier.v:26$480 ($mul).
  creating $macc model for $flatten\u_fft_core.\u_twiddle_interface.\u_mult_3.$mul$/home/designer/shared/FFT/parallel_fft/design/rtl/common_modules/complex_multiplier.v:27$481 ($mul).
  creating $macc model for $flatten\u_fft_core.\u_twiddle_interface.\u_mult_3.$mul$/home/designer/shared/FFT/parallel_fft/design/rtl/common_modules/complex_multiplier.v:28$482 ($mul).
  creating $macc model for $flatten\u_fft_core.\u_twiddle_interface.\u_mult_3.$mul$/home/designer/shared/FFT/parallel_fft/design/rtl/common_modules/complex_multiplier.v:29$483 ($mul).
  creating $macc model for $flatten\u_fft_core.\u_twiddle_interface.\u_mult_3.$sub$/home/designer/shared/FFT/parallel_fft/design/rtl/common_modules/complex_multiplier.v:34$484 ($sub).
  creating $macc model for $flatten\u_rx.$add$/home/designer/shared/FFT/parallel_fft/design/rtl/common_modules/rx_serializer.v:87$42 ($add).
  creating $macc model for $flatten\u_tx.$sub$/home/designer/shared/FFT/parallel_fft/design/rtl/common_modules/tx_serializer.v:87$29 ($sub).
  merging $macc model for $flatten\u_fft_core.\u_twiddle_interface.\u_mult_3.$mul$/home/designer/shared/FFT/parallel_fft/design/rtl/common_modules/complex_multiplier.v:26$480 into $flatten\u_fft_core.\u_twiddle_interface.\u_mult_3.$sub$/home/designer/shared/FFT/parallel_fft/design/rtl/common_modules/complex_multiplier.v:34$484.
  merging $macc model for $flatten\u_fft_core.\u_twiddle_interface.\u_mult_3.$mul$/home/designer/shared/FFT/parallel_fft/design/rtl/common_modules/complex_multiplier.v:27$481 into $flatten\u_fft_core.\u_twiddle_interface.\u_mult_3.$sub$/home/designer/shared/FFT/parallel_fft/design/rtl/common_modules/complex_multiplier.v:34$484.
  merging $macc model for $flatten\u_fft_core.\u_twiddle_interface.\u_mult_3.$mul$/home/designer/shared/FFT/parallel_fft/design/rtl/common_modules/complex_multiplier.v:28$482 into $flatten\u_fft_core.\u_twiddle_interface.\u_mult_3.$add$/home/designer/shared/FFT/parallel_fft/design/rtl/common_modules/complex_multiplier.v:35$485.
  merging $macc model for $flatten\u_fft_core.\u_twiddle_interface.\u_mult_3.$mul$/home/designer/shared/FFT/parallel_fft/design/rtl/common_modules/complex_multiplier.v:29$483 into $flatten\u_fft_core.\u_twiddle_interface.\u_mult_3.$add$/home/designer/shared/FFT/parallel_fft/design/rtl/common_modules/complex_multiplier.v:35$485.
  merging $macc model for $flatten\u_fft_core.\u_twiddle_interface.\u_mult_2.$mul$/home/designer/shared/FFT/parallel_fft/design/rtl/common_modules/complex_multiplier.v:26$480 into $flatten\u_fft_core.\u_twiddle_interface.\u_mult_2.$sub$/home/designer/shared/FFT/parallel_fft/design/rtl/common_modules/complex_multiplier.v:34$484.
  merging $macc model for $flatten\u_fft_core.\u_twiddle_interface.\u_mult_2.$mul$/home/designer/shared/FFT/parallel_fft/design/rtl/common_modules/complex_multiplier.v:27$481 into $flatten\u_fft_core.\u_twiddle_interface.\u_mult_2.$sub$/home/designer/shared/FFT/parallel_fft/design/rtl/common_modules/complex_multiplier.v:34$484.
  merging $macc model for $flatten\u_fft_core.\u_twiddle_interface.\u_mult_2.$mul$/home/designer/shared/FFT/parallel_fft/design/rtl/common_modules/complex_multiplier.v:28$482 into $flatten\u_fft_core.\u_twiddle_interface.\u_mult_2.$add$/home/designer/shared/FFT/parallel_fft/design/rtl/common_modules/complex_multiplier.v:35$485.
  merging $macc model for $flatten\u_fft_core.\u_twiddle_interface.\u_mult_2.$mul$/home/designer/shared/FFT/parallel_fft/design/rtl/common_modules/complex_multiplier.v:29$483 into $flatten\u_fft_core.\u_twiddle_interface.\u_mult_2.$add$/home/designer/shared/FFT/parallel_fft/design/rtl/common_modules/complex_multiplier.v:35$485.
  merging $macc model for $flatten\u_fft_core.\u_twiddle_interface.\u_mult_1.$mul$/home/designer/shared/FFT/parallel_fft/design/rtl/common_modules/complex_multiplier.v:26$480 into $flatten\u_fft_core.\u_twiddle_interface.\u_mult_1.$sub$/home/designer/shared/FFT/parallel_fft/design/rtl/common_modules/complex_multiplier.v:34$484.
  merging $macc model for $flatten\u_fft_core.\u_twiddle_interface.\u_mult_1.$mul$/home/designer/shared/FFT/parallel_fft/design/rtl/common_modules/complex_multiplier.v:27$481 into $flatten\u_fft_core.\u_twiddle_interface.\u_mult_1.$sub$/home/designer/shared/FFT/parallel_fft/design/rtl/common_modules/complex_multiplier.v:34$484.
  merging $macc model for $flatten\u_fft_core.\u_twiddle_interface.\u_mult_1.$mul$/home/designer/shared/FFT/parallel_fft/design/rtl/common_modules/complex_multiplier.v:28$482 into $flatten\u_fft_core.\u_twiddle_interface.\u_mult_1.$add$/home/designer/shared/FFT/parallel_fft/design/rtl/common_modules/complex_multiplier.v:35$485.
  merging $macc model for $flatten\u_fft_core.\u_twiddle_interface.\u_mult_1.$mul$/home/designer/shared/FFT/parallel_fft/design/rtl/common_modules/complex_multiplier.v:29$483 into $flatten\u_fft_core.\u_twiddle_interface.\u_mult_1.$add$/home/designer/shared/FFT/parallel_fft/design/rtl/common_modules/complex_multiplier.v:35$485.
  merging $macc model for $flatten\u_fft_core.\u_fft8_mdc3.\u_mdc8p_stage3.\u_btfly2.$add$/home/designer/shared/FFT/parallel_fft/design/rtl/common_modules/btfly_2.v:24$602 into $flatten\u_fft_core.\u_fft8_mdc3.\u_mdc8p_stage3.\u_btfly2.$add$/home/designer/shared/FFT/parallel_fft/design/rtl/common_modules/btfly_2.v:31$606.
  merging $macc model for $flatten\u_fft_core.\u_fft8_mdc3.\u_mdc8p_stage3.\u_btfly2.$add$/home/designer/shared/FFT/parallel_fft/design/rtl/common_modules/btfly_2.v:23$600 into $flatten\u_fft_core.\u_fft8_mdc3.\u_mdc8p_stage3.\u_btfly2.$add$/home/designer/shared/FFT/parallel_fft/design/rtl/common_modules/btfly_2.v:30$605.
  merging $macc model for $flatten\u_fft_core.\u_fft8_mdc3.\u_mdc8p_stage2.\u_btfly2.$add$/home/designer/shared/FFT/parallel_fft/design/rtl/common_modules/btfly_2.v:24$594 into $flatten\u_fft_core.\u_fft8_mdc3.\u_mdc8p_stage2.\u_btfly2.$add$/home/designer/shared/FFT/parallel_fft/design/rtl/common_modules/btfly_2.v:31$598.
  merging $macc model for $flatten\u_fft_core.\u_fft8_mdc3.\u_mdc8p_stage2.\u_btfly2.$add$/home/designer/shared/FFT/parallel_fft/design/rtl/common_modules/btfly_2.v:23$592 into $flatten\u_fft_core.\u_fft8_mdc3.\u_mdc8p_stage2.\u_btfly2.$add$/home/designer/shared/FFT/parallel_fft/design/rtl/common_modules/btfly_2.v:30$597.
  merging $macc model for $flatten\u_fft_core.\u_fft8_mdc3.\u_mdc8p_stage1.\u_btfly2.$add$/home/designer/shared/FFT/parallel_fft/design/rtl/common_modules/btfly_2.v:24$565 into $flatten\u_fft_core.\u_fft8_mdc3.\u_mdc8p_stage1.\u_btfly2.$add$/home/designer/shared/FFT/parallel_fft/design/rtl/common_modules/btfly_2.v:31$569.
  merging $macc model for $flatten\u_fft_core.\u_fft8_mdc3.\u_mdc8p_stage1.\u_btfly2.$add$/home/designer/shared/FFT/parallel_fft/design/rtl/common_modules/btfly_2.v:23$563 into $flatten\u_fft_core.\u_fft8_mdc3.\u_mdc8p_stage1.\u_btfly2.$add$/home/designer/shared/FFT/parallel_fft/design/rtl/common_modules/btfly_2.v:30$568.
  merging $macc model for $flatten\u_fft_core.\u_fft8_mdc2.\u_mdc8p_stage3.\u_btfly2.$add$/home/designer/shared/FFT/parallel_fft/design/rtl/common_modules/btfly_2.v:24$602 into $flatten\u_fft_core.\u_fft8_mdc2.\u_mdc8p_stage3.\u_btfly2.$add$/home/designer/shared/FFT/parallel_fft/design/rtl/common_modules/btfly_2.v:31$606.
  merging $macc model for $flatten\u_fft_core.\u_fft8_mdc2.\u_mdc8p_stage3.\u_btfly2.$add$/home/designer/shared/FFT/parallel_fft/design/rtl/common_modules/btfly_2.v:23$600 into $flatten\u_fft_core.\u_fft8_mdc2.\u_mdc8p_stage3.\u_btfly2.$add$/home/designer/shared/FFT/parallel_fft/design/rtl/common_modules/btfly_2.v:30$605.
  merging $macc model for $flatten\u_fft_core.\u_fft8_mdc2.\u_mdc8p_stage2.\u_btfly2.$add$/home/designer/shared/FFT/parallel_fft/design/rtl/common_modules/btfly_2.v:24$594 into $flatten\u_fft_core.\u_fft8_mdc2.\u_mdc8p_stage2.\u_btfly2.$add$/home/designer/shared/FFT/parallel_fft/design/rtl/common_modules/btfly_2.v:31$598.
  merging $macc model for $flatten\u_fft_core.\u_fft8_mdc2.\u_mdc8p_stage2.\u_btfly2.$add$/home/designer/shared/FFT/parallel_fft/design/rtl/common_modules/btfly_2.v:23$592 into $flatten\u_fft_core.\u_fft8_mdc2.\u_mdc8p_stage2.\u_btfly2.$add$/home/designer/shared/FFT/parallel_fft/design/rtl/common_modules/btfly_2.v:30$597.
  merging $macc model for $flatten\u_fft_core.\u_fft8_mdc2.\u_mdc8p_stage1.\u_btfly2.$add$/home/designer/shared/FFT/parallel_fft/design/rtl/common_modules/btfly_2.v:24$565 into $flatten\u_fft_core.\u_fft8_mdc2.\u_mdc8p_stage1.\u_btfly2.$add$/home/designer/shared/FFT/parallel_fft/design/rtl/common_modules/btfly_2.v:31$569.
  merging $macc model for $flatten\u_fft_core.\u_fft8_mdc2.\u_mdc8p_stage1.\u_btfly2.$add$/home/designer/shared/FFT/parallel_fft/design/rtl/common_modules/btfly_2.v:23$563 into $flatten\u_fft_core.\u_fft8_mdc2.\u_mdc8p_stage1.\u_btfly2.$add$/home/designer/shared/FFT/parallel_fft/design/rtl/common_modules/btfly_2.v:30$568.
  merging $macc model for $flatten\u_fft_core.\u_fft8_mdc1.\u_mdc8p_stage3.\u_btfly2.$add$/home/designer/shared/FFT/parallel_fft/design/rtl/common_modules/btfly_2.v:24$602 into $flatten\u_fft_core.\u_fft8_mdc1.\u_mdc8p_stage3.\u_btfly2.$add$/home/designer/shared/FFT/parallel_fft/design/rtl/common_modules/btfly_2.v:31$606.
  merging $macc model for $flatten\u_fft_core.\u_fft8_mdc1.\u_mdc8p_stage3.\u_btfly2.$add$/home/designer/shared/FFT/parallel_fft/design/rtl/common_modules/btfly_2.v:23$600 into $flatten\u_fft_core.\u_fft8_mdc1.\u_mdc8p_stage3.\u_btfly2.$add$/home/designer/shared/FFT/parallel_fft/design/rtl/common_modules/btfly_2.v:30$605.
  merging $macc model for $flatten\u_fft_core.\u_fft8_mdc1.\u_mdc8p_stage2.\u_btfly2.$add$/home/designer/shared/FFT/parallel_fft/design/rtl/common_modules/btfly_2.v:24$594 into $flatten\u_fft_core.\u_fft8_mdc1.\u_mdc8p_stage2.\u_btfly2.$add$/home/designer/shared/FFT/parallel_fft/design/rtl/common_modules/btfly_2.v:31$598.
  merging $macc model for $flatten\u_fft_core.\u_fft8_mdc1.\u_mdc8p_stage2.\u_btfly2.$add$/home/designer/shared/FFT/parallel_fft/design/rtl/common_modules/btfly_2.v:23$592 into $flatten\u_fft_core.\u_fft8_mdc1.\u_mdc8p_stage2.\u_btfly2.$add$/home/designer/shared/FFT/parallel_fft/design/rtl/common_modules/btfly_2.v:30$597.
  merging $macc model for $flatten\u_fft_core.\u_fft8_mdc1.\u_mdc8p_stage1.\u_btfly2.$add$/home/designer/shared/FFT/parallel_fft/design/rtl/common_modules/btfly_2.v:24$565 into $flatten\u_fft_core.\u_fft8_mdc1.\u_mdc8p_stage1.\u_btfly2.$add$/home/designer/shared/FFT/parallel_fft/design/rtl/common_modules/btfly_2.v:31$569.
  merging $macc model for $flatten\u_fft_core.\u_fft8_mdc1.\u_mdc8p_stage1.\u_btfly2.$add$/home/designer/shared/FFT/parallel_fft/design/rtl/common_modules/btfly_2.v:23$563 into $flatten\u_fft_core.\u_fft8_mdc1.\u_mdc8p_stage1.\u_btfly2.$add$/home/designer/shared/FFT/parallel_fft/design/rtl/common_modules/btfly_2.v:30$568.
  merging $macc model for $flatten\u_fft_core.\u_fft8_mdc0.\u_mdc8p_stage3.\u_btfly2.$add$/home/designer/shared/FFT/parallel_fft/design/rtl/common_modules/btfly_2.v:24$602 into $flatten\u_fft_core.\u_fft8_mdc0.\u_mdc8p_stage3.\u_btfly2.$add$/home/designer/shared/FFT/parallel_fft/design/rtl/common_modules/btfly_2.v:31$606.
  merging $macc model for $flatten\u_fft_core.\u_fft8_mdc0.\u_mdc8p_stage3.\u_btfly2.$add$/home/designer/shared/FFT/parallel_fft/design/rtl/common_modules/btfly_2.v:23$600 into $flatten\u_fft_core.\u_fft8_mdc0.\u_mdc8p_stage3.\u_btfly2.$add$/home/designer/shared/FFT/parallel_fft/design/rtl/common_modules/btfly_2.v:30$605.
  merging $macc model for $flatten\u_fft_core.\u_fft8_mdc0.\u_mdc8p_stage2.\u_btfly2.$add$/home/designer/shared/FFT/parallel_fft/design/rtl/common_modules/btfly_2.v:24$594 into $flatten\u_fft_core.\u_fft8_mdc0.\u_mdc8p_stage2.\u_btfly2.$add$/home/designer/shared/FFT/parallel_fft/design/rtl/common_modules/btfly_2.v:31$598.
  merging $macc model for $flatten\u_fft_core.\u_fft8_mdc0.\u_mdc8p_stage2.\u_btfly2.$add$/home/designer/shared/FFT/parallel_fft/design/rtl/common_modules/btfly_2.v:23$592 into $flatten\u_fft_core.\u_fft8_mdc0.\u_mdc8p_stage2.\u_btfly2.$add$/home/designer/shared/FFT/parallel_fft/design/rtl/common_modules/btfly_2.v:30$597.
  merging $macc model for $flatten\u_fft_core.\u_fft8_mdc0.\u_mdc8p_stage1.\u_btfly2.$add$/home/designer/shared/FFT/parallel_fft/design/rtl/common_modules/btfly_2.v:24$565 into $flatten\u_fft_core.\u_fft8_mdc0.\u_mdc8p_stage1.\u_btfly2.$add$/home/designer/shared/FFT/parallel_fft/design/rtl/common_modules/btfly_2.v:31$569.
  merging $macc model for $flatten\u_fft_core.\u_fft8_mdc0.\u_mdc8p_stage1.\u_btfly2.$add$/home/designer/shared/FFT/parallel_fft/design/rtl/common_modules/btfly_2.v:23$563 into $flatten\u_fft_core.\u_fft8_mdc0.\u_mdc8p_stage1.\u_btfly2.$add$/home/designer/shared/FFT/parallel_fft/design/rtl/common_modules/btfly_2.v:30$568.
  creating $alu model for $macc $flatten\u_fft_core.\u_fft8_mdc3.\u_mdc8p_stage2.$add$/home/designer/shared/FFT/parallel_fft/design/rtl/fft_mdc_8p/stages/mdc8p_stage2.v:100$496.
  creating $alu model for $macc $flatten\u_fft_core.\u_fft8_mdc3.\u_mdc8p_stage1.\xfft_cell_route1.$sub$/home/designer/shared/FFT/parallel_fft/design/rtl/common_modules/xfft_cell.v:122$543.
  creating $alu model for $macc $flatten\u_fft_core.\u_fft8_mdc3.\u_mdc8p_stage1.\xfft_cell_route1.$add$/home/designer/shared/FFT/parallel_fft/design/rtl/common_modules/xfft_cell.v:123$544.
  creating $alu model for $macc $flatten\u_fft_core.\u_fft8_mdc3.\u_mdc8p_stage1.\u_btfly2.$add$/home/designer/shared/FFT/parallel_fft/design/rtl/common_modules/btfly_2.v:31$569.
  creating $alu model for $macc $flatten\u_fft_core.\u_fft8_mdc3.\u_mdc8p_stage1.\u_btfly2.$add$/home/designer/shared/FFT/parallel_fft/design/rtl/common_modules/btfly_2.v:30$568.
  creating $alu model for $macc $flatten\u_fft_core.\u_fft8_mdc3.\u_mdc8p_stage1.\u_btfly2.$add$/home/designer/shared/FFT/parallel_fft/design/rtl/common_modules/btfly_2.v:28$567.
  creating $alu model for $macc $flatten\u_fft_core.\u_fft8_mdc3.\u_mdc8p_stage1.\u_btfly2.$add$/home/designer/shared/FFT/parallel_fft/design/rtl/common_modules/btfly_2.v:27$566.
  creating $alu model for $macc $flatten\u_fft_core.\u_fft8_mdc3.\u_mdc8p_stage2.\u_btfly2.$add$/home/designer/shared/FFT/parallel_fft/design/rtl/common_modules/btfly_2.v:31$598.
  creating $alu model for $macc $flatten\u_fft_core.\u_fft8_mdc3.\u_mdc8p_stage1.\ds_switch_stage1.$add$/home/designer/shared/FFT/parallel_fft/design/rtl/common_modules/ds_switch.v:64$522.
  creating $alu model for $macc $flatten\u_fft_core.\u_fft8_mdc3.\u_mdc8p_stage1.\ds_switch_stage1.$add$/home/designer/shared/FFT/parallel_fft/design/rtl/common_modules/ds_switch.v:120$531.
  creating $alu model for $macc $flatten\u_fft_core.\u_fft8_mdc3.\u_mdc8p_stage1.$add$/home/designer/shared/FFT/parallel_fft/design/rtl/fft_mdc_8p/stages/mdc8p_stage1.v:86$506.
  creating $alu model for $macc $flatten\u_fft_core.\u_fft8_mdc2.\u_mdc8p_stage3.\u_btfly2.$add$/home/designer/shared/FFT/parallel_fft/design/rtl/common_modules/btfly_2.v:31$606.
  creating $alu model for $macc $flatten\u_fft_core.\u_fft8_mdc2.\u_mdc8p_stage3.\u_btfly2.$add$/home/designer/shared/FFT/parallel_fft/design/rtl/common_modules/btfly_2.v:30$605.
  creating $alu model for $macc $flatten\u_fft_core.\u_fft8_mdc2.\u_mdc8p_stage3.\u_btfly2.$add$/home/designer/shared/FFT/parallel_fft/design/rtl/common_modules/btfly_2.v:28$604.
  creating $alu model for $macc $flatten\u_fft_core.\u_fft8_mdc2.\u_mdc8p_stage3.\u_btfly2.$add$/home/designer/shared/FFT/parallel_fft/design/rtl/common_modules/btfly_2.v:27$603.
  creating $alu model for $macc $flatten\u_fft_core.\u_fft8_mdc3.\u_mdc8p_stage3.\u_btfly2.$add$/home/designer/shared/FFT/parallel_fft/design/rtl/common_modules/btfly_2.v:30$605.
  creating $alu model for $macc $flatten\u_fft_core.\u_fft8_mdc3.\u_mdc8p_stage3.\u_btfly2.$add$/home/designer/shared/FFT/parallel_fft/design/rtl/common_modules/btfly_2.v:28$604.
  creating $alu model for $macc $flatten\u_fft_core.\u_fft8_mdc2.\u_mdc8p_stage2.\u_btfly2.$add$/home/designer/shared/FFT/parallel_fft/design/rtl/common_modules/btfly_2.v:31$598.
  creating $alu model for $macc $flatten\u_fft_core.\u_fft8_mdc2.\u_mdc8p_stage2.\u_btfly2.$add$/home/designer/shared/FFT/parallel_fft/design/rtl/common_modules/btfly_2.v:30$597.
  creating $alu model for $macc $flatten\u_fft_core.\u_fft8_mdc2.\u_mdc8p_stage2.\u_btfly2.$add$/home/designer/shared/FFT/parallel_fft/design/rtl/common_modules/btfly_2.v:28$596.
  creating $alu model for $macc $flatten\u_fft_core.\u_fft8_mdc2.\u_mdc8p_stage2.\u_btfly2.$add$/home/designer/shared/FFT/parallel_fft/design/rtl/common_modules/btfly_2.v:27$595.
  creating $alu model for $macc $flatten\u_fft_core.\u_fft8_mdc3.\u_mdc8p_stage3.\u_btfly2.$add$/home/designer/shared/FFT/parallel_fft/design/rtl/common_modules/btfly_2.v:27$603.
  creating $alu model for $macc $flatten\u_fft_core.\u_fft8_mdc2.\u_mdc8p_stage2.\ds_switch_stage1.$add$/home/designer/shared/FFT/parallel_fft/design/rtl/common_modules/ds_switch.v:64$572.
  creating $alu model for $macc $flatten\u_fft_core.\u_fft8_mdc2.\u_mdc8p_stage2.\ds_switch_stage1.$add$/home/designer/shared/FFT/parallel_fft/design/rtl/common_modules/ds_switch.v:120$581.
  creating $alu model for $macc $flatten\u_fft_core.\u_fft8_mdc2.\u_mdc8p_stage2.$add$/home/designer/shared/FFT/parallel_fft/design/rtl/fft_mdc_8p/stages/mdc8p_stage2.v:99$493.
  creating $alu model for $macc $flatten\u_fft_core.\u_fft8_mdc2.\u_mdc8p_stage2.$add$/home/designer/shared/FFT/parallel_fft/design/rtl/fft_mdc_8p/stages/mdc8p_stage2.v:100$496.
  creating $alu model for $macc $flatten\u_fft_core.\u_fft8_mdc2.\u_mdc8p_stage1.\xfft_cell_route1.$sub$/home/designer/shared/FFT/parallel_fft/design/rtl/common_modules/xfft_cell.v:122$543.
  creating $alu model for $macc $flatten\u_fft_core.\u_fft8_mdc2.\u_mdc8p_stage1.\xfft_cell_route1.$add$/home/designer/shared/FFT/parallel_fft/design/rtl/common_modules/xfft_cell.v:123$544.
  creating $alu model for $macc $flatten\u_fft_core.\u_fft8_mdc2.\u_mdc8p_stage1.\u_btfly2.$add$/home/designer/shared/FFT/parallel_fft/design/rtl/common_modules/btfly_2.v:31$569.
  creating $alu model for $macc $flatten\u_fft_core.\u_fft8_mdc2.\u_mdc8p_stage1.\u_btfly2.$add$/home/designer/shared/FFT/parallel_fft/design/rtl/common_modules/btfly_2.v:30$568.
  creating $alu model for $macc $flatten\u_fft_core.\u_fft8_mdc2.\u_mdc8p_stage1.\u_btfly2.$add$/home/designer/shared/FFT/parallel_fft/design/rtl/common_modules/btfly_2.v:28$567.
  creating $alu model for $macc $flatten\u_fft_core.\u_fft8_mdc2.\u_mdc8p_stage1.\u_btfly2.$add$/home/designer/shared/FFT/parallel_fft/design/rtl/common_modules/btfly_2.v:27$566.
  creating $alu model for $macc $flatten\u_fft_core.\u_fft8_mdc3.\u_mdc8p_stage3.\u_btfly2.$add$/home/designer/shared/FFT/parallel_fft/design/rtl/common_modules/btfly_2.v:31$606.
  creating $alu model for $macc $flatten\u_fft_core.\u_fft8_mdc2.\u_mdc8p_stage1.\ds_switch_stage1.$add$/home/designer/shared/FFT/parallel_fft/design/rtl/common_modules/ds_switch.v:64$522.
  creating $alu model for $macc $flatten\u_fft_core.\u_fft8_mdc2.\u_mdc8p_stage1.\ds_switch_stage1.$add$/home/designer/shared/FFT/parallel_fft/design/rtl/common_modules/ds_switch.v:120$531.
  creating $alu model for $macc $flatten\u_fft_core.\u_fft8_mdc2.\u_mdc8p_stage1.$add$/home/designer/shared/FFT/parallel_fft/design/rtl/fft_mdc_8p/stages/mdc8p_stage1.v:86$506.
  creating $alu model for $macc $flatten\u_fft_core.\u_fft8_mdc1.\u_mdc8p_stage3.\u_btfly2.$add$/home/designer/shared/FFT/parallel_fft/design/rtl/common_modules/btfly_2.v:31$606.
  creating $alu model for $macc $flatten\u_fft_core.\u_fft8_mdc1.\u_mdc8p_stage3.\u_btfly2.$add$/home/designer/shared/FFT/parallel_fft/design/rtl/common_modules/btfly_2.v:30$605.
  creating $alu model for $macc $flatten\u_fft_core.\u_fft8_mdc1.\u_mdc8p_stage3.\u_btfly2.$add$/home/designer/shared/FFT/parallel_fft/design/rtl/common_modules/btfly_2.v:28$604.
  creating $alu model for $macc $flatten\u_fft_core.\u_fft8_mdc1.\u_mdc8p_stage3.\u_btfly2.$add$/home/designer/shared/FFT/parallel_fft/design/rtl/common_modules/btfly_2.v:27$603.
  creating $alu model for $macc $flatten\u_fft_core.\u_fft8_mdc3.\u_mdc8p_stage2.\u_btfly2.$add$/home/designer/shared/FFT/parallel_fft/design/rtl/common_modules/btfly_2.v:27$595.
  creating $alu model for $macc $flatten\u_fft_core.\u_fft8_mdc3.\u_mdc8p_stage2.\u_btfly2.$add$/home/designer/shared/FFT/parallel_fft/design/rtl/common_modules/btfly_2.v:28$596.
  creating $alu model for $macc $flatten\u_fft_core.\u_fft8_mdc1.\u_mdc8p_stage2.\u_btfly2.$add$/home/designer/shared/FFT/parallel_fft/design/rtl/common_modules/btfly_2.v:31$598.
  creating $alu model for $macc $flatten\u_fft_core.\u_fft8_mdc1.\u_mdc8p_stage2.\u_btfly2.$add$/home/designer/shared/FFT/parallel_fft/design/rtl/common_modules/btfly_2.v:30$597.
  creating $alu model for $macc $flatten\u_fft_core.\u_fft8_mdc1.\u_mdc8p_stage2.\u_btfly2.$add$/home/designer/shared/FFT/parallel_fft/design/rtl/common_modules/btfly_2.v:28$596.
  creating $alu model for $macc $flatten\u_fft_core.\u_fft8_mdc1.\u_mdc8p_stage2.\u_btfly2.$add$/home/designer/shared/FFT/parallel_fft/design/rtl/common_modules/btfly_2.v:27$595.
  creating $alu model for $macc $flatten\u_fft_core.\u_fft8_mdc3.\u_mdc8p_stage2.\u_btfly2.$add$/home/designer/shared/FFT/parallel_fft/design/rtl/common_modules/btfly_2.v:30$597.
  creating $alu model for $macc $flatten\u_fft_core.\u_fft8_mdc1.\u_mdc8p_stage2.\ds_switch_stage1.$add$/home/designer/shared/FFT/parallel_fft/design/rtl/common_modules/ds_switch.v:64$572.
  creating $alu model for $macc $flatten\u_fft_core.\u_fft8_mdc1.\u_mdc8p_stage2.\ds_switch_stage1.$add$/home/designer/shared/FFT/parallel_fft/design/rtl/common_modules/ds_switch.v:120$581.
  creating $alu model for $macc $flatten\u_fft_core.\u_fft8_mdc1.\u_mdc8p_stage2.$add$/home/designer/shared/FFT/parallel_fft/design/rtl/fft_mdc_8p/stages/mdc8p_stage2.v:99$493.
  creating $alu model for $macc $flatten\u_fft_core.\u_fft8_mdc1.\u_mdc8p_stage2.$add$/home/designer/shared/FFT/parallel_fft/design/rtl/fft_mdc_8p/stages/mdc8p_stage2.v:100$496.
  creating $alu model for $macc $flatten\u_fft_core.\u_fft8_mdc1.\u_mdc8p_stage1.\xfft_cell_route1.$sub$/home/designer/shared/FFT/parallel_fft/design/rtl/common_modules/xfft_cell.v:122$543.
  creating $alu model for $macc $flatten\u_fft_core.\u_fft8_mdc1.\u_mdc8p_stage1.\xfft_cell_route1.$add$/home/designer/shared/FFT/parallel_fft/design/rtl/common_modules/xfft_cell.v:123$544.
  creating $alu model for $macc $flatten\u_fft_core.\u_fft8_mdc1.\u_mdc8p_stage1.\u_btfly2.$add$/home/designer/shared/FFT/parallel_fft/design/rtl/common_modules/btfly_2.v:31$569.
  creating $alu model for $macc $flatten\u_fft_core.\u_fft8_mdc1.\u_mdc8p_stage1.\u_btfly2.$add$/home/designer/shared/FFT/parallel_fft/design/rtl/common_modules/btfly_2.v:30$568.
  creating $alu model for $macc $flatten\u_fft_core.\u_fft8_mdc1.\u_mdc8p_stage1.\u_btfly2.$add$/home/designer/shared/FFT/parallel_fft/design/rtl/common_modules/btfly_2.v:28$567.
  creating $alu model for $macc $flatten\u_fft_core.\u_fft8_mdc1.\u_mdc8p_stage1.\u_btfly2.$add$/home/designer/shared/FFT/parallel_fft/design/rtl/common_modules/btfly_2.v:27$566.
  creating $alu model for $macc $flatten\u_fft_core.\u_fft8_mdc3.\u_mdc8p_stage2.$add$/home/designer/shared/FFT/parallel_fft/design/rtl/fft_mdc_8p/stages/mdc8p_stage2.v:99$493.
  creating $alu model for $macc $flatten\u_fft_core.\u_fft8_mdc1.\u_mdc8p_stage1.\ds_switch_stage1.$add$/home/designer/shared/FFT/parallel_fft/design/rtl/common_modules/ds_switch.v:64$522.
  creating $alu model for $macc $flatten\u_fft_core.\u_fft8_mdc1.\u_mdc8p_stage1.\ds_switch_stage1.$add$/home/designer/shared/FFT/parallel_fft/design/rtl/common_modules/ds_switch.v:120$531.
  creating $alu model for $macc $flatten\u_fft_core.\u_fft8_mdc1.\u_mdc8p_stage1.$add$/home/designer/shared/FFT/parallel_fft/design/rtl/fft_mdc_8p/stages/mdc8p_stage1.v:86$506.
  creating $alu model for $macc $flatten\u_fft_core.\u_fft8_mdc0.\u_mdc8p_stage3.\u_btfly2.$add$/home/designer/shared/FFT/parallel_fft/design/rtl/common_modules/btfly_2.v:31$606.
  creating $alu model for $macc $flatten\u_fft_core.\u_fft8_mdc0.\u_mdc8p_stage3.\u_btfly2.$add$/home/designer/shared/FFT/parallel_fft/design/rtl/common_modules/btfly_2.v:30$605.
  creating $alu model for $macc $flatten\u_fft_core.\u_fft8_mdc0.\u_mdc8p_stage3.\u_btfly2.$add$/home/designer/shared/FFT/parallel_fft/design/rtl/common_modules/btfly_2.v:28$604.
  creating $alu model for $macc $flatten\u_fft_core.\u_fft8_mdc0.\u_mdc8p_stage3.\u_btfly2.$add$/home/designer/shared/FFT/parallel_fft/design/rtl/common_modules/btfly_2.v:27$603.
  creating $alu model for $macc $flatten\u_fft_core.\u_fft8_mdc3.\u_mdc8p_stage2.\ds_switch_stage1.$add$/home/designer/shared/FFT/parallel_fft/design/rtl/common_modules/ds_switch.v:120$581.
  creating $alu model for $macc $flatten\u_fft_core.\u_fft8_mdc3.\u_mdc8p_stage2.\ds_switch_stage1.$add$/home/designer/shared/FFT/parallel_fft/design/rtl/common_modules/ds_switch.v:64$572.
  creating $alu model for $macc $flatten\u_fft_core.\u_fft8_mdc0.\u_mdc8p_stage2.\u_btfly2.$add$/home/designer/shared/FFT/parallel_fft/design/rtl/common_modules/btfly_2.v:31$598.
  creating $alu model for $macc $flatten\u_fft_core.\u_fft8_mdc0.\u_mdc8p_stage2.\u_btfly2.$add$/home/designer/shared/FFT/parallel_fft/design/rtl/common_modules/btfly_2.v:30$597.
  creating $alu model for $macc $flatten\u_fft_core.\u_fft8_mdc0.\u_mdc8p_stage2.\u_btfly2.$add$/home/designer/shared/FFT/parallel_fft/design/rtl/common_modules/btfly_2.v:28$596.
  creating $alu model for $macc $flatten\u_fft_core.\u_fft8_mdc0.\u_mdc8p_stage2.\u_btfly2.$add$/home/designer/shared/FFT/parallel_fft/design/rtl/common_modules/btfly_2.v:27$595.
  creating $alu model for $macc $flatten\u_fft_core.\u_twiddle_interface.$add$/home/designer/shared/FFT/parallel_fft/design/rtl/twiddle_interface/twiddle_interface.v:119$409.
  creating $alu model for $macc $flatten\u_fft_core.\u_fft8_mdc0.\u_mdc8p_stage2.\ds_switch_stage1.$add$/home/designer/shared/FFT/parallel_fft/design/rtl/common_modules/ds_switch.v:64$572.
  creating $alu model for $macc $flatten\u_fft_core.\u_fft8_mdc0.\u_mdc8p_stage2.\ds_switch_stage1.$add$/home/designer/shared/FFT/parallel_fft/design/rtl/common_modules/ds_switch.v:120$581.
  creating $alu model for $macc $flatten\u_fft_core.\u_fft8_mdc0.\u_mdc8p_stage2.$add$/home/designer/shared/FFT/parallel_fft/design/rtl/fft_mdc_8p/stages/mdc8p_stage2.v:99$493.
  creating $alu model for $macc $flatten\u_fft_core.\u_fft8_mdc0.\u_mdc8p_stage2.$add$/home/designer/shared/FFT/parallel_fft/design/rtl/fft_mdc_8p/stages/mdc8p_stage2.v:100$496.
  creating $alu model for $macc $flatten\u_fft_core.\u_fft8_mdc0.\u_mdc8p_stage1.\xfft_cell_route1.$sub$/home/designer/shared/FFT/parallel_fft/design/rtl/common_modules/xfft_cell.v:122$543.
  creating $alu model for $macc $flatten\u_fft_core.\u_fft8_mdc0.\u_mdc8p_stage1.\xfft_cell_route1.$add$/home/designer/shared/FFT/parallel_fft/design/rtl/common_modules/xfft_cell.v:123$544.
  creating $alu model for $macc $flatten\u_fft_core.\u_fft8_mdc0.\u_mdc8p_stage1.\u_btfly2.$add$/home/designer/shared/FFT/parallel_fft/design/rtl/common_modules/btfly_2.v:31$569.
  creating $alu model for $macc $flatten\u_fft_core.\u_fft8_mdc0.\u_mdc8p_stage1.\u_btfly2.$add$/home/designer/shared/FFT/parallel_fft/design/rtl/common_modules/btfly_2.v:30$568.
  creating $alu model for $macc $flatten\u_fft_core.\u_fft8_mdc0.\u_mdc8p_stage1.\u_btfly2.$add$/home/designer/shared/FFT/parallel_fft/design/rtl/common_modules/btfly_2.v:28$567.
  creating $alu model for $macc $flatten\u_fft_core.\u_fft8_mdc0.\u_mdc8p_stage1.\u_btfly2.$add$/home/designer/shared/FFT/parallel_fft/design/rtl/common_modules/btfly_2.v:27$566.
  creating $alu model for $macc $flatten\u_rx.$add$/home/designer/shared/FFT/parallel_fft/design/rtl/common_modules/rx_serializer.v:87$42.
  creating $alu model for $macc $flatten\u_tx.$sub$/home/designer/shared/FFT/parallel_fft/design/rtl/common_modules/tx_serializer.v:87$29.
  creating $alu model for $macc $flatten\u_fft_core.\u_fft8_mdc0.\u_mdc8p_stage1.\ds_switch_stage1.$add$/home/designer/shared/FFT/parallel_fft/design/rtl/common_modules/ds_switch.v:64$522.
  creating $alu model for $macc $flatten\u_fft_core.\u_fft8_mdc0.\u_mdc8p_stage1.\ds_switch_stage1.$add$/home/designer/shared/FFT/parallel_fft/design/rtl/common_modules/ds_switch.v:120$531.
  creating $alu model for $macc $flatten\u_fft_core.\u_fft8_mdc0.\u_mdc8p_stage1.$add$/home/designer/shared/FFT/parallel_fft/design/rtl/fft_mdc_8p/stages/mdc8p_stage1.v:86$506.
  creating $alu model for $macc $flatten\u_fft_core.\u_fft4.$sub$/home/designer/shared/FFT/parallel_fft/design/rtl/fft4.v:126$435.
  creating $alu model for $macc $flatten\u_fft_core.\u_fft4.$sub$/home/designer/shared/FFT/parallel_fft/design/rtl/fft4.v:123$432.
  creating $alu model for $macc $flatten\u_fft_core.\u_fft4.$sub$/home/designer/shared/FFT/parallel_fft/design/rtl/fft4.v:121$431.
  creating $alu model for $macc $flatten\u_fft_core.\u_fft4.$sub$/home/designer/shared/FFT/parallel_fft/design/rtl/fft4.v:120$430.
  creating $alu model for $macc $flatten\u_fft_core.\u_fft4.$sub$/home/designer/shared/FFT/parallel_fft/design/rtl/fft4.v:112$425.
  creating $alu model for $macc $flatten\u_fft_core.\u_fft4.$sub$/home/designer/shared/FFT/parallel_fft/design/rtl/fft4.v:111$424.
  creating $alu model for $macc $flatten\u_fft_core.\u_fft4.$sub$/home/designer/shared/FFT/parallel_fft/design/rtl/fft4.v:107$421.
  creating $alu model for $macc $flatten\u_fft_core.\u_fft4.$sub$/home/designer/shared/FFT/parallel_fft/design/rtl/fft4.v:106$420.
  creating $alu model for $macc $flatten\u_fft_core.\u_fft4.$add$/home/designer/shared/FFT/parallel_fft/design/rtl/fft4.v:125$434.
  creating $alu model for $macc $flatten\u_fft_core.\u_fft4.$add$/home/designer/shared/FFT/parallel_fft/design/rtl/fft4.v:124$433.
  creating $alu model for $macc $flatten\u_fft_core.\u_fft4.$add$/home/designer/shared/FFT/parallel_fft/design/rtl/fft4.v:119$429.
  creating $alu model for $macc $flatten\u_fft_core.\u_fft4.$add$/home/designer/shared/FFT/parallel_fft/design/rtl/fft4.v:118$428.
  creating $alu model for $macc $flatten\u_fft_core.\u_fft4.$add$/home/designer/shared/FFT/parallel_fft/design/rtl/fft4.v:110$423.
  creating $alu model for $macc $flatten\u_fft_core.\u_fft4.$add$/home/designer/shared/FFT/parallel_fft/design/rtl/fft4.v:109$422.
  creating $alu model for $macc $flatten\u_fft_core.\u_fft4.$add$/home/designer/shared/FFT/parallel_fft/design/rtl/fft4.v:105$419.
  creating $alu model for $macc $flatten\u_fft_core.\u_fft4.$add$/home/designer/shared/FFT/parallel_fft/design/rtl/fft4.v:104$418.
  creating $alu model for $macc $flatten\u_fft_core.\u_buffer_parallel2serial.$add$/home/designer/shared/FFT/parallel_fft/design/rtl/buffer_parallel2serial.v:80$301.
  creating $alu model for $macc $flatten\u_fft_core.\u_buffer_parallel2serial.$add$/home/designer/shared/FFT/parallel_fft/design/rtl/buffer_parallel2serial.v:104$306.
  creating $alu model for $macc $flatten\u_debug_sys.\u_spi_slave.$add$/home/designer/shared/FFT/parallel_fft/design/rtl/debug_unit/spi_slave_mode0.v:141$460.
  creating $alu model for $macc $flatten\u_debug_sys.\u_spi_slave.$add$/home/designer/shared/FFT/parallel_fft/design/rtl/debug_unit/spi_slave_mode0.v:110$455.
  creating $alu model for $macc $add$/home/designer/shared/FFT/parallel_fft/design/rtl/top_chip.v:77$9.
  creating $alu model for $macc $add$/home/designer/shared/FFT/parallel_fft/design/rtl/top_chip.v:76$8.
  creating $macc cell for $flatten\u_fft_core.\u_fft8_mdc2.\u_mdc8p_stage1.\xfft_cell_route1.$mul$/home/designer/shared/FFT/parallel_fft/design/rtl/common_modules/xfft_cell.v:94$560: $auto$alumacc.cc:365:replace_macc$3949
  creating $macc cell for $flatten\u_fft_core.\u_fft8_mdc2.\u_mdc8p_stage1.\xfft_cell_route1.$mul$/home/designer/shared/FFT/parallel_fft/design/rtl/common_modules/xfft_cell.v:95$561: $auto$alumacc.cc:365:replace_macc$3950
  creating $macc cell for $flatten\u_fft_core.\u_fft8_mdc1.\u_mdc8p_stage1.\xfft_cell_route1.$mul$/home/designer/shared/FFT/parallel_fft/design/rtl/common_modules/xfft_cell.v:94$560: $auto$alumacc.cc:365:replace_macc$3951
  creating $macc cell for $flatten\u_fft_core.\u_fft8_mdc0.\u_mdc8p_stage1.\xfft_cell_route1.$mul$/home/designer/shared/FFT/parallel_fft/design/rtl/common_modules/xfft_cell.v:95$561: $auto$alumacc.cc:365:replace_macc$3952
  creating $macc cell for $flatten\u_fft_core.\u_fft8_mdc0.\u_mdc8p_stage1.\xfft_cell_route1.$mul$/home/designer/shared/FFT/parallel_fft/design/rtl/common_modules/xfft_cell.v:94$560: $auto$alumacc.cc:365:replace_macc$3953
  creating $macc cell for $flatten\u_fft_core.\u_fft8_mdc0.\u_mdc8p_stage1.\xfft_cell_route1.$mul$/home/designer/shared/FFT/parallel_fft/design/rtl/common_modules/xfft_cell.v:93$559: $auto$alumacc.cc:365:replace_macc$3954
  creating $macc cell for $flatten\u_fft_core.\u_fft8_mdc0.\u_mdc8p_stage1.\xfft_cell_route1.$mul$/home/designer/shared/FFT/parallel_fft/design/rtl/common_modules/xfft_cell.v:92$558: $auto$alumacc.cc:365:replace_macc$3955
  creating $macc cell for $flatten\u_fft_core.\u_twiddle_interface.\u_mult_2.$add$/home/designer/shared/FFT/parallel_fft/design/rtl/common_modules/complex_multiplier.v:35$485: $auto$alumacc.cc:365:replace_macc$3956
  creating $macc cell for $flatten\u_fft_core.\u_fft8_mdc1.\u_mdc8p_stage1.\xfft_cell_route1.$mul$/home/designer/shared/FFT/parallel_fft/design/rtl/common_modules/xfft_cell.v:93$559: $auto$alumacc.cc:365:replace_macc$3957
  creating $macc cell for $flatten\u_fft_core.\u_fft8_mdc1.\u_mdc8p_stage1.\xfft_cell_route1.$mul$/home/designer/shared/FFT/parallel_fft/design/rtl/common_modules/xfft_cell.v:92$558: $auto$alumacc.cc:365:replace_macc$3958
  creating $macc cell for $flatten\u_fft_core.\u_twiddle_interface.\u_mult_1.$add$/home/designer/shared/FFT/parallel_fft/design/rtl/common_modules/complex_multiplier.v:35$485: $auto$alumacc.cc:365:replace_macc$3959
  creating $macc cell for $flatten\u_fft_core.\u_twiddle_interface.\u_mult_3.$add$/home/designer/shared/FFT/parallel_fft/design/rtl/common_modules/complex_multiplier.v:35$485: $auto$alumacc.cc:365:replace_macc$3960
  creating $macc cell for $flatten\u_fft_core.\u_twiddle_interface.\u_mult_1.$sub$/home/designer/shared/FFT/parallel_fft/design/rtl/common_modules/complex_multiplier.v:34$484: $auto$alumacc.cc:365:replace_macc$3961
  creating $macc cell for $flatten\u_fft_core.\u_twiddle_interface.\u_mult_2.$sub$/home/designer/shared/FFT/parallel_fft/design/rtl/common_modules/complex_multiplier.v:34$484: $auto$alumacc.cc:365:replace_macc$3962
  creating $macc cell for $flatten\u_fft_core.\u_fft8_mdc1.\u_mdc8p_stage1.\xfft_cell_route1.$mul$/home/designer/shared/FFT/parallel_fft/design/rtl/common_modules/xfft_cell.v:95$561: $auto$alumacc.cc:365:replace_macc$3963
  creating $macc cell for $flatten\u_fft_core.\u_twiddle_interface.\u_mult_3.$sub$/home/designer/shared/FFT/parallel_fft/design/rtl/common_modules/complex_multiplier.v:34$484: $auto$alumacc.cc:365:replace_macc$3964
  creating $macc cell for $flatten\u_fft_core.\u_fft8_mdc3.\u_mdc8p_stage1.\xfft_cell_route1.$mul$/home/designer/shared/FFT/parallel_fft/design/rtl/common_modules/xfft_cell.v:92$558: $auto$alumacc.cc:365:replace_macc$3965
  creating $macc cell for $flatten\u_fft_core.\u_fft8_mdc3.\u_mdc8p_stage1.\xfft_cell_route1.$mul$/home/designer/shared/FFT/parallel_fft/design/rtl/common_modules/xfft_cell.v:93$559: $auto$alumacc.cc:365:replace_macc$3966
  creating $macc cell for $flatten\u_fft_core.\u_fft8_mdc3.\u_mdc8p_stage1.\xfft_cell_route1.$mul$/home/designer/shared/FFT/parallel_fft/design/rtl/common_modules/xfft_cell.v:94$560: $auto$alumacc.cc:365:replace_macc$3967
  creating $macc cell for $flatten\u_fft_core.\u_fft8_mdc3.\u_mdc8p_stage1.\xfft_cell_route1.$mul$/home/designer/shared/FFT/parallel_fft/design/rtl/common_modules/xfft_cell.v:95$561: $auto$alumacc.cc:365:replace_macc$3968
  creating $macc cell for $flatten\u_fft_core.\u_fft8_mdc2.\u_mdc8p_stage1.\xfft_cell_route1.$mul$/home/designer/shared/FFT/parallel_fft/design/rtl/common_modules/xfft_cell.v:92$558: $auto$alumacc.cc:365:replace_macc$3969
  creating $macc cell for $flatten\u_fft_core.\u_fft8_mdc2.\u_mdc8p_stage1.\xfft_cell_route1.$mul$/home/designer/shared/FFT/parallel_fft/design/rtl/common_modules/xfft_cell.v:93$559: $auto$alumacc.cc:365:replace_macc$3970
  creating $alu model for $flatten\u_debug_sys.\u_spi_slave.$lt$/home/designer/shared/FFT/parallel_fft/design/rtl/debug_unit/spi_slave_mode0.v:139$459 ($lt): new $alu
  creating $alu model for $flatten\u_fft_core.\u_fft8_mdc0.\u_mdc8p_stage1.$lt$/home/designer/shared/FFT/parallel_fft/design/rtl/fft_mdc_8p/stages/mdc8p_stage1.v:86$505 ($lt): new $alu
  creating $alu model for $flatten\u_fft_core.\u_fft8_mdc0.\u_mdc8p_stage1.\ds_switch_stage1.$lt$/home/designer/shared/FFT/parallel_fft/design/rtl/common_modules/ds_switch.v:120$530 ($lt): new $alu
  creating $alu model for $flatten\u_fft_core.\u_fft8_mdc0.\u_mdc8p_stage1.\ds_switch_stage1.$lt$/home/designer/shared/FFT/parallel_fft/design/rtl/common_modules/ds_switch.v:64$521 ($lt): new $alu
  creating $alu model for $flatten\u_fft_core.\u_fft8_mdc0.\u_mdc8p_stage2.\ds_switch_stage1.$lt$/home/designer/shared/FFT/parallel_fft/design/rtl/common_modules/ds_switch.v:120$580 ($lt): new $alu
  creating $alu model for $flatten\u_fft_core.\u_fft8_mdc0.\u_mdc8p_stage2.\ds_switch_stage1.$lt$/home/designer/shared/FFT/parallel_fft/design/rtl/common_modules/ds_switch.v:64$571 ($lt): new $alu
  creating $alu model for $flatten\u_fft_core.\u_fft8_mdc1.\u_mdc8p_stage1.$lt$/home/designer/shared/FFT/parallel_fft/design/rtl/fft_mdc_8p/stages/mdc8p_stage1.v:86$505 ($lt): new $alu
  creating $alu model for $flatten\u_fft_core.\u_fft8_mdc1.\u_mdc8p_stage1.\ds_switch_stage1.$lt$/home/designer/shared/FFT/parallel_fft/design/rtl/common_modules/ds_switch.v:120$530 ($lt): new $alu
  creating $alu model for $flatten\u_fft_core.\u_fft8_mdc1.\u_mdc8p_stage1.\ds_switch_stage1.$lt$/home/designer/shared/FFT/parallel_fft/design/rtl/common_modules/ds_switch.v:64$521 ($lt): new $alu
  creating $alu model for $flatten\u_fft_core.\u_fft8_mdc1.\u_mdc8p_stage2.\ds_switch_stage1.$lt$/home/designer/shared/FFT/parallel_fft/design/rtl/common_modules/ds_switch.v:120$580 ($lt): new $alu
  creating $alu model for $flatten\u_fft_core.\u_fft8_mdc1.\u_mdc8p_stage2.\ds_switch_stage1.$lt$/home/designer/shared/FFT/parallel_fft/design/rtl/common_modules/ds_switch.v:64$571 ($lt): new $alu
  creating $alu model for $flatten\u_fft_core.\u_fft8_mdc2.\u_mdc8p_stage1.$lt$/home/designer/shared/FFT/parallel_fft/design/rtl/fft_mdc_8p/stages/mdc8p_stage1.v:86$505 ($lt): new $alu
  creating $alu model for $flatten\u_fft_core.\u_fft8_mdc2.\u_mdc8p_stage1.\ds_switch_stage1.$lt$/home/designer/shared/FFT/parallel_fft/design/rtl/common_modules/ds_switch.v:120$530 ($lt): new $alu
  creating $alu model for $flatten\u_fft_core.\u_fft8_mdc2.\u_mdc8p_stage1.\ds_switch_stage1.$lt$/home/designer/shared/FFT/parallel_fft/design/rtl/common_modules/ds_switch.v:64$521 ($lt): new $alu
  creating $alu model for $flatten\u_fft_core.\u_fft8_mdc2.\u_mdc8p_stage2.\ds_switch_stage1.$lt$/home/designer/shared/FFT/parallel_fft/design/rtl/common_modules/ds_switch.v:120$580 ($lt): new $alu
  creating $alu model for $flatten\u_fft_core.\u_fft8_mdc2.\u_mdc8p_stage2.\ds_switch_stage1.$lt$/home/designer/shared/FFT/parallel_fft/design/rtl/common_modules/ds_switch.v:64$571 ($lt): new $alu
  creating $alu model for $flatten\u_fft_core.\u_fft8_mdc3.\u_mdc8p_stage1.$lt$/home/designer/shared/FFT/parallel_fft/design/rtl/fft_mdc_8p/stages/mdc8p_stage1.v:86$505 ($lt): new $alu
  creating $alu model for $flatten\u_fft_core.\u_fft8_mdc3.\u_mdc8p_stage1.\ds_switch_stage1.$lt$/home/designer/shared/FFT/parallel_fft/design/rtl/common_modules/ds_switch.v:120$530 ($lt): new $alu
  creating $alu model for $flatten\u_fft_core.\u_fft8_mdc3.\u_mdc8p_stage1.\ds_switch_stage1.$lt$/home/designer/shared/FFT/parallel_fft/design/rtl/common_modules/ds_switch.v:64$521 ($lt): new $alu
  creating $alu model for $flatten\u_fft_core.\u_fft8_mdc3.\u_mdc8p_stage2.\ds_switch_stage1.$lt$/home/designer/shared/FFT/parallel_fft/design/rtl/common_modules/ds_switch.v:120$580 ($lt): new $alu
  creating $alu model for $flatten\u_fft_core.\u_fft8_mdc3.\u_mdc8p_stage2.\ds_switch_stage1.$lt$/home/designer/shared/FFT/parallel_fft/design/rtl/common_modules/ds_switch.v:64$571 ($lt): new $alu
  creating $alu model for $flatten\u_fft_core.\u_fft8_mdc0.\u_mdc8p_stage1.$procmux$690_CMP0 ($eq): merged with $flatten\u_fft_core.\u_fft8_mdc0.\u_mdc8p_stage1.$lt$/home/designer/shared/FFT/parallel_fft/design/rtl/fft_mdc_8p/stages/mdc8p_stage1.v:86$505.
  creating $alu model for $flatten\u_fft_core.\u_fft8_mdc0.\u_mdc8p_stage1.\ds_switch_stage1.$eq$/home/designer/shared/FFT/parallel_fft/design/rtl/common_modules/ds_switch.v:135$533 ($eq): merged with $flatten\u_fft_core.\u_fft8_mdc0.\u_mdc8p_stage1.\ds_switch_stage1.$lt$/home/designer/shared/FFT/parallel_fft/design/rtl/common_modules/ds_switch.v:64$521.
  creating $alu model for $flatten\u_fft_core.\u_fft8_mdc1.\u_mdc8p_stage1.$procmux$690_CMP0 ($eq): merged with $flatten\u_fft_core.\u_fft8_mdc1.\u_mdc8p_stage1.$lt$/home/designer/shared/FFT/parallel_fft/design/rtl/fft_mdc_8p/stages/mdc8p_stage1.v:86$505.
  creating $alu model for $flatten\u_fft_core.\u_fft8_mdc1.\u_mdc8p_stage1.\ds_switch_stage1.$eq$/home/designer/shared/FFT/parallel_fft/design/rtl/common_modules/ds_switch.v:135$533 ($eq): merged with $flatten\u_fft_core.\u_fft8_mdc1.\u_mdc8p_stage1.\ds_switch_stage1.$lt$/home/designer/shared/FFT/parallel_fft/design/rtl/common_modules/ds_switch.v:64$521.
  creating $alu model for $flatten\u_fft_core.\u_fft8_mdc2.\u_mdc8p_stage1.$procmux$690_CMP0 ($eq): merged with $flatten\u_fft_core.\u_fft8_mdc2.\u_mdc8p_stage1.$lt$/home/designer/shared/FFT/parallel_fft/design/rtl/fft_mdc_8p/stages/mdc8p_stage1.v:86$505.
  creating $alu model for $flatten\u_fft_core.\u_fft8_mdc2.\u_mdc8p_stage1.\ds_switch_stage1.$eq$/home/designer/shared/FFT/parallel_fft/design/rtl/common_modules/ds_switch.v:135$533 ($eq): merged with $flatten\u_fft_core.\u_fft8_mdc2.\u_mdc8p_stage1.\ds_switch_stage1.$lt$/home/designer/shared/FFT/parallel_fft/design/rtl/common_modules/ds_switch.v:64$521.
  creating $alu model for $flatten\u_fft_core.\u_fft8_mdc3.\u_mdc8p_stage1.$procmux$690_CMP0 ($eq): merged with $flatten\u_fft_core.\u_fft8_mdc3.\u_mdc8p_stage1.$lt$/home/designer/shared/FFT/parallel_fft/design/rtl/fft_mdc_8p/stages/mdc8p_stage1.v:86$505.
  creating $alu model for $flatten\u_fft_core.\u_fft8_mdc3.\u_mdc8p_stage1.\ds_switch_stage1.$eq$/home/designer/shared/FFT/parallel_fft/design/rtl/common_modules/ds_switch.v:135$533 ($eq): merged with $flatten\u_fft_core.\u_fft8_mdc3.\u_mdc8p_stage1.\ds_switch_stage1.$lt$/home/designer/shared/FFT/parallel_fft/design/rtl/common_modules/ds_switch.v:64$521.
  creating $alu cell for $flatten\u_fft_core.\u_fft8_mdc3.\u_mdc8p_stage2.\ds_switch_stage1.$lt$/home/designer/shared/FFT/parallel_fft/design/rtl/common_modules/ds_switch.v:64$571: $auto$alumacc.cc:495:replace_alu$3992
  creating $alu cell for $flatten\u_fft_core.\u_fft8_mdc3.\u_mdc8p_stage2.\ds_switch_stage1.$lt$/home/designer/shared/FFT/parallel_fft/design/rtl/common_modules/ds_switch.v:120$580: $auto$alumacc.cc:495:replace_alu$3997
  creating $alu cell for $flatten\u_fft_core.\u_fft8_mdc3.\u_mdc8p_stage1.\ds_switch_stage1.$lt$/home/designer/shared/FFT/parallel_fft/design/rtl/common_modules/ds_switch.v:64$521, $flatten\u_fft_core.\u_fft8_mdc3.\u_mdc8p_stage1.\ds_switch_stage1.$eq$/home/designer/shared/FFT/parallel_fft/design/rtl/common_modules/ds_switch.v:135$533: $auto$alumacc.cc:495:replace_alu$4002
  creating $alu cell for $flatten\u_fft_core.\u_fft8_mdc3.\u_mdc8p_stage1.\ds_switch_stage1.$lt$/home/designer/shared/FFT/parallel_fft/design/rtl/common_modules/ds_switch.v:120$530: $auto$alumacc.cc:495:replace_alu$4009
  creating $alu cell for $flatten\u_fft_core.\u_fft8_mdc3.\u_mdc8p_stage1.$lt$/home/designer/shared/FFT/parallel_fft/design/rtl/fft_mdc_8p/stages/mdc8p_stage1.v:86$505, $flatten\u_fft_core.\u_fft8_mdc3.\u_mdc8p_stage1.$procmux$690_CMP0: $auto$alumacc.cc:495:replace_alu$4014
  creating $alu cell for $flatten\u_fft_core.\u_fft8_mdc2.\u_mdc8p_stage2.\ds_switch_stage1.$lt$/home/designer/shared/FFT/parallel_fft/design/rtl/common_modules/ds_switch.v:64$571: $auto$alumacc.cc:495:replace_alu$4021
  creating $alu cell for $flatten\u_fft_core.\u_fft8_mdc2.\u_mdc8p_stage2.\ds_switch_stage1.$lt$/home/designer/shared/FFT/parallel_fft/design/rtl/common_modules/ds_switch.v:120$580: $auto$alumacc.cc:495:replace_alu$4026
  creating $alu cell for $flatten\u_fft_core.\u_fft8_mdc2.\u_mdc8p_stage1.\ds_switch_stage1.$lt$/home/designer/shared/FFT/parallel_fft/design/rtl/common_modules/ds_switch.v:64$521, $flatten\u_fft_core.\u_fft8_mdc2.\u_mdc8p_stage1.\ds_switch_stage1.$eq$/home/designer/shared/FFT/parallel_fft/design/rtl/common_modules/ds_switch.v:135$533: $auto$alumacc.cc:495:replace_alu$4031
  creating $alu cell for $flatten\u_fft_core.\u_fft8_mdc2.\u_mdc8p_stage1.\ds_switch_stage1.$lt$/home/designer/shared/FFT/parallel_fft/design/rtl/common_modules/ds_switch.v:120$530: $auto$alumacc.cc:495:replace_alu$4038
  creating $alu cell for $flatten\u_fft_core.\u_fft8_mdc2.\u_mdc8p_stage1.$lt$/home/designer/shared/FFT/parallel_fft/design/rtl/fft_mdc_8p/stages/mdc8p_stage1.v:86$505, $flatten\u_fft_core.\u_fft8_mdc2.\u_mdc8p_stage1.$procmux$690_CMP0: $auto$alumacc.cc:495:replace_alu$4043
  creating $alu cell for $flatten\u_fft_core.\u_fft8_mdc1.\u_mdc8p_stage2.\ds_switch_stage1.$lt$/home/designer/shared/FFT/parallel_fft/design/rtl/common_modules/ds_switch.v:64$571: $auto$alumacc.cc:495:replace_alu$4050
  creating $alu cell for $flatten\u_fft_core.\u_fft8_mdc1.\u_mdc8p_stage2.\ds_switch_stage1.$lt$/home/designer/shared/FFT/parallel_fft/design/rtl/common_modules/ds_switch.v:120$580: $auto$alumacc.cc:495:replace_alu$4055
  creating $alu cell for $flatten\u_fft_core.\u_fft8_mdc1.\u_mdc8p_stage1.\ds_switch_stage1.$lt$/home/designer/shared/FFT/parallel_fft/design/rtl/common_modules/ds_switch.v:64$521, $flatten\u_fft_core.\u_fft8_mdc1.\u_mdc8p_stage1.\ds_switch_stage1.$eq$/home/designer/shared/FFT/parallel_fft/design/rtl/common_modules/ds_switch.v:135$533: $auto$alumacc.cc:495:replace_alu$4060
  creating $alu cell for $flatten\u_fft_core.\u_fft8_mdc1.\u_mdc8p_stage1.\ds_switch_stage1.$lt$/home/designer/shared/FFT/parallel_fft/design/rtl/common_modules/ds_switch.v:120$530: $auto$alumacc.cc:495:replace_alu$4067
  creating $alu cell for $flatten\u_fft_core.\u_fft8_mdc1.\u_mdc8p_stage1.$lt$/home/designer/shared/FFT/parallel_fft/design/rtl/fft_mdc_8p/stages/mdc8p_stage1.v:86$505, $flatten\u_fft_core.\u_fft8_mdc1.\u_mdc8p_stage1.$procmux$690_CMP0: $auto$alumacc.cc:495:replace_alu$4072
  creating $alu cell for $flatten\u_fft_core.\u_fft8_mdc0.\u_mdc8p_stage2.\ds_switch_stage1.$lt$/home/designer/shared/FFT/parallel_fft/design/rtl/common_modules/ds_switch.v:64$571: $auto$alumacc.cc:495:replace_alu$4079
  creating $alu cell for $flatten\u_fft_core.\u_fft8_mdc0.\u_mdc8p_stage2.\ds_switch_stage1.$lt$/home/designer/shared/FFT/parallel_fft/design/rtl/common_modules/ds_switch.v:120$580: $auto$alumacc.cc:495:replace_alu$4084
  creating $alu cell for $flatten\u_fft_core.\u_fft8_mdc0.\u_mdc8p_stage1.\ds_switch_stage1.$lt$/home/designer/shared/FFT/parallel_fft/design/rtl/common_modules/ds_switch.v:64$521, $flatten\u_fft_core.\u_fft8_mdc0.\u_mdc8p_stage1.\ds_switch_stage1.$eq$/home/designer/shared/FFT/parallel_fft/design/rtl/common_modules/ds_switch.v:135$533: $auto$alumacc.cc:495:replace_alu$4089
  creating $alu cell for $flatten\u_fft_core.\u_fft8_mdc0.\u_mdc8p_stage1.\ds_switch_stage1.$lt$/home/designer/shared/FFT/parallel_fft/design/rtl/common_modules/ds_switch.v:120$530: $auto$alumacc.cc:495:replace_alu$4096
  creating $alu cell for $flatten\u_fft_core.\u_fft8_mdc0.\u_mdc8p_stage1.$lt$/home/designer/shared/FFT/parallel_fft/design/rtl/fft_mdc_8p/stages/mdc8p_stage1.v:86$505, $flatten\u_fft_core.\u_fft8_mdc0.\u_mdc8p_stage1.$procmux$690_CMP0: $auto$alumacc.cc:495:replace_alu$4101
  creating $alu cell for $flatten\u_debug_sys.\u_spi_slave.$lt$/home/designer/shared/FFT/parallel_fft/design/rtl/debug_unit/spi_slave_mode0.v:139$459: $auto$alumacc.cc:495:replace_alu$4108
  creating $alu cell for $add$/home/designer/shared/FFT/parallel_fft/design/rtl/top_chip.v:76$8: $auto$alumacc.cc:495:replace_alu$4113
  creating $alu cell for $add$/home/designer/shared/FFT/parallel_fft/design/rtl/top_chip.v:77$9: $auto$alumacc.cc:495:replace_alu$4116
  creating $alu cell for $flatten\u_debug_sys.\u_spi_slave.$add$/home/designer/shared/FFT/parallel_fft/design/rtl/debug_unit/spi_slave_mode0.v:110$455: $auto$alumacc.cc:495:replace_alu$4119
  creating $alu cell for $flatten\u_debug_sys.\u_spi_slave.$add$/home/designer/shared/FFT/parallel_fft/design/rtl/debug_unit/spi_slave_mode0.v:141$460: $auto$alumacc.cc:495:replace_alu$4122
  creating $alu cell for $flatten\u_fft_core.\u_buffer_parallel2serial.$add$/home/designer/shared/FFT/parallel_fft/design/rtl/buffer_parallel2serial.v:104$306: $auto$alumacc.cc:495:replace_alu$4125
  creating $alu cell for $flatten\u_fft_core.\u_buffer_parallel2serial.$add$/home/designer/shared/FFT/parallel_fft/design/rtl/buffer_parallel2serial.v:80$301: $auto$alumacc.cc:495:replace_alu$4128
  creating $alu cell for $flatten\u_fft_core.\u_fft4.$add$/home/designer/shared/FFT/parallel_fft/design/rtl/fft4.v:109$422: $auto$alumacc.cc:495:replace_alu$4131
  creating $alu cell for $flatten\u_fft_core.\u_fft4.$add$/home/designer/shared/FFT/parallel_fft/design/rtl/fft4.v:110$423: $auto$alumacc.cc:495:replace_alu$4134
  creating $alu cell for $flatten\u_fft_core.\u_fft4.$add$/home/designer/shared/FFT/parallel_fft/design/rtl/fft4.v:124$433: $auto$alumacc.cc:495:replace_alu$4137
  creating $alu cell for $flatten\u_fft_core.\u_fft4.$add$/home/designer/shared/FFT/parallel_fft/design/rtl/fft4.v:125$434: $auto$alumacc.cc:495:replace_alu$4140
  creating $alu cell for $flatten\u_fft_core.\u_fft4.$add$/home/designer/shared/FFT/parallel_fft/design/rtl/fft4.v:104$418: $auto$alumacc.cc:495:replace_alu$4143
  creating $alu cell for $flatten\u_fft_core.\u_fft4.$sub$/home/designer/shared/FFT/parallel_fft/design/rtl/fft4.v:106$420: $auto$alumacc.cc:495:replace_alu$4146
  creating $alu cell for $flatten\u_fft_core.\u_fft4.$add$/home/designer/shared/FFT/parallel_fft/design/rtl/fft4.v:105$419: $auto$alumacc.cc:495:replace_alu$4149
  creating $alu cell for $flatten\u_fft_core.\u_fft4.$sub$/home/designer/shared/FFT/parallel_fft/design/rtl/fft4.v:107$421: $auto$alumacc.cc:495:replace_alu$4152
  creating $alu cell for $flatten\u_fft_core.\u_fft4.$sub$/home/designer/shared/FFT/parallel_fft/design/rtl/fft4.v:111$424: $auto$alumacc.cc:495:replace_alu$4155
  creating $alu cell for $flatten\u_fft_core.\u_fft4.$sub$/home/designer/shared/FFT/parallel_fft/design/rtl/fft4.v:112$425: $auto$alumacc.cc:495:replace_alu$4158
  creating $alu cell for $flatten\u_fft_core.\u_fft4.$add$/home/designer/shared/FFT/parallel_fft/design/rtl/fft4.v:118$428: $auto$alumacc.cc:495:replace_alu$4161
  creating $alu cell for $flatten\u_fft_core.\u_fft4.$sub$/home/designer/shared/FFT/parallel_fft/design/rtl/fft4.v:120$430: $auto$alumacc.cc:495:replace_alu$4164
  creating $alu cell for $flatten\u_fft_core.\u_fft4.$add$/home/designer/shared/FFT/parallel_fft/design/rtl/fft4.v:119$429: $auto$alumacc.cc:495:replace_alu$4167
  creating $alu cell for $flatten\u_fft_core.\u_fft4.$sub$/home/designer/shared/FFT/parallel_fft/design/rtl/fft4.v:121$431: $auto$alumacc.cc:495:replace_alu$4170
  creating $alu cell for $flatten\u_fft_core.\u_fft4.$sub$/home/designer/shared/FFT/parallel_fft/design/rtl/fft4.v:123$432: $auto$alumacc.cc:495:replace_alu$4173
  creating $alu cell for $flatten\u_fft_core.\u_fft4.$sub$/home/designer/shared/FFT/parallel_fft/design/rtl/fft4.v:126$435: $auto$alumacc.cc:495:replace_alu$4176
  creating $alu cell for $flatten\u_fft_core.\u_fft8_mdc0.\u_mdc8p_stage1.$add$/home/designer/shared/FFT/parallel_fft/design/rtl/fft_mdc_8p/stages/mdc8p_stage1.v:86$506: $auto$alumacc.cc:495:replace_alu$4179
  creating $alu cell for $flatten\u_fft_core.\u_fft8_mdc0.\u_mdc8p_stage1.\ds_switch_stage1.$add$/home/designer/shared/FFT/parallel_fft/design/rtl/common_modules/ds_switch.v:120$531: $auto$alumacc.cc:495:replace_alu$4182
  creating $alu cell for $flatten\u_fft_core.\u_fft8_mdc0.\u_mdc8p_stage1.\ds_switch_stage1.$add$/home/designer/shared/FFT/parallel_fft/design/rtl/common_modules/ds_switch.v:64$522: $auto$alumacc.cc:495:replace_alu$4185
  creating $alu cell for $flatten\u_tx.$sub$/home/designer/shared/FFT/parallel_fft/design/rtl/common_modules/tx_serializer.v:87$29: $auto$alumacc.cc:495:replace_alu$4188
  creating $alu cell for $flatten\u_rx.$add$/home/designer/shared/FFT/parallel_fft/design/rtl/common_modules/rx_serializer.v:87$42: $auto$alumacc.cc:495:replace_alu$4191
  creating $alu cell for $flatten\u_fft_core.\u_fft8_mdc0.\u_mdc8p_stage1.\u_btfly2.$add$/home/designer/shared/FFT/parallel_fft/design/rtl/common_modules/btfly_2.v:27$566: $auto$alumacc.cc:495:replace_alu$4194
  creating $alu cell for $flatten\u_fft_core.\u_fft8_mdc0.\u_mdc8p_stage1.\u_btfly2.$add$/home/designer/shared/FFT/parallel_fft/design/rtl/common_modules/btfly_2.v:28$567: $auto$alumacc.cc:495:replace_alu$4197
  creating $alu cell for $flatten\u_fft_core.\u_fft8_mdc0.\u_mdc8p_stage1.\u_btfly2.$add$/home/designer/shared/FFT/parallel_fft/design/rtl/common_modules/btfly_2.v:30$568: $auto$alumacc.cc:495:replace_alu$4200
  creating $alu cell for $flatten\u_fft_core.\u_fft8_mdc0.\u_mdc8p_stage1.\u_btfly2.$add$/home/designer/shared/FFT/parallel_fft/design/rtl/common_modules/btfly_2.v:31$569: $auto$alumacc.cc:495:replace_alu$4203
  creating $alu cell for $flatten\u_fft_core.\u_fft8_mdc0.\u_mdc8p_stage1.\xfft_cell_route1.$add$/home/designer/shared/FFT/parallel_fft/design/rtl/common_modules/xfft_cell.v:123$544: $auto$alumacc.cc:495:replace_alu$4206
  creating $alu cell for $flatten\u_fft_core.\u_fft8_mdc0.\u_mdc8p_stage1.\xfft_cell_route1.$sub$/home/designer/shared/FFT/parallel_fft/design/rtl/common_modules/xfft_cell.v:122$543: $auto$alumacc.cc:495:replace_alu$4209
  creating $alu cell for $flatten\u_fft_core.\u_fft8_mdc0.\u_mdc8p_stage2.$add$/home/designer/shared/FFT/parallel_fft/design/rtl/fft_mdc_8p/stages/mdc8p_stage2.v:100$496: $auto$alumacc.cc:495:replace_alu$4212
  creating $alu cell for $flatten\u_fft_core.\u_fft8_mdc0.\u_mdc8p_stage2.$add$/home/designer/shared/FFT/parallel_fft/design/rtl/fft_mdc_8p/stages/mdc8p_stage2.v:99$493: $auto$alumacc.cc:495:replace_alu$4215
  creating $alu cell for $flatten\u_fft_core.\u_fft8_mdc0.\u_mdc8p_stage2.\ds_switch_stage1.$add$/home/designer/shared/FFT/parallel_fft/design/rtl/common_modules/ds_switch.v:120$581: $auto$alumacc.cc:495:replace_alu$4218
  creating $alu cell for $flatten\u_fft_core.\u_fft8_mdc0.\u_mdc8p_stage2.\ds_switch_stage1.$add$/home/designer/shared/FFT/parallel_fft/design/rtl/common_modules/ds_switch.v:64$572: $auto$alumacc.cc:495:replace_alu$4221
  creating $alu cell for $flatten\u_fft_core.\u_twiddle_interface.$add$/home/designer/shared/FFT/parallel_fft/design/rtl/twiddle_interface/twiddle_interface.v:119$409: $auto$alumacc.cc:495:replace_alu$4224
  creating $alu cell for $flatten\u_fft_core.\u_fft8_mdc0.\u_mdc8p_stage2.\u_btfly2.$add$/home/designer/shared/FFT/parallel_fft/design/rtl/common_modules/btfly_2.v:27$595: $auto$alumacc.cc:495:replace_alu$4227
  creating $alu cell for $flatten\u_fft_core.\u_fft8_mdc0.\u_mdc8p_stage2.\u_btfly2.$add$/home/designer/shared/FFT/parallel_fft/design/rtl/common_modules/btfly_2.v:28$596: $auto$alumacc.cc:495:replace_alu$4230
  creating $alu cell for $flatten\u_fft_core.\u_fft8_mdc0.\u_mdc8p_stage2.\u_btfly2.$add$/home/designer/shared/FFT/parallel_fft/design/rtl/common_modules/btfly_2.v:30$597: $auto$alumacc.cc:495:replace_alu$4233
  creating $alu cell for $flatten\u_fft_core.\u_fft8_mdc0.\u_mdc8p_stage2.\u_btfly2.$add$/home/designer/shared/FFT/parallel_fft/design/rtl/common_modules/btfly_2.v:31$598: $auto$alumacc.cc:495:replace_alu$4236
  creating $alu cell for $flatten\u_fft_core.\u_fft8_mdc3.\u_mdc8p_stage2.\ds_switch_stage1.$add$/home/designer/shared/FFT/parallel_fft/design/rtl/common_modules/ds_switch.v:64$572: $auto$alumacc.cc:495:replace_alu$4239
  creating $alu cell for $flatten\u_fft_core.\u_fft8_mdc3.\u_mdc8p_stage2.\ds_switch_stage1.$add$/home/designer/shared/FFT/parallel_fft/design/rtl/common_modules/ds_switch.v:120$581: $auto$alumacc.cc:495:replace_alu$4242
  creating $alu cell for $flatten\u_fft_core.\u_fft8_mdc0.\u_mdc8p_stage3.\u_btfly2.$add$/home/designer/shared/FFT/parallel_fft/design/rtl/common_modules/btfly_2.v:27$603: $auto$alumacc.cc:495:replace_alu$4245
  creating $alu cell for $flatten\u_fft_core.\u_fft8_mdc0.\u_mdc8p_stage3.\u_btfly2.$add$/home/designer/shared/FFT/parallel_fft/design/rtl/common_modules/btfly_2.v:28$604: $auto$alumacc.cc:495:replace_alu$4248
  creating $alu cell for $flatten\u_fft_core.\u_fft8_mdc0.\u_mdc8p_stage3.\u_btfly2.$add$/home/designer/shared/FFT/parallel_fft/design/rtl/common_modules/btfly_2.v:30$605: $auto$alumacc.cc:495:replace_alu$4251
  creating $alu cell for $flatten\u_fft_core.\u_fft8_mdc0.\u_mdc8p_stage3.\u_btfly2.$add$/home/designer/shared/FFT/parallel_fft/design/rtl/common_modules/btfly_2.v:31$606: $auto$alumacc.cc:495:replace_alu$4254
  creating $alu cell for $flatten\u_fft_core.\u_fft8_mdc1.\u_mdc8p_stage1.$add$/home/designer/shared/FFT/parallel_fft/design/rtl/fft_mdc_8p/stages/mdc8p_stage1.v:86$506: $auto$alumacc.cc:495:replace_alu$4257
  creating $alu cell for $flatten\u_fft_core.\u_fft8_mdc1.\u_mdc8p_stage1.\ds_switch_stage1.$add$/home/designer/shared/FFT/parallel_fft/design/rtl/common_modules/ds_switch.v:120$531: $auto$alumacc.cc:495:replace_alu$4260
  creating $alu cell for $flatten\u_fft_core.\u_fft8_mdc1.\u_mdc8p_stage1.\ds_switch_stage1.$add$/home/designer/shared/FFT/parallel_fft/design/rtl/common_modules/ds_switch.v:64$522: $auto$alumacc.cc:495:replace_alu$4263
  creating $alu cell for $flatten\u_fft_core.\u_fft8_mdc3.\u_mdc8p_stage2.$add$/home/designer/shared/FFT/parallel_fft/design/rtl/fft_mdc_8p/stages/mdc8p_stage2.v:99$493: $auto$alumacc.cc:495:replace_alu$4266
  creating $alu cell for $flatten\u_fft_core.\u_fft8_mdc1.\u_mdc8p_stage1.\u_btfly2.$add$/home/designer/shared/FFT/parallel_fft/design/rtl/common_modules/btfly_2.v:27$566: $auto$alumacc.cc:495:replace_alu$4269
  creating $alu cell for $flatten\u_fft_core.\u_fft8_mdc1.\u_mdc8p_stage1.\u_btfly2.$add$/home/designer/shared/FFT/parallel_fft/design/rtl/common_modules/btfly_2.v:28$567: $auto$alumacc.cc:495:replace_alu$4272
  creating $alu cell for $flatten\u_fft_core.\u_fft8_mdc1.\u_mdc8p_stage1.\u_btfly2.$add$/home/designer/shared/FFT/parallel_fft/design/rtl/common_modules/btfly_2.v:30$568: $auto$alumacc.cc:495:replace_alu$4275
  creating $alu cell for $flatten\u_fft_core.\u_fft8_mdc1.\u_mdc8p_stage1.\u_btfly2.$add$/home/designer/shared/FFT/parallel_fft/design/rtl/common_modules/btfly_2.v:31$569: $auto$alumacc.cc:495:replace_alu$4278
  creating $alu cell for $flatten\u_fft_core.\u_fft8_mdc1.\u_mdc8p_stage1.\xfft_cell_route1.$add$/home/designer/shared/FFT/parallel_fft/design/rtl/common_modules/xfft_cell.v:123$544: $auto$alumacc.cc:495:replace_alu$4281
  creating $alu cell for $flatten\u_fft_core.\u_fft8_mdc1.\u_mdc8p_stage1.\xfft_cell_route1.$sub$/home/designer/shared/FFT/parallel_fft/design/rtl/common_modules/xfft_cell.v:122$543: $auto$alumacc.cc:495:replace_alu$4284
  creating $alu cell for $flatten\u_fft_core.\u_fft8_mdc1.\u_mdc8p_stage2.$add$/home/designer/shared/FFT/parallel_fft/design/rtl/fft_mdc_8p/stages/mdc8p_stage2.v:100$496: $auto$alumacc.cc:495:replace_alu$4287
  creating $alu cell for $flatten\u_fft_core.\u_fft8_mdc1.\u_mdc8p_stage2.$add$/home/designer/shared/FFT/parallel_fft/design/rtl/fft_mdc_8p/stages/mdc8p_stage2.v:99$493: $auto$alumacc.cc:495:replace_alu$4290
  creating $alu cell for $flatten\u_fft_core.\u_fft8_mdc1.\u_mdc8p_stage2.\ds_switch_stage1.$add$/home/designer/shared/FFT/parallel_fft/design/rtl/common_modules/ds_switch.v:120$581: $auto$alumacc.cc:495:replace_alu$4293
  creating $alu cell for $flatten\u_fft_core.\u_fft8_mdc1.\u_mdc8p_stage2.\ds_switch_stage1.$add$/home/designer/shared/FFT/parallel_fft/design/rtl/common_modules/ds_switch.v:64$572: $auto$alumacc.cc:495:replace_alu$4296
  creating $alu cell for $flatten\u_fft_core.\u_fft8_mdc3.\u_mdc8p_stage2.\u_btfly2.$add$/home/designer/shared/FFT/parallel_fft/design/rtl/common_modules/btfly_2.v:30$597: $auto$alumacc.cc:495:replace_alu$4299
  creating $alu cell for $flatten\u_fft_core.\u_fft8_mdc1.\u_mdc8p_stage2.\u_btfly2.$add$/home/designer/shared/FFT/parallel_fft/design/rtl/common_modules/btfly_2.v:27$595: $auto$alumacc.cc:495:replace_alu$4302
  creating $alu cell for $flatten\u_fft_core.\u_fft8_mdc1.\u_mdc8p_stage2.\u_btfly2.$add$/home/designer/shared/FFT/parallel_fft/design/rtl/common_modules/btfly_2.v:28$596: $auto$alumacc.cc:495:replace_alu$4305
  creating $alu cell for $flatten\u_fft_core.\u_fft8_mdc1.\u_mdc8p_stage2.\u_btfly2.$add$/home/designer/shared/FFT/parallel_fft/design/rtl/common_modules/btfly_2.v:30$597: $auto$alumacc.cc:495:replace_alu$4308
  creating $alu cell for $flatten\u_fft_core.\u_fft8_mdc1.\u_mdc8p_stage2.\u_btfly2.$add$/home/designer/shared/FFT/parallel_fft/design/rtl/common_modules/btfly_2.v:31$598: $auto$alumacc.cc:495:replace_alu$4311
  creating $alu cell for $flatten\u_fft_core.\u_fft8_mdc3.\u_mdc8p_stage2.\u_btfly2.$add$/home/designer/shared/FFT/parallel_fft/design/rtl/common_modules/btfly_2.v:28$596: $auto$alumacc.cc:495:replace_alu$4314
  creating $alu cell for $flatten\u_fft_core.\u_fft8_mdc3.\u_mdc8p_stage2.\u_btfly2.$add$/home/designer/shared/FFT/parallel_fft/design/rtl/common_modules/btfly_2.v:27$595: $auto$alumacc.cc:495:replace_alu$4317
  creating $alu cell for $flatten\u_fft_core.\u_fft8_mdc1.\u_mdc8p_stage3.\u_btfly2.$add$/home/designer/shared/FFT/parallel_fft/design/rtl/common_modules/btfly_2.v:27$603: $auto$alumacc.cc:495:replace_alu$4320
  creating $alu cell for $flatten\u_fft_core.\u_fft8_mdc1.\u_mdc8p_stage3.\u_btfly2.$add$/home/designer/shared/FFT/parallel_fft/design/rtl/common_modules/btfly_2.v:28$604: $auto$alumacc.cc:495:replace_alu$4323
  creating $alu cell for $flatten\u_fft_core.\u_fft8_mdc1.\u_mdc8p_stage3.\u_btfly2.$add$/home/designer/shared/FFT/parallel_fft/design/rtl/common_modules/btfly_2.v:30$605: $auto$alumacc.cc:495:replace_alu$4326
  creating $alu cell for $flatten\u_fft_core.\u_fft8_mdc1.\u_mdc8p_stage3.\u_btfly2.$add$/home/designer/shared/FFT/parallel_fft/design/rtl/common_modules/btfly_2.v:31$606: $auto$alumacc.cc:495:replace_alu$4329
  creating $alu cell for $flatten\u_fft_core.\u_fft8_mdc2.\u_mdc8p_stage1.$add$/home/designer/shared/FFT/parallel_fft/design/rtl/fft_mdc_8p/stages/mdc8p_stage1.v:86$506: $auto$alumacc.cc:495:replace_alu$4332
  creating $alu cell for $flatten\u_fft_core.\u_fft8_mdc2.\u_mdc8p_stage1.\ds_switch_stage1.$add$/home/designer/shared/FFT/parallel_fft/design/rtl/common_modules/ds_switch.v:120$531: $auto$alumacc.cc:495:replace_alu$4335
  creating $alu cell for $flatten\u_fft_core.\u_fft8_mdc2.\u_mdc8p_stage1.\ds_switch_stage1.$add$/home/designer/shared/FFT/parallel_fft/design/rtl/common_modules/ds_switch.v:64$522: $auto$alumacc.cc:495:replace_alu$4338
  creating $alu cell for $flatten\u_fft_core.\u_fft8_mdc3.\u_mdc8p_stage3.\u_btfly2.$add$/home/designer/shared/FFT/parallel_fft/design/rtl/common_modules/btfly_2.v:31$606: $auto$alumacc.cc:495:replace_alu$4341
  creating $alu cell for $flatten\u_fft_core.\u_fft8_mdc2.\u_mdc8p_stage1.\u_btfly2.$add$/home/designer/shared/FFT/parallel_fft/design/rtl/common_modules/btfly_2.v:27$566: $auto$alumacc.cc:495:replace_alu$4344
  creating $alu cell for $flatten\u_fft_core.\u_fft8_mdc2.\u_mdc8p_stage1.\u_btfly2.$add$/home/designer/shared/FFT/parallel_fft/design/rtl/common_modules/btfly_2.v:28$567: $auto$alumacc.cc:495:replace_alu$4347
  creating $alu cell for $flatten\u_fft_core.\u_fft8_mdc2.\u_mdc8p_stage1.\u_btfly2.$add$/home/designer/shared/FFT/parallel_fft/design/rtl/common_modules/btfly_2.v:30$568: $auto$alumacc.cc:495:replace_alu$4350
  creating $alu cell for $flatten\u_fft_core.\u_fft8_mdc2.\u_mdc8p_stage1.\u_btfly2.$add$/home/designer/shared/FFT/parallel_fft/design/rtl/common_modules/btfly_2.v:31$569: $auto$alumacc.cc:495:replace_alu$4353
  creating $alu cell for $flatten\u_fft_core.\u_fft8_mdc2.\u_mdc8p_stage1.\xfft_cell_route1.$add$/home/designer/shared/FFT/parallel_fft/design/rtl/common_modules/xfft_cell.v:123$544: $auto$alumacc.cc:495:replace_alu$4356
  creating $alu cell for $flatten\u_fft_core.\u_fft8_mdc2.\u_mdc8p_stage1.\xfft_cell_route1.$sub$/home/designer/shared/FFT/parallel_fft/design/rtl/common_modules/xfft_cell.v:122$543: $auto$alumacc.cc:495:replace_alu$4359
  creating $alu cell for $flatten\u_fft_core.\u_fft8_mdc2.\u_mdc8p_stage2.$add$/home/designer/shared/FFT/parallel_fft/design/rtl/fft_mdc_8p/stages/mdc8p_stage2.v:100$496: $auto$alumacc.cc:495:replace_alu$4362
  creating $alu cell for $flatten\u_fft_core.\u_fft8_mdc2.\u_mdc8p_stage2.$add$/home/designer/shared/FFT/parallel_fft/design/rtl/fft_mdc_8p/stages/mdc8p_stage2.v:99$493: $auto$alumacc.cc:495:replace_alu$4365
  creating $alu cell for $flatten\u_fft_core.\u_fft8_mdc2.\u_mdc8p_stage2.\ds_switch_stage1.$add$/home/designer/shared/FFT/parallel_fft/design/rtl/common_modules/ds_switch.v:120$581: $auto$alumacc.cc:495:replace_alu$4368
  creating $alu cell for $flatten\u_fft_core.\u_fft8_mdc2.\u_mdc8p_stage2.\ds_switch_stage1.$add$/home/designer/shared/FFT/parallel_fft/design/rtl/common_modules/ds_switch.v:64$572: $auto$alumacc.cc:495:replace_alu$4371
  creating $alu cell for $flatten\u_fft_core.\u_fft8_mdc3.\u_mdc8p_stage3.\u_btfly2.$add$/home/designer/shared/FFT/parallel_fft/design/rtl/common_modules/btfly_2.v:27$603: $auto$alumacc.cc:495:replace_alu$4374
  creating $alu cell for $flatten\u_fft_core.\u_fft8_mdc2.\u_mdc8p_stage2.\u_btfly2.$add$/home/designer/shared/FFT/parallel_fft/design/rtl/common_modules/btfly_2.v:27$595: $auto$alumacc.cc:495:replace_alu$4377
  creating $alu cell for $flatten\u_fft_core.\u_fft8_mdc2.\u_mdc8p_stage2.\u_btfly2.$add$/home/designer/shared/FFT/parallel_fft/design/rtl/common_modules/btfly_2.v:28$596: $auto$alumacc.cc:495:replace_alu$4380
  creating $alu cell for $flatten\u_fft_core.\u_fft8_mdc2.\u_mdc8p_stage2.\u_btfly2.$add$/home/designer/shared/FFT/parallel_fft/design/rtl/common_modules/btfly_2.v:30$597: $auto$alumacc.cc:495:replace_alu$4383
  creating $alu cell for $flatten\u_fft_core.\u_fft8_mdc2.\u_mdc8p_stage2.\u_btfly2.$add$/home/designer/shared/FFT/parallel_fft/design/rtl/common_modules/btfly_2.v:31$598: $auto$alumacc.cc:495:replace_alu$4386
  creating $alu cell for $flatten\u_fft_core.\u_fft8_mdc3.\u_mdc8p_stage3.\u_btfly2.$add$/home/designer/shared/FFT/parallel_fft/design/rtl/common_modules/btfly_2.v:28$604: $auto$alumacc.cc:495:replace_alu$4389
  creating $alu cell for $flatten\u_fft_core.\u_fft8_mdc3.\u_mdc8p_stage3.\u_btfly2.$add$/home/designer/shared/FFT/parallel_fft/design/rtl/common_modules/btfly_2.v:30$605: $auto$alumacc.cc:495:replace_alu$4392
  creating $alu cell for $flatten\u_fft_core.\u_fft8_mdc2.\u_mdc8p_stage3.\u_btfly2.$add$/home/designer/shared/FFT/parallel_fft/design/rtl/common_modules/btfly_2.v:27$603: $auto$alumacc.cc:495:replace_alu$4395
  creating $alu cell for $flatten\u_fft_core.\u_fft8_mdc2.\u_mdc8p_stage3.\u_btfly2.$add$/home/designer/shared/FFT/parallel_fft/design/rtl/common_modules/btfly_2.v:28$604: $auto$alumacc.cc:495:replace_alu$4398
  creating $alu cell for $flatten\u_fft_core.\u_fft8_mdc2.\u_mdc8p_stage3.\u_btfly2.$add$/home/designer/shared/FFT/parallel_fft/design/rtl/common_modules/btfly_2.v:30$605: $auto$alumacc.cc:495:replace_alu$4401
  creating $alu cell for $flatten\u_fft_core.\u_fft8_mdc2.\u_mdc8p_stage3.\u_btfly2.$add$/home/designer/shared/FFT/parallel_fft/design/rtl/common_modules/btfly_2.v:31$606: $auto$alumacc.cc:495:replace_alu$4404
  creating $alu cell for $flatten\u_fft_core.\u_fft8_mdc3.\u_mdc8p_stage1.$add$/home/designer/shared/FFT/parallel_fft/design/rtl/fft_mdc_8p/stages/mdc8p_stage1.v:86$506: $auto$alumacc.cc:495:replace_alu$4407
  creating $alu cell for $flatten\u_fft_core.\u_fft8_mdc3.\u_mdc8p_stage1.\ds_switch_stage1.$add$/home/designer/shared/FFT/parallel_fft/design/rtl/common_modules/ds_switch.v:120$531: $auto$alumacc.cc:495:replace_alu$4410
  creating $alu cell for $flatten\u_fft_core.\u_fft8_mdc3.\u_mdc8p_stage1.\ds_switch_stage1.$add$/home/designer/shared/FFT/parallel_fft/design/rtl/common_modules/ds_switch.v:64$522: $auto$alumacc.cc:495:replace_alu$4413
  creating $alu cell for $flatten\u_fft_core.\u_fft8_mdc3.\u_mdc8p_stage2.\u_btfly2.$add$/home/designer/shared/FFT/parallel_fft/design/rtl/common_modules/btfly_2.v:31$598: $auto$alumacc.cc:495:replace_alu$4416
  creating $alu cell for $flatten\u_fft_core.\u_fft8_mdc3.\u_mdc8p_stage1.\u_btfly2.$add$/home/designer/shared/FFT/parallel_fft/design/rtl/common_modules/btfly_2.v:27$566: $auto$alumacc.cc:495:replace_alu$4419
  creating $alu cell for $flatten\u_fft_core.\u_fft8_mdc3.\u_mdc8p_stage1.\u_btfly2.$add$/home/designer/shared/FFT/parallel_fft/design/rtl/common_modules/btfly_2.v:28$567: $auto$alumacc.cc:495:replace_alu$4422
  creating $alu cell for $flatten\u_fft_core.\u_fft8_mdc3.\u_mdc8p_stage1.\u_btfly2.$add$/home/designer/shared/FFT/parallel_fft/design/rtl/common_modules/btfly_2.v:30$568: $auto$alumacc.cc:495:replace_alu$4425
  creating $alu cell for $flatten\u_fft_core.\u_fft8_mdc3.\u_mdc8p_stage1.\u_btfly2.$add$/home/designer/shared/FFT/parallel_fft/design/rtl/common_modules/btfly_2.v:31$569: $auto$alumacc.cc:495:replace_alu$4428
  creating $alu cell for $flatten\u_fft_core.\u_fft8_mdc3.\u_mdc8p_stage1.\xfft_cell_route1.$add$/home/designer/shared/FFT/parallel_fft/design/rtl/common_modules/xfft_cell.v:123$544: $auto$alumacc.cc:495:replace_alu$4431
  creating $alu cell for $flatten\u_fft_core.\u_fft8_mdc3.\u_mdc8p_stage1.\xfft_cell_route1.$sub$/home/designer/shared/FFT/parallel_fft/design/rtl/common_modules/xfft_cell.v:122$543: $auto$alumacc.cc:495:replace_alu$4434
  creating $alu cell for $flatten\u_fft_core.\u_fft8_mdc3.\u_mdc8p_stage2.$add$/home/designer/shared/FFT/parallel_fft/design/rtl/fft_mdc_8p/stages/mdc8p_stage2.v:100$496: $auto$alumacc.cc:495:replace_alu$4437
  created 130 $alu and 22 $macc cells.

101. Executing SHARE pass (SAT-based resource sharing).
Found 12 cells in module top_chip that may be considered for resource sharing.
  Analyzing resource sharing options for $flatten\u_fft_core.\u_twiddle_interface.\u_mult_3.$mul$/home/designer/shared/FFT/parallel_fft/design/rtl/common_modules/complex_multiplier.v:29$483 ($mul):
    Found cell that is never activated: $flatten\u_fft_core.\u_twiddle_interface.\u_mult_3.$mul$/home/designer/shared/FFT/parallel_fft/design/rtl/common_modules/complex_multiplier.v:29$483
    Cell is never active. Sharing is pointless, we simply remove it.
  Analyzing resource sharing options for $flatten\u_fft_core.\u_twiddle_interface.\u_mult_3.$mul$/home/designer/shared/FFT/parallel_fft/design/rtl/common_modules/complex_multiplier.v:28$482 ($mul):
    Found cell that is never activated: $flatten\u_fft_core.\u_twiddle_interface.\u_mult_3.$mul$/home/designer/shared/FFT/parallel_fft/design/rtl/common_modules/complex_multiplier.v:28$482
    Cell is never active. Sharing is pointless, we simply remove it.
  Analyzing resource sharing options for $flatten\u_fft_core.\u_twiddle_interface.\u_mult_3.$mul$/home/designer/shared/FFT/parallel_fft/design/rtl/common_modules/complex_multiplier.v:27$481 ($mul):
    Found cell that is never activated: $flatten\u_fft_core.\u_twiddle_interface.\u_mult_3.$mul$/home/designer/shared/FFT/parallel_fft/design/rtl/common_modules/complex_multiplier.v:27$481
    Cell is never active. Sharing is pointless, we simply remove it.
  Analyzing resource sharing options for $flatten\u_fft_core.\u_twiddle_interface.\u_mult_3.$mul$/home/designer/shared/FFT/parallel_fft/design/rtl/common_modules/complex_multiplier.v:26$480 ($mul):
    Found cell that is never activated: $flatten\u_fft_core.\u_twiddle_interface.\u_mult_3.$mul$/home/designer/shared/FFT/parallel_fft/design/rtl/common_modules/complex_multiplier.v:26$480
    Cell is never active. Sharing is pointless, we simply remove it.
  Analyzing resource sharing options for $flatten\u_fft_core.\u_twiddle_interface.\u_mult_2.$mul$/home/designer/shared/FFT/parallel_fft/design/rtl/common_modules/complex_multiplier.v:29$483 ($mul):
    Found cell that is never activated: $flatten\u_fft_core.\u_twiddle_interface.\u_mult_2.$mul$/home/designer/shared/FFT/parallel_fft/design/rtl/common_modules/complex_multiplier.v:29$483
    Cell is never active. Sharing is pointless, we simply remove it.
  Analyzing resource sharing options for $flatten\u_fft_core.\u_twiddle_interface.\u_mult_2.$mul$/home/designer/shared/FFT/parallel_fft/design/rtl/common_modules/complex_multiplier.v:28$482 ($mul):
    Found cell that is never activated: $flatten\u_fft_core.\u_twiddle_interface.\u_mult_2.$mul$/home/designer/shared/FFT/parallel_fft/design/rtl/common_modules/complex_multiplier.v:28$482
    Cell is never active. Sharing is pointless, we simply remove it.
  Analyzing resource sharing options for $flatten\u_fft_core.\u_twiddle_interface.\u_mult_2.$mul$/home/designer/shared/FFT/parallel_fft/design/rtl/common_modules/complex_multiplier.v:27$481 ($mul):
    Found cell that is never activated: $flatten\u_fft_core.\u_twiddle_interface.\u_mult_2.$mul$/home/designer/shared/FFT/parallel_fft/design/rtl/common_modules/complex_multiplier.v:27$481
    Cell is never active. Sharing is pointless, we simply remove it.
  Analyzing resource sharing options for $flatten\u_fft_core.\u_twiddle_interface.\u_mult_2.$mul$/home/designer/shared/FFT/parallel_fft/design/rtl/common_modules/complex_multiplier.v:26$480 ($mul):
    Found cell that is never activated: $flatten\u_fft_core.\u_twiddle_interface.\u_mult_2.$mul$/home/designer/shared/FFT/parallel_fft/design/rtl/common_modules/complex_multiplier.v:26$480
    Cell is never active. Sharing is pointless, we simply remove it.
  Analyzing resource sharing options for $flatten\u_fft_core.\u_twiddle_interface.\u_mult_1.$mul$/home/designer/shared/FFT/parallel_fft/design/rtl/common_modules/complex_multiplier.v:29$483 ($mul):
    Found cell that is never activated: $flatten\u_fft_core.\u_twiddle_interface.\u_mult_1.$mul$/home/designer/shared/FFT/parallel_fft/design/rtl/common_modules/complex_multiplier.v:29$483
    Cell is never active. Sharing is pointless, we simply remove it.
  Analyzing resource sharing options for $flatten\u_fft_core.\u_twiddle_interface.\u_mult_1.$mul$/home/designer/shared/FFT/parallel_fft/design/rtl/common_modules/complex_multiplier.v:28$482 ($mul):
    Found cell that is never activated: $flatten\u_fft_core.\u_twiddle_interface.\u_mult_1.$mul$/home/designer/shared/FFT/parallel_fft/design/rtl/common_modules/complex_multiplier.v:28$482
    Cell is never active. Sharing is pointless, we simply remove it.
  Analyzing resource sharing options for $flatten\u_fft_core.\u_twiddle_interface.\u_mult_1.$mul$/home/designer/shared/FFT/parallel_fft/design/rtl/common_modules/complex_multiplier.v:27$481 ($mul):
    Found cell that is never activated: $flatten\u_fft_core.\u_twiddle_interface.\u_mult_1.$mul$/home/designer/shared/FFT/parallel_fft/design/rtl/common_modules/complex_multiplier.v:27$481
    Cell is never active. Sharing is pointless, we simply remove it.
  Analyzing resource sharing options for $flatten\u_fft_core.\u_twiddle_interface.\u_mult_1.$mul$/home/designer/shared/FFT/parallel_fft/design/rtl/common_modules/complex_multiplier.v:26$480 ($mul):
    Found cell that is never activated: $flatten\u_fft_core.\u_twiddle_interface.\u_mult_1.$mul$/home/designer/shared/FFT/parallel_fft/design/rtl/common_modules/complex_multiplier.v:26$480
    Cell is never active. Sharing is pointless, we simply remove it.
Removing 12 cells in module top_chip:
  Removing cell $flatten\u_fft_core.\u_twiddle_interface.\u_mult_1.$mul$/home/designer/shared/FFT/parallel_fft/design/rtl/common_modules/complex_multiplier.v:26$480 ($mul).
  Removing cell $flatten\u_fft_core.\u_twiddle_interface.\u_mult_1.$mul$/home/designer/shared/FFT/parallel_fft/design/rtl/common_modules/complex_multiplier.v:27$481 ($mul).
  Removing cell $flatten\u_fft_core.\u_twiddle_interface.\u_mult_1.$mul$/home/designer/shared/FFT/parallel_fft/design/rtl/common_modules/complex_multiplier.v:28$482 ($mul).
  Removing cell $flatten\u_fft_core.\u_twiddle_interface.\u_mult_1.$mul$/home/designer/shared/FFT/parallel_fft/design/rtl/common_modules/complex_multiplier.v:29$483 ($mul).
  Removing cell $flatten\u_fft_core.\u_twiddle_interface.\u_mult_2.$mul$/home/designer/shared/FFT/parallel_fft/design/rtl/common_modules/complex_multiplier.v:26$480 ($mul).
  Removing cell $flatten\u_fft_core.\u_twiddle_interface.\u_mult_2.$mul$/home/designer/shared/FFT/parallel_fft/design/rtl/common_modules/complex_multiplier.v:27$481 ($mul).
  Removing cell $flatten\u_fft_core.\u_twiddle_interface.\u_mult_2.$mul$/home/designer/shared/FFT/parallel_fft/design/rtl/common_modules/complex_multiplier.v:28$482 ($mul).
  Removing cell $flatten\u_fft_core.\u_twiddle_interface.\u_mult_2.$mul$/home/designer/shared/FFT/parallel_fft/design/rtl/common_modules/complex_multiplier.v:29$483 ($mul).
  Removing cell $flatten\u_fft_core.\u_twiddle_interface.\u_mult_3.$mul$/home/designer/shared/FFT/parallel_fft/design/rtl/common_modules/complex_multiplier.v:26$480 ($mul).
  Removing cell $flatten\u_fft_core.\u_twiddle_interface.\u_mult_3.$mul$/home/designer/shared/FFT/parallel_fft/design/rtl/common_modules/complex_multiplier.v:27$481 ($mul).
  Removing cell $flatten\u_fft_core.\u_twiddle_interface.\u_mult_3.$mul$/home/designer/shared/FFT/parallel_fft/design/rtl/common_modules/complex_multiplier.v:28$482 ($mul).
  Removing cell $flatten\u_fft_core.\u_twiddle_interface.\u_mult_3.$mul$/home/designer/shared/FFT/parallel_fft/design/rtl/common_modules/complex_multiplier.v:29$483 ($mul).

102. Executing OPT_EXPR pass (perform const folding).
Optimizing module top_chip.
<suppressed ~43 debug messages>

103. Executing OPT_MERGE pass (detect identical cells).
Finding identical cells in module `\top_chip'.
<suppressed ~12 debug messages>
Removed a total of 4 cells.

104. Executing OPT_MUXTREE pass (detect dead branches in mux trees).
Running muxtree optimizer on module \top_chip..
  Creating internal representation of mux trees.
  Evaluating internal representation of mux trees.
  Analyzing evaluation results.
Removed 0 multiplexer ports.
<suppressed ~203 debug messages>

105. Executing OPT_REDUCE pass (consolidate $*mux and $reduce_* inputs).
  Optimizing cells in module \top_chip.
    New ctrl vector for $pmux cell $flatten\u_fft_core.\u_fft8_mdc0.\u_mdc8p_stage2.\ds_switch_stage1.$procmux$3153: $auto$opt_reduce.cc:137:opt_pmux$4449
    New ctrl vector for $pmux cell $flatten\u_fft_core.\u_fft8_mdc1.\u_mdc8p_stage2.\ds_switch_stage1.$procmux$3153: $auto$opt_reduce.cc:137:opt_pmux$4451
    New ctrl vector for $pmux cell $flatten\u_fft_core.\u_fft8_mdc2.\u_mdc8p_stage2.\ds_switch_stage1.$procmux$3153: $auto$opt_reduce.cc:137:opt_pmux$4453
    New ctrl vector for $pmux cell $flatten\u_fft_core.\u_fft8_mdc3.\u_mdc8p_stage2.\ds_switch_stage1.$procmux$3153: $auto$opt_reduce.cc:137:opt_pmux$4455
  Optimizing cells in module \top_chip.
Performed a total of 4 changes.

106. Executing OPT_MERGE pass (detect identical cells).
Finding identical cells in module `\top_chip'.
Removed a total of 0 cells.

107. Executing OPT_DFF pass (perform DFF optimizations).

108. Executing OPT_CLEAN pass (remove unused cells and wires).
Finding unused cells or wires in module \top_chip..
Removed 40 unused cells and 105 unused wires.
<suppressed ~69 debug messages>

109. Executing OPT_EXPR pass (perform const folding).
Optimizing module top_chip.
<suppressed ~8 debug messages>

110. Rerunning OPT passes. (Maybe there is more to do…)

111. Executing OPT_MUXTREE pass (detect dead branches in mux trees).
Running muxtree optimizer on module \top_chip..
  Creating internal representation of mux trees.
  Evaluating internal representation of mux trees.
  Analyzing evaluation results.
Removed 0 multiplexer ports.
<suppressed ~199 debug messages>

112. Executing OPT_REDUCE pass (consolidate $*mux and $reduce_* inputs).
  Optimizing cells in module \top_chip.
Performed a total of 0 changes.

113. Executing OPT_MERGE pass (detect identical cells).
Finding identical cells in module `\top_chip'.
<suppressed ~27 debug messages>
Removed a total of 9 cells.

114. Executing OPT_DFF pass (perform DFF optimizations).
Setting constant 0-bit at position 0 on $flatten\u_fft_core.\u_fft8_mdc0.\u_mdc8p_stage2.\ds_switch_stage1.$procdff$3530 ($adff) from module top_chip.

115. Executing OPT_CLEAN pass (remove unused cells and wires).
Finding unused cells or wires in module \top_chip..
Removed 0 unused cells and 14 unused wires.
<suppressed ~1 debug messages>

116. Executing OPT_EXPR pass (perform const folding).
Optimizing module top_chip.
<suppressed ~6 debug messages>

117. Rerunning OPT passes. (Maybe there is more to do…)

118. Executing OPT_MUXTREE pass (detect dead branches in mux trees).
Running muxtree optimizer on module \top_chip..
  Creating internal representation of mux trees.
  Evaluating internal representation of mux trees.
  Analyzing evaluation results.
Removed 0 multiplexer ports.
<suppressed ~199 debug messages>

119. Executing OPT_REDUCE pass (consolidate $*mux and $reduce_* inputs).
  Optimizing cells in module \top_chip.
Performed a total of 0 changes.

120. Executing OPT_MERGE pass (detect identical cells).
Finding identical cells in module `\top_chip'.
<suppressed ~12 debug messages>
Removed a total of 4 cells.

121. Executing OPT_DFF pass (perform DFF optimizations).

122. Executing OPT_CLEAN pass (remove unused cells and wires).
Finding unused cells or wires in module \top_chip..
Removed 0 unused cells and 10 unused wires.
<suppressed ~1 debug messages>

123. Executing OPT_EXPR pass (perform const folding).
Optimizing module top_chip.

124. Rerunning OPT passes. (Maybe there is more to do…)

125. Executing OPT_MUXTREE pass (detect dead branches in mux trees).
Running muxtree optimizer on module \top_chip..
  Creating internal representation of mux trees.
  Evaluating internal representation of mux trees.
  Analyzing evaluation results.
Removed 0 multiplexer ports.
<suppressed ~199 debug messages>

126. Executing OPT_REDUCE pass (consolidate $*mux and $reduce_* inputs).
  Optimizing cells in module \top_chip.
Performed a total of 0 changes.

127. Executing OPT_MERGE pass (detect identical cells).
Finding identical cells in module `\top_chip'.
Removed a total of 0 cells.

128. Executing OPT_DFF pass (perform DFF optimizations).

129. Executing OPT_CLEAN pass (remove unused cells and wires).
Finding unused cells or wires in module \top_chip..

130. Executing OPT_EXPR pass (perform const folding).
Optimizing module top_chip.

131. Executing MEMORY pass.

131.1. Executing OPT_MEM pass (optimize memories).
Performed a total of 0 transformations.

131.2. Executing OPT_MEM_PRIORITY pass (removing unnecessary memory write priority relations).
Performed a total of 56 transformations.

131.3. Executing OPT_MEM_FEEDBACK pass (finding memory read-to-write feedback paths).
  Analyzing top_chip.u_fft_core.u_buffer_parallel2serial.mem_im write port 0.
  Analyzing top_chip.u_fft_core.u_buffer_parallel2serial.mem_im write port 1.
  Analyzing top_chip.u_fft_core.u_buffer_parallel2serial.mem_im write port 2.
  Analyzing top_chip.u_fft_core.u_buffer_parallel2serial.mem_im write port 3.
  Analyzing top_chip.u_fft_core.u_buffer_parallel2serial.mem_im write port 4.
  Analyzing top_chip.u_fft_core.u_buffer_parallel2serial.mem_im write port 5.
  Analyzing top_chip.u_fft_core.u_buffer_parallel2serial.mem_im write port 6.
  Analyzing top_chip.u_fft_core.u_buffer_parallel2serial.mem_im write port 7.
  Analyzing top_chip.u_fft_core.u_buffer_parallel2serial.mem_re write port 0.
  Analyzing top_chip.u_fft_core.u_buffer_parallel2serial.mem_re write port 1.
  Analyzing top_chip.u_fft_core.u_buffer_parallel2serial.mem_re write port 2.
  Analyzing top_chip.u_fft_core.u_buffer_parallel2serial.mem_re write port 3.
  Analyzing top_chip.u_fft_core.u_buffer_parallel2serial.mem_re write port 4.
  Analyzing top_chip.u_fft_core.u_buffer_parallel2serial.mem_re write port 5.
  Analyzing top_chip.u_fft_core.u_buffer_parallel2serial.mem_re write port 6.
  Analyzing top_chip.u_fft_core.u_buffer_parallel2serial.mem_re write port 7.

131.4. Executing MEMORY_BMUX2ROM pass (converting muxes to ROMs).

131.5. Executing MEMORY_DFF pass (merging $dff cells to $memrd).
Checking read port `\u_fft_core.u_buffer_parallel2serial.mem_im'[0] in module `\top_chip': merging output FF to cell.
    Write port 0: don't care on collision.
    Write port 1: don't care on collision.
    Write port 2: don't care on collision.
    Write port 3: don't care on collision.
    Write port 4: don't care on collision.
    Write port 5: don't care on collision.
    Write port 6: don't care on collision.
    Write port 7: don't care on collision.
Checking read port `\u_fft_core.u_buffer_parallel2serial.mem_re'[0] in module `\top_chip': merging output FF to cell.
    Write port 0: don't care on collision.
    Write port 1: don't care on collision.
    Write port 2: don't care on collision.
    Write port 3: don't care on collision.
    Write port 4: don't care on collision.
    Write port 5: don't care on collision.
    Write port 6: don't care on collision.
    Write port 7: don't care on collision.

131.6. Executing OPT_CLEAN pass (remove unused cells and wires).
Finding unused cells or wires in module \top_chip..
Removed 2 unused cells and 18 unused wires.
<suppressed ~3 debug messages>

131.7. Executing MEMORY_SHARE pass (consolidating $memrd/$memwr cells).
Consolidating write ports of memory top_chip.u_fft_core.u_buffer_parallel2serial.mem_im by address:
  Merging ports 0, 1 (address { \u_fft_core.u_buffer_parallel2serial.batch_count 3'000 }).
  Merging ports 0, 2 (address { \u_fft_core.u_buffer_parallel2serial.batch_count 3'000 }).
  Merging ports 0, 3 (address { \u_fft_core.u_buffer_parallel2serial.batch_count 3'000 }).
  Merging ports 0, 4 (address { \u_fft_core.u_buffer_parallel2serial.batch_count 3'000 }).
  Merging ports 0, 5 (address { \u_fft_core.u_buffer_parallel2serial.batch_count 3'000 }).
  Merging ports 0, 6 (address { \u_fft_core.u_buffer_parallel2serial.batch_count 3'000 }).
  Merging ports 0, 7 (address { \u_fft_core.u_buffer_parallel2serial.batch_count 3'000 }).
Consolidating write ports of memory top_chip.u_fft_core.u_buffer_parallel2serial.mem_re by address:
  Merging ports 0, 1 (address { \u_fft_core.u_buffer_parallel2serial.batch_count 3'000 }).
  Merging ports 0, 2 (address { \u_fft_core.u_buffer_parallel2serial.batch_count 3'000 }).
  Merging ports 0, 3 (address { \u_fft_core.u_buffer_parallel2serial.batch_count 3'000 }).
  Merging ports 0, 4 (address { \u_fft_core.u_buffer_parallel2serial.batch_count 3'000 }).
  Merging ports 0, 5 (address { \u_fft_core.u_buffer_parallel2serial.batch_count 3'000 }).
  Merging ports 0, 6 (address { \u_fft_core.u_buffer_parallel2serial.batch_count 3'000 }).
  Merging ports 0, 7 (address { \u_fft_core.u_buffer_parallel2serial.batch_count 3'000 }).

131.8. Executing OPT_MEM_WIDEN pass (optimize memories where all ports are wide).
Performed a total of 0 transformations.

131.9. Executing OPT_CLEAN pass (remove unused cells and wires).
Finding unused cells or wires in module \top_chip..
Removed 32 unused cells and 32 unused wires.
<suppressed ~33 debug messages>

131.10. Executing MEMORY_COLLECT pass (generating $mem cells).

132. Executing OPT_CLEAN pass (remove unused cells and wires).
Finding unused cells or wires in module \top_chip..

133. Executing OPT_EXPR pass (perform const folding).
Optimizing module top_chip.
<suppressed ~244 debug messages>

134. Executing OPT_MERGE pass (detect identical cells).
Finding identical cells in module `\top_chip'.
<suppressed ~3 debug messages>
Removed a total of 1 cells.

135. Executing OPT_DFF pass (perform DFF optimizations).

136. Executing OPT_CLEAN pass (remove unused cells and wires).
Finding unused cells or wires in module \top_chip..
Removed 20 unused cells and 139 unused wires.
<suppressed ~21 debug messages>

137. Executing MEMORY_MAP pass (converting memories to logic and flip-flops).
Mapping memory \u_fft_core.u_buffer_parallel2serial.mem_im in module \top_chip:
  created 32 $dff cells and 0 static cells of width 8.
Extracted data FF from read port 0 of top_chip.u_fft_core.u_buffer_parallel2serial.mem_im: $\u_fft_core.u_buffer_parallel2serial.mem_im$rdreg[0]
  read interface: 1 $dff and 31 $mux cells.
  write interface: 256 write mux blocks.
Mapping memory \u_fft_core.u_buffer_parallel2serial.mem_re in module \top_chip:
  created 32 $dff cells and 0 static cells of width 8.
Extracted data FF from read port 0 of top_chip.u_fft_core.u_buffer_parallel2serial.mem_re: $\u_fft_core.u_buffer_parallel2serial.mem_re$rdreg[0]
  read interface: 1 $dff and 31 $mux cells.
  write interface: 256 write mux blocks.

138. Executing OPT_EXPR pass (perform const folding).
Optimizing module top_chip.
<suppressed ~132 debug messages>

139. Executing OPT_MERGE pass (detect identical cells).
Finding identical cells in module `\top_chip'.
<suppressed ~1656 debug messages>
Removed a total of 552 cells.

140. Executing OPT_MUXTREE pass (detect dead branches in mux trees).
Running muxtree optimizer on module \top_chip..
  Creating internal representation of mux trees.
  Evaluating internal representation of mux trees.
  Analyzing evaluation results.
Removed 0 multiplexer ports.
<suppressed ~658 debug messages>

141. Executing OPT_REDUCE pass (consolidate $*mux and $reduce_* inputs).
  Optimizing cells in module \top_chip.
    Consolidated identical input bits for $mux cell $flatten\u_debug_sys.\u_spi_slave.$procmux$759:
      Old ports: A={ \u_debug_sys.u_spi_slave.tx_shift [14:0] 1'0 }, B={ \u_debug_sys.u_spi_slave.data_in 8'00000000 }, Y=$flatten\u_debug_sys.\u_spi_slave.$procmux$759_Y
      New ports: A=\u_debug_sys.u_spi_slave.tx_shift [14:0], B={ \u_debug_sys.u_spi_slave.data_in 7'0000000 }, Y=$flatten\u_debug_sys.\u_spi_slave.$procmux$759_Y [15:1]
      New connections: $flatten\u_debug_sys.\u_spi_slave.$procmux$759_Y [0] = 1'0
    Consolidated identical input bits for $mux cell $flatten\u_fft_core.\u_buffer_parallel2serial.$procmux$1337:
      Old ports: A=8'00000000, B=8'11111111, Y=$flatten\u_fft_core.\u_buffer_parallel2serial.$4$memwr$\mem_im$/home/designer/shared/FFT/parallel_fft/design/rtl/buffer_parallel2serial.v:66$44_EN[7:0]$257
      New ports: A=1'0, B=1'1, Y=$flatten\u_fft_core.\u_buffer_parallel2serial.$4$memwr$\mem_im$/home/designer/shared/FFT/parallel_fft/design/rtl/buffer_parallel2serial.v:66$44_EN[7:0]$257 [0]
      New connections: $flatten\u_fft_core.\u_buffer_parallel2serial.$4$memwr$\mem_im$/home/designer/shared/FFT/parallel_fft/design/rtl/buffer_parallel2serial.v:66$44_EN[7:0]$257 [7:1] = { $flatten\u_fft_core.\u_buffer_parallel2serial.$4$memwr$\mem_im$/home/designer/shared/FFT/parallel_fft/design/rtl/buffer_parallel2serial.v:66$44_EN[7:0]$257 [0] $flatten\u_fft_core.\u_buffer_parallel2serial.$4$memwr$\mem_im$/home/designer/shared/FFT/parallel_fft/design/rtl/buffer_parallel2serial.v:66$44_EN[7:0]$257 [0] $flatten\u_fft_core.\u_buffer_parallel2serial.$4$memwr$\mem_im$/home/designer/shared/FFT/parallel_fft/design/rtl/buffer_parallel2serial.v:66$44_EN[7:0]$257 [0] $flatten\u_fft_core.\u_buffer_parallel2serial.$4$memwr$\mem_im$/home/designer/shared/FFT/parallel_fft/design/rtl/buffer_parallel2serial.v:66$44_EN[7:0]$257 [0] $flatten\u_fft_core.\u_buffer_parallel2serial.$4$memwr$\mem_im$/home/designer/shared/FFT/parallel_fft/design/rtl/buffer_parallel2serial.v:66$44_EN[7:0]$257 [0] $flatten\u_fft_core.\u_buffer_parallel2serial.$4$memwr$\mem_im$/home/designer/shared/FFT/parallel_fft/design/rtl/buffer_parallel2serial.v:66$44_EN[7:0]$257 [0] $flatten\u_fft_core.\u_buffer_parallel2serial.$4$memwr$\mem_im$/home/designer/shared/FFT/parallel_fft/design/rtl/buffer_parallel2serial.v:66$44_EN[7:0]$257 [0] }
    Consolidated identical input bits for $mux cell $flatten\u_fft_core.\u_fft4.\u_clip0.$ternary$/home/designer/shared/FFT/parallel_fft/design/rtl/clip_round.v:51$472:
      Old ports: A=8'01111111, B=8'10000000, Y=$flatten\u_fft_core.\u_fft4.\u_clip0.$ternary$/home/designer/shared/FFT/parallel_fft/design/rtl/clip_round.v:51$472_Y
      New ports: A=2'01, B=2'10, Y={ $flatten\u_fft_core.\u_fft4.\u_clip0.$ternary$/home/designer/shared/FFT/parallel_fft/design/rtl/clip_round.v:51$472_Y [7] $flatten\u_fft_core.\u_fft4.\u_clip0.$ternary$/home/designer/shared/FFT/parallel_fft/design/rtl/clip_round.v:51$472_Y [0] }
      New connections: $flatten\u_fft_core.\u_fft4.\u_clip0.$ternary$/home/designer/shared/FFT/parallel_fft/design/rtl/clip_round.v:51$472_Y [6:1] = { $flatten\u_fft_core.\u_fft4.\u_clip0.$ternary$/home/designer/shared/FFT/parallel_fft/design/rtl/clip_round.v:51$472_Y [0] $flatten\u_fft_core.\u_fft4.\u_clip0.$ternary$/home/designer/shared/FFT/parallel_fft/design/rtl/clip_round.v:51$472_Y [0] $flatten\u_fft_core.\u_fft4.\u_clip0.$ternary$/home/designer/shared/FFT/parallel_fft/design/rtl/clip_round.v:51$472_Y [0] $flatten\u_fft_core.\u_fft4.\u_clip0.$ternary$/home/designer/shared/FFT/parallel_fft/design/rtl/clip_round.v:51$472_Y [0] $flatten\u_fft_core.\u_fft4.\u_clip0.$ternary$/home/designer/shared/FFT/parallel_fft/design/rtl/clip_round.v:51$472_Y [0] $flatten\u_fft_core.\u_fft4.\u_clip0.$ternary$/home/designer/shared/FFT/parallel_fft/design/rtl/clip_round.v:51$472_Y [0] }
    Consolidated identical input bits for $mux cell $flatten\u_fft_core.\u_fft4.\u_clip0.$ternary$/home/designer/shared/FFT/parallel_fft/design/rtl/clip_round.v:54$478:
      Old ports: A=8'01111111, B=8'10000000, Y=$flatten\u_fft_core.\u_fft4.\u_clip0.$ternary$/home/designer/shared/FFT/parallel_fft/design/rtl/clip_round.v:54$478_Y
      New ports: A=2'01, B=2'10, Y={ $flatten\u_fft_core.\u_fft4.\u_clip0.$ternary$/home/designer/shared/FFT/parallel_fft/design/rtl/clip_round.v:54$478_Y [7] $flatten\u_fft_core.\u_fft4.\u_clip0.$ternary$/home/designer/shared/FFT/parallel_fft/design/rtl/clip_round.v:54$478_Y [0] }
      New connections: $flatten\u_fft_core.\u_fft4.\u_clip0.$ternary$/home/designer/shared/FFT/parallel_fft/design/rtl/clip_round.v:54$478_Y [6:1] = { $flatten\u_fft_core.\u_fft4.\u_clip0.$ternary$/home/designer/shared/FFT/parallel_fft/design/rtl/clip_round.v:54$478_Y [0] $flatten\u_fft_core.\u_fft4.\u_clip0.$ternary$/home/designer/shared/FFT/parallel_fft/design/rtl/clip_round.v:54$478_Y [0] $flatten\u_fft_core.\u_fft4.\u_clip0.$ternary$/home/designer/shared/FFT/parallel_fft/design/rtl/clip_round.v:54$478_Y [0] $flatten\u_fft_core.\u_fft4.\u_clip0.$ternary$/home/designer/shared/FFT/parallel_fft/design/rtl/clip_round.v:54$478_Y [0] $flatten\u_fft_core.\u_fft4.\u_clip0.$ternary$/home/designer/shared/FFT/parallel_fft/design/rtl/clip_round.v:54$478_Y [0] $flatten\u_fft_core.\u_fft4.\u_clip0.$ternary$/home/designer/shared/FFT/parallel_fft/design/rtl/clip_round.v:54$478_Y [0] }
    Consolidated identical input bits for $mux cell $flatten\u_fft_core.\u_fft4.\u_clip1.$ternary$/home/designer/shared/FFT/parallel_fft/design/rtl/clip_round.v:51$472:
      Old ports: A=8'01111111, B=8'10000000, Y=$flatten\u_fft_core.\u_fft4.\u_clip1.$ternary$/home/designer/shared/FFT/parallel_fft/design/rtl/clip_round.v:51$472_Y
      New ports: A=2'01, B=2'10, Y={ $flatten\u_fft_core.\u_fft4.\u_clip1.$ternary$/home/designer/shared/FFT/parallel_fft/design/rtl/clip_round.v:51$472_Y [7] $flatten\u_fft_core.\u_fft4.\u_clip1.$ternary$/home/designer/shared/FFT/parallel_fft/design/rtl/clip_round.v:51$472_Y [0] }
      New connections: $flatten\u_fft_core.\u_fft4.\u_clip1.$ternary$/home/designer/shared/FFT/parallel_fft/design/rtl/clip_round.v:51$472_Y [6:1] = { $flatten\u_fft_core.\u_fft4.\u_clip1.$ternary$/home/designer/shared/FFT/parallel_fft/design/rtl/clip_round.v:51$472_Y [0] $flatten\u_fft_core.\u_fft4.\u_clip1.$ternary$/home/designer/shared/FFT/parallel_fft/design/rtl/clip_round.v:51$472_Y [0] $flatten\u_fft_core.\u_fft4.\u_clip1.$ternary$/home/designer/shared/FFT/parallel_fft/design/rtl/clip_round.v:51$472_Y [0] $flatten\u_fft_core.\u_fft4.\u_clip1.$ternary$/home/designer/shared/FFT/parallel_fft/design/rtl/clip_round.v:51$472_Y [0] $flatten\u_fft_core.\u_fft4.\u_clip1.$ternary$/home/designer/shared/FFT/parallel_fft/design/rtl/clip_round.v:51$472_Y [0] $flatten\u_fft_core.\u_fft4.\u_clip1.$ternary$/home/designer/shared/FFT/parallel_fft/design/rtl/clip_round.v:51$472_Y [0] }
    Consolidated identical input bits for $mux cell $flatten\u_fft_core.\u_fft4.\u_clip1.$ternary$/home/designer/shared/FFT/parallel_fft/design/rtl/clip_round.v:54$478:
      Old ports: A=8'01111111, B=8'10000000, Y=$flatten\u_fft_core.\u_fft4.\u_clip1.$ternary$/home/designer/shared/FFT/parallel_fft/design/rtl/clip_round.v:54$478_Y
      New ports: A=2'01, B=2'10, Y={ $flatten\u_fft_core.\u_fft4.\u_clip1.$ternary$/home/designer/shared/FFT/parallel_fft/design/rtl/clip_round.v:54$478_Y [7] $flatten\u_fft_core.\u_fft4.\u_clip1.$ternary$/home/designer/shared/FFT/parallel_fft/design/rtl/clip_round.v:54$478_Y [0] }
      New connections: $flatten\u_fft_core.\u_fft4.\u_clip1.$ternary$/home/designer/shared/FFT/parallel_fft/design/rtl/clip_round.v:54$478_Y [6:1] = { $flatten\u_fft_core.\u_fft4.\u_clip1.$ternary$/home/designer/shared/FFT/parallel_fft/design/rtl/clip_round.v:54$478_Y [0] $flatten\u_fft_core.\u_fft4.\u_clip1.$ternary$/home/designer/shared/FFT/parallel_fft/design/rtl/clip_round.v:54$478_Y [0] $flatten\u_fft_core.\u_fft4.\u_clip1.$ternary$/home/designer/shared/FFT/parallel_fft/design/rtl/clip_round.v:54$478_Y [0] $flatten\u_fft_core.\u_fft4.\u_clip1.$ternary$/home/designer/shared/FFT/parallel_fft/design/rtl/clip_round.v:54$478_Y [0] $flatten\u_fft_core.\u_fft4.\u_clip1.$ternary$/home/designer/shared/FFT/parallel_fft/design/rtl/clip_round.v:54$478_Y [0] $flatten\u_fft_core.\u_fft4.\u_clip1.$ternary$/home/designer/shared/FFT/parallel_fft/design/rtl/clip_round.v:54$478_Y [0] }
    Consolidated identical input bits for $mux cell $flatten\u_fft_core.\u_fft4.\u_clip2.$ternary$/home/designer/shared/FFT/parallel_fft/design/rtl/clip_round.v:51$472:
      Old ports: A=8'01111111, B=8'10000000, Y=$flatten\u_fft_core.\u_fft4.\u_clip2.$ternary$/home/designer/shared/FFT/parallel_fft/design/rtl/clip_round.v:51$472_Y
      New ports: A=2'01, B=2'10, Y={ $flatten\u_fft_core.\u_fft4.\u_clip2.$ternary$/home/designer/shared/FFT/parallel_fft/design/rtl/clip_round.v:51$472_Y [7] $flatten\u_fft_core.\u_fft4.\u_clip2.$ternary$/home/designer/shared/FFT/parallel_fft/design/rtl/clip_round.v:51$472_Y [0] }
      New connections: $flatten\u_fft_core.\u_fft4.\u_clip2.$ternary$/home/designer/shared/FFT/parallel_fft/design/rtl/clip_round.v:51$472_Y [6:1] = { $flatten\u_fft_core.\u_fft4.\u_clip2.$ternary$/home/designer/shared/FFT/parallel_fft/design/rtl/clip_round.v:51$472_Y [0] $flatten\u_fft_core.\u_fft4.\u_clip2.$ternary$/home/designer/shared/FFT/parallel_fft/design/rtl/clip_round.v:51$472_Y [0] $flatten\u_fft_core.\u_fft4.\u_clip2.$ternary$/home/designer/shared/FFT/parallel_fft/design/rtl/clip_round.v:51$472_Y [0] $flatten\u_fft_core.\u_fft4.\u_clip2.$ternary$/home/designer/shared/FFT/parallel_fft/design/rtl/clip_round.v:51$472_Y [0] $flatten\u_fft_core.\u_fft4.\u_clip2.$ternary$/home/designer/shared/FFT/parallel_fft/design/rtl/clip_round.v:51$472_Y [0] $flatten\u_fft_core.\u_fft4.\u_clip2.$ternary$/home/designer/shared/FFT/parallel_fft/design/rtl/clip_round.v:51$472_Y [0] }
    Consolidated identical input bits for $mux cell $flatten\u_fft_core.\u_fft4.\u_clip2.$ternary$/home/designer/shared/FFT/parallel_fft/design/rtl/clip_round.v:54$478:
      Old ports: A=8'01111111, B=8'10000000, Y=$flatten\u_fft_core.\u_fft4.\u_clip2.$ternary$/home/designer/shared/FFT/parallel_fft/design/rtl/clip_round.v:54$478_Y
      New ports: A=2'01, B=2'10, Y={ $flatten\u_fft_core.\u_fft4.\u_clip2.$ternary$/home/designer/shared/FFT/parallel_fft/design/rtl/clip_round.v:54$478_Y [7] $flatten\u_fft_core.\u_fft4.\u_clip2.$ternary$/home/designer/shared/FFT/parallel_fft/design/rtl/clip_round.v:54$478_Y [0] }
      New connections: $flatten\u_fft_core.\u_fft4.\u_clip2.$ternary$/home/designer/shared/FFT/parallel_fft/design/rtl/clip_round.v:54$478_Y [6:1] = { $flatten\u_fft_core.\u_fft4.\u_clip2.$ternary$/home/designer/shared/FFT/parallel_fft/design/rtl/clip_round.v:54$478_Y [0] $flatten\u_fft_core.\u_fft4.\u_clip2.$ternary$/home/designer/shared/FFT/parallel_fft/design/rtl/clip_round.v:54$478_Y [0] $flatten\u_fft_core.\u_fft4.\u_clip2.$ternary$/home/designer/shared/FFT/parallel_fft/design/rtl/clip_round.v:54$478_Y [0] $flatten\u_fft_core.\u_fft4.\u_clip2.$ternary$/home/designer/shared/FFT/parallel_fft/design/rtl/clip_round.v:54$478_Y [0] $flatten\u_fft_core.\u_fft4.\u_clip2.$ternary$/home/designer/shared/FFT/parallel_fft/design/rtl/clip_round.v:54$478_Y [0] $flatten\u_fft_core.\u_fft4.\u_clip2.$ternary$/home/designer/shared/FFT/parallel_fft/design/rtl/clip_round.v:54$478_Y [0] }
    Consolidated identical input bits for $mux cell $flatten\u_fft_core.\u_fft4.\u_clip3.$ternary$/home/designer/shared/FFT/parallel_fft/design/rtl/clip_round.v:51$472:
      Old ports: A=8'01111111, B=8'10000000, Y=$flatten\u_fft_core.\u_fft4.\u_clip3.$ternary$/home/designer/shared/FFT/parallel_fft/design/rtl/clip_round.v:51$472_Y
      New ports: A=2'01, B=2'10, Y={ $flatten\u_fft_core.\u_fft4.\u_clip3.$ternary$/home/designer/shared/FFT/parallel_fft/design/rtl/clip_round.v:51$472_Y [7] $flatten\u_fft_core.\u_fft4.\u_clip3.$ternary$/home/designer/shared/FFT/parallel_fft/design/rtl/clip_round.v:51$472_Y [0] }
      New connections: $flatten\u_fft_core.\u_fft4.\u_clip3.$ternary$/home/designer/shared/FFT/parallel_fft/design/rtl/clip_round.v:51$472_Y [6:1] = { $flatten\u_fft_core.\u_fft4.\u_clip3.$ternary$/home/designer/shared/FFT/parallel_fft/design/rtl/clip_round.v:51$472_Y [0] $flatten\u_fft_core.\u_fft4.\u_clip3.$ternary$/home/designer/shared/FFT/parallel_fft/design/rtl/clip_round.v:51$472_Y [0] $flatten\u_fft_core.\u_fft4.\u_clip3.$ternary$/home/designer/shared/FFT/parallel_fft/design/rtl/clip_round.v:51$472_Y [0] $flatten\u_fft_core.\u_fft4.\u_clip3.$ternary$/home/designer/shared/FFT/parallel_fft/design/rtl/clip_round.v:51$472_Y [0] $flatten\u_fft_core.\u_fft4.\u_clip3.$ternary$/home/designer/shared/FFT/parallel_fft/design/rtl/clip_round.v:51$472_Y [0] $flatten\u_fft_core.\u_fft4.\u_clip3.$ternary$/home/designer/shared/FFT/parallel_fft/design/rtl/clip_round.v:51$472_Y [0] }
    Consolidated identical input bits for $mux cell $flatten\u_fft_core.\u_fft4.\u_clip3.$ternary$/home/designer/shared/FFT/parallel_fft/design/rtl/clip_round.v:54$478:
      Old ports: A=8'01111111, B=8'10000000, Y=$flatten\u_fft_core.\u_fft4.\u_clip3.$ternary$/home/designer/shared/FFT/parallel_fft/design/rtl/clip_round.v:54$478_Y
      New ports: A=2'01, B=2'10, Y={ $flatten\u_fft_core.\u_fft4.\u_clip3.$ternary$/home/designer/shared/FFT/parallel_fft/design/rtl/clip_round.v:54$478_Y [7] $flatten\u_fft_core.\u_fft4.\u_clip3.$ternary$/home/designer/shared/FFT/parallel_fft/design/rtl/clip_round.v:54$478_Y [0] }
      New connections: $flatten\u_fft_core.\u_fft4.\u_clip3.$ternary$/home/designer/shared/FFT/parallel_fft/design/rtl/clip_round.v:54$478_Y [6:1] = { $flatten\u_fft_core.\u_fft4.\u_clip3.$ternary$/home/designer/shared/FFT/parallel_fft/design/rtl/clip_round.v:54$478_Y [0] $flatten\u_fft_core.\u_fft4.\u_clip3.$ternary$/home/designer/shared/FFT/parallel_fft/design/rtl/clip_round.v:54$478_Y [0] $flatten\u_fft_core.\u_fft4.\u_clip3.$ternary$/home/designer/shared/FFT/parallel_fft/design/rtl/clip_round.v:54$478_Y [0] $flatten\u_fft_core.\u_fft4.\u_clip3.$ternary$/home/designer/shared/FFT/parallel_fft/design/rtl/clip_round.v:54$478_Y [0] $flatten\u_fft_core.\u_fft4.\u_clip3.$ternary$/home/designer/shared/FFT/parallel_fft/design/rtl/clip_round.v:54$478_Y [0] $flatten\u_fft_core.\u_fft4.\u_clip3.$ternary$/home/designer/shared/FFT/parallel_fft/design/rtl/clip_round.v:54$478_Y [0] }
    Consolidated identical input bits for $pmux cell $flatten\u_fft_core.\u_fft8_mdc0.\u_mdc8p_stage1.$procmux$694:
      Old ports: A=10'0111111111, B=30'010110101000000000001010010101, Y=\u_fft_core.u_fft8_mdc0.u_mdc8p_stage1.xfft_cell_route1.i_tw_r
      New ports: A=3'011, B=9'010000101, Y={ \u_fft_core.u_fft8_mdc0.u_mdc8p_stage1.xfft_cell_route1.i_tw_r [9] \u_fft_core.u_fft8_mdc0.u_mdc8p_stage1.xfft_cell_route1.i_tw_r [1:0] }
      New connections: \u_fft_core.u_fft8_mdc0.u_mdc8p_stage1.xfft_cell_route1.i_tw_r [8:2] = { \u_fft_core.u_fft8_mdc0.u_mdc8p_stage1.xfft_cell_route1.i_tw_r [1:0] \u_fft_core.u_fft8_mdc0.u_mdc8p_stage1.xfft_cell_route1.i_tw_r [1] \u_fft_core.u_fft8_mdc0.u_mdc8p_stage1.xfft_cell_route1.i_tw_r [1:0] \u_fft_core.u_fft8_mdc0.u_mdc8p_stage1.xfft_cell_route1.i_tw_r [1:0] }
    Consolidated identical input bits for $mux cell $flatten\u_fft_core.\u_fft8_mdc0.\u_mdc8p_stage1.$ternary$/home/designer/shared/FFT/parallel_fft/design/rtl/fft_mdc_8p/stages/mdc8p_stage1.v:74$511:
      Old ports: A=10'1010010101, B=10'0101101010, Y=\u_fft_core.u_fft8_mdc0.u_mdc8p_stage1.w_twiddle_i[1]
      New ports: A=2'01, B=2'10, Y=\u_fft_core.u_fft8_mdc0.u_mdc8p_stage1.w_twiddle_i[1] [1:0]
      New connections: \u_fft_core.u_fft8_mdc0.u_mdc8p_stage1.w_twiddle_i[1] [9:2] = { \u_fft_core.u_fft8_mdc0.u_mdc8p_stage1.w_twiddle_i[1] [0] \u_fft_core.u_fft8_mdc0.u_mdc8p_stage1.w_twiddle_i[1] [1:0] \u_fft_core.u_fft8_mdc0.u_mdc8p_stage1.w_twiddle_i[1] [1] \u_fft_core.u_fft8_mdc0.u_mdc8p_stage1.w_twiddle_i[1] [1:0] \u_fft_core.u_fft8_mdc0.u_mdc8p_stage1.w_twiddle_i[1] [1:0] }
    Consolidated identical input bits for $mux cell $flatten\u_fft_core.\u_fft8_mdc0.\u_mdc8p_stage1.$ternary$/home/designer/shared/FFT/parallel_fft/design/rtl/fft_mdc_8p/stages/mdc8p_stage1.v:75$512:
      Old ports: A=10'1000000000, B=10'0111111111, Y=\u_fft_core.u_fft8_mdc0.u_mdc8p_stage1.w_twiddle_i[2]
      New ports: A=2'10, B=2'01, Y={ \u_fft_core.u_fft8_mdc0.u_mdc8p_stage1.w_twiddle_i[2] [9] \u_fft_core.u_fft8_mdc0.u_mdc8p_stage1.w_twiddle_i[2] [0] }
      New connections: \u_fft_core.u_fft8_mdc0.u_mdc8p_stage1.w_twiddle_i[2] [8:1] = { \u_fft_core.u_fft8_mdc0.u_mdc8p_stage1.w_twiddle_i[2] [0] \u_fft_core.u_fft8_mdc0.u_mdc8p_stage1.w_twiddle_i[2] [0] \u_fft_core.u_fft8_mdc0.u_mdc8p_stage1.w_twiddle_i[2] [0] \u_fft_core.u_fft8_mdc0.u_mdc8p_stage1.w_twiddle_i[2] [0] \u_fft_core.u_fft8_mdc0.u_mdc8p_stage1.w_twiddle_i[2] [0] \u_fft_core.u_fft8_mdc0.u_mdc8p_stage1.w_twiddle_i[2] [0] \u_fft_core.u_fft8_mdc0.u_mdc8p_stage1.w_twiddle_i[2] [0] \u_fft_core.u_fft8_mdc0.u_mdc8p_stage1.w_twiddle_i[2] [0] }
    Consolidated identical input bits for $mux cell $flatten\u_fft_core.\u_fft8_mdc0.\u_mdc8p_stage1.\xfft_cell_route1.$ternary$/home/designer/shared/FFT/parallel_fft/design/rtl/common_modules/xfft_cell.v:128$549:
      Old ports: A=10'0111111111, B=10'1000000000, Y=$flatten\u_fft_core.\u_fft8_mdc0.\u_mdc8p_stage1.\xfft_cell_route1.$ternary$/home/designer/shared/FFT/parallel_fft/design/rtl/common_modules/xfft_cell.v:128$549_Y
      New ports: A=2'01, B=2'10, Y={ $flatten\u_fft_core.\u_fft8_mdc0.\u_mdc8p_stage1.\xfft_cell_route1.$ternary$/home/designer/shared/FFT/parallel_fft/design/rtl/common_modules/xfft_cell.v:128$549_Y [9] $flatten\u_fft_core.\u_fft8_mdc0.\u_mdc8p_stage1.\xfft_cell_route1.$ternary$/home/designer/shared/FFT/parallel_fft/design/rtl/common_modules/xfft_cell.v:128$549_Y [0] }
      New connections: $flatten\u_fft_core.\u_fft8_mdc0.\u_mdc8p_stage1.\xfft_cell_route1.$ternary$/home/designer/shared/FFT/parallel_fft/design/rtl/common_modules/xfft_cell.v:128$549_Y [8:1] = { $flatten\u_fft_core.\u_fft8_mdc0.\u_mdc8p_stage1.\xfft_cell_route1.$ternary$/home/designer/shared/FFT/parallel_fft/design/rtl/common_modules/xfft_cell.v:128$549_Y [0] $flatten\u_fft_core.\u_fft8_mdc0.\u_mdc8p_stage1.\xfft_cell_route1.$ternary$/home/designer/shared/FFT/parallel_fft/design/rtl/common_modules/xfft_cell.v:128$549_Y [0] $flatten\u_fft_core.\u_fft8_mdc0.\u_mdc8p_stage1.\xfft_cell_route1.$ternary$/home/designer/shared/FFT/parallel_fft/design/rtl/common_modules/xfft_cell.v:128$549_Y [0] $flatten\u_fft_core.\u_fft8_mdc0.\u_mdc8p_stage1.\xfft_cell_route1.$ternary$/home/designer/shared/FFT/parallel_fft/design/rtl/common_modules/xfft_cell.v:128$549_Y [0] $flatten\u_fft_core.\u_fft8_mdc0.\u_mdc8p_stage1.\xfft_cell_route1.$ternary$/home/designer/shared/FFT/parallel_fft/design/rtl/common_modules/xfft_cell.v:128$549_Y [0] $flatten\u_fft_core.\u_fft8_mdc0.\u_mdc8p_stage1.\xfft_cell_route1.$ternary$/home/designer/shared/FFT/parallel_fft/design/rtl/common_modules/xfft_cell.v:128$549_Y [0] $flatten\u_fft_core.\u_fft8_mdc0.\u_mdc8p_stage1.\xfft_cell_route1.$ternary$/home/designer/shared/FFT/parallel_fft/design/rtl/common_modules/xfft_cell.v:128$549_Y [0] $flatten\u_fft_core.\u_fft8_mdc0.\u_mdc8p_stage1.\xfft_cell_route1.$ternary$/home/designer/shared/FFT/parallel_fft/design/rtl/common_modules/xfft_cell.v:128$549_Y [0] }
    Consolidated identical input bits for $mux cell $flatten\u_fft_core.\u_fft8_mdc0.\u_mdc8p_stage1.\xfft_cell_route1.$ternary$/home/designer/shared/FFT/parallel_fft/design/rtl/common_modules/xfft_cell.v:131$555:
      Old ports: A=10'0111111111, B=10'1000000000, Y=$flatten\u_fft_core.\u_fft8_mdc0.\u_mdc8p_stage1.\xfft_cell_route1.$ternary$/home/designer/shared/FFT/parallel_fft/design/rtl/common_modules/xfft_cell.v:131$555_Y
      New ports: A=2'01, B=2'10, Y={ $flatten\u_fft_core.\u_fft8_mdc0.\u_mdc8p_stage1.\xfft_cell_route1.$ternary$/home/designer/shared/FFT/parallel_fft/design/rtl/common_modules/xfft_cell.v:131$555_Y [9] $flatten\u_fft_core.\u_fft8_mdc0.\u_mdc8p_stage1.\xfft_cell_route1.$ternary$/home/designer/shared/FFT/parallel_fft/design/rtl/common_modules/xfft_cell.v:131$555_Y [0] }
      New connections: $flatten\u_fft_core.\u_fft8_mdc0.\u_mdc8p_stage1.\xfft_cell_route1.$ternary$/home/designer/shared/FFT/parallel_fft/design/rtl/common_modules/xfft_cell.v:131$555_Y [8:1] = { $flatten\u_fft_core.\u_fft8_mdc0.\u_mdc8p_stage1.\xfft_cell_route1.$ternary$/home/designer/shared/FFT/parallel_fft/design/rtl/common_modules/xfft_cell.v:131$555_Y [0] $flatten\u_fft_core.\u_fft8_mdc0.\u_mdc8p_stage1.\xfft_cell_route1.$ternary$/home/designer/shared/FFT/parallel_fft/design/rtl/common_modules/xfft_cell.v:131$555_Y [0] $flatten\u_fft_core.\u_fft8_mdc0.\u_mdc8p_stage1.\xfft_cell_route1.$ternary$/home/designer/shared/FFT/parallel_fft/design/rtl/common_modules/xfft_cell.v:131$555_Y [0] $flatten\u_fft_core.\u_fft8_mdc0.\u_mdc8p_stage1.\xfft_cell_route1.$ternary$/home/designer/shared/FFT/parallel_fft/design/rtl/common_modules/xfft_cell.v:131$555_Y [0] $flatten\u_fft_core.\u_fft8_mdc0.\u_mdc8p_stage1.\xfft_cell_route1.$ternary$/home/designer/shared/FFT/parallel_fft/design/rtl/common_modules/xfft_cell.v:131$555_Y [0] $flatten\u_fft_core.\u_fft8_mdc0.\u_mdc8p_stage1.\xfft_cell_route1.$ternary$/home/designer/shared/FFT/parallel_fft/design/rtl/common_modules/xfft_cell.v:131$555_Y [0] $flatten\u_fft_core.\u_fft8_mdc0.\u_mdc8p_stage1.\xfft_cell_route1.$ternary$/home/designer/shared/FFT/parallel_fft/design/rtl/common_modules/xfft_cell.v:131$555_Y [0] $flatten\u_fft_core.\u_fft8_mdc0.\u_mdc8p_stage1.\xfft_cell_route1.$ternary$/home/designer/shared/FFT/parallel_fft/design/rtl/common_modules/xfft_cell.v:131$555_Y [0] }
    Consolidated identical input bits for $pmux cell $flatten\u_fft_core.\u_fft8_mdc1.\u_mdc8p_stage1.$procmux$694:
      Old ports: A=10'0111111111, B=30'010110101000000000001010010101, Y=\u_fft_core.u_fft8_mdc1.u_mdc8p_stage1.xfft_cell_route1.i_tw_r
      New ports: A=3'011, B=9'010000101, Y={ \u_fft_core.u_fft8_mdc1.u_mdc8p_stage1.xfft_cell_route1.i_tw_r [9] \u_fft_core.u_fft8_mdc1.u_mdc8p_stage1.xfft_cell_route1.i_tw_r [1:0] }
      New connections: \u_fft_core.u_fft8_mdc1.u_mdc8p_stage1.xfft_cell_route1.i_tw_r [8:2] = { \u_fft_core.u_fft8_mdc1.u_mdc8p_stage1.xfft_cell_route1.i_tw_r [1:0] \u_fft_core.u_fft8_mdc1.u_mdc8p_stage1.xfft_cell_route1.i_tw_r [1] \u_fft_core.u_fft8_mdc1.u_mdc8p_stage1.xfft_cell_route1.i_tw_r [1:0] \u_fft_core.u_fft8_mdc1.u_mdc8p_stage1.xfft_cell_route1.i_tw_r [1:0] }
    Consolidated identical input bits for $mux cell $flatten\u_fft_core.\u_fft8_mdc1.\u_mdc8p_stage1.\xfft_cell_route1.$ternary$/home/designer/shared/FFT/parallel_fft/design/rtl/common_modules/xfft_cell.v:128$549:
      Old ports: A=10'0111111111, B=10'1000000000, Y=$flatten\u_fft_core.\u_fft8_mdc1.\u_mdc8p_stage1.\xfft_cell_route1.$ternary$/home/designer/shared/FFT/parallel_fft/design/rtl/common_modules/xfft_cell.v:128$549_Y
      New ports: A=2'01, B=2'10, Y={ $flatten\u_fft_core.\u_fft8_mdc1.\u_mdc8p_stage1.\xfft_cell_route1.$ternary$/home/designer/shared/FFT/parallel_fft/design/rtl/common_modules/xfft_cell.v:128$549_Y [9] $flatten\u_fft_core.\u_fft8_mdc1.\u_mdc8p_stage1.\xfft_cell_route1.$ternary$/home/designer/shared/FFT/parallel_fft/design/rtl/common_modules/xfft_cell.v:128$549_Y [0] }
      New connections: $flatten\u_fft_core.\u_fft8_mdc1.\u_mdc8p_stage1.\xfft_cell_route1.$ternary$/home/designer/shared/FFT/parallel_fft/design/rtl/common_modules/xfft_cell.v:128$549_Y [8:1] = { $flatten\u_fft_core.\u_fft8_mdc1.\u_mdc8p_stage1.\xfft_cell_route1.$ternary$/home/designer/shared/FFT/parallel_fft/design/rtl/common_modules/xfft_cell.v:128$549_Y [0] $flatten\u_fft_core.\u_fft8_mdc1.\u_mdc8p_stage1.\xfft_cell_route1.$ternary$/home/designer/shared/FFT/parallel_fft/design/rtl/common_modules/xfft_cell.v:128$549_Y [0] $flatten\u_fft_core.\u_fft8_mdc1.\u_mdc8p_stage1.\xfft_cell_route1.$ternary$/home/designer/shared/FFT/parallel_fft/design/rtl/common_modules/xfft_cell.v:128$549_Y [0] $flatten\u_fft_core.\u_fft8_mdc1.\u_mdc8p_stage1.\xfft_cell_route1.$ternary$/home/designer/shared/FFT/parallel_fft/design/rtl/common_modules/xfft_cell.v:128$549_Y [0] $flatten\u_fft_core.\u_fft8_mdc1.\u_mdc8p_stage1.\xfft_cell_route1.$ternary$/home/designer/shared/FFT/parallel_fft/design/rtl/common_modules/xfft_cell.v:128$549_Y [0] $flatten\u_fft_core.\u_fft8_mdc1.\u_mdc8p_stage1.\xfft_cell_route1.$ternary$/home/designer/shared/FFT/parallel_fft/design/rtl/common_modules/xfft_cell.v:128$549_Y [0] $flatten\u_fft_core.\u_fft8_mdc1.\u_mdc8p_stage1.\xfft_cell_route1.$ternary$/home/designer/shared/FFT/parallel_fft/design/rtl/common_modules/xfft_cell.v:128$549_Y [0] $flatten\u_fft_core.\u_fft8_mdc1.\u_mdc8p_stage1.\xfft_cell_route1.$ternary$/home/designer/shared/FFT/parallel_fft/design/rtl/common_modules/xfft_cell.v:128$549_Y [0] }
    Consolidated identical input bits for $mux cell $flatten\u_fft_core.\u_fft8_mdc1.\u_mdc8p_stage1.\xfft_cell_route1.$ternary$/home/designer/shared/FFT/parallel_fft/design/rtl/common_modules/xfft_cell.v:131$555:
      Old ports: A=10'0111111111, B=10'1000000000, Y=$flatten\u_fft_core.\u_fft8_mdc1.\u_mdc8p_stage1.\xfft_cell_route1.$ternary$/home/designer/shared/FFT/parallel_fft/design/rtl/common_modules/xfft_cell.v:131$555_Y
      New ports: A=2'01, B=2'10, Y={ $flatten\u_fft_core.\u_fft8_mdc1.\u_mdc8p_stage1.\xfft_cell_route1.$ternary$/home/designer/shared/FFT/parallel_fft/design/rtl/common_modules/xfft_cell.v:131$555_Y [9] $flatten\u_fft_core.\u_fft8_mdc1.\u_mdc8p_stage1.\xfft_cell_route1.$ternary$/home/designer/shared/FFT/parallel_fft/design/rtl/common_modules/xfft_cell.v:131$555_Y [0] }
      New connections: $flatten\u_fft_core.\u_fft8_mdc1.\u_mdc8p_stage1.\xfft_cell_route1.$ternary$/home/designer/shared/FFT/parallel_fft/design/rtl/common_modules/xfft_cell.v:131$555_Y [8:1] = { $flatten\u_fft_core.\u_fft8_mdc1.\u_mdc8p_stage1.\xfft_cell_route1.$ternary$/home/designer/shared/FFT/parallel_fft/design/rtl/common_modules/xfft_cell.v:131$555_Y [0] $flatten\u_fft_core.\u_fft8_mdc1.\u_mdc8p_stage1.\xfft_cell_route1.$ternary$/home/designer/shared/FFT/parallel_fft/design/rtl/common_modules/xfft_cell.v:131$555_Y [0] $flatten\u_fft_core.\u_fft8_mdc1.\u_mdc8p_stage1.\xfft_cell_route1.$ternary$/home/designer/shared/FFT/parallel_fft/design/rtl/common_modules/xfft_cell.v:131$555_Y [0] $flatten\u_fft_core.\u_fft8_mdc1.\u_mdc8p_stage1.\xfft_cell_route1.$ternary$/home/designer/shared/FFT/parallel_fft/design/rtl/common_modules/xfft_cell.v:131$555_Y [0] $flatten\u_fft_core.\u_fft8_mdc1.\u_mdc8p_stage1.\xfft_cell_route1.$ternary$/home/designer/shared/FFT/parallel_fft/design/rtl/common_modules/xfft_cell.v:131$555_Y [0] $flatten\u_fft_core.\u_fft8_mdc1.\u_mdc8p_stage1.\xfft_cell_route1.$ternary$/home/designer/shared/FFT/parallel_fft/design/rtl/common_modules/xfft_cell.v:131$555_Y [0] $flatten\u_fft_core.\u_fft8_mdc1.\u_mdc8p_stage1.\xfft_cell_route1.$ternary$/home/designer/shared/FFT/parallel_fft/design/rtl/common_modules/xfft_cell.v:131$555_Y [0] $flatten\u_fft_core.\u_fft8_mdc1.\u_mdc8p_stage1.\xfft_cell_route1.$ternary$/home/designer/shared/FFT/parallel_fft/design/rtl/common_modules/xfft_cell.v:131$555_Y [0] }
    Consolidated identical input bits for $pmux cell $flatten\u_fft_core.\u_fft8_mdc2.\u_mdc8p_stage1.$procmux$694:
      Old ports: A=10'0111111111, B=30'010110101000000000001010010101, Y=\u_fft_core.u_fft8_mdc2.u_mdc8p_stage1.xfft_cell_route1.i_tw_r
      New ports: A=3'011, B=9'010000101, Y={ \u_fft_core.u_fft8_mdc2.u_mdc8p_stage1.xfft_cell_route1.i_tw_r [9] \u_fft_core.u_fft8_mdc2.u_mdc8p_stage1.xfft_cell_route1.i_tw_r [1:0] }
      New connections: \u_fft_core.u_fft8_mdc2.u_mdc8p_stage1.xfft_cell_route1.i_tw_r [8:2] = { \u_fft_core.u_fft8_mdc2.u_mdc8p_stage1.xfft_cell_route1.i_tw_r [1:0] \u_fft_core.u_fft8_mdc2.u_mdc8p_stage1.xfft_cell_route1.i_tw_r [1] \u_fft_core.u_fft8_mdc2.u_mdc8p_stage1.xfft_cell_route1.i_tw_r [1:0] \u_fft_core.u_fft8_mdc2.u_mdc8p_stage1.xfft_cell_route1.i_tw_r [1:0] }
    Consolidated identical input bits for $mux cell $flatten\u_fft_core.\u_fft8_mdc2.\u_mdc8p_stage1.\xfft_cell_route1.$ternary$/home/designer/shared/FFT/parallel_fft/design/rtl/common_modules/xfft_cell.v:128$549:
      Old ports: A=10'0111111111, B=10'1000000000, Y=$flatten\u_fft_core.\u_fft8_mdc2.\u_mdc8p_stage1.\xfft_cell_route1.$ternary$/home/designer/shared/FFT/parallel_fft/design/rtl/common_modules/xfft_cell.v:128$549_Y
      New ports: A=2'01, B=2'10, Y={ $flatten\u_fft_core.\u_fft8_mdc2.\u_mdc8p_stage1.\xfft_cell_route1.$ternary$/home/designer/shared/FFT/parallel_fft/design/rtl/common_modules/xfft_cell.v:128$549_Y [9] $flatten\u_fft_core.\u_fft8_mdc2.\u_mdc8p_stage1.\xfft_cell_route1.$ternary$/home/designer/shared/FFT/parallel_fft/design/rtl/common_modules/xfft_cell.v:128$549_Y [0] }
      New connections: $flatten\u_fft_core.\u_fft8_mdc2.\u_mdc8p_stage1.\xfft_cell_route1.$ternary$/home/designer/shared/FFT/parallel_fft/design/rtl/common_modules/xfft_cell.v:128$549_Y [8:1] = { $flatten\u_fft_core.\u_fft8_mdc2.\u_mdc8p_stage1.\xfft_cell_route1.$ternary$/home/designer/shared/FFT/parallel_fft/design/rtl/common_modules/xfft_cell.v:128$549_Y [0] $flatten\u_fft_core.\u_fft8_mdc2.\u_mdc8p_stage1.\xfft_cell_route1.$ternary$/home/designer/shared/FFT/parallel_fft/design/rtl/common_modules/xfft_cell.v:128$549_Y [0] $flatten\u_fft_core.\u_fft8_mdc2.\u_mdc8p_stage1.\xfft_cell_route1.$ternary$/home/designer/shared/FFT/parallel_fft/design/rtl/common_modules/xfft_cell.v:128$549_Y [0] $flatten\u_fft_core.\u_fft8_mdc2.\u_mdc8p_stage1.\xfft_cell_route1.$ternary$/home/designer/shared/FFT/parallel_fft/design/rtl/common_modules/xfft_cell.v:128$549_Y [0] $flatten\u_fft_core.\u_fft8_mdc2.\u_mdc8p_stage1.\xfft_cell_route1.$ternary$/home/designer/shared/FFT/parallel_fft/design/rtl/common_modules/xfft_cell.v:128$549_Y [0] $flatten\u_fft_core.\u_fft8_mdc2.\u_mdc8p_stage1.\xfft_cell_route1.$ternary$/home/designer/shared/FFT/parallel_fft/design/rtl/common_modules/xfft_cell.v:128$549_Y [0] $flatten\u_fft_core.\u_fft8_mdc2.\u_mdc8p_stage1.\xfft_cell_route1.$ternary$/home/designer/shared/FFT/parallel_fft/design/rtl/common_modules/xfft_cell.v:128$549_Y [0] $flatten\u_fft_core.\u_fft8_mdc2.\u_mdc8p_stage1.\xfft_cell_route1.$ternary$/home/designer/shared/FFT/parallel_fft/design/rtl/common_modules/xfft_cell.v:128$549_Y [0] }
    Consolidated identical input bits for $mux cell $flatten\u_fft_core.\u_fft8_mdc2.\u_mdc8p_stage1.\xfft_cell_route1.$ternary$/home/designer/shared/FFT/parallel_fft/design/rtl/common_modules/xfft_cell.v:131$555:
      Old ports: A=10'0111111111, B=10'1000000000, Y=$flatten\u_fft_core.\u_fft8_mdc2.\u_mdc8p_stage1.\xfft_cell_route1.$ternary$/home/designer/shared/FFT/parallel_fft/design/rtl/common_modules/xfft_cell.v:131$555_Y
      New ports: A=2'01, B=2'10, Y={ $flatten\u_fft_core.\u_fft8_mdc2.\u_mdc8p_stage1.\xfft_cell_route1.$ternary$/home/designer/shared/FFT/parallel_fft/design/rtl/common_modules/xfft_cell.v:131$555_Y [9] $flatten\u_fft_core.\u_fft8_mdc2.\u_mdc8p_stage1.\xfft_cell_route1.$ternary$/home/designer/shared/FFT/parallel_fft/design/rtl/common_modules/xfft_cell.v:131$555_Y [0] }
      New connections: $flatten\u_fft_core.\u_fft8_mdc2.\u_mdc8p_stage1.\xfft_cell_route1.$ternary$/home/designer/shared/FFT/parallel_fft/design/rtl/common_modules/xfft_cell.v:131$555_Y [8:1] = { $flatten\u_fft_core.\u_fft8_mdc2.\u_mdc8p_stage1.\xfft_cell_route1.$ternary$/home/designer/shared/FFT/parallel_fft/design/rtl/common_modules/xfft_cell.v:131$555_Y [0] $flatten\u_fft_core.\u_fft8_mdc2.\u_mdc8p_stage1.\xfft_cell_route1.$ternary$/home/designer/shared/FFT/parallel_fft/design/rtl/common_modules/xfft_cell.v:131$555_Y [0] $flatten\u_fft_core.\u_fft8_mdc2.\u_mdc8p_stage1.\xfft_cell_route1.$ternary$/home/designer/shared/FFT/parallel_fft/design/rtl/common_modules/xfft_cell.v:131$555_Y [0] $flatten\u_fft_core.\u_fft8_mdc2.\u_mdc8p_stage1.\xfft_cell_route1.$ternary$/home/designer/shared/FFT/parallel_fft/design/rtl/common_modules/xfft_cell.v:131$555_Y [0] $flatten\u_fft_core.\u_fft8_mdc2.\u_mdc8p_stage1.\xfft_cell_route1.$ternary$/home/designer/shared/FFT/parallel_fft/design/rtl/common_modules/xfft_cell.v:131$555_Y [0] $flatten\u_fft_core.\u_fft8_mdc2.\u_mdc8p_stage1.\xfft_cell_route1.$ternary$/home/designer/shared/FFT/parallel_fft/design/rtl/common_modules/xfft_cell.v:131$555_Y [0] $flatten\u_fft_core.\u_fft8_mdc2.\u_mdc8p_stage1.\xfft_cell_route1.$ternary$/home/designer/shared/FFT/parallel_fft/design/rtl/common_modules/xfft_cell.v:131$555_Y [0] $flatten\u_fft_core.\u_fft8_mdc2.\u_mdc8p_stage1.\xfft_cell_route1.$ternary$/home/designer/shared/FFT/parallel_fft/design/rtl/common_modules/xfft_cell.v:131$555_Y [0] }
    Consolidated identical input bits for $pmux cell $flatten\u_fft_core.\u_fft8_mdc3.\u_mdc8p_stage1.$procmux$694:
      Old ports: A=10'0111111111, B=30'010110101000000000001010010101, Y=\u_fft_core.u_fft8_mdc3.u_mdc8p_stage1.xfft_cell_route1.i_tw_r
      New ports: A=3'011, B=9'010000101, Y={ \u_fft_core.u_fft8_mdc3.u_mdc8p_stage1.xfft_cell_route1.i_tw_r [9] \u_fft_core.u_fft8_mdc3.u_mdc8p_stage1.xfft_cell_route1.i_tw_r [1:0] }
      New connections: \u_fft_core.u_fft8_mdc3.u_mdc8p_stage1.xfft_cell_route1.i_tw_r [8:2] = { \u_fft_core.u_fft8_mdc3.u_mdc8p_stage1.xfft_cell_route1.i_tw_r [1:0] \u_fft_core.u_fft8_mdc3.u_mdc8p_stage1.xfft_cell_route1.i_tw_r [1] \u_fft_core.u_fft8_mdc3.u_mdc8p_stage1.xfft_cell_route1.i_tw_r [1:0] \u_fft_core.u_fft8_mdc3.u_mdc8p_stage1.xfft_cell_route1.i_tw_r [1:0] }
    Consolidated identical input bits for $mux cell $flatten\u_fft_core.\u_fft8_mdc3.\u_mdc8p_stage1.\xfft_cell_route1.$ternary$/home/designer/shared/FFT/parallel_fft/design/rtl/common_modules/xfft_cell.v:128$549:
      Old ports: A=10'0111111111, B=10'1000000000, Y=$flatten\u_fft_core.\u_fft8_mdc3.\u_mdc8p_stage1.\xfft_cell_route1.$ternary$/home/designer/shared/FFT/parallel_fft/design/rtl/common_modules/xfft_cell.v:128$549_Y
      New ports: A=2'01, B=2'10, Y={ $flatten\u_fft_core.\u_fft8_mdc3.\u_mdc8p_stage1.\xfft_cell_route1.$ternary$/home/designer/shared/FFT/parallel_fft/design/rtl/common_modules/xfft_cell.v:128$549_Y [9] $flatten\u_fft_core.\u_fft8_mdc3.\u_mdc8p_stage1.\xfft_cell_route1.$ternary$/home/designer/shared/FFT/parallel_fft/design/rtl/common_modules/xfft_cell.v:128$549_Y [0] }
      New connections: $flatten\u_fft_core.\u_fft8_mdc3.\u_mdc8p_stage1.\xfft_cell_route1.$ternary$/home/designer/shared/FFT/parallel_fft/design/rtl/common_modules/xfft_cell.v:128$549_Y [8:1] = { $flatten\u_fft_core.\u_fft8_mdc3.\u_mdc8p_stage1.\xfft_cell_route1.$ternary$/home/designer/shared/FFT/parallel_fft/design/rtl/common_modules/xfft_cell.v:128$549_Y [0] $flatten\u_fft_core.\u_fft8_mdc3.\u_mdc8p_stage1.\xfft_cell_route1.$ternary$/home/designer/shared/FFT/parallel_fft/design/rtl/common_modules/xfft_cell.v:128$549_Y [0] $flatten\u_fft_core.\u_fft8_mdc3.\u_mdc8p_stage1.\xfft_cell_route1.$ternary$/home/designer/shared/FFT/parallel_fft/design/rtl/common_modules/xfft_cell.v:128$549_Y [0] $flatten\u_fft_core.\u_fft8_mdc3.\u_mdc8p_stage1.\xfft_cell_route1.$ternary$/home/designer/shared/FFT/parallel_fft/design/rtl/common_modules/xfft_cell.v:128$549_Y [0] $flatten\u_fft_core.\u_fft8_mdc3.\u_mdc8p_stage1.\xfft_cell_route1.$ternary$/home/designer/shared/FFT/parallel_fft/design/rtl/common_modules/xfft_cell.v:128$549_Y [0] $flatten\u_fft_core.\u_fft8_mdc3.\u_mdc8p_stage1.\xfft_cell_route1.$ternary$/home/designer/shared/FFT/parallel_fft/design/rtl/common_modules/xfft_cell.v:128$549_Y [0] $flatten\u_fft_core.\u_fft8_mdc3.\u_mdc8p_stage1.\xfft_cell_route1.$ternary$/home/designer/shared/FFT/parallel_fft/design/rtl/common_modules/xfft_cell.v:128$549_Y [0] $flatten\u_fft_core.\u_fft8_mdc3.\u_mdc8p_stage1.\xfft_cell_route1.$ternary$/home/designer/shared/FFT/parallel_fft/design/rtl/common_modules/xfft_cell.v:128$549_Y [0] }
    Consolidated identical input bits for $mux cell $flatten\u_fft_core.\u_fft8_mdc3.\u_mdc8p_stage1.\xfft_cell_route1.$ternary$/home/designer/shared/FFT/parallel_fft/design/rtl/common_modules/xfft_cell.v:131$555:
      Old ports: A=10'0111111111, B=10'1000000000, Y=$flatten\u_fft_core.\u_fft8_mdc3.\u_mdc8p_stage1.\xfft_cell_route1.$ternary$/home/designer/shared/FFT/parallel_fft/design/rtl/common_modules/xfft_cell.v:131$555_Y
      New ports: A=2'01, B=2'10, Y={ $flatten\u_fft_core.\u_fft8_mdc3.\u_mdc8p_stage1.\xfft_cell_route1.$ternary$/home/designer/shared/FFT/parallel_fft/design/rtl/common_modules/xfft_cell.v:131$555_Y [9] $flatten\u_fft_core.\u_fft8_mdc3.\u_mdc8p_stage1.\xfft_cell_route1.$ternary$/home/designer/shared/FFT/parallel_fft/design/rtl/common_modules/xfft_cell.v:131$555_Y [0] }
      New connections: $flatten\u_fft_core.\u_fft8_mdc3.\u_mdc8p_stage1.\xfft_cell_route1.$ternary$/home/designer/shared/FFT/parallel_fft/design/rtl/common_modules/xfft_cell.v:131$555_Y [8:1] = { $flatten\u_fft_core.\u_fft8_mdc3.\u_mdc8p_stage1.\xfft_cell_route1.$ternary$/home/designer/shared/FFT/parallel_fft/design/rtl/common_modules/xfft_cell.v:131$555_Y [0] $flatten\u_fft_core.\u_fft8_mdc3.\u_mdc8p_stage1.\xfft_cell_route1.$ternary$/home/designer/shared/FFT/parallel_fft/design/rtl/common_modules/xfft_cell.v:131$555_Y [0] $flatten\u_fft_core.\u_fft8_mdc3.\u_mdc8p_stage1.\xfft_cell_route1.$ternary$/home/designer/shared/FFT/parallel_fft/design/rtl/common_modules/xfft_cell.v:131$555_Y [0] $flatten\u_fft_core.\u_fft8_mdc3.\u_mdc8p_stage1.\xfft_cell_route1.$ternary$/home/designer/shared/FFT/parallel_fft/design/rtl/common_modules/xfft_cell.v:131$555_Y [0] $flatten\u_fft_core.\u_fft8_mdc3.\u_mdc8p_stage1.\xfft_cell_route1.$ternary$/home/designer/shared/FFT/parallel_fft/design/rtl/common_modules/xfft_cell.v:131$555_Y [0] $flatten\u_fft_core.\u_fft8_mdc3.\u_mdc8p_stage1.\xfft_cell_route1.$ternary$/home/designer/shared/FFT/parallel_fft/design/rtl/common_modules/xfft_cell.v:131$555_Y [0] $flatten\u_fft_core.\u_fft8_mdc3.\u_mdc8p_stage1.\xfft_cell_route1.$ternary$/home/designer/shared/FFT/parallel_fft/design/rtl/common_modules/xfft_cell.v:131$555_Y [0] $flatten\u_fft_core.\u_fft8_mdc3.\u_mdc8p_stage1.\xfft_cell_route1.$ternary$/home/designer/shared/FFT/parallel_fft/design/rtl/common_modules/xfft_cell.v:131$555_Y [0] }
    Consolidated identical input bits for $mux cell $flatten\u_fft_core.\u_twiddle_interface.$ternary$/home/designer/shared/FFT/parallel_fft/design/rtl/twiddle_interface/twiddle_interface.v:45$316:
      Old ports: A=13'0000000000000, B=13'1100010000010, Y=$auto$wreduce.cc:514:run$3937 [12:0]
      New ports: A=1'0, B=1'1, Y=$auto$wreduce.cc:514:run$3937 [1]
      New connections: { $auto$wreduce.cc:514:run$3937 [12:2] $auto$wreduce.cc:514:run$3937 [0] } = { $auto$wreduce.cc:514:run$3937 [1] $auto$wreduce.cc:514:run$3937 [1] 3'000 $auto$wreduce.cc:514:run$3937 [1] 6'000000 }
    Consolidated identical input bits for $mux cell $flatten\u_fft_core.\u_twiddle_interface.$ternary$/home/designer/shared/FFT/parallel_fft/design/rtl/twiddle_interface/twiddle_interface.v:55$332:
      Old ports: A=16'0000000000000000, B=16'1000100111001111, Y=$flatten\u_fft_core.\u_twiddle_interface.$ternary$/home/designer/shared/FFT/parallel_fft/design/rtl/twiddle_interface/twiddle_interface.v:55$332_Y
      New ports: A=1'0, B=1'1, Y=$flatten\u_fft_core.\u_twiddle_interface.$ternary$/home/designer/shared/FFT/parallel_fft/design/rtl/twiddle_interface/twiddle_interface.v:55$332_Y [0]
      New connections: $flatten\u_fft_core.\u_twiddle_interface.$ternary$/home/designer/shared/FFT/parallel_fft/design/rtl/twiddle_interface/twiddle_interface.v:55$332_Y [15:1] = { $flatten\u_fft_core.\u_twiddle_interface.$ternary$/home/designer/shared/FFT/parallel_fft/design/rtl/twiddle_interface/twiddle_interface.v:55$332_Y [0] 3'000 $flatten\u_fft_core.\u_twiddle_interface.$ternary$/home/designer/shared/FFT/parallel_fft/design/rtl/twiddle_interface/twiddle_interface.v:55$332_Y [0] 2'00 $flatten\u_fft_core.\u_twiddle_interface.$ternary$/home/designer/shared/FFT/parallel_fft/design/rtl/twiddle_interface/twiddle_interface.v:55$332_Y [0] $flatten\u_fft_core.\u_twiddle_interface.$ternary$/home/designer/shared/FFT/parallel_fft/design/rtl/twiddle_interface/twiddle_interface.v:55$332_Y [0] $flatten\u_fft_core.\u_twiddle_interface.$ternary$/home/designer/shared/FFT/parallel_fft/design/rtl/twiddle_interface/twiddle_interface.v:55$332_Y [0] 2'00 $flatten\u_fft_core.\u_twiddle_interface.$ternary$/home/designer/shared/FFT/parallel_fft/design/rtl/twiddle_interface/twiddle_interface.v:55$332_Y [0] $flatten\u_fft_core.\u_twiddle_interface.$ternary$/home/designer/shared/FFT/parallel_fft/design/rtl/twiddle_interface/twiddle_interface.v:55$332_Y [0] $flatten\u_fft_core.\u_twiddle_interface.$ternary$/home/designer/shared/FFT/parallel_fft/design/rtl/twiddle_interface/twiddle_interface.v:55$332_Y [0] }
    Consolidated identical input bits for $mux cell $flatten\u_fft_core.\u_twiddle_interface.$ternary$/home/designer/shared/FFT/parallel_fft/design/rtl/twiddle_interface/twiddle_interface.v:65$348:
      Old ports: A=16'0000000000000000, B=16'1011100001101010, Y=$flatten\u_fft_core.\u_twiddle_interface.$ternary$/home/designer/shared/FFT/parallel_fft/design/rtl/twiddle_interface/twiddle_interface.v:65$348_Y
      New ports: A=1'0, B=1'1, Y=$flatten\u_fft_core.\u_twiddle_interface.$ternary$/home/designer/shared/FFT/parallel_fft/design/rtl/twiddle_interface/twiddle_interface.v:65$348_Y [1]
      New connections: { $flatten\u_fft_core.\u_twiddle_interface.$ternary$/home/designer/shared/FFT/parallel_fft/design/rtl/twiddle_interface/twiddle_interface.v:65$348_Y [15:2] $flatten\u_fft_core.\u_twiddle_interface.$ternary$/home/designer/shared/FFT/parallel_fft/design/rtl/twiddle_interface/twiddle_interface.v:65$348_Y [0] } = { $flatten\u_fft_core.\u_twiddle_interface.$ternary$/home/designer/shared/FFT/parallel_fft/design/rtl/twiddle_interface/twiddle_interface.v:65$348_Y [1] 1'0 $flatten\u_fft_core.\u_twiddle_interface.$ternary$/home/designer/shared/FFT/parallel_fft/design/rtl/twiddle_interface/twiddle_interface.v:65$348_Y [1] $flatten\u_fft_core.\u_twiddle_interface.$ternary$/home/designer/shared/FFT/parallel_fft/design/rtl/twiddle_interface/twiddle_interface.v:65$348_Y [1] $flatten\u_fft_core.\u_twiddle_interface.$ternary$/home/designer/shared/FFT/parallel_fft/design/rtl/twiddle_interface/twiddle_interface.v:65$348_Y [1] 4'0000 $flatten\u_fft_core.\u_twiddle_interface.$ternary$/home/designer/shared/FFT/parallel_fft/design/rtl/twiddle_interface/twiddle_interface.v:65$348_Y [1] $flatten\u_fft_core.\u_twiddle_interface.$ternary$/home/designer/shared/FFT/parallel_fft/design/rtl/twiddle_interface/twiddle_interface.v:65$348_Y [1] 1'0 $flatten\u_fft_core.\u_twiddle_interface.$ternary$/home/designer/shared/FFT/parallel_fft/design/rtl/twiddle_interface/twiddle_interface.v:65$348_Y [1] 2'00 }
    Consolidated identical input bits for $mux cell $flatten\u_fft_core.\u_twiddle_interface.$ternary$/home/designer/shared/FFT/parallel_fft/design/rtl/twiddle_interface/twiddle_interface.v:76$364:
      Old ports: A=13'0000000000000, B=13'1100001111101, Y=$auto$wreduce.cc:514:run$3944 [12:0]
      New ports: A=1'0, B=1'1, Y=$auto$wreduce.cc:514:run$3944 [0]
      New connections: $auto$wreduce.cc:514:run$3944 [12:1] = { $auto$wreduce.cc:514:run$3944 [0] $auto$wreduce.cc:514:run$3944 [0] 4'0000 $auto$wreduce.cc:514:run$3944 [0] $auto$wreduce.cc:514:run$3944 [0] $auto$wreduce.cc:514:run$3944 [0] $auto$wreduce.cc:514:run$3944 [0] $auto$wreduce.cc:514:run$3944 [0] 1'0 }
    Consolidated identical input bits for $mux cell $flatten\u_fft_core.\u_twiddle_interface.$ternary$/home/designer/shared/FFT/parallel_fft/design/rtl/twiddle_interface/twiddle_interface.v:86$380:
      Old ports: A=16'0000000000000000, B=16'1000100100110000, Y=$flatten\u_fft_core.\u_twiddle_interface.$ternary$/home/designer/shared/FFT/parallel_fft/design/rtl/twiddle_interface/twiddle_interface.v:86$380_Y
      New ports: A=1'0, B=1'1, Y=$flatten\u_fft_core.\u_twiddle_interface.$ternary$/home/designer/shared/FFT/parallel_fft/design/rtl/twiddle_interface/twiddle_interface.v:86$380_Y [4]
      New connections: { $flatten\u_fft_core.\u_twiddle_interface.$ternary$/home/designer/shared/FFT/parallel_fft/design/rtl/twiddle_interface/twiddle_interface.v:86$380_Y [15:5] $flatten\u_fft_core.\u_twiddle_interface.$ternary$/home/designer/shared/FFT/parallel_fft/design/rtl/twiddle_interface/twiddle_interface.v:86$380_Y [3:0] } = { $flatten\u_fft_core.\u_twiddle_interface.$ternary$/home/designer/shared/FFT/parallel_fft/design/rtl/twiddle_interface/twiddle_interface.v:86$380_Y [4] 3'000 $flatten\u_fft_core.\u_twiddle_interface.$ternary$/home/designer/shared/FFT/parallel_fft/design/rtl/twiddle_interface/twiddle_interface.v:86$380_Y [4] 2'00 $flatten\u_fft_core.\u_twiddle_interface.$ternary$/home/designer/shared/FFT/parallel_fft/design/rtl/twiddle_interface/twiddle_interface.v:86$380_Y [4] 2'00 $flatten\u_fft_core.\u_twiddle_interface.$ternary$/home/designer/shared/FFT/parallel_fft/design/rtl/twiddle_interface/twiddle_interface.v:86$380_Y [4] 4'0000 }
    Consolidated identical input bits for $mux cell $flatten\u_fft_core.\u_twiddle_interface.$ternary$/home/designer/shared/FFT/parallel_fft/design/rtl/twiddle_interface/twiddle_interface.v:96$396:
      Old ports: A=16'0000000000000000, B=16'1011100010010101, Y=$flatten\u_fft_core.\u_twiddle_interface.$ternary$/home/designer/shared/FFT/parallel_fft/design/rtl/twiddle_interface/twiddle_interface.v:96$396_Y
      New ports: A=1'0, B=1'1, Y=$flatten\u_fft_core.\u_twiddle_interface.$ternary$/home/designer/shared/FFT/parallel_fft/design/rtl/twiddle_interface/twiddle_interface.v:96$396_Y [0]
      New connections: $flatten\u_fft_core.\u_twiddle_interface.$ternary$/home/designer/shared/FFT/parallel_fft/design/rtl/twiddle_interface/twiddle_interface.v:96$396_Y [15:1] = { $flatten\u_fft_core.\u_twiddle_interface.$ternary$/home/designer/shared/FFT/parallel_fft/design/rtl/twiddle_interface/twiddle_interface.v:96$396_Y [0] 1'0 $flatten\u_fft_core.\u_twiddle_interface.$ternary$/home/designer/shared/FFT/parallel_fft/design/rtl/twiddle_interface/twiddle_interface.v:96$396_Y [0] $flatten\u_fft_core.\u_twiddle_interface.$ternary$/home/designer/shared/FFT/parallel_fft/design/rtl/twiddle_interface/twiddle_interface.v:96$396_Y [0] $flatten\u_fft_core.\u_twiddle_interface.$ternary$/home/designer/shared/FFT/parallel_fft/design/rtl/twiddle_interface/twiddle_interface.v:96$396_Y [0] 3'000 $flatten\u_fft_core.\u_twiddle_interface.$ternary$/home/designer/shared/FFT/parallel_fft/design/rtl/twiddle_interface/twiddle_interface.v:96$396_Y [0] 2'00 $flatten\u_fft_core.\u_twiddle_interface.$ternary$/home/designer/shared/FFT/parallel_fft/design/rtl/twiddle_interface/twiddle_interface.v:96$396_Y [0] 1'0 $flatten\u_fft_core.\u_twiddle_interface.$ternary$/home/designer/shared/FFT/parallel_fft/design/rtl/twiddle_interface/twiddle_interface.v:96$396_Y [0] 1'0 }
    Consolidated identical input bits for $mux cell $flatten\u_fft_core.\u_twiddle_interface.\u_mult_1.\u_clip.$ternary$/home/designer/shared/FFT/parallel_fft/design/rtl/clip_round.v:51$611:
      Old ports: A=8'01111111, B=8'10000000, Y=$flatten\u_fft_core.\u_twiddle_interface.\u_mult_1.\u_clip.$ternary$/home/designer/shared/FFT/parallel_fft/design/rtl/clip_round.v:51$611_Y
      New ports: A=2'01, B=2'10, Y={ $flatten\u_fft_core.\u_twiddle_interface.\u_mult_1.\u_clip.$ternary$/home/designer/shared/FFT/parallel_fft/design/rtl/clip_round.v:51$611_Y [7] $flatten\u_fft_core.\u_twiddle_interface.\u_mult_1.\u_clip.$ternary$/home/designer/shared/FFT/parallel_fft/design/rtl/clip_round.v:51$611_Y [0] }
      New connections: $flatten\u_fft_core.\u_twiddle_interface.\u_mult_1.\u_clip.$ternary$/home/designer/shared/FFT/parallel_fft/design/rtl/clip_round.v:51$611_Y [6:1] = { $flatten\u_fft_core.\u_twiddle_interface.\u_mult_1.\u_clip.$ternary$/home/designer/shared/FFT/parallel_fft/design/rtl/clip_round.v:51$611_Y [0] $flatten\u_fft_core.\u_twiddle_interface.\u_mult_1.\u_clip.$ternary$/home/designer/shared/FFT/parallel_fft/design/rtl/clip_round.v:51$611_Y [0] $flatten\u_fft_core.\u_twiddle_interface.\u_mult_1.\u_clip.$ternary$/home/designer/shared/FFT/parallel_fft/design/rtl/clip_round.v:51$611_Y [0] $flatten\u_fft_core.\u_twiddle_interface.\u_mult_1.\u_clip.$ternary$/home/designer/shared/FFT/parallel_fft/design/rtl/clip_round.v:51$611_Y [0] $flatten\u_fft_core.\u_twiddle_interface.\u_mult_1.\u_clip.$ternary$/home/designer/shared/FFT/parallel_fft/design/rtl/clip_round.v:51$611_Y [0] $flatten\u_fft_core.\u_twiddle_interface.\u_mult_1.\u_clip.$ternary$/home/designer/shared/FFT/parallel_fft/design/rtl/clip_round.v:51$611_Y [0] }
    Consolidated identical input bits for $mux cell $flatten\u_fft_core.\u_twiddle_interface.\u_mult_1.\u_clip.$ternary$/home/designer/shared/FFT/parallel_fft/design/rtl/clip_round.v:54$617:
      Old ports: A=8'01111111, B=8'10000000, Y=$flatten\u_fft_core.\u_twiddle_interface.\u_mult_1.\u_clip.$ternary$/home/designer/shared/FFT/parallel_fft/design/rtl/clip_round.v:54$617_Y
      New ports: A=2'01, B=2'10, Y={ $flatten\u_fft_core.\u_twiddle_interface.\u_mult_1.\u_clip.$ternary$/home/designer/shared/FFT/parallel_fft/design/rtl/clip_round.v:54$617_Y [7] $flatten\u_fft_core.\u_twiddle_interface.\u_mult_1.\u_clip.$ternary$/home/designer/shared/FFT/parallel_fft/design/rtl/clip_round.v:54$617_Y [0] }
      New connections: $flatten\u_fft_core.\u_twiddle_interface.\u_mult_1.\u_clip.$ternary$/home/designer/shared/FFT/parallel_fft/design/rtl/clip_round.v:54$617_Y [6:1] = { $flatten\u_fft_core.\u_twiddle_interface.\u_mult_1.\u_clip.$ternary$/home/designer/shared/FFT/parallel_fft/design/rtl/clip_round.v:54$617_Y [0] $flatten\u_fft_core.\u_twiddle_interface.\u_mult_1.\u_clip.$ternary$/home/designer/shared/FFT/parallel_fft/design/rtl/clip_round.v:54$617_Y [0] $flatten\u_fft_core.\u_twiddle_interface.\u_mult_1.\u_clip.$ternary$/home/designer/shared/FFT/parallel_fft/design/rtl/clip_round.v:54$617_Y [0] $flatten\u_fft_core.\u_twiddle_interface.\u_mult_1.\u_clip.$ternary$/home/designer/shared/FFT/parallel_fft/design/rtl/clip_round.v:54$617_Y [0] $flatten\u_fft_core.\u_twiddle_interface.\u_mult_1.\u_clip.$ternary$/home/designer/shared/FFT/parallel_fft/design/rtl/clip_round.v:54$617_Y [0] $flatten\u_fft_core.\u_twiddle_interface.\u_mult_1.\u_clip.$ternary$/home/designer/shared/FFT/parallel_fft/design/rtl/clip_round.v:54$617_Y [0] }
    Consolidated identical input bits for $mux cell $flatten\u_fft_core.\u_twiddle_interface.\u_mult_2.\u_clip.$ternary$/home/designer/shared/FFT/parallel_fft/design/rtl/clip_round.v:51$611:
      Old ports: A=8'01111111, B=8'10000000, Y=$flatten\u_fft_core.\u_twiddle_interface.\u_mult_2.\u_clip.$ternary$/home/designer/shared/FFT/parallel_fft/design/rtl/clip_round.v:51$611_Y
      New ports: A=2'01, B=2'10, Y={ $flatten\u_fft_core.\u_twiddle_interface.\u_mult_2.\u_clip.$ternary$/home/designer/shared/FFT/parallel_fft/design/rtl/clip_round.v:51$611_Y [7] $flatten\u_fft_core.\u_twiddle_interface.\u_mult_2.\u_clip.$ternary$/home/designer/shared/FFT/parallel_fft/design/rtl/clip_round.v:51$611_Y [0] }
      New connections: $flatten\u_fft_core.\u_twiddle_interface.\u_mult_2.\u_clip.$ternary$/home/designer/shared/FFT/parallel_fft/design/rtl/clip_round.v:51$611_Y [6:1] = { $flatten\u_fft_core.\u_twiddle_interface.\u_mult_2.\u_clip.$ternary$/home/designer/shared/FFT/parallel_fft/design/rtl/clip_round.v:51$611_Y [0] $flatten\u_fft_core.\u_twiddle_interface.\u_mult_2.\u_clip.$ternary$/home/designer/shared/FFT/parallel_fft/design/rtl/clip_round.v:51$611_Y [0] $flatten\u_fft_core.\u_twiddle_interface.\u_mult_2.\u_clip.$ternary$/home/designer/shared/FFT/parallel_fft/design/rtl/clip_round.v:51$611_Y [0] $flatten\u_fft_core.\u_twiddle_interface.\u_mult_2.\u_clip.$ternary$/home/designer/shared/FFT/parallel_fft/design/rtl/clip_round.v:51$611_Y [0] $flatten\u_fft_core.\u_twiddle_interface.\u_mult_2.\u_clip.$ternary$/home/designer/shared/FFT/parallel_fft/design/rtl/clip_round.v:51$611_Y [0] $flatten\u_fft_core.\u_twiddle_interface.\u_mult_2.\u_clip.$ternary$/home/designer/shared/FFT/parallel_fft/design/rtl/clip_round.v:51$611_Y [0] }
    Consolidated identical input bits for $mux cell $flatten\u_fft_core.\u_twiddle_interface.\u_mult_2.\u_clip.$ternary$/home/designer/shared/FFT/parallel_fft/design/rtl/clip_round.v:54$617:
      Old ports: A=8'01111111, B=8'10000000, Y=$flatten\u_fft_core.\u_twiddle_interface.\u_mult_2.\u_clip.$ternary$/home/designer/shared/FFT/parallel_fft/design/rtl/clip_round.v:54$617_Y
      New ports: A=2'01, B=2'10, Y={ $flatten\u_fft_core.\u_twiddle_interface.\u_mult_2.\u_clip.$ternary$/home/designer/shared/FFT/parallel_fft/design/rtl/clip_round.v:54$617_Y [7] $flatten\u_fft_core.\u_twiddle_interface.\u_mult_2.\u_clip.$ternary$/home/designer/shared/FFT/parallel_fft/design/rtl/clip_round.v:54$617_Y [0] }
      New connections: $flatten\u_fft_core.\u_twiddle_interface.\u_mult_2.\u_clip.$ternary$/home/designer/shared/FFT/parallel_fft/design/rtl/clip_round.v:54$617_Y [6:1] = { $flatten\u_fft_core.\u_twiddle_interface.\u_mult_2.\u_clip.$ternary$/home/designer/shared/FFT/parallel_fft/design/rtl/clip_round.v:54$617_Y [0] $flatten\u_fft_core.\u_twiddle_interface.\u_mult_2.\u_clip.$ternary$/home/designer/shared/FFT/parallel_fft/design/rtl/clip_round.v:54$617_Y [0] $flatten\u_fft_core.\u_twiddle_interface.\u_mult_2.\u_clip.$ternary$/home/designer/shared/FFT/parallel_fft/design/rtl/clip_round.v:54$617_Y [0] $flatten\u_fft_core.\u_twiddle_interface.\u_mult_2.\u_clip.$ternary$/home/designer/shared/FFT/parallel_fft/design/rtl/clip_round.v:54$617_Y [0] $flatten\u_fft_core.\u_twiddle_interface.\u_mult_2.\u_clip.$ternary$/home/designer/shared/FFT/parallel_fft/design/rtl/clip_round.v:54$617_Y [0] $flatten\u_fft_core.\u_twiddle_interface.\u_mult_2.\u_clip.$ternary$/home/designer/shared/FFT/parallel_fft/design/rtl/clip_round.v:54$617_Y [0] }
    Consolidated identical input bits for $mux cell $flatten\u_fft_core.\u_twiddle_interface.\u_mult_3.\u_clip.$ternary$/home/designer/shared/FFT/parallel_fft/design/rtl/clip_round.v:51$611:
      Old ports: A=8'01111111, B=8'10000000, Y=$flatten\u_fft_core.\u_twiddle_interface.\u_mult_3.\u_clip.$ternary$/home/designer/shared/FFT/parallel_fft/design/rtl/clip_round.v:51$611_Y
      New ports: A=2'01, B=2'10, Y={ $flatten\u_fft_core.\u_twiddle_interface.\u_mult_3.\u_clip.$ternary$/home/designer/shared/FFT/parallel_fft/design/rtl/clip_round.v:51$611_Y [7] $flatten\u_fft_core.\u_twiddle_interface.\u_mult_3.\u_clip.$ternary$/home/designer/shared/FFT/parallel_fft/design/rtl/clip_round.v:51$611_Y [0] }
      New connections: $flatten\u_fft_core.\u_twiddle_interface.\u_mult_3.\u_clip.$ternary$/home/designer/shared/FFT/parallel_fft/design/rtl/clip_round.v:51$611_Y [6:1] = { $flatten\u_fft_core.\u_twiddle_interface.\u_mult_3.\u_clip.$ternary$/home/designer/shared/FFT/parallel_fft/design/rtl/clip_round.v:51$611_Y [0] $flatten\u_fft_core.\u_twiddle_interface.\u_mult_3.\u_clip.$ternary$/home/designer/shared/FFT/parallel_fft/design/rtl/clip_round.v:51$611_Y [0] $flatten\u_fft_core.\u_twiddle_interface.\u_mult_3.\u_clip.$ternary$/home/designer/shared/FFT/parallel_fft/design/rtl/clip_round.v:51$611_Y [0] $flatten\u_fft_core.\u_twiddle_interface.\u_mult_3.\u_clip.$ternary$/home/designer/shared/FFT/parallel_fft/design/rtl/clip_round.v:51$611_Y [0] $flatten\u_fft_core.\u_twiddle_interface.\u_mult_3.\u_clip.$ternary$/home/designer/shared/FFT/parallel_fft/design/rtl/clip_round.v:51$611_Y [0] $flatten\u_fft_core.\u_twiddle_interface.\u_mult_3.\u_clip.$ternary$/home/designer/shared/FFT/parallel_fft/design/rtl/clip_round.v:51$611_Y [0] }
    Consolidated identical input bits for $mux cell $flatten\u_fft_core.\u_twiddle_interface.\u_mult_3.\u_clip.$ternary$/home/designer/shared/FFT/parallel_fft/design/rtl/clip_round.v:54$617:
      Old ports: A=8'01111111, B=8'10000000, Y=$flatten\u_fft_core.\u_twiddle_interface.\u_mult_3.\u_clip.$ternary$/home/designer/shared/FFT/parallel_fft/design/rtl/clip_round.v:54$617_Y
      New ports: A=2'01, B=2'10, Y={ $flatten\u_fft_core.\u_twiddle_interface.\u_mult_3.\u_clip.$ternary$/home/designer/shared/FFT/parallel_fft/design/rtl/clip_round.v:54$617_Y [7] $flatten\u_fft_core.\u_twiddle_interface.\u_mult_3.\u_clip.$ternary$/home/designer/shared/FFT/parallel_fft/design/rtl/clip_round.v:54$617_Y [0] }
      New connections: $flatten\u_fft_core.\u_twiddle_interface.\u_mult_3.\u_clip.$ternary$/home/designer/shared/FFT/parallel_fft/design/rtl/clip_round.v:54$617_Y [6:1] = { $flatten\u_fft_core.\u_twiddle_interface.\u_mult_3.\u_clip.$ternary$/home/designer/shared/FFT/parallel_fft/design/rtl/clip_round.v:54$617_Y [0] $flatten\u_fft_core.\u_twiddle_interface.\u_mult_3.\u_clip.$ternary$/home/designer/shared/FFT/parallel_fft/design/rtl/clip_round.v:54$617_Y [0] $flatten\u_fft_core.\u_twiddle_interface.\u_mult_3.\u_clip.$ternary$/home/designer/shared/FFT/parallel_fft/design/rtl/clip_round.v:54$617_Y [0] $flatten\u_fft_core.\u_twiddle_interface.\u_mult_3.\u_clip.$ternary$/home/designer/shared/FFT/parallel_fft/design/rtl/clip_round.v:54$617_Y [0] $flatten\u_fft_core.\u_twiddle_interface.\u_mult_3.\u_clip.$ternary$/home/designer/shared/FFT/parallel_fft/design/rtl/clip_round.v:54$617_Y [0] $flatten\u_fft_core.\u_twiddle_interface.\u_mult_3.\u_clip.$ternary$/home/designer/shared/FFT/parallel_fft/design/rtl/clip_round.v:54$617_Y [0] }
    New ctrl vector for $pmux cell $flatten\u_tx.$procmux$3090: { \u_fft_core.u_buffer_parallel2serial.i_tx_ready $flatten\u_tx.$procmux$3092_CMP }
  Optimizing cells in module \top_chip.
    Consolidated identical input bits for $mux cell $flatten\u_debug_sys.\u_spi_slave.$procmux$762:
      Old ports: A=$flatten\u_debug_sys.\u_spi_slave.$procmux$759_Y, B=16'0000000000000000, Y=$flatten\u_debug_sys.\u_spi_slave.$0\tx_shift[15:0]
      New ports: A=$flatten\u_debug_sys.\u_spi_slave.$procmux$759_Y [15:1], B=15'000000000000000, Y=$flatten\u_debug_sys.\u_spi_slave.$0\tx_shift[15:0] [15:1]
      New connections: $flatten\u_debug_sys.\u_spi_slave.$0\tx_shift[15:0] [0] = 1'0
    Consolidated identical input bits for $mux cell $flatten\u_fft_core.\u_buffer_parallel2serial.$procmux$2227:
      Old ports: A=$flatten\u_fft_core.\u_buffer_parallel2serial.$4$memwr$\mem_im$/home/designer/shared/FFT/parallel_fft/design/rtl/buffer_parallel2serial.v:66$44_EN[7:0]$257, B=8'00000000, Y=$flatten\u_fft_core.\u_buffer_parallel2serial.$3$memwr$\mem_im$/home/designer/shared/FFT/parallel_fft/design/rtl/buffer_parallel2serial.v:66$44_EN[7:0]$209
      New ports: A=$flatten\u_fft_core.\u_buffer_parallel2serial.$4$memwr$\mem_im$/home/designer/shared/FFT/parallel_fft/design/rtl/buffer_parallel2serial.v:66$44_EN[7:0]$257 [0], B=1'0, Y=$flatten\u_fft_core.\u_buffer_parallel2serial.$3$memwr$\mem_im$/home/designer/shared/FFT/parallel_fft/design/rtl/buffer_parallel2serial.v:66$44_EN[7:0]$209 [0]
      New connections: $flatten\u_fft_core.\u_buffer_parallel2serial.$3$memwr$\mem_im$/home/designer/shared/FFT/parallel_fft/design/rtl/buffer_parallel2serial.v:66$44_EN[7:0]$209 [7:1] = { $flatten\u_fft_core.\u_buffer_parallel2serial.$3$memwr$\mem_im$/home/designer/shared/FFT/parallel_fft/design/rtl/buffer_parallel2serial.v:66$44_EN[7:0]$209 [0] $flatten\u_fft_core.\u_buffer_parallel2serial.$3$memwr$\mem_im$/home/designer/shared/FFT/parallel_fft/design/rtl/buffer_parallel2serial.v:66$44_EN[7:0]$209 [0] $flatten\u_fft_core.\u_buffer_parallel2serial.$3$memwr$\mem_im$/home/designer/shared/FFT/parallel_fft/design/rtl/buffer_parallel2serial.v:66$44_EN[7:0]$209 [0] $flatten\u_fft_core.\u_buffer_parallel2serial.$3$memwr$\mem_im$/home/designer/shared/FFT/parallel_fft/design/rtl/buffer_parallel2serial.v:66$44_EN[7:0]$209 [0] $flatten\u_fft_core.\u_buffer_parallel2serial.$3$memwr$\mem_im$/home/designer/shared/FFT/parallel_fft/design/rtl/buffer_parallel2serial.v:66$44_EN[7:0]$209 [0] $flatten\u_fft_core.\u_buffer_parallel2serial.$3$memwr$\mem_im$/home/designer/shared/FFT/parallel_fft/design/rtl/buffer_parallel2serial.v:66$44_EN[7:0]$209 [0] $flatten\u_fft_core.\u_buffer_parallel2serial.$3$memwr$\mem_im$/home/designer/shared/FFT/parallel_fft/design/rtl/buffer_parallel2serial.v:66$44_EN[7:0]$209 [0] }
    Consolidated identical input bits for $pmux cell $flatten\u_fft_core.\u_fft8_mdc0.\u_mdc8p_stage1.$procmux$689:
      Old ports: A=10'0000000000, B={ \u_fft_core.u_fft8_mdc0.u_mdc8p_stage1.w_twiddle_i[2] \u_fft_core.u_fft8_mdc0.u_mdc8p_stage1.w_twiddle_i[1] }, Y=\u_fft_core.u_fft8_mdc0.u_mdc8p_stage1.xfft_cell_route1.i_tw_i
      New ports: A=3'000, B={ \u_fft_core.u_fft8_mdc0.u_mdc8p_stage1.w_twiddle_i[2] [9] \u_fft_core.u_fft8_mdc0.u_mdc8p_stage1.w_twiddle_i[2] [0] \u_fft_core.u_fft8_mdc0.u_mdc8p_stage1.w_twiddle_i[2] [0] \u_fft_core.u_fft8_mdc0.u_mdc8p_stage1.w_twiddle_i[1] [0] \u_fft_core.u_fft8_mdc0.u_mdc8p_stage1.w_twiddle_i[1] [1:0] }, Y={ \u_fft_core.u_fft8_mdc0.u_mdc8p_stage1.xfft_cell_route1.i_tw_i [9] \u_fft_core.u_fft8_mdc0.u_mdc8p_stage1.xfft_cell_route1.i_tw_i [1:0] }
      New connections: \u_fft_core.u_fft8_mdc0.u_mdc8p_stage1.xfft_cell_route1.i_tw_i [8:2] = { \u_fft_core.u_fft8_mdc0.u_mdc8p_stage1.xfft_cell_route1.i_tw_i [1:0] \u_fft_core.u_fft8_mdc0.u_mdc8p_stage1.xfft_cell_route1.i_tw_i [1] \u_fft_core.u_fft8_mdc0.u_mdc8p_stage1.xfft_cell_route1.i_tw_i [1:0] \u_fft_core.u_fft8_mdc0.u_mdc8p_stage1.xfft_cell_route1.i_tw_i [1:0] }
    Consolidated identical input bits for $pmux cell $flatten\u_fft_core.\u_fft8_mdc1.\u_mdc8p_stage1.$procmux$689:
      Old ports: A=10'0000000000, B={ \u_fft_core.u_fft8_mdc0.u_mdc8p_stage1.w_twiddle_i[2] \u_fft_core.u_fft8_mdc0.u_mdc8p_stage1.w_twiddle_i[1] }, Y=\u_fft_core.u_fft8_mdc1.u_mdc8p_stage1.xfft_cell_route1.i_tw_i
      New ports: A=3'000, B={ \u_fft_core.u_fft8_mdc0.u_mdc8p_stage1.w_twiddle_i[2] [9] \u_fft_core.u_fft8_mdc0.u_mdc8p_stage1.w_twiddle_i[2] [0] \u_fft_core.u_fft8_mdc0.u_mdc8p_stage1.w_twiddle_i[2] [0] \u_fft_core.u_fft8_mdc0.u_mdc8p_stage1.w_twiddle_i[1] [0] \u_fft_core.u_fft8_mdc0.u_mdc8p_stage1.w_twiddle_i[1] [1:0] }, Y={ \u_fft_core.u_fft8_mdc1.u_mdc8p_stage1.xfft_cell_route1.i_tw_i [9] \u_fft_core.u_fft8_mdc1.u_mdc8p_stage1.xfft_cell_route1.i_tw_i [1:0] }
      New connections: \u_fft_core.u_fft8_mdc1.u_mdc8p_stage1.xfft_cell_route1.i_tw_i [8:2] = { \u_fft_core.u_fft8_mdc1.u_mdc8p_stage1.xfft_cell_route1.i_tw_i [1:0] \u_fft_core.u_fft8_mdc1.u_mdc8p_stage1.xfft_cell_route1.i_tw_i [1] \u_fft_core.u_fft8_mdc1.u_mdc8p_stage1.xfft_cell_route1.i_tw_i [1:0] \u_fft_core.u_fft8_mdc1.u_mdc8p_stage1.xfft_cell_route1.i_tw_i [1:0] }
    Consolidated identical input bits for $pmux cell $flatten\u_fft_core.\u_fft8_mdc2.\u_mdc8p_stage1.$procmux$689:
      Old ports: A=10'0000000000, B={ \u_fft_core.u_fft8_mdc0.u_mdc8p_stage1.w_twiddle_i[2] \u_fft_core.u_fft8_mdc0.u_mdc8p_stage1.w_twiddle_i[1] }, Y=\u_fft_core.u_fft8_mdc2.u_mdc8p_stage1.xfft_cell_route1.i_tw_i
      New ports: A=3'000, B={ \u_fft_core.u_fft8_mdc0.u_mdc8p_stage1.w_twiddle_i[2] [9] \u_fft_core.u_fft8_mdc0.u_mdc8p_stage1.w_twiddle_i[2] [0] \u_fft_core.u_fft8_mdc0.u_mdc8p_stage1.w_twiddle_i[2] [0] \u_fft_core.u_fft8_mdc0.u_mdc8p_stage1.w_twiddle_i[1] [0] \u_fft_core.u_fft8_mdc0.u_mdc8p_stage1.w_twiddle_i[1] [1:0] }, Y={ \u_fft_core.u_fft8_mdc2.u_mdc8p_stage1.xfft_cell_route1.i_tw_i [9] \u_fft_core.u_fft8_mdc2.u_mdc8p_stage1.xfft_cell_route1.i_tw_i [1:0] }
      New connections: \u_fft_core.u_fft8_mdc2.u_mdc8p_stage1.xfft_cell_route1.i_tw_i [8:2] = { \u_fft_core.u_fft8_mdc2.u_mdc8p_stage1.xfft_cell_route1.i_tw_i [1:0] \u_fft_core.u_fft8_mdc2.u_mdc8p_stage1.xfft_cell_route1.i_tw_i [1] \u_fft_core.u_fft8_mdc2.u_mdc8p_stage1.xfft_cell_route1.i_tw_i [1:0] \u_fft_core.u_fft8_mdc2.u_mdc8p_stage1.xfft_cell_route1.i_tw_i [1:0] }
    Consolidated identical input bits for $pmux cell $flatten\u_fft_core.\u_fft8_mdc3.\u_mdc8p_stage1.$procmux$689:
      Old ports: A=10'0000000000, B={ \u_fft_core.u_fft8_mdc0.u_mdc8p_stage1.w_twiddle_i[2] \u_fft_core.u_fft8_mdc0.u_mdc8p_stage1.w_twiddle_i[1] }, Y=\u_fft_core.u_fft8_mdc3.u_mdc8p_stage1.xfft_cell_route1.i_tw_i
      New ports: A=3'000, B={ \u_fft_core.u_fft8_mdc0.u_mdc8p_stage1.w_twiddle_i[2] [9] \u_fft_core.u_fft8_mdc0.u_mdc8p_stage1.w_twiddle_i[2] [0] \u_fft_core.u_fft8_mdc0.u_mdc8p_stage1.w_twiddle_i[2] [0] \u_fft_core.u_fft8_mdc0.u_mdc8p_stage1.w_twiddle_i[1] [0] \u_fft_core.u_fft8_mdc0.u_mdc8p_stage1.w_twiddle_i[1] [1:0] }, Y={ \u_fft_core.u_fft8_mdc3.u_mdc8p_stage1.xfft_cell_route1.i_tw_i [9] \u_fft_core.u_fft8_mdc3.u_mdc8p_stage1.xfft_cell_route1.i_tw_i [1:0] }
      New connections: \u_fft_core.u_fft8_mdc3.u_mdc8p_stage1.xfft_cell_route1.i_tw_i [8:2] = { \u_fft_core.u_fft8_mdc3.u_mdc8p_stage1.xfft_cell_route1.i_tw_i [1:0] \u_fft_core.u_fft8_mdc3.u_mdc8p_stage1.xfft_cell_route1.i_tw_i [1] \u_fft_core.u_fft8_mdc3.u_mdc8p_stage1.xfft_cell_route1.i_tw_i [1:0] \u_fft_core.u_fft8_mdc3.u_mdc8p_stage1.xfft_cell_route1.i_tw_i [1:0] }
    Consolidated identical input bits for $mux cell $flatten\u_fft_core.\u_twiddle_interface.$ternary$/home/designer/shared/FFT/parallel_fft/design/rtl/twiddle_interface/twiddle_interface.v:44$317:
      Old ports: A={ 1'0 $auto$wreduce.cc:514:run$3937 [12:0] }, B=14'11000010001001, Y=$auto$wreduce.cc:514:run$3936 [13:0]
      New ports: A={ $auto$wreduce.cc:514:run$3937 [1] $auto$wreduce.cc:514:run$3937 [1] 1'0 }, B=3'101, Y={ $auto$wreduce.cc:514:run$3936 [7] $auto$wreduce.cc:514:run$3936 [1:0] }
      New connections: { $auto$wreduce.cc:514:run$3936 [13:8] $auto$wreduce.cc:514:run$3936 [6:2] } = { $auto$wreduce.cc:514:run$3936 [0] $auto$wreduce.cc:514:run$3936 [7] $auto$wreduce.cc:514:run$3936 [1] 6'000000 $auto$wreduce.cc:514:run$3936 [0] 1'0 }
    Consolidated identical input bits for $mux cell $flatten\u_fft_core.\u_twiddle_interface.$ternary$/home/designer/shared/FFT/parallel_fft/design/rtl/twiddle_interface/twiddle_interface.v:54$333:
      Old ports: A=$flatten\u_fft_core.\u_twiddle_interface.$ternary$/home/designer/shared/FFT/parallel_fft/design/rtl/twiddle_interface/twiddle_interface.v:55$332_Y, B=16'1010010110100101, Y=$flatten\u_fft_core.\u_twiddle_interface.$ternary$/home/designer/shared/FFT/parallel_fft/design/rtl/twiddle_interface/twiddle_interface.v:54$333_Y
      New ports: A={ 1'0 $flatten\u_fft_core.\u_twiddle_interface.$ternary$/home/designer/shared/FFT/parallel_fft/design/rtl/twiddle_interface/twiddle_interface.v:55$332_Y [0] $flatten\u_fft_core.\u_twiddle_interface.$ternary$/home/designer/shared/FFT/parallel_fft/design/rtl/twiddle_interface/twiddle_interface.v:55$332_Y [0] }, B=3'101, Y={ $flatten\u_fft_core.\u_twiddle_interface.$ternary$/home/designer/shared/FFT/parallel_fft/design/rtl/twiddle_interface/twiddle_interface.v:54$333_Y [5] $flatten\u_fft_core.\u_twiddle_interface.$ternary$/home/designer/shared/FFT/parallel_fft/design/rtl/twiddle_interface/twiddle_interface.v:54$333_Y [1:0] }
      New connections: { $flatten\u_fft_core.\u_twiddle_interface.$ternary$/home/designer/shared/FFT/parallel_fft/design/rtl/twiddle_interface/twiddle_interface.v:54$333_Y [15:6] $flatten\u_fft_core.\u_twiddle_interface.$ternary$/home/designer/shared/FFT/parallel_fft/design/rtl/twiddle_interface/twiddle_interface.v:54$333_Y [4:2] } = { $flatten\u_fft_core.\u_twiddle_interface.$ternary$/home/designer/shared/FFT/parallel_fft/design/rtl/twiddle_interface/twiddle_interface.v:54$333_Y [0] 1'0 $flatten\u_fft_core.\u_twiddle_interface.$ternary$/home/designer/shared/FFT/parallel_fft/design/rtl/twiddle_interface/twiddle_interface.v:54$333_Y [5] 1'0 $flatten\u_fft_core.\u_twiddle_interface.$ternary$/home/designer/shared/FFT/parallel_fft/design/rtl/twiddle_interface/twiddle_interface.v:54$333_Y [1] $flatten\u_fft_core.\u_twiddle_interface.$ternary$/home/designer/shared/FFT/parallel_fft/design/rtl/twiddle_interface/twiddle_interface.v:54$333_Y [5] 1'0 $flatten\u_fft_core.\u_twiddle_interface.$ternary$/home/designer/shared/FFT/parallel_fft/design/rtl/twiddle_interface/twiddle_interface.v:54$333_Y [0] $flatten\u_fft_core.\u_twiddle_interface.$ternary$/home/designer/shared/FFT/parallel_fft/design/rtl/twiddle_interface/twiddle_interface.v:54$333_Y [0] $flatten\u_fft_core.\u_twiddle_interface.$ternary$/home/designer/shared/FFT/parallel_fft/design/rtl/twiddle_interface/twiddle_interface.v:54$333_Y [1] 1'0 $flatten\u_fft_core.\u_twiddle_interface.$ternary$/home/designer/shared/FFT/parallel_fft/design/rtl/twiddle_interface/twiddle_interface.v:54$333_Y [1:0] }
    Consolidated identical input bits for $mux cell $flatten\u_fft_core.\u_twiddle_interface.$ternary$/home/designer/shared/FFT/parallel_fft/design/rtl/twiddle_interface/twiddle_interface.v:64$349:
      Old ports: A=$flatten\u_fft_core.\u_twiddle_interface.$ternary$/home/designer/shared/FFT/parallel_fft/design/rtl/twiddle_interface/twiddle_interface.v:65$348_Y, B=16'1000100100110000, Y=$flatten\u_fft_core.\u_twiddle_interface.$ternary$/home/designer/shared/FFT/parallel_fft/design/rtl/twiddle_interface/twiddle_interface.v:64$349_Y
      New ports: A={ $flatten\u_fft_core.\u_twiddle_interface.$ternary$/home/designer/shared/FFT/parallel_fft/design/rtl/twiddle_interface/twiddle_interface.v:65$348_Y [1] 1'0 $flatten\u_fft_core.\u_twiddle_interface.$ternary$/home/designer/shared/FFT/parallel_fft/design/rtl/twiddle_interface/twiddle_interface.v:65$348_Y [1] }, B=3'110, Y={ $flatten\u_fft_core.\u_twiddle_interface.$ternary$/home/designer/shared/FFT/parallel_fft/design/rtl/twiddle_interface/twiddle_interface.v:64$349_Y [5:4] $flatten\u_fft_core.\u_twiddle_interface.$ternary$/home/designer/shared/FFT/parallel_fft/design/rtl/twiddle_interface/twiddle_interface.v:64$349_Y [1] }
      New connections: { $flatten\u_fft_core.\u_twiddle_interface.$ternary$/home/designer/shared/FFT/parallel_fft/design/rtl/twiddle_interface/twiddle_interface.v:64$349_Y [15:6] $flatten\u_fft_core.\u_twiddle_interface.$ternary$/home/designer/shared/FFT/parallel_fft/design/rtl/twiddle_interface/twiddle_interface.v:64$349_Y [3:2] $flatten\u_fft_core.\u_twiddle_interface.$ternary$/home/designer/shared/FFT/parallel_fft/design/rtl/twiddle_interface/twiddle_interface.v:64$349_Y [0] } = { $flatten\u_fft_core.\u_twiddle_interface.$ternary$/home/designer/shared/FFT/parallel_fft/design/rtl/twiddle_interface/twiddle_interface.v:64$349_Y [5] 1'0 $flatten\u_fft_core.\u_twiddle_interface.$ternary$/home/designer/shared/FFT/parallel_fft/design/rtl/twiddle_interface/twiddle_interface.v:64$349_Y [1] $flatten\u_fft_core.\u_twiddle_interface.$ternary$/home/designer/shared/FFT/parallel_fft/design/rtl/twiddle_interface/twiddle_interface.v:64$349_Y [1] $flatten\u_fft_core.\u_twiddle_interface.$ternary$/home/designer/shared/FFT/parallel_fft/design/rtl/twiddle_interface/twiddle_interface.v:64$349_Y [5] 2'00 $flatten\u_fft_core.\u_twiddle_interface.$ternary$/home/designer/shared/FFT/parallel_fft/design/rtl/twiddle_interface/twiddle_interface.v:64$349_Y [4] 1'0 $flatten\u_fft_core.\u_twiddle_interface.$ternary$/home/designer/shared/FFT/parallel_fft/design/rtl/twiddle_interface/twiddle_interface.v:64$349_Y [1] $flatten\u_fft_core.\u_twiddle_interface.$ternary$/home/designer/shared/FFT/parallel_fft/design/rtl/twiddle_interface/twiddle_interface.v:64$349_Y [1] 2'00 }
    Consolidated identical input bits for $mux cell $flatten\u_fft_core.\u_twiddle_interface.$ternary$/home/designer/shared/FFT/parallel_fft/design/rtl/twiddle_interface/twiddle_interface.v:75$365:
      Old ports: A={ 1'0 $auto$wreduce.cc:514:run$3944 [12:0] }, B=14'11000001110110, Y=$auto$wreduce.cc:514:run$3943 [13:0]
      New ports: A={ $auto$wreduce.cc:514:run$3944 [0] 1'0 $auto$wreduce.cc:514:run$3944 [0] }, B=3'110, Y=$auto$wreduce.cc:514:run$3943 [2:0]
      New connections: $auto$wreduce.cc:514:run$3943 [13:3] = { $auto$wreduce.cc:514:run$3943 [1] $auto$wreduce.cc:514:run$3943 [2] $auto$wreduce.cc:514:run$3943 [0] 4'0000 $auto$wreduce.cc:514:run$3943 [2] $auto$wreduce.cc:514:run$3943 [2] $auto$wreduce.cc:514:run$3943 [2] $auto$wreduce.cc:514:run$3943 [0] }
    Consolidated identical input bits for $mux cell $flatten\u_fft_core.\u_twiddle_interface.$ternary$/home/designer/shared/FFT/parallel_fft/design/rtl/twiddle_interface/twiddle_interface.v:85$381:
      Old ports: A=$flatten\u_fft_core.\u_twiddle_interface.$ternary$/home/designer/shared/FFT/parallel_fft/design/rtl/twiddle_interface/twiddle_interface.v:86$380_Y, B=16'1010010101011010, Y=$flatten\u_fft_core.\u_twiddle_interface.$ternary$/home/designer/shared/FFT/parallel_fft/design/rtl/twiddle_interface/twiddle_interface.v:85$381_Y
      New ports: A={ $flatten\u_fft_core.\u_twiddle_interface.$ternary$/home/designer/shared/FFT/parallel_fft/design/rtl/twiddle_interface/twiddle_interface.v:86$380_Y [4] $flatten\u_fft_core.\u_twiddle_interface.$ternary$/home/designer/shared/FFT/parallel_fft/design/rtl/twiddle_interface/twiddle_interface.v:86$380_Y [4] 1'0 }, B=3'011, Y={ $flatten\u_fft_core.\u_twiddle_interface.$ternary$/home/designer/shared/FFT/parallel_fft/design/rtl/twiddle_interface/twiddle_interface.v:85$381_Y [5:4] $flatten\u_fft_core.\u_twiddle_interface.$ternary$/home/designer/shared/FFT/parallel_fft/design/rtl/twiddle_interface/twiddle_interface.v:85$381_Y [1] }
      New connections: { $flatten\u_fft_core.\u_twiddle_interface.$ternary$/home/designer/shared/FFT/parallel_fft/design/rtl/twiddle_interface/twiddle_interface.v:85$381_Y [15:6] $flatten\u_fft_core.\u_twiddle_interface.$ternary$/home/designer/shared/FFT/parallel_fft/design/rtl/twiddle_interface/twiddle_interface.v:85$381_Y [3:2] $flatten\u_fft_core.\u_twiddle_interface.$ternary$/home/designer/shared/FFT/parallel_fft/design/rtl/twiddle_interface/twiddle_interface.v:85$381_Y [0] } = { $flatten\u_fft_core.\u_twiddle_interface.$ternary$/home/designer/shared/FFT/parallel_fft/design/rtl/twiddle_interface/twiddle_interface.v:85$381_Y [4] 1'0 $flatten\u_fft_core.\u_twiddle_interface.$ternary$/home/designer/shared/FFT/parallel_fft/design/rtl/twiddle_interface/twiddle_interface.v:85$381_Y [1] 1'0 $flatten\u_fft_core.\u_twiddle_interface.$ternary$/home/designer/shared/FFT/parallel_fft/design/rtl/twiddle_interface/twiddle_interface.v:85$381_Y [5] $flatten\u_fft_core.\u_twiddle_interface.$ternary$/home/designer/shared/FFT/parallel_fft/design/rtl/twiddle_interface/twiddle_interface.v:85$381_Y [1] 1'0 $flatten\u_fft_core.\u_twiddle_interface.$ternary$/home/designer/shared/FFT/parallel_fft/design/rtl/twiddle_interface/twiddle_interface.v:85$381_Y [4] 1'0 $flatten\u_fft_core.\u_twiddle_interface.$ternary$/home/designer/shared/FFT/parallel_fft/design/rtl/twiddle_interface/twiddle_interface.v:85$381_Y [1] $flatten\u_fft_core.\u_twiddle_interface.$ternary$/home/designer/shared/FFT/parallel_fft/design/rtl/twiddle_interface/twiddle_interface.v:85$381_Y [1] 2'00 }
    Consolidated identical input bits for $mux cell $flatten\u_fft_core.\u_twiddle_interface.$ternary$/home/designer/shared/FFT/parallel_fft/design/rtl/twiddle_interface/twiddle_interface.v:95$397:
      Old ports: A=$flatten\u_fft_core.\u_twiddle_interface.$ternary$/home/designer/shared/FFT/parallel_fft/design/rtl/twiddle_interface/twiddle_interface.v:96$396_Y, B=16'1000100111001111, Y=$flatten\u_fft_core.\u_twiddle_interface.$ternary$/home/designer/shared/FFT/parallel_fft/design/rtl/twiddle_interface/twiddle_interface.v:95$397_Y
      New ports: A={ $flatten\u_fft_core.\u_twiddle_interface.$ternary$/home/designer/shared/FFT/parallel_fft/design/rtl/twiddle_interface/twiddle_interface.v:96$396_Y [0] 1'0 $flatten\u_fft_core.\u_twiddle_interface.$ternary$/home/designer/shared/FFT/parallel_fft/design/rtl/twiddle_interface/twiddle_interface.v:96$396_Y [0] }, B=3'011, Y={ $flatten\u_fft_core.\u_twiddle_interface.$ternary$/home/designer/shared/FFT/parallel_fft/design/rtl/twiddle_interface/twiddle_interface.v:95$397_Y [4] $flatten\u_fft_core.\u_twiddle_interface.$ternary$/home/designer/shared/FFT/parallel_fft/design/rtl/twiddle_interface/twiddle_interface.v:95$397_Y [1:0] }
      New connections: { $flatten\u_fft_core.\u_twiddle_interface.$ternary$/home/designer/shared/FFT/parallel_fft/design/rtl/twiddle_interface/twiddle_interface.v:95$397_Y [15:5] $flatten\u_fft_core.\u_twiddle_interface.$ternary$/home/designer/shared/FFT/parallel_fft/design/rtl/twiddle_interface/twiddle_interface.v:95$397_Y [3:2] } = { $flatten\u_fft_core.\u_twiddle_interface.$ternary$/home/designer/shared/FFT/parallel_fft/design/rtl/twiddle_interface/twiddle_interface.v:95$397_Y [0] 1'0 $flatten\u_fft_core.\u_twiddle_interface.$ternary$/home/designer/shared/FFT/parallel_fft/design/rtl/twiddle_interface/twiddle_interface.v:95$397_Y [4] $flatten\u_fft_core.\u_twiddle_interface.$ternary$/home/designer/shared/FFT/parallel_fft/design/rtl/twiddle_interface/twiddle_interface.v:95$397_Y [4] $flatten\u_fft_core.\u_twiddle_interface.$ternary$/home/designer/shared/FFT/parallel_fft/design/rtl/twiddle_interface/twiddle_interface.v:95$397_Y [0] 2'00 $flatten\u_fft_core.\u_twiddle_interface.$ternary$/home/designer/shared/FFT/parallel_fft/design/rtl/twiddle_interface/twiddle_interface.v:95$397_Y [1:0] $flatten\u_fft_core.\u_twiddle_interface.$ternary$/home/designer/shared/FFT/parallel_fft/design/rtl/twiddle_interface/twiddle_interface.v:95$397_Y [1] 1'0 $flatten\u_fft_core.\u_twiddle_interface.$ternary$/home/designer/shared/FFT/parallel_fft/design/rtl/twiddle_interface/twiddle_interface.v:95$397_Y [1:0] }
  Optimizing cells in module \top_chip.
    Consolidated identical input bits for $mux cell $flatten\u_fft_core.\u_buffer_parallel2serial.$procmux$2599:
      Old ports: A=8'00000000, B=$flatten\u_fft_core.\u_buffer_parallel2serial.$3$memwr$\mem_im$/home/designer/shared/FFT/parallel_fft/design/rtl/buffer_parallel2serial.v:66$44_EN[7:0]$209, Y=$flatten\u_fft_core.\u_buffer_parallel2serial.$2$memwr$\mem_im$/home/designer/shared/FFT/parallel_fft/design/rtl/buffer_parallel2serial.v:66$44_EN[7:0]$161
      New ports: A=1'0, B=$flatten\u_fft_core.\u_buffer_parallel2serial.$3$memwr$\mem_im$/home/designer/shared/FFT/parallel_fft/design/rtl/buffer_parallel2serial.v:66$44_EN[7:0]$209 [0], Y=$flatten\u_fft_core.\u_buffer_parallel2serial.$2$memwr$\mem_im$/home/designer/shared/FFT/parallel_fft/design/rtl/buffer_parallel2serial.v:66$44_EN[7:0]$161 [0]
      New connections: $flatten\u_fft_core.\u_buffer_parallel2serial.$2$memwr$\mem_im$/home/designer/shared/FFT/parallel_fft/design/rtl/buffer_parallel2serial.v:66$44_EN[7:0]$161 [7:1] = { $flatten\u_fft_core.\u_buffer_parallel2serial.$2$memwr$\mem_im$/home/designer/shared/FFT/parallel_fft/design/rtl/buffer_parallel2serial.v:66$44_EN[7:0]$161 [0] $flatten\u_fft_core.\u_buffer_parallel2serial.$2$memwr$\mem_im$/home/designer/shared/FFT/parallel_fft/design/rtl/buffer_parallel2serial.v:66$44_EN[7:0]$161 [0] $flatten\u_fft_core.\u_buffer_parallel2serial.$2$memwr$\mem_im$/home/designer/shared/FFT/parallel_fft/design/rtl/buffer_parallel2serial.v:66$44_EN[7:0]$161 [0] $flatten\u_fft_core.\u_buffer_parallel2serial.$2$memwr$\mem_im$/home/designer/shared/FFT/parallel_fft/design/rtl/buffer_parallel2serial.v:66$44_EN[7:0]$161 [0] $flatten\u_fft_core.\u_buffer_parallel2serial.$2$memwr$\mem_im$/home/designer/shared/FFT/parallel_fft/design/rtl/buffer_parallel2serial.v:66$44_EN[7:0]$161 [0] $flatten\u_fft_core.\u_buffer_parallel2serial.$2$memwr$\mem_im$/home/designer/shared/FFT/parallel_fft/design/rtl/buffer_parallel2serial.v:66$44_EN[7:0]$161 [0] $flatten\u_fft_core.\u_buffer_parallel2serial.$2$memwr$\mem_im$/home/designer/shared/FFT/parallel_fft/design/rtl/buffer_parallel2serial.v:66$44_EN[7:0]$161 [0] }
    Consolidated identical input bits for $mux cell $flatten\u_fft_core.\u_twiddle_interface.$ternary$/home/designer/shared/FFT/parallel_fft/design/rtl/twiddle_interface/twiddle_interface.v:43$318:
      Old ports: A={ 1'0 $auto$wreduce.cc:514:run$3936 [13:0] }, B=15'100011110010101, Y=$auto$wreduce.cc:514:run$3935 [14:0]
      New ports: A={ $auto$wreduce.cc:514:run$3936 [7] $auto$wreduce.cc:514:run$3936 [7] $auto$wreduce.cc:514:run$3936 [0] 1'0 $auto$wreduce.cc:514:run$3936 [1:0] }, B=6'010101, Y={ $auto$wreduce.cc:514:run$3935 [12] $auto$wreduce.cc:514:run$3935 [7] $auto$wreduce.cc:514:run$3935 [3:0] }
      New connections: { $auto$wreduce.cc:514:run$3935 [14:13] $auto$wreduce.cc:514:run$3935 [11:8] $auto$wreduce.cc:514:run$3935 [6:4] } = { $auto$wreduce.cc:514:run$3935 [2] $auto$wreduce.cc:514:run$3935 [3] $auto$wreduce.cc:514:run$3935 [1] $auto$wreduce.cc:514:run$3935 [2] $auto$wreduce.cc:514:run$3935 [2] $auto$wreduce.cc:514:run$3935 [2] 2'00 $auto$wreduce.cc:514:run$3935 [2] }
    Consolidated identical input bits for $mux cell $flatten\u_fft_core.\u_twiddle_interface.$ternary$/home/designer/shared/FFT/parallel_fft/design/rtl/twiddle_interface/twiddle_interface.v:53$334:
      Old ports: A=$flatten\u_fft_core.\u_twiddle_interface.$ternary$/home/designer/shared/FFT/parallel_fft/design/rtl/twiddle_interface/twiddle_interface.v:54$333_Y, B=16'1100111110001001, Y=$flatten\u_fft_core.\u_twiddle_interface.$ternary$/home/designer/shared/FFT/parallel_fft/design/rtl/twiddle_interface/twiddle_interface.v:53$334_Y
      New ports: A={ $flatten\u_fft_core.\u_twiddle_interface.$ternary$/home/designer/shared/FFT/parallel_fft/design/rtl/twiddle_interface/twiddle_interface.v:54$333_Y [5] 1'0 $flatten\u_fft_core.\u_twiddle_interface.$ternary$/home/designer/shared/FFT/parallel_fft/design/rtl/twiddle_interface/twiddle_interface.v:54$333_Y [5] $flatten\u_fft_core.\u_twiddle_interface.$ternary$/home/designer/shared/FFT/parallel_fft/design/rtl/twiddle_interface/twiddle_interface.v:54$333_Y [1:0] $flatten\u_fft_core.\u_twiddle_interface.$ternary$/home/designer/shared/FFT/parallel_fft/design/rtl/twiddle_interface/twiddle_interface.v:54$333_Y [1:0] }, B=7'1101001, Y={ $flatten\u_fft_core.\u_twiddle_interface.$ternary$/home/designer/shared/FFT/parallel_fft/design/rtl/twiddle_interface/twiddle_interface.v:53$334_Y [10:9] $flatten\u_fft_core.\u_twiddle_interface.$ternary$/home/designer/shared/FFT/parallel_fft/design/rtl/twiddle_interface/twiddle_interface.v:53$334_Y [5] $flatten\u_fft_core.\u_twiddle_interface.$ternary$/home/designer/shared/FFT/parallel_fft/design/rtl/twiddle_interface/twiddle_interface.v:53$334_Y [3:0] }
      New connections: { $flatten\u_fft_core.\u_twiddle_interface.$ternary$/home/designer/shared/FFT/parallel_fft/design/rtl/twiddle_interface/twiddle_interface.v:53$334_Y [15:11] $flatten\u_fft_core.\u_twiddle_interface.$ternary$/home/designer/shared/FFT/parallel_fft/design/rtl/twiddle_interface/twiddle_interface.v:53$334_Y [8:6] $flatten\u_fft_core.\u_twiddle_interface.$ternary$/home/designer/shared/FFT/parallel_fft/design/rtl/twiddle_interface/twiddle_interface.v:53$334_Y [4] } = { $flatten\u_fft_core.\u_twiddle_interface.$ternary$/home/designer/shared/FFT/parallel_fft/design/rtl/twiddle_interface/twiddle_interface.v:53$334_Y [0] $flatten\u_fft_core.\u_twiddle_interface.$ternary$/home/designer/shared/FFT/parallel_fft/design/rtl/twiddle_interface/twiddle_interface.v:53$334_Y [9] $flatten\u_fft_core.\u_twiddle_interface.$ternary$/home/designer/shared/FFT/parallel_fft/design/rtl/twiddle_interface/twiddle_interface.v:53$334_Y [5] 1'0 $flatten\u_fft_core.\u_twiddle_interface.$ternary$/home/designer/shared/FFT/parallel_fft/design/rtl/twiddle_interface/twiddle_interface.v:53$334_Y [3] $flatten\u_fft_core.\u_twiddle_interface.$ternary$/home/designer/shared/FFT/parallel_fft/design/rtl/twiddle_interface/twiddle_interface.v:53$334_Y [0] $flatten\u_fft_core.\u_twiddle_interface.$ternary$/home/designer/shared/FFT/parallel_fft/design/rtl/twiddle_interface/twiddle_interface.v:53$334_Y [0] $flatten\u_fft_core.\u_twiddle_interface.$ternary$/home/designer/shared/FFT/parallel_fft/design/rtl/twiddle_interface/twiddle_interface.v:53$334_Y [1] 1'0 }
    Consolidated identical input bits for $mux cell $flatten\u_fft_core.\u_twiddle_interface.$ternary$/home/designer/shared/FFT/parallel_fft/design/rtl/twiddle_interface/twiddle_interface.v:63$350:
      Old ports: A=$flatten\u_fft_core.\u_twiddle_interface.$ternary$/home/designer/shared/FFT/parallel_fft/design/rtl/twiddle_interface/twiddle_interface.v:64$349_Y, B=16'1000001011100111, Y=$flatten\u_fft_core.\u_twiddle_interface.$ternary$/home/designer/shared/FFT/parallel_fft/design/rtl/twiddle_interface/twiddle_interface.v:63$350_Y
      New ports: A={ $flatten\u_fft_core.\u_twiddle_interface.$ternary$/home/designer/shared/FFT/parallel_fft/design/rtl/twiddle_interface/twiddle_interface.v:64$349_Y [5] $flatten\u_fft_core.\u_twiddle_interface.$ternary$/home/designer/shared/FFT/parallel_fft/design/rtl/twiddle_interface/twiddle_interface.v:64$349_Y [5:4] $flatten\u_fft_core.\u_twiddle_interface.$ternary$/home/designer/shared/FFT/parallel_fft/design/rtl/twiddle_interface/twiddle_interface.v:64$349_Y [1] $flatten\u_fft_core.\u_twiddle_interface.$ternary$/home/designer/shared/FFT/parallel_fft/design/rtl/twiddle_interface/twiddle_interface.v:64$349_Y [1] 1'0 }, B=6'010011, Y={ $flatten\u_fft_core.\u_twiddle_interface.$ternary$/home/designer/shared/FFT/parallel_fft/design/rtl/twiddle_interface/twiddle_interface.v:63$350_Y [11] $flatten\u_fft_core.\u_twiddle_interface.$ternary$/home/designer/shared/FFT/parallel_fft/design/rtl/twiddle_interface/twiddle_interface.v:63$350_Y [5:3] $flatten\u_fft_core.\u_twiddle_interface.$ternary$/home/designer/shared/FFT/parallel_fft/design/rtl/twiddle_interface/twiddle_interface.v:63$350_Y [1:0] }
      New connections: { $flatten\u_fft_core.\u_twiddle_interface.$ternary$/home/designer/shared/FFT/parallel_fft/design/rtl/twiddle_interface/twiddle_interface.v:63$350_Y [15:12] $flatten\u_fft_core.\u_twiddle_interface.$ternary$/home/designer/shared/FFT/parallel_fft/design/rtl/twiddle_interface/twiddle_interface.v:63$350_Y [10:6] $flatten\u_fft_core.\u_twiddle_interface.$ternary$/home/designer/shared/FFT/parallel_fft/design/rtl/twiddle_interface/twiddle_interface.v:63$350_Y [2] } = { $flatten\u_fft_core.\u_twiddle_interface.$ternary$/home/designer/shared/FFT/parallel_fft/design/rtl/twiddle_interface/twiddle_interface.v:63$350_Y [5] 1'0 $flatten\u_fft_core.\u_twiddle_interface.$ternary$/home/designer/shared/FFT/parallel_fft/design/rtl/twiddle_interface/twiddle_interface.v:63$350_Y [3] $flatten\u_fft_core.\u_twiddle_interface.$ternary$/home/designer/shared/FFT/parallel_fft/design/rtl/twiddle_interface/twiddle_interface.v:63$350_Y [3] 1'0 $flatten\u_fft_core.\u_twiddle_interface.$ternary$/home/designer/shared/FFT/parallel_fft/design/rtl/twiddle_interface/twiddle_interface.v:63$350_Y [0] $flatten\u_fft_core.\u_twiddle_interface.$ternary$/home/designer/shared/FFT/parallel_fft/design/rtl/twiddle_interface/twiddle_interface.v:63$350_Y [4] $flatten\u_fft_core.\u_twiddle_interface.$ternary$/home/designer/shared/FFT/parallel_fft/design/rtl/twiddle_interface/twiddle_interface.v:63$350_Y [0] $flatten\u_fft_core.\u_twiddle_interface.$ternary$/home/designer/shared/FFT/parallel_fft/design/rtl/twiddle_interface/twiddle_interface.v:63$350_Y [1:0] }
    Consolidated identical input bits for $mux cell $flatten\u_fft_core.\u_twiddle_interface.$ternary$/home/designer/shared/FFT/parallel_fft/design/rtl/twiddle_interface/twiddle_interface.v:74$366:
      Old ports: A={ 1'0 $auto$wreduce.cc:514:run$3943 [13:0] }, B=15'100011101101010, Y=$auto$wreduce.cc:514:run$3942 [14:0]
      New ports: A={ $auto$wreduce.cc:514:run$3943 [1] 1'0 $auto$wreduce.cc:514:run$3943 [2] $auto$wreduce.cc:514:run$3943 [0] $auto$wreduce.cc:514:run$3943 [2:0] }, B=7'0111010, Y={ $auto$wreduce.cc:514:run$3942 [13] $auto$wreduce.cc:514:run$3942 [8] $auto$wreduce.cc:514:run$3942 [5] $auto$wreduce.cc:514:run$3942 [3:0] }
      New connections: { $auto$wreduce.cc:514:run$3942 [14] $auto$wreduce.cc:514:run$3942 [12:9] $auto$wreduce.cc:514:run$3942 [7:6] $auto$wreduce.cc:514:run$3942 [4] } = { $auto$wreduce.cc:514:run$3942 [8] $auto$wreduce.cc:514:run$3942 [2] $auto$wreduce.cc:514:run$3942 [0] $auto$wreduce.cc:514:run$3942 [8] $auto$wreduce.cc:514:run$3942 [8] 1'0 $auto$wreduce.cc:514:run$3942 [5] $auto$wreduce.cc:514:run$3942 [2] }
    Consolidated identical input bits for $mux cell $flatten\u_fft_core.\u_twiddle_interface.$ternary$/home/designer/shared/FFT/parallel_fft/design/rtl/twiddle_interface/twiddle_interface.v:84$382:
      Old ports: A=$flatten\u_fft_core.\u_twiddle_interface.$ternary$/home/designer/shared/FFT/parallel_fft/design/rtl/twiddle_interface/twiddle_interface.v:85$381_Y, B=16'1100111101110110, Y=$flatten\u_fft_core.\u_twiddle_interface.$ternary$/home/designer/shared/FFT/parallel_fft/design/rtl/twiddle_interface/twiddle_interface.v:84$382_Y
      New ports: A={ $flatten\u_fft_core.\u_twiddle_interface.$ternary$/home/designer/shared/FFT/parallel_fft/design/rtl/twiddle_interface/twiddle_interface.v:85$381_Y [5:4] $flatten\u_fft_core.\u_twiddle_interface.$ternary$/home/designer/shared/FFT/parallel_fft/design/rtl/twiddle_interface/twiddle_interface.v:85$381_Y [1] 1'0 $flatten\u_fft_core.\u_twiddle_interface.$ternary$/home/designer/shared/FFT/parallel_fft/design/rtl/twiddle_interface/twiddle_interface.v:85$381_Y [1] }, B=5'11011, Y=$flatten\u_fft_core.\u_twiddle_interface.$ternary$/home/designer/shared/FFT/parallel_fft/design/rtl/twiddle_interface/twiddle_interface.v:84$382_Y [5:1]
      New connections: { $flatten\u_fft_core.\u_twiddle_interface.$ternary$/home/designer/shared/FFT/parallel_fft/design/rtl/twiddle_interface/twiddle_interface.v:84$382_Y [15:6] $flatten\u_fft_core.\u_twiddle_interface.$ternary$/home/designer/shared/FFT/parallel_fft/design/rtl/twiddle_interface/twiddle_interface.v:84$382_Y [0] } = { $flatten\u_fft_core.\u_twiddle_interface.$ternary$/home/designer/shared/FFT/parallel_fft/design/rtl/twiddle_interface/twiddle_interface.v:84$382_Y [4] $flatten\u_fft_core.\u_twiddle_interface.$ternary$/home/designer/shared/FFT/parallel_fft/design/rtl/twiddle_interface/twiddle_interface.v:84$382_Y [2] $flatten\u_fft_core.\u_twiddle_interface.$ternary$/home/designer/shared/FFT/parallel_fft/design/rtl/twiddle_interface/twiddle_interface.v:84$382_Y [3] 1'0 $flatten\u_fft_core.\u_twiddle_interface.$ternary$/home/designer/shared/FFT/parallel_fft/design/rtl/twiddle_interface/twiddle_interface.v:84$382_Y [5] $flatten\u_fft_core.\u_twiddle_interface.$ternary$/home/designer/shared/FFT/parallel_fft/design/rtl/twiddle_interface/twiddle_interface.v:84$382_Y [1] $flatten\u_fft_core.\u_twiddle_interface.$ternary$/home/designer/shared/FFT/parallel_fft/design/rtl/twiddle_interface/twiddle_interface.v:84$382_Y [2] $flatten\u_fft_core.\u_twiddle_interface.$ternary$/home/designer/shared/FFT/parallel_fft/design/rtl/twiddle_interface/twiddle_interface.v:84$382_Y [4] 1'0 $flatten\u_fft_core.\u_twiddle_interface.$ternary$/home/designer/shared/FFT/parallel_fft/design/rtl/twiddle_interface/twiddle_interface.v:84$382_Y [1] 1'0 }
    Consolidated identical input bits for $mux cell $flatten\u_fft_core.\u_twiddle_interface.$ternary$/home/designer/shared/FFT/parallel_fft/design/rtl/twiddle_interface/twiddle_interface.v:94$398:
      Old ports: A=$flatten\u_fft_core.\u_twiddle_interface.$ternary$/home/designer/shared/FFT/parallel_fft/design/rtl/twiddle_interface/twiddle_interface.v:95$397_Y, B=16'1000001000011000, Y=$flatten\u_fft_core.\u_twiddle_interface.$ternary$/home/designer/shared/FFT/parallel_fft/design/rtl/twiddle_interface/twiddle_interface.v:94$398_Y
      New ports: A={ $flatten\u_fft_core.\u_twiddle_interface.$ternary$/home/designer/shared/FFT/parallel_fft/design/rtl/twiddle_interface/twiddle_interface.v:95$397_Y [0] $flatten\u_fft_core.\u_twiddle_interface.$ternary$/home/designer/shared/FFT/parallel_fft/design/rtl/twiddle_interface/twiddle_interface.v:95$397_Y [4] 1'0 $flatten\u_fft_core.\u_twiddle_interface.$ternary$/home/designer/shared/FFT/parallel_fft/design/rtl/twiddle_interface/twiddle_interface.v:95$397_Y [4] $flatten\u_fft_core.\u_twiddle_interface.$ternary$/home/designer/shared/FFT/parallel_fft/design/rtl/twiddle_interface/twiddle_interface.v:95$397_Y [1] $flatten\u_fft_core.\u_twiddle_interface.$ternary$/home/designer/shared/FFT/parallel_fft/design/rtl/twiddle_interface/twiddle_interface.v:95$397_Y [1:0] }, B=7'1011100, Y={ $flatten\u_fft_core.\u_twiddle_interface.$ternary$/home/designer/shared/FFT/parallel_fft/design/rtl/twiddle_interface/twiddle_interface.v:94$398_Y [15] $flatten\u_fft_core.\u_twiddle_interface.$ternary$/home/designer/shared/FFT/parallel_fft/design/rtl/twiddle_interface/twiddle_interface.v:94$398_Y [12] $flatten\u_fft_core.\u_twiddle_interface.$ternary$/home/designer/shared/FFT/parallel_fft/design/rtl/twiddle_interface/twiddle_interface.v:94$398_Y [9] $flatten\u_fft_core.\u_twiddle_interface.$ternary$/home/designer/shared/FFT/parallel_fft/design/rtl/twiddle_interface/twiddle_interface.v:94$398_Y [4:3] $flatten\u_fft_core.\u_twiddle_interface.$ternary$/home/designer/shared/FFT/parallel_fft/design/rtl/twiddle_interface/twiddle_interface.v:94$398_Y [1:0] }
      New connections: { $flatten\u_fft_core.\u_twiddle_interface.$ternary$/home/designer/shared/FFT/parallel_fft/design/rtl/twiddle_interface/twiddle_interface.v:94$398_Y [14:13] $flatten\u_fft_core.\u_twiddle_interface.$ternary$/home/designer/shared/FFT/parallel_fft/design/rtl/twiddle_interface/twiddle_interface.v:94$398_Y [11:10] $flatten\u_fft_core.\u_twiddle_interface.$ternary$/home/designer/shared/FFT/parallel_fft/design/rtl/twiddle_interface/twiddle_interface.v:94$398_Y [8:5] $flatten\u_fft_core.\u_twiddle_interface.$ternary$/home/designer/shared/FFT/parallel_fft/design/rtl/twiddle_interface/twiddle_interface.v:94$398_Y [2] } = { 1'0 $flatten\u_fft_core.\u_twiddle_interface.$ternary$/home/designer/shared/FFT/parallel_fft/design/rtl/twiddle_interface/twiddle_interface.v:94$398_Y [12] $flatten\u_fft_core.\u_twiddle_interface.$ternary$/home/designer/shared/FFT/parallel_fft/design/rtl/twiddle_interface/twiddle_interface.v:94$398_Y [0] 1'0 $flatten\u_fft_core.\u_twiddle_interface.$ternary$/home/designer/shared/FFT/parallel_fft/design/rtl/twiddle_interface/twiddle_interface.v:94$398_Y [1:0] $flatten\u_fft_core.\u_twiddle_interface.$ternary$/home/designer/shared/FFT/parallel_fft/design/rtl/twiddle_interface/twiddle_interface.v:94$398_Y [1] 1'0 $flatten\u_fft_core.\u_twiddle_interface.$ternary$/home/designer/shared/FFT/parallel_fft/design/rtl/twiddle_interface/twiddle_interface.v:94$398_Y [0] }
  Optimizing cells in module \top_chip.
    Consolidated identical input bits for $mux cell $flatten\u_fft_core.\u_buffer_parallel2serial.$procmux$2833:
      Old ports: A=8'00000000, B=$flatten\u_fft_core.\u_buffer_parallel2serial.$2$memwr$\mem_im$/home/designer/shared/FFT/parallel_fft/design/rtl/buffer_parallel2serial.v:66$44_EN[7:0]$161, Y=$flatten\u_fft_core.\u_buffer_parallel2serial.$0$memwr$\mem_im$/home/designer/shared/FFT/parallel_fft/design/rtl/buffer_parallel2serial.v:66$44_EN[7:0]$65
      New ports: A=1'0, B=$flatten\u_fft_core.\u_buffer_parallel2serial.$2$memwr$\mem_im$/home/designer/shared/FFT/parallel_fft/design/rtl/buffer_parallel2serial.v:66$44_EN[7:0]$161 [0], Y=$flatten\u_fft_core.\u_buffer_parallel2serial.$0$memwr$\mem_im$/home/designer/shared/FFT/parallel_fft/design/rtl/buffer_parallel2serial.v:66$44_EN[7:0]$65 [0]
      New connections: $flatten\u_fft_core.\u_buffer_parallel2serial.$0$memwr$\mem_im$/home/designer/shared/FFT/parallel_fft/design/rtl/buffer_parallel2serial.v:66$44_EN[7:0]$65 [7:1] = { $flatten\u_fft_core.\u_buffer_parallel2serial.$0$memwr$\mem_im$/home/designer/shared/FFT/parallel_fft/design/rtl/buffer_parallel2serial.v:66$44_EN[7:0]$65 [0] $flatten\u_fft_core.\u_buffer_parallel2serial.$0$memwr$\mem_im$/home/designer/shared/FFT/parallel_fft/design/rtl/buffer_parallel2serial.v:66$44_EN[7:0]$65 [0] $flatten\u_fft_core.\u_buffer_parallel2serial.$0$memwr$\mem_im$/home/designer/shared/FFT/parallel_fft/design/rtl/buffer_parallel2serial.v:66$44_EN[7:0]$65 [0] $flatten\u_fft_core.\u_buffer_parallel2serial.$0$memwr$\mem_im$/home/designer/shared/FFT/parallel_fft/design/rtl/buffer_parallel2serial.v:66$44_EN[7:0]$65 [0] $flatten\u_fft_core.\u_buffer_parallel2serial.$0$memwr$\mem_im$/home/designer/shared/FFT/parallel_fft/design/rtl/buffer_parallel2serial.v:66$44_EN[7:0]$65 [0] $flatten\u_fft_core.\u_buffer_parallel2serial.$0$memwr$\mem_im$/home/designer/shared/FFT/parallel_fft/design/rtl/buffer_parallel2serial.v:66$44_EN[7:0]$65 [0] $flatten\u_fft_core.\u_buffer_parallel2serial.$0$memwr$\mem_im$/home/designer/shared/FFT/parallel_fft/design/rtl/buffer_parallel2serial.v:66$44_EN[7:0]$65 [0] }
    Consolidated identical input bits for $mux cell $flatten\u_fft_core.\u_twiddle_interface.$ternary$/home/designer/shared/FFT/parallel_fft/design/rtl/twiddle_interface/twiddle_interface.v:42$319:
      Old ports: A=$auto$wreduce.cc:514:run$3935 [14:0], B=15'101101010100101, Y=$auto$wreduce.cc:514:run$3934 [14:0]
      New ports: A={ $auto$wreduce.cc:514:run$3935 [12] $auto$wreduce.cc:514:run$3935 [1] $auto$wreduce.cc:514:run$3935 [7] 1'0 $auto$wreduce.cc:514:run$3935 [2] $auto$wreduce.cc:514:run$3935 [3:0] }, B=9'111100101, Y={ $auto$wreduce.cc:514:run$3934 [12:11] $auto$wreduce.cc:514:run$3934 [7] $auto$wreduce.cc:514:run$3934 [5:0] }
      New connections: { $auto$wreduce.cc:514:run$3934 [14:13] $auto$wreduce.cc:514:run$3934 [10:8] $auto$wreduce.cc:514:run$3934 [6] } = { $auto$wreduce.cc:514:run$3934 [2] $auto$wreduce.cc:514:run$3934 [3] $auto$wreduce.cc:514:run$3934 [4] $auto$wreduce.cc:514:run$3934 [2] $auto$wreduce.cc:514:run$3934 [4] 1'0 }
    Consolidated identical input bits for $mux cell $flatten\u_fft_core.\u_twiddle_interface.$ternary$/home/designer/shared/FFT/parallel_fft/design/rtl/twiddle_interface/twiddle_interface.v:52$335:
      Old ports: A=$flatten\u_fft_core.\u_twiddle_interface.$ternary$/home/designer/shared/FFT/parallel_fft/design/rtl/twiddle_interface/twiddle_interface.v:53$334_Y, B=16'0000000010000000, Y=$flatten\u_fft_core.\u_twiddle_interface.$ternary$/home/designer/shared/FFT/parallel_fft/design/rtl/twiddle_interface/twiddle_interface.v:52$335_Y
      New ports: A={ $flatten\u_fft_core.\u_twiddle_interface.$ternary$/home/designer/shared/FFT/parallel_fft/design/rtl/twiddle_interface/twiddle_interface.v:53$334_Y [10:9] $flatten\u_fft_core.\u_twiddle_interface.$ternary$/home/designer/shared/FFT/parallel_fft/design/rtl/twiddle_interface/twiddle_interface.v:53$334_Y [0] $flatten\u_fft_core.\u_twiddle_interface.$ternary$/home/designer/shared/FFT/parallel_fft/design/rtl/twiddle_interface/twiddle_interface.v:53$334_Y [5] $flatten\u_fft_core.\u_twiddle_interface.$ternary$/home/designer/shared/FFT/parallel_fft/design/rtl/twiddle_interface/twiddle_interface.v:53$334_Y [3:0] }, B=8'00100000, Y={ $flatten\u_fft_core.\u_twiddle_interface.$ternary$/home/designer/shared/FFT/parallel_fft/design/rtl/twiddle_interface/twiddle_interface.v:52$335_Y [10:9] $flatten\u_fft_core.\u_twiddle_interface.$ternary$/home/designer/shared/FFT/parallel_fft/design/rtl/twiddle_interface/twiddle_interface.v:52$335_Y [7] $flatten\u_fft_core.\u_twiddle_interface.$ternary$/home/designer/shared/FFT/parallel_fft/design/rtl/twiddle_interface/twiddle_interface.v:52$335_Y [5] $flatten\u_fft_core.\u_twiddle_interface.$ternary$/home/designer/shared/FFT/parallel_fft/design/rtl/twiddle_interface/twiddle_interface.v:52$335_Y [3:0] }
      New connections: { $flatten\u_fft_core.\u_twiddle_interface.$ternary$/home/designer/shared/FFT/parallel_fft/design/rtl/twiddle_interface/twiddle_interface.v:52$335_Y [15:11] $flatten\u_fft_core.\u_twiddle_interface.$ternary$/home/designer/shared/FFT/parallel_fft/design/rtl/twiddle_interface/twiddle_interface.v:52$335_Y [8] $flatten\u_fft_core.\u_twiddle_interface.$ternary$/home/designer/shared/FFT/parallel_fft/design/rtl/twiddle_interface/twiddle_interface.v:52$335_Y [6] $flatten\u_fft_core.\u_twiddle_interface.$ternary$/home/designer/shared/FFT/parallel_fft/design/rtl/twiddle_interface/twiddle_interface.v:52$335_Y [4] } = { $flatten\u_fft_core.\u_twiddle_interface.$ternary$/home/designer/shared/FFT/parallel_fft/design/rtl/twiddle_interface/twiddle_interface.v:52$335_Y [0] $flatten\u_fft_core.\u_twiddle_interface.$ternary$/home/designer/shared/FFT/parallel_fft/design/rtl/twiddle_interface/twiddle_interface.v:52$335_Y [9] $flatten\u_fft_core.\u_twiddle_interface.$ternary$/home/designer/shared/FFT/parallel_fft/design/rtl/twiddle_interface/twiddle_interface.v:52$335_Y [5] 1'0 $flatten\u_fft_core.\u_twiddle_interface.$ternary$/home/designer/shared/FFT/parallel_fft/design/rtl/twiddle_interface/twiddle_interface.v:52$335_Y [3] $flatten\u_fft_core.\u_twiddle_interface.$ternary$/home/designer/shared/FFT/parallel_fft/design/rtl/twiddle_interface/twiddle_interface.v:52$335_Y [0] $flatten\u_fft_core.\u_twiddle_interface.$ternary$/home/designer/shared/FFT/parallel_fft/design/rtl/twiddle_interface/twiddle_interface.v:52$335_Y [1] 1'0 }
    Consolidated identical input bits for $mux cell $flatten\u_fft_core.\u_twiddle_interface.$ternary$/home/designer/shared/FFT/parallel_fft/design/rtl/twiddle_interface/twiddle_interface.v:62$351:
      Old ports: A=$flatten\u_fft_core.\u_twiddle_interface.$ternary$/home/designer/shared/FFT/parallel_fft/design/rtl/twiddle_interface/twiddle_interface.v:63$350_Y, B=16'1010010110100101, Y=$flatten\u_fft_core.\u_twiddle_interface.$ternary$/home/designer/shared/FFT/parallel_fft/design/rtl/twiddle_interface/twiddle_interface.v:62$351_Y
      New ports: A={ $flatten\u_fft_core.\u_twiddle_interface.$ternary$/home/designer/shared/FFT/parallel_fft/design/rtl/twiddle_interface/twiddle_interface.v:63$350_Y [3] $flatten\u_fft_core.\u_twiddle_interface.$ternary$/home/designer/shared/FFT/parallel_fft/design/rtl/twiddle_interface/twiddle_interface.v:63$350_Y [11] 1'0 $flatten\u_fft_core.\u_twiddle_interface.$ternary$/home/designer/shared/FFT/parallel_fft/design/rtl/twiddle_interface/twiddle_interface.v:63$350_Y [0] $flatten\u_fft_core.\u_twiddle_interface.$ternary$/home/designer/shared/FFT/parallel_fft/design/rtl/twiddle_interface/twiddle_interface.v:63$350_Y [4] $flatten\u_fft_core.\u_twiddle_interface.$ternary$/home/designer/shared/FFT/parallel_fft/design/rtl/twiddle_interface/twiddle_interface.v:63$350_Y [5:3] $flatten\u_fft_core.\u_twiddle_interface.$ternary$/home/designer/shared/FFT/parallel_fft/design/rtl/twiddle_interface/twiddle_interface.v:63$350_Y [1:0] }, B=10'1010110001, Y={ $flatten\u_fft_core.\u_twiddle_interface.$ternary$/home/designer/shared/FFT/parallel_fft/design/rtl/twiddle_interface/twiddle_interface.v:62$351_Y [13] $flatten\u_fft_core.\u_twiddle_interface.$ternary$/home/designer/shared/FFT/parallel_fft/design/rtl/twiddle_interface/twiddle_interface.v:62$351_Y [11:8] $flatten\u_fft_core.\u_twiddle_interface.$ternary$/home/designer/shared/FFT/parallel_fft/design/rtl/twiddle_interface/twiddle_interface.v:62$351_Y [5:3] $flatten\u_fft_core.\u_twiddle_interface.$ternary$/home/designer/shared/FFT/parallel_fft/design/rtl/twiddle_interface/twiddle_interface.v:62$351_Y [1:0] }
      New connections: { $flatten\u_fft_core.\u_twiddle_interface.$ternary$/home/designer/shared/FFT/parallel_fft/design/rtl/twiddle_interface/twiddle_interface.v:62$351_Y [15:14] $flatten\u_fft_core.\u_twiddle_interface.$ternary$/home/designer/shared/FFT/parallel_fft/design/rtl/twiddle_interface/twiddle_interface.v:62$351_Y [12] $flatten\u_fft_core.\u_twiddle_interface.$ternary$/home/designer/shared/FFT/parallel_fft/design/rtl/twiddle_interface/twiddle_interface.v:62$351_Y [7:6] $flatten\u_fft_core.\u_twiddle_interface.$ternary$/home/designer/shared/FFT/parallel_fft/design/rtl/twiddle_interface/twiddle_interface.v:62$351_Y [2] } = { $flatten\u_fft_core.\u_twiddle_interface.$ternary$/home/designer/shared/FFT/parallel_fft/design/rtl/twiddle_interface/twiddle_interface.v:62$351_Y [5] 1'0 $flatten\u_fft_core.\u_twiddle_interface.$ternary$/home/designer/shared/FFT/parallel_fft/design/rtl/twiddle_interface/twiddle_interface.v:62$351_Y [3] $flatten\u_fft_core.\u_twiddle_interface.$ternary$/home/designer/shared/FFT/parallel_fft/design/rtl/twiddle_interface/twiddle_interface.v:62$351_Y [0] $flatten\u_fft_core.\u_twiddle_interface.$ternary$/home/designer/shared/FFT/parallel_fft/design/rtl/twiddle_interface/twiddle_interface.v:62$351_Y [1:0] }
    Consolidated identical input bits for $mux cell $flatten\u_fft_core.\u_twiddle_interface.$ternary$/home/designer/shared/FFT/parallel_fft/design/rtl/twiddle_interface/twiddle_interface.v:73$367:
      Old ports: A=$auto$wreduce.cc:514:run$3942 [14:0], B=15'101101001011010, Y=$auto$wreduce.cc:514:run$3941 [14:0]
      New ports: A={ $auto$wreduce.cc:514:run$3942 [13] $auto$wreduce.cc:514:run$3942 [0] $auto$wreduce.cc:514:run$3942 [8] $auto$wreduce.cc:514:run$3942 [8] $auto$wreduce.cc:514:run$3942 [5] $auto$wreduce.cc:514:run$3942 [5] $auto$wreduce.cc:514:run$3942 [2] $auto$wreduce.cc:514:run$3942 [3:0] }, B=11'01101011010, Y={ $auto$wreduce.cc:514:run$3941 [13] $auto$wreduce.cc:514:run$3941 [11] $auto$wreduce.cc:514:run$3941 [9:8] $auto$wreduce.cc:514:run$3941 [6:0] }
      New connections: { $auto$wreduce.cc:514:run$3941 [14] $auto$wreduce.cc:514:run$3941 [12] $auto$wreduce.cc:514:run$3941 [10] $auto$wreduce.cc:514:run$3941 [7] } = { $auto$wreduce.cc:514:run$3941 [9] $auto$wreduce.cc:514:run$3941 [4] $auto$wreduce.cc:514:run$3941 [8] 1'0 }
    Consolidated identical input bits for $mux cell $flatten\u_fft_core.\u_twiddle_interface.$ternary$/home/designer/shared/FFT/parallel_fft/design/rtl/twiddle_interface/twiddle_interface.v:83$383:
      Old ports: A=$flatten\u_fft_core.\u_twiddle_interface.$ternary$/home/designer/shared/FFT/parallel_fft/design/rtl/twiddle_interface/twiddle_interface.v:84$382_Y, B=16'0000000001111111, Y=$flatten\u_fft_core.\u_twiddle_interface.$ternary$/home/designer/shared/FFT/parallel_fft/design/rtl/twiddle_interface/twiddle_interface.v:83$383_Y
      New ports: A={ $flatten\u_fft_core.\u_twiddle_interface.$ternary$/home/designer/shared/FFT/parallel_fft/design/rtl/twiddle_interface/twiddle_interface.v:84$382_Y [3] $flatten\u_fft_core.\u_twiddle_interface.$ternary$/home/designer/shared/FFT/parallel_fft/design/rtl/twiddle_interface/twiddle_interface.v:84$382_Y [5] $flatten\u_fft_core.\u_twiddle_interface.$ternary$/home/designer/shared/FFT/parallel_fft/design/rtl/twiddle_interface/twiddle_interface.v:84$382_Y [1] $flatten\u_fft_core.\u_twiddle_interface.$ternary$/home/designer/shared/FFT/parallel_fft/design/rtl/twiddle_interface/twiddle_interface.v:84$382_Y [2] $flatten\u_fft_core.\u_twiddle_interface.$ternary$/home/designer/shared/FFT/parallel_fft/design/rtl/twiddle_interface/twiddle_interface.v:84$382_Y [4] $flatten\u_fft_core.\u_twiddle_interface.$ternary$/home/designer/shared/FFT/parallel_fft/design/rtl/twiddle_interface/twiddle_interface.v:84$382_Y [5:1] 1'0 }, B=11'00000111111, Y={ $flatten\u_fft_core.\u_twiddle_interface.$ternary$/home/designer/shared/FFT/parallel_fft/design/rtl/twiddle_interface/twiddle_interface.v:83$383_Y [13] $flatten\u_fft_core.\u_twiddle_interface.$ternary$/home/designer/shared/FFT/parallel_fft/design/rtl/twiddle_interface/twiddle_interface.v:83$383_Y [11:8] $flatten\u_fft_core.\u_twiddle_interface.$ternary$/home/designer/shared/FFT/parallel_fft/design/rtl/twiddle_interface/twiddle_interface.v:83$383_Y [5:0] }
      New connections: { $flatten\u_fft_core.\u_twiddle_interface.$ternary$/home/designer/shared/FFT/parallel_fft/design/rtl/twiddle_interface/twiddle_interface.v:83$383_Y [15:14] $flatten\u_fft_core.\u_twiddle_interface.$ternary$/home/designer/shared/FFT/parallel_fft/design/rtl/twiddle_interface/twiddle_interface.v:83$383_Y [12] $flatten\u_fft_core.\u_twiddle_interface.$ternary$/home/designer/shared/FFT/parallel_fft/design/rtl/twiddle_interface/twiddle_interface.v:83$383_Y [7:6] } = { $flatten\u_fft_core.\u_twiddle_interface.$ternary$/home/designer/shared/FFT/parallel_fft/design/rtl/twiddle_interface/twiddle_interface.v:83$383_Y [8] $flatten\u_fft_core.\u_twiddle_interface.$ternary$/home/designer/shared/FFT/parallel_fft/design/rtl/twiddle_interface/twiddle_interface.v:83$383_Y [9] 2'00 $flatten\u_fft_core.\u_twiddle_interface.$ternary$/home/designer/shared/FFT/parallel_fft/design/rtl/twiddle_interface/twiddle_interface.v:83$383_Y [1] }
    Consolidated identical input bits for $mux cell $flatten\u_fft_core.\u_twiddle_interface.$ternary$/home/designer/shared/FFT/parallel_fft/design/rtl/twiddle_interface/twiddle_interface.v:93$399:
      Old ports: A=$flatten\u_fft_core.\u_twiddle_interface.$ternary$/home/designer/shared/FFT/parallel_fft/design/rtl/twiddle_interface/twiddle_interface.v:94$398_Y, B=16'1010010101011010, Y=$flatten\u_fft_core.\u_twiddle_interface.$ternary$/home/designer/shared/FFT/parallel_fft/design/rtl/twiddle_interface/twiddle_interface.v:93$399_Y
      New ports: A={ $flatten\u_fft_core.\u_twiddle_interface.$ternary$/home/designer/shared/FFT/parallel_fft/design/rtl/twiddle_interface/twiddle_interface.v:94$398_Y [15] $flatten\u_fft_core.\u_twiddle_interface.$ternary$/home/designer/shared/FFT/parallel_fft/design/rtl/twiddle_interface/twiddle_interface.v:94$398_Y [12] $flatten\u_fft_core.\u_twiddle_interface.$ternary$/home/designer/shared/FFT/parallel_fft/design/rtl/twiddle_interface/twiddle_interface.v:94$398_Y [12] 1'0 $flatten\u_fft_core.\u_twiddle_interface.$ternary$/home/designer/shared/FFT/parallel_fft/design/rtl/twiddle_interface/twiddle_interface.v:94$398_Y [9] $flatten\u_fft_core.\u_twiddle_interface.$ternary$/home/designer/shared/FFT/parallel_fft/design/rtl/twiddle_interface/twiddle_interface.v:94$398_Y [4:3] $flatten\u_fft_core.\u_twiddle_interface.$ternary$/home/designer/shared/FFT/parallel_fft/design/rtl/twiddle_interface/twiddle_interface.v:94$398_Y [1:0] }, B=9'110101110, Y={ $flatten\u_fft_core.\u_twiddle_interface.$ternary$/home/designer/shared/FFT/parallel_fft/design/rtl/twiddle_interface/twiddle_interface.v:93$399_Y [15] $flatten\u_fft_core.\u_twiddle_interface.$ternary$/home/designer/shared/FFT/parallel_fft/design/rtl/twiddle_interface/twiddle_interface.v:93$399_Y [13:12] $flatten\u_fft_core.\u_twiddle_interface.$ternary$/home/designer/shared/FFT/parallel_fft/design/rtl/twiddle_interface/twiddle_interface.v:93$399_Y [10:9] $flatten\u_fft_core.\u_twiddle_interface.$ternary$/home/designer/shared/FFT/parallel_fft/design/rtl/twiddle_interface/twiddle_interface.v:93$399_Y [4:3] $flatten\u_fft_core.\u_twiddle_interface.$ternary$/home/designer/shared/FFT/parallel_fft/design/rtl/twiddle_interface/twiddle_interface.v:93$399_Y [1:0] }
      New connections: { $flatten\u_fft_core.\u_twiddle_interface.$ternary$/home/designer/shared/FFT/parallel_fft/design/rtl/twiddle_interface/twiddle_interface.v:93$399_Y [14] $flatten\u_fft_core.\u_twiddle_interface.$ternary$/home/designer/shared/FFT/parallel_fft/design/rtl/twiddle_interface/twiddle_interface.v:93$399_Y [11] $flatten\u_fft_core.\u_twiddle_interface.$ternary$/home/designer/shared/FFT/parallel_fft/design/rtl/twiddle_interface/twiddle_interface.v:93$399_Y [8:5] $flatten\u_fft_core.\u_twiddle_interface.$ternary$/home/designer/shared/FFT/parallel_fft/design/rtl/twiddle_interface/twiddle_interface.v:93$399_Y [2] } = { 1'0 $flatten\u_fft_core.\u_twiddle_interface.$ternary$/home/designer/shared/FFT/parallel_fft/design/rtl/twiddle_interface/twiddle_interface.v:93$399_Y [0] $flatten\u_fft_core.\u_twiddle_interface.$ternary$/home/designer/shared/FFT/parallel_fft/design/rtl/twiddle_interface/twiddle_interface.v:93$399_Y [1:0] $flatten\u_fft_core.\u_twiddle_interface.$ternary$/home/designer/shared/FFT/parallel_fft/design/rtl/twiddle_interface/twiddle_interface.v:93$399_Y [1] 1'0 $flatten\u_fft_core.\u_twiddle_interface.$ternary$/home/designer/shared/FFT/parallel_fft/design/rtl/twiddle_interface/twiddle_interface.v:93$399_Y [0] }
  Optimizing cells in module \top_chip.
    Consolidated identical input bits for $mux cell $flatten\u_fft_core.\u_twiddle_interface.$ternary$/home/designer/shared/FFT/parallel_fft/design/rtl/twiddle_interface/twiddle_interface.v:41$320:
      Old ports: A=$auto$wreduce.cc:514:run$3934 [14:0], B=15'110101010111000, Y=$auto$wreduce.cc:514:run$3933 [14:0]
      New ports: A={ $auto$wreduce.cc:514:run$3934 [12:11] $auto$wreduce.cc:514:run$3934 [2] $auto$wreduce.cc:514:run$3934 [4] $auto$wreduce.cc:514:run$3934 [7] $auto$wreduce.cc:514:run$3934 [5:0] }, B=11'01101111000, Y={ $auto$wreduce.cc:514:run$3933 [12:11] $auto$wreduce.cc:514:run$3933 [9:7] $auto$wreduce.cc:514:run$3933 [5:0] }
      New connections: { $auto$wreduce.cc:514:run$3933 [14:13] $auto$wreduce.cc:514:run$3933 [10] $auto$wreduce.cc:514:run$3933 [6] } = { $auto$wreduce.cc:514:run$3933 [9] $auto$wreduce.cc:514:run$3933 [3] $auto$wreduce.cc:514:run$3933 [8] 1'0 }
    Consolidated identical input bits for $mux cell $flatten\u_fft_core.\u_twiddle_interface.$ternary$/home/designer/shared/FFT/parallel_fft/design/rtl/twiddle_interface/twiddle_interface.v:51$336:
      Old ports: A=$flatten\u_fft_core.\u_twiddle_interface.$ternary$/home/designer/shared/FFT/parallel_fft/design/rtl/twiddle_interface/twiddle_interface.v:52$335_Y, B=16'0011000010001001, Y=$flatten\u_fft_core.\u_twiddle_interface.$ternary$/home/designer/shared/FFT/parallel_fft/design/rtl/twiddle_interface/twiddle_interface.v:51$336_Y
      New ports: A={ $flatten\u_fft_core.\u_twiddle_interface.$ternary$/home/designer/shared/FFT/parallel_fft/design/rtl/twiddle_interface/twiddle_interface.v:52$335_Y [5] 1'0 $flatten\u_fft_core.\u_twiddle_interface.$ternary$/home/designer/shared/FFT/parallel_fft/design/rtl/twiddle_interface/twiddle_interface.v:52$335_Y [3] $flatten\u_fft_core.\u_twiddle_interface.$ternary$/home/designer/shared/FFT/parallel_fft/design/rtl/twiddle_interface/twiddle_interface.v:52$335_Y [10:9] $flatten\u_fft_core.\u_twiddle_interface.$ternary$/home/designer/shared/FFT/parallel_fft/design/rtl/twiddle_interface/twiddle_interface.v:52$335_Y [0] $flatten\u_fft_core.\u_twiddle_interface.$ternary$/home/designer/shared/FFT/parallel_fft/design/rtl/twiddle_interface/twiddle_interface.v:52$335_Y [7] $flatten\u_fft_core.\u_twiddle_interface.$ternary$/home/designer/shared/FFT/parallel_fft/design/rtl/twiddle_interface/twiddle_interface.v:52$335_Y [5] $flatten\u_fft_core.\u_twiddle_interface.$ternary$/home/designer/shared/FFT/parallel_fft/design/rtl/twiddle_interface/twiddle_interface.v:52$335_Y [3:0] }, B=12'110000101001, Y={ $flatten\u_fft_core.\u_twiddle_interface.$ternary$/home/designer/shared/FFT/parallel_fft/design/rtl/twiddle_interface/twiddle_interface.v:51$336_Y [13:7] $flatten\u_fft_core.\u_twiddle_interface.$ternary$/home/designer/shared/FFT/parallel_fft/design/rtl/twiddle_interface/twiddle_interface.v:51$336_Y [5] $flatten\u_fft_core.\u_twiddle_interface.$ternary$/home/designer/shared/FFT/parallel_fft/design/rtl/twiddle_interface/twiddle_interface.v:51$336_Y [3:0] }
      New connections: { $flatten\u_fft_core.\u_twiddle_interface.$ternary$/home/designer/shared/FFT/parallel_fft/design/rtl/twiddle_interface/twiddle_interface.v:51$336_Y [15:14] $flatten\u_fft_core.\u_twiddle_interface.$ternary$/home/designer/shared/FFT/parallel_fft/design/rtl/twiddle_interface/twiddle_interface.v:51$336_Y [6] $flatten\u_fft_core.\u_twiddle_interface.$ternary$/home/designer/shared/FFT/parallel_fft/design/rtl/twiddle_interface/twiddle_interface.v:51$336_Y [4] } = { $flatten\u_fft_core.\u_twiddle_interface.$ternary$/home/designer/shared/FFT/parallel_fft/design/rtl/twiddle_interface/twiddle_interface.v:51$336_Y [8] $flatten\u_fft_core.\u_twiddle_interface.$ternary$/home/designer/shared/FFT/parallel_fft/design/rtl/twiddle_interface/twiddle_interface.v:51$336_Y [9] $flatten\u_fft_core.\u_twiddle_interface.$ternary$/home/designer/shared/FFT/parallel_fft/design/rtl/twiddle_interface/twiddle_interface.v:51$336_Y [1] 1'0 }
    Consolidated identical input bits for $mux cell $flatten\u_fft_core.\u_twiddle_interface.$ternary$/home/designer/shared/FFT/parallel_fft/design/rtl/twiddle_interface/twiddle_interface.v:61$352:
      Old ports: A=$flatten\u_fft_core.\u_twiddle_interface.$ternary$/home/designer/shared/FFT/parallel_fft/design/rtl/twiddle_interface/twiddle_interface.v:62$351_Y, B=16'1110011110000010, Y=$flatten\u_fft_core.\u_twiddle_interface.$ternary$/home/designer/shared/FFT/parallel_fft/design/rtl/twiddle_interface/twiddle_interface.v:61$352_Y
      New ports: A={ $flatten\u_fft_core.\u_twiddle_interface.$ternary$/home/designer/shared/FFT/parallel_fft/design/rtl/twiddle_interface/twiddle_interface.v:62$351_Y [5] 1'0 $flatten\u_fft_core.\u_twiddle_interface.$ternary$/home/designer/shared/FFT/parallel_fft/design/rtl/twiddle_interface/twiddle_interface.v:62$351_Y [13] $flatten\u_fft_core.\u_twiddle_interface.$ternary$/home/designer/shared/FFT/parallel_fft/design/rtl/twiddle_interface/twiddle_interface.v:62$351_Y [11:8] $flatten\u_fft_core.\u_twiddle_interface.$ternary$/home/designer/shared/FFT/parallel_fft/design/rtl/twiddle_interface/twiddle_interface.v:62$351_Y [0] $flatten\u_fft_core.\u_twiddle_interface.$ternary$/home/designer/shared/FFT/parallel_fft/design/rtl/twiddle_interface/twiddle_interface.v:62$351_Y [1] $flatten\u_fft_core.\u_twiddle_interface.$ternary$/home/designer/shared/FFT/parallel_fft/design/rtl/twiddle_interface/twiddle_interface.v:62$351_Y [5:3] $flatten\u_fft_core.\u_twiddle_interface.$ternary$/home/designer/shared/FFT/parallel_fft/design/rtl/twiddle_interface/twiddle_interface.v:62$351_Y [1:0] }, B=14'11101111000010, Y={ $flatten\u_fft_core.\u_twiddle_interface.$ternary$/home/designer/shared/FFT/parallel_fft/design/rtl/twiddle_interface/twiddle_interface.v:61$352_Y [15:13] $flatten\u_fft_core.\u_twiddle_interface.$ternary$/home/designer/shared/FFT/parallel_fft/design/rtl/twiddle_interface/twiddle_interface.v:61$352_Y [11:3] $flatten\u_fft_core.\u_twiddle_interface.$ternary$/home/designer/shared/FFT/parallel_fft/design/rtl/twiddle_interface/twiddle_interface.v:61$352_Y [1:0] }
      New connections: { $flatten\u_fft_core.\u_twiddle_interface.$ternary$/home/designer/shared/FFT/parallel_fft/design/rtl/twiddle_interface/twiddle_interface.v:61$352_Y [12] $flatten\u_fft_core.\u_twiddle_interface.$ternary$/home/designer/shared/FFT/parallel_fft/design/rtl/twiddle_interface/twiddle_interface.v:61$352_Y [2] } = { $flatten\u_fft_core.\u_twiddle_interface.$ternary$/home/designer/shared/FFT/parallel_fft/design/rtl/twiddle_interface/twiddle_interface.v:61$352_Y [3] $flatten\u_fft_core.\u_twiddle_interface.$ternary$/home/designer/shared/FFT/parallel_fft/design/rtl/twiddle_interface/twiddle_interface.v:61$352_Y [0] }
    Consolidated identical input bits for $mux cell $flatten\u_fft_core.\u_twiddle_interface.$ternary$/home/designer/shared/FFT/parallel_fft/design/rtl/twiddle_interface/twiddle_interface.v:72$368:
      Old ports: A=$auto$wreduce.cc:514:run$3941 [14:0], B=15'110101001000111, Y=$auto$wreduce.cc:514:run$3940 [14:0]
      New ports: A={ $auto$wreduce.cc:514:run$3941 [13] $auto$wreduce.cc:514:run$3941 [11] $auto$wreduce.cc:514:run$3941 [9:8] $auto$wreduce.cc:514:run$3941 [6:0] }, B=11'11101000111, Y={ $auto$wreduce.cc:514:run$3940 [13] $auto$wreduce.cc:514:run$3940 [11] $auto$wreduce.cc:514:run$3940 [9:8] $auto$wreduce.cc:514:run$3940 [6:0] }
      New connections: { $auto$wreduce.cc:514:run$3940 [14] $auto$wreduce.cc:514:run$3940 [12] $auto$wreduce.cc:514:run$3940 [10] $auto$wreduce.cc:514:run$3940 [7] } = { $auto$wreduce.cc:514:run$3940 [9] $auto$wreduce.cc:514:run$3940 [4] $auto$wreduce.cc:514:run$3940 [8] 1'0 }
    Consolidated identical input bits for $mux cell $flatten\u_fft_core.\u_twiddle_interface.$ternary$/home/designer/shared/FFT/parallel_fft/design/rtl/twiddle_interface/twiddle_interface.v:82$384:
      Old ports: A=$flatten\u_fft_core.\u_twiddle_interface.$ternary$/home/designer/shared/FFT/parallel_fft/design/rtl/twiddle_interface/twiddle_interface.v:83$383_Y, B=16'0011000001110110, Y=$flatten\u_fft_core.\u_twiddle_interface.$ternary$/home/designer/shared/FFT/parallel_fft/design/rtl/twiddle_interface/twiddle_interface.v:82$384_Y
      New ports: A={ $flatten\u_fft_core.\u_twiddle_interface.$ternary$/home/designer/shared/FFT/parallel_fft/design/rtl/twiddle_interface/twiddle_interface.v:83$383_Y [13] 1'0 $flatten\u_fft_core.\u_twiddle_interface.$ternary$/home/designer/shared/FFT/parallel_fft/design/rtl/twiddle_interface/twiddle_interface.v:83$383_Y [11:8] $flatten\u_fft_core.\u_twiddle_interface.$ternary$/home/designer/shared/FFT/parallel_fft/design/rtl/twiddle_interface/twiddle_interface.v:83$383_Y [5:0] }, B=12'110000110110, Y={ $flatten\u_fft_core.\u_twiddle_interface.$ternary$/home/designer/shared/FFT/parallel_fft/design/rtl/twiddle_interface/twiddle_interface.v:82$384_Y [13:8] $flatten\u_fft_core.\u_twiddle_interface.$ternary$/home/designer/shared/FFT/parallel_fft/design/rtl/twiddle_interface/twiddle_interface.v:82$384_Y [5:0] }
      New connections: { $flatten\u_fft_core.\u_twiddle_interface.$ternary$/home/designer/shared/FFT/parallel_fft/design/rtl/twiddle_interface/twiddle_interface.v:82$384_Y [15:14] $flatten\u_fft_core.\u_twiddle_interface.$ternary$/home/designer/shared/FFT/parallel_fft/design/rtl/twiddle_interface/twiddle_interface.v:82$384_Y [7:6] } = { $flatten\u_fft_core.\u_twiddle_interface.$ternary$/home/designer/shared/FFT/parallel_fft/design/rtl/twiddle_interface/twiddle_interface.v:82$384_Y [8] $flatten\u_fft_core.\u_twiddle_interface.$ternary$/home/designer/shared/FFT/parallel_fft/design/rtl/twiddle_interface/twiddle_interface.v:82$384_Y [9] 1'0 $flatten\u_fft_core.\u_twiddle_interface.$ternary$/home/designer/shared/FFT/parallel_fft/design/rtl/twiddle_interface/twiddle_interface.v:82$384_Y [1] }
    Consolidated identical input bits for $mux cell $flatten\u_fft_core.\u_twiddle_interface.$ternary$/home/designer/shared/FFT/parallel_fft/design/rtl/twiddle_interface/twiddle_interface.v:92$400:
      Old ports: A=$flatten\u_fft_core.\u_twiddle_interface.$ternary$/home/designer/shared/FFT/parallel_fft/design/rtl/twiddle_interface/twiddle_interface.v:93$399_Y, B=16'1110011101111101, Y=$flatten\u_fft_core.\u_twiddle_interface.$ternary$/home/designer/shared/FFT/parallel_fft/design/rtl/twiddle_interface/twiddle_interface.v:92$400_Y
      New ports: A={ $flatten\u_fft_core.\u_twiddle_interface.$ternary$/home/designer/shared/FFT/parallel_fft/design/rtl/twiddle_interface/twiddle_interface.v:93$399_Y [15] $flatten\u_fft_core.\u_twiddle_interface.$ternary$/home/designer/shared/FFT/parallel_fft/design/rtl/twiddle_interface/twiddle_interface.v:93$399_Y [13:12] $flatten\u_fft_core.\u_twiddle_interface.$ternary$/home/designer/shared/FFT/parallel_fft/design/rtl/twiddle_interface/twiddle_interface.v:93$399_Y [10:9] $flatten\u_fft_core.\u_twiddle_interface.$ternary$/home/designer/shared/FFT/parallel_fft/design/rtl/twiddle_interface/twiddle_interface.v:93$399_Y [0] $flatten\u_fft_core.\u_twiddle_interface.$ternary$/home/designer/shared/FFT/parallel_fft/design/rtl/twiddle_interface/twiddle_interface.v:93$399_Y [1] 1'0 $flatten\u_fft_core.\u_twiddle_interface.$ternary$/home/designer/shared/FFT/parallel_fft/design/rtl/twiddle_interface/twiddle_interface.v:93$399_Y [4:3] $flatten\u_fft_core.\u_twiddle_interface.$ternary$/home/designer/shared/FFT/parallel_fft/design/rtl/twiddle_interface/twiddle_interface.v:93$399_Y [1:0] }, B=12'110110111101, Y={ $flatten\u_fft_core.\u_twiddle_interface.$ternary$/home/designer/shared/FFT/parallel_fft/design/rtl/twiddle_interface/twiddle_interface.v:92$400_Y [15] $flatten\u_fft_core.\u_twiddle_interface.$ternary$/home/designer/shared/FFT/parallel_fft/design/rtl/twiddle_interface/twiddle_interface.v:92$400_Y [13:12] $flatten\u_fft_core.\u_twiddle_interface.$ternary$/home/designer/shared/FFT/parallel_fft/design/rtl/twiddle_interface/twiddle_interface.v:92$400_Y [10:9] $flatten\u_fft_core.\u_twiddle_interface.$ternary$/home/designer/shared/FFT/parallel_fft/design/rtl/twiddle_interface/twiddle_interface.v:92$400_Y [7:3] $flatten\u_fft_core.\u_twiddle_interface.$ternary$/home/designer/shared/FFT/parallel_fft/design/rtl/twiddle_interface/twiddle_interface.v:92$400_Y [1:0] }
      New connections: { $flatten\u_fft_core.\u_twiddle_interface.$ternary$/home/designer/shared/FFT/parallel_fft/design/rtl/twiddle_interface/twiddle_interface.v:92$400_Y [14] $flatten\u_fft_core.\u_twiddle_interface.$ternary$/home/designer/shared/FFT/parallel_fft/design/rtl/twiddle_interface/twiddle_interface.v:92$400_Y [11] $flatten\u_fft_core.\u_twiddle_interface.$ternary$/home/designer/shared/FFT/parallel_fft/design/rtl/twiddle_interface/twiddle_interface.v:92$400_Y [8] $flatten\u_fft_core.\u_twiddle_interface.$ternary$/home/designer/shared/FFT/parallel_fft/design/rtl/twiddle_interface/twiddle_interface.v:92$400_Y [2] } = { $flatten\u_fft_core.\u_twiddle_interface.$ternary$/home/designer/shared/FFT/parallel_fft/design/rtl/twiddle_interface/twiddle_interface.v:92$400_Y [5] $flatten\u_fft_core.\u_twiddle_interface.$ternary$/home/designer/shared/FFT/parallel_fft/design/rtl/twiddle_interface/twiddle_interface.v:92$400_Y [7:6] $flatten\u_fft_core.\u_twiddle_interface.$ternary$/home/designer/shared/FFT/parallel_fft/design/rtl/twiddle_interface/twiddle_interface.v:92$400_Y [0] }
  Optimizing cells in module \top_chip.
    Consolidated identical input bits for $mux cell $flatten\u_fft_core.\u_twiddle_interface.$ternary$/home/designer/shared/FFT/parallel_fft/design/rtl/twiddle_interface/twiddle_interface.v:40$321:
      Old ports: A=$auto$wreduce.cc:514:run$3933 [14:0], B=15'111011011001111, Y=$auto$wreduce.cc:514:run$3932 [14:0]
      New ports: A={ $auto$wreduce.cc:514:run$3933 [12:11] $auto$wreduce.cc:514:run$3933 [8] $auto$wreduce.cc:514:run$3933 [9:7] 1'0 $auto$wreduce.cc:514:run$3933 [5:0] }, B=13'1011011001111, Y=$auto$wreduce.cc:514:run$3932 [12:0]
      New connections: $auto$wreduce.cc:514:run$3932 [14:13] = { $auto$wreduce.cc:514:run$3932 [9] $auto$wreduce.cc:514:run$3932 [3] }
    Consolidated identical input bits for $mux cell $flatten\u_fft_core.\u_twiddle_interface.$ternary$/home/designer/shared/FFT/parallel_fft/design/rtl/twiddle_interface/twiddle_interface.v:50$337:
      Old ports: A=$flatten\u_fft_core.\u_twiddle_interface.$ternary$/home/designer/shared/FFT/parallel_fft/design/rtl/twiddle_interface/twiddle_interface.v:51$336_Y, B=16'0101101010100101, Y=$flatten\u_fft_core.\u_twiddle_interface.$ternary$/home/designer/shared/FFT/parallel_fft/design/rtl/twiddle_interface/twiddle_interface.v:50$337_Y
      New ports: A={ $flatten\u_fft_core.\u_twiddle_interface.$ternary$/home/designer/shared/FFT/parallel_fft/design/rtl/twiddle_interface/twiddle_interface.v:51$336_Y [13:7] $flatten\u_fft_core.\u_twiddle_interface.$ternary$/home/designer/shared/FFT/parallel_fft/design/rtl/twiddle_interface/twiddle_interface.v:51$336_Y [5] $flatten\u_fft_core.\u_twiddle_interface.$ternary$/home/designer/shared/FFT/parallel_fft/design/rtl/twiddle_interface/twiddle_interface.v:51$336_Y [3:0] }, B=12'011010110101, Y={ $flatten\u_fft_core.\u_twiddle_interface.$ternary$/home/designer/shared/FFT/parallel_fft/design/rtl/twiddle_interface/twiddle_interface.v:50$337_Y [13:7] $flatten\u_fft_core.\u_twiddle_interface.$ternary$/home/designer/shared/FFT/parallel_fft/design/rtl/twiddle_interface/twiddle_interface.v:50$337_Y [5] $flatten\u_fft_core.\u_twiddle_interface.$ternary$/home/designer/shared/FFT/parallel_fft/design/rtl/twiddle_interface/twiddle_interface.v:50$337_Y [3:0] }
      New connections: { $flatten\u_fft_core.\u_twiddle_interface.$ternary$/home/designer/shared/FFT/parallel_fft/design/rtl/twiddle_interface/twiddle_interface.v:50$337_Y [15:14] $flatten\u_fft_core.\u_twiddle_interface.$ternary$/home/designer/shared/FFT/parallel_fft/design/rtl/twiddle_interface/twiddle_interface.v:50$337_Y [6] $flatten\u_fft_core.\u_twiddle_interface.$ternary$/home/designer/shared/FFT/parallel_fft/design/rtl/twiddle_interface/twiddle_interface.v:50$337_Y [4] } = { $flatten\u_fft_core.\u_twiddle_interface.$ternary$/home/designer/shared/FFT/parallel_fft/design/rtl/twiddle_interface/twiddle_interface.v:50$337_Y [8] $flatten\u_fft_core.\u_twiddle_interface.$ternary$/home/designer/shared/FFT/parallel_fft/design/rtl/twiddle_interface/twiddle_interface.v:50$337_Y [9] $flatten\u_fft_core.\u_twiddle_interface.$ternary$/home/designer/shared/FFT/parallel_fft/design/rtl/twiddle_interface/twiddle_interface.v:50$337_Y [1] 1'0 }
    Consolidated identical input bits for $mux cell $flatten\u_fft_core.\u_twiddle_interface.$ternary$/home/designer/shared/FFT/parallel_fft/design/rtl/twiddle_interface/twiddle_interface.v:60$353:
      Old ports: A=$flatten\u_fft_core.\u_twiddle_interface.$ternary$/home/designer/shared/FFT/parallel_fft/design/rtl/twiddle_interface/twiddle_interface.v:61$352_Y, B=16'0011000010001001, Y=$flatten\u_fft_core.\u_twiddle_interface.$ternary$/home/designer/shared/FFT/parallel_fft/design/rtl/twiddle_interface/twiddle_interface.v:60$353_Y
      New ports: A={ $flatten\u_fft_core.\u_twiddle_interface.$ternary$/home/designer/shared/FFT/parallel_fft/design/rtl/twiddle_interface/twiddle_interface.v:61$352_Y [15:13] $flatten\u_fft_core.\u_twiddle_interface.$ternary$/home/designer/shared/FFT/parallel_fft/design/rtl/twiddle_interface/twiddle_interface.v:61$352_Y [11:3] $flatten\u_fft_core.\u_twiddle_interface.$ternary$/home/designer/shared/FFT/parallel_fft/design/rtl/twiddle_interface/twiddle_interface.v:61$352_Y [0] $flatten\u_fft_core.\u_twiddle_interface.$ternary$/home/designer/shared/FFT/parallel_fft/design/rtl/twiddle_interface/twiddle_interface.v:61$352_Y [1:0] }, B=15'001000010001001, Y={ $flatten\u_fft_core.\u_twiddle_interface.$ternary$/home/designer/shared/FFT/parallel_fft/design/rtl/twiddle_interface/twiddle_interface.v:60$353_Y [15:13] $flatten\u_fft_core.\u_twiddle_interface.$ternary$/home/designer/shared/FFT/parallel_fft/design/rtl/twiddle_interface/twiddle_interface.v:60$353_Y [11:0] }
      New connections: $flatten\u_fft_core.\u_twiddle_interface.$ternary$/home/designer/shared/FFT/parallel_fft/design/rtl/twiddle_interface/twiddle_interface.v:60$353_Y [12] = $flatten\u_fft_core.\u_twiddle_interface.$ternary$/home/designer/shared/FFT/parallel_fft/design/rtl/twiddle_interface/twiddle_interface.v:60$353_Y [3]
    Consolidated identical input bits for $mux cell $flatten\u_fft_core.\u_twiddle_interface.$ternary$/home/designer/shared/FFT/parallel_fft/design/rtl/twiddle_interface/twiddle_interface.v:71$369:
      Old ports: A=$auto$wreduce.cc:514:run$3940 [14:0], B=15'111011000110000, Y=$auto$wreduce.cc:514:run$3939 [14:0]
      New ports: A={ $auto$wreduce.cc:514:run$3940 [13] $auto$wreduce.cc:514:run$3940 [11] $auto$wreduce.cc:514:run$3940 [8] $auto$wreduce.cc:514:run$3940 [9:8] $auto$wreduce.cc:514:run$3940 [6:0] }, B=12'101100110000, Y={ $auto$wreduce.cc:514:run$3939 [13] $auto$wreduce.cc:514:run$3939 [11:8] $auto$wreduce.cc:514:run$3939 [6:0] }
      New connections: { $auto$wreduce.cc:514:run$3939 [14] $auto$wreduce.cc:514:run$3939 [12] $auto$wreduce.cc:514:run$3939 [7] } = { $auto$wreduce.cc:514:run$3939 [9] $auto$wreduce.cc:514:run$3939 [4] 1'0 }
    Consolidated identical input bits for $mux cell $flatten\u_fft_core.\u_twiddle_interface.$ternary$/home/designer/shared/FFT/parallel_fft/design/rtl/twiddle_interface/twiddle_interface.v:81$385:
      Old ports: A=$flatten\u_fft_core.\u_twiddle_interface.$ternary$/home/designer/shared/FFT/parallel_fft/design/rtl/twiddle_interface/twiddle_interface.v:82$384_Y, B=16'0101101001011010, Y=$flatten\u_fft_core.\u_twiddle_interface.$ternary$/home/designer/shared/FFT/parallel_fft/design/rtl/twiddle_interface/twiddle_interface.v:81$385_Y
      New ports: A={ $flatten\u_fft_core.\u_twiddle_interface.$ternary$/home/designer/shared/FFT/parallel_fft/design/rtl/twiddle_interface/twiddle_interface.v:82$384_Y [13:8] $flatten\u_fft_core.\u_twiddle_interface.$ternary$/home/designer/shared/FFT/parallel_fft/design/rtl/twiddle_interface/twiddle_interface.v:82$384_Y [5:0] }, B=12'011010011010, Y={ $flatten\u_fft_core.\u_twiddle_interface.$ternary$/home/designer/shared/FFT/parallel_fft/design/rtl/twiddle_interface/twiddle_interface.v:81$385_Y [13:8] $flatten\u_fft_core.\u_twiddle_interface.$ternary$/home/designer/shared/FFT/parallel_fft/design/rtl/twiddle_interface/twiddle_interface.v:81$385_Y [5:0] }
      New connections: { $flatten\u_fft_core.\u_twiddle_interface.$ternary$/home/designer/shared/FFT/parallel_fft/design/rtl/twiddle_interface/twiddle_interface.v:81$385_Y [15:14] $flatten\u_fft_core.\u_twiddle_interface.$ternary$/home/designer/shared/FFT/parallel_fft/design/rtl/twiddle_interface/twiddle_interface.v:81$385_Y [7:6] } = { $flatten\u_fft_core.\u_twiddle_interface.$ternary$/home/designer/shared/FFT/parallel_fft/design/rtl/twiddle_interface/twiddle_interface.v:81$385_Y [8] $flatten\u_fft_core.\u_twiddle_interface.$ternary$/home/designer/shared/FFT/parallel_fft/design/rtl/twiddle_interface/twiddle_interface.v:81$385_Y [9] 1'0 $flatten\u_fft_core.\u_twiddle_interface.$ternary$/home/designer/shared/FFT/parallel_fft/design/rtl/twiddle_interface/twiddle_interface.v:81$385_Y [1] }
    Consolidated identical input bits for $mux cell $flatten\u_fft_core.\u_twiddle_interface.$ternary$/home/designer/shared/FFT/parallel_fft/design/rtl/twiddle_interface/twiddle_interface.v:91$401:
      Old ports: A=$flatten\u_fft_core.\u_twiddle_interface.$ternary$/home/designer/shared/FFT/parallel_fft/design/rtl/twiddle_interface/twiddle_interface.v:92$400_Y, B=16'0011000001110110, Y=$flatten\u_fft_core.\u_twiddle_interface.$ternary$/home/designer/shared/FFT/parallel_fft/design/rtl/twiddle_interface/twiddle_interface.v:91$401_Y
      New ports: A={ $flatten\u_fft_core.\u_twiddle_interface.$ternary$/home/designer/shared/FFT/parallel_fft/design/rtl/twiddle_interface/twiddle_interface.v:92$400_Y [15] $flatten\u_fft_core.\u_twiddle_interface.$ternary$/home/designer/shared/FFT/parallel_fft/design/rtl/twiddle_interface/twiddle_interface.v:92$400_Y [5] $flatten\u_fft_core.\u_twiddle_interface.$ternary$/home/designer/shared/FFT/parallel_fft/design/rtl/twiddle_interface/twiddle_interface.v:92$400_Y [13:12] $flatten\u_fft_core.\u_twiddle_interface.$ternary$/home/designer/shared/FFT/parallel_fft/design/rtl/twiddle_interface/twiddle_interface.v:92$400_Y [10:9] $flatten\u_fft_core.\u_twiddle_interface.$ternary$/home/designer/shared/FFT/parallel_fft/design/rtl/twiddle_interface/twiddle_interface.v:92$400_Y [6] $flatten\u_fft_core.\u_twiddle_interface.$ternary$/home/designer/shared/FFT/parallel_fft/design/rtl/twiddle_interface/twiddle_interface.v:92$400_Y [7:3] $flatten\u_fft_core.\u_twiddle_interface.$ternary$/home/designer/shared/FFT/parallel_fft/design/rtl/twiddle_interface/twiddle_interface.v:92$400_Y [0] $flatten\u_fft_core.\u_twiddle_interface.$ternary$/home/designer/shared/FFT/parallel_fft/design/rtl/twiddle_interface/twiddle_interface.v:92$400_Y [1:0] }, B=15'001100001110110, Y={ $flatten\u_fft_core.\u_twiddle_interface.$ternary$/home/designer/shared/FFT/parallel_fft/design/rtl/twiddle_interface/twiddle_interface.v:91$401_Y [15:12] $flatten\u_fft_core.\u_twiddle_interface.$ternary$/home/designer/shared/FFT/parallel_fft/design/rtl/twiddle_interface/twiddle_interface.v:91$401_Y [10:0] }
      New connections: $flatten\u_fft_core.\u_twiddle_interface.$ternary$/home/designer/shared/FFT/parallel_fft/design/rtl/twiddle_interface/twiddle_interface.v:91$401_Y [11] = $flatten\u_fft_core.\u_twiddle_interface.$ternary$/home/designer/shared/FFT/parallel_fft/design/rtl/twiddle_interface/twiddle_interface.v:91$401_Y [7]
  Optimizing cells in module \top_chip.
    Consolidated identical input bits for $mux cell $flatten\u_fft_core.\u_twiddle_interface.$ternary$/home/designer/shared/FFT/parallel_fft/design/rtl/twiddle_interface/twiddle_interface.v:49$338:
      Old ports: A=$flatten\u_fft_core.\u_twiddle_interface.$ternary$/home/designer/shared/FFT/parallel_fft/design/rtl/twiddle_interface/twiddle_interface.v:50$337_Y, B=16'0111011011001111, Y=$flatten\u_fft_core.\u_twiddle_interface.$ternary$/home/designer/shared/FFT/parallel_fft/design/rtl/twiddle_interface/twiddle_interface.v:49$338_Y
      New ports: A={ $flatten\u_fft_core.\u_twiddle_interface.$ternary$/home/designer/shared/FFT/parallel_fft/design/rtl/twiddle_interface/twiddle_interface.v:50$337_Y [13:7] $flatten\u_fft_core.\u_twiddle_interface.$ternary$/home/designer/shared/FFT/parallel_fft/design/rtl/twiddle_interface/twiddle_interface.v:50$337_Y [5] $flatten\u_fft_core.\u_twiddle_interface.$ternary$/home/designer/shared/FFT/parallel_fft/design/rtl/twiddle_interface/twiddle_interface.v:50$337_Y [3:0] }, B=12'110110101111, Y={ $flatten\u_fft_core.\u_twiddle_interface.$ternary$/home/designer/shared/FFT/parallel_fft/design/rtl/twiddle_interface/twiddle_interface.v:49$338_Y [13:7] $flatten\u_fft_core.\u_twiddle_interface.$ternary$/home/designer/shared/FFT/parallel_fft/design/rtl/twiddle_interface/twiddle_interface.v:49$338_Y [5] $flatten\u_fft_core.\u_twiddle_interface.$ternary$/home/designer/shared/FFT/parallel_fft/design/rtl/twiddle_interface/twiddle_interface.v:49$338_Y [3:0] }
      New connections: { $flatten\u_fft_core.\u_twiddle_interface.$ternary$/home/designer/shared/FFT/parallel_fft/design/rtl/twiddle_interface/twiddle_interface.v:49$338_Y [15:14] $flatten\u_fft_core.\u_twiddle_interface.$ternary$/home/designer/shared/FFT/parallel_fft/design/rtl/twiddle_interface/twiddle_interface.v:49$338_Y [6] $flatten\u_fft_core.\u_twiddle_interface.$ternary$/home/designer/shared/FFT/parallel_fft/design/rtl/twiddle_interface/twiddle_interface.v:49$338_Y [4] } = { $flatten\u_fft_core.\u_twiddle_interface.$ternary$/home/designer/shared/FFT/parallel_fft/design/rtl/twiddle_interface/twiddle_interface.v:49$338_Y [8] $flatten\u_fft_core.\u_twiddle_interface.$ternary$/home/designer/shared/FFT/parallel_fft/design/rtl/twiddle_interface/twiddle_interface.v:49$338_Y [9] $flatten\u_fft_core.\u_twiddle_interface.$ternary$/home/designer/shared/FFT/parallel_fft/design/rtl/twiddle_interface/twiddle_interface.v:49$338_Y [1] 1'0 }
    Consolidated identical input bits for $mux cell $flatten\u_fft_core.\u_twiddle_interface.$ternary$/home/designer/shared/FFT/parallel_fft/design/rtl/twiddle_interface/twiddle_interface.v:70$370:
      Old ports: A=$auto$wreduce.cc:514:run$3939 [14:0], B=15'111110100011000, Y=$auto$wreduce.cc:514:run$3938 [14:0]
      New ports: A={ $auto$wreduce.cc:514:run$3939 [9] $auto$wreduce.cc:514:run$3939 [13] $auto$wreduce.cc:514:run$3939 [11:8] $auto$wreduce.cc:514:run$3939 [6:0] }, B=13'1111010011000, Y={ $auto$wreduce.cc:514:run$3938 [14:13] $auto$wreduce.cc:514:run$3938 [11:8] $auto$wreduce.cc:514:run$3938 [6:0] }
      New connections: { $auto$wreduce.cc:514:run$3938 [12] $auto$wreduce.cc:514:run$3938 [7] } = { $auto$wreduce.cc:514:run$3938 [4] 1'0 }
    Consolidated identical input bits for $mux cell $flatten\u_fft_core.\u_twiddle_interface.$ternary$/home/designer/shared/FFT/parallel_fft/design/rtl/twiddle_interface/twiddle_interface.v:80$386:
      Old ports: A=$flatten\u_fft_core.\u_twiddle_interface.$ternary$/home/designer/shared/FFT/parallel_fft/design/rtl/twiddle_interface/twiddle_interface.v:81$385_Y, B=16'0111011000110000, Y=$flatten\u_fft_core.\u_twiddle_interface.$ternary$/home/designer/shared/FFT/parallel_fft/design/rtl/twiddle_interface/twiddle_interface.v:80$386_Y
      New ports: A={ $flatten\u_fft_core.\u_twiddle_interface.$ternary$/home/designer/shared/FFT/parallel_fft/design/rtl/twiddle_interface/twiddle_interface.v:81$385_Y [13:8] $flatten\u_fft_core.\u_twiddle_interface.$ternary$/home/designer/shared/FFT/parallel_fft/design/rtl/twiddle_interface/twiddle_interface.v:81$385_Y [5:0] }, B=12'110110110000, Y={ $flatten\u_fft_core.\u_twiddle_interface.$ternary$/home/designer/shared/FFT/parallel_fft/design/rtl/twiddle_interface/twiddle_interface.v:80$386_Y [13:8] $flatten\u_fft_core.\u_twiddle_interface.$ternary$/home/designer/shared/FFT/parallel_fft/design/rtl/twiddle_interface/twiddle_interface.v:80$386_Y [5:0] }
      New connections: { $flatten\u_fft_core.\u_twiddle_interface.$ternary$/home/designer/shared/FFT/parallel_fft/design/rtl/twiddle_interface/twiddle_interface.v:80$386_Y [15:14] $flatten\u_fft_core.\u_twiddle_interface.$ternary$/home/designer/shared/FFT/parallel_fft/design/rtl/twiddle_interface/twiddle_interface.v:80$386_Y [7:6] } = { $flatten\u_fft_core.\u_twiddle_interface.$ternary$/home/designer/shared/FFT/parallel_fft/design/rtl/twiddle_interface/twiddle_interface.v:80$386_Y [8] $flatten\u_fft_core.\u_twiddle_interface.$ternary$/home/designer/shared/FFT/parallel_fft/design/rtl/twiddle_interface/twiddle_interface.v:80$386_Y [9] 1'0 $flatten\u_fft_core.\u_twiddle_interface.$ternary$/home/designer/shared/FFT/parallel_fft/design/rtl/twiddle_interface/twiddle_interface.v:80$386_Y [1] }
  Optimizing cells in module \top_chip.
    Consolidated identical input bits for $mux cell $flatten\u_fft_core.\u_twiddle_interface.$ternary$/home/designer/shared/FFT/parallel_fft/design/rtl/twiddle_interface/twiddle_interface.v:48$339:
      Old ports: A=$flatten\u_fft_core.\u_twiddle_interface.$ternary$/home/designer/shared/FFT/parallel_fft/design/rtl/twiddle_interface/twiddle_interface.v:49$338_Y, B=16'0111111100000000, Y=\u_fft_core.u_twiddle_interface.val_w2_fwd
      New ports: A={ $flatten\u_fft_core.\u_twiddle_interface.$ternary$/home/designer/shared/FFT/parallel_fft/design/rtl/twiddle_interface/twiddle_interface.v:49$338_Y [8] $flatten\u_fft_core.\u_twiddle_interface.$ternary$/home/designer/shared/FFT/parallel_fft/design/rtl/twiddle_interface/twiddle_interface.v:49$338_Y [13:7] $flatten\u_fft_core.\u_twiddle_interface.$ternary$/home/designer/shared/FFT/parallel_fft/design/rtl/twiddle_interface/twiddle_interface.v:49$338_Y [5] $flatten\u_fft_core.\u_twiddle_interface.$ternary$/home/designer/shared/FFT/parallel_fft/design/rtl/twiddle_interface/twiddle_interface.v:49$338_Y [3:0] }, B=13'0111111000000, Y={ \u_fft_core.u_twiddle_interface.val_w2_fwd [15] \u_fft_core.u_twiddle_interface.val_w2_fwd [13:7] \u_fft_core.u_twiddle_interface.val_w2_fwd [5] \u_fft_core.u_twiddle_interface.val_w2_fwd [3:0] }
      New connections: { \u_fft_core.u_twiddle_interface.val_w2_fwd [14] \u_fft_core.u_twiddle_interface.val_w2_fwd [6] \u_fft_core.u_twiddle_interface.val_w2_fwd [4] } = { \u_fft_core.u_twiddle_interface.val_w2_fwd [9] \u_fft_core.u_twiddle_interface.val_w2_fwd [1] 1'0 }
    Consolidated identical input bits for $mux cell $flatten\u_fft_core.\u_twiddle_interface.$ternary$/home/designer/shared/FFT/parallel_fft/design/rtl/twiddle_interface/twiddle_interface.v:69$371:
      Old ports: A=$auto$wreduce.cc:514:run$3938 [14:0], B=15'111111100000000, Y=\u_fft_core.u_twiddle_interface.val_w1_inv [14:0]
      New ports: A={ $auto$wreduce.cc:514:run$3938 [14:13] $auto$wreduce.cc:514:run$3938 [4] $auto$wreduce.cc:514:run$3938 [11:8] $auto$wreduce.cc:514:run$3938 [6:0] }, B=14'11111110000000, Y={ \u_fft_core.u_twiddle_interface.val_w1_inv [14:8] \u_fft_core.u_twiddle_interface.val_w1_inv [6:0] }
      New connections: \u_fft_core.u_twiddle_interface.val_w1_inv [7] = 1'0
    Consolidated identical input bits for $mux cell $flatten\u_fft_core.\u_twiddle_interface.$ternary$/home/designer/shared/FFT/parallel_fft/design/rtl/twiddle_interface/twiddle_interface.v:79$387:
      Old ports: A=$flatten\u_fft_core.\u_twiddle_interface.$ternary$/home/designer/shared/FFT/parallel_fft/design/rtl/twiddle_interface/twiddle_interface.v:80$386_Y, B=16'0111111100000000, Y=\u_fft_core.u_twiddle_interface.val_w2_inv
      New ports: A={ $flatten\u_fft_core.\u_twiddle_interface.$ternary$/home/designer/shared/FFT/parallel_fft/design/rtl/twiddle_interface/twiddle_interface.v:80$386_Y [8] $flatten\u_fft_core.\u_twiddle_interface.$ternary$/home/designer/shared/FFT/parallel_fft/design/rtl/twiddle_interface/twiddle_interface.v:80$386_Y [13:8] $flatten\u_fft_core.\u_twiddle_interface.$ternary$/home/designer/shared/FFT/parallel_fft/design/rtl/twiddle_interface/twiddle_interface.v:80$386_Y [5:0] }, B=13'0111111000000, Y={ \u_fft_core.u_twiddle_interface.val_w2_inv [15] \u_fft_core.u_twiddle_interface.val_w2_inv [13:8] \u_fft_core.u_twiddle_interface.val_w2_inv [5:0] }
      New connections: { \u_fft_core.u_twiddle_interface.val_w2_inv [14] \u_fft_core.u_twiddle_interface.val_w2_inv [7:6] } = { \u_fft_core.u_twiddle_interface.val_w2_inv [9] 1'0 \u_fft_core.u_twiddle_interface.val_w2_inv [1] }
  Optimizing cells in module \top_chip.
    Consolidated identical input bits for $mux cell $flatten\u_fft_core.\u_twiddle_interface.$ternary$/home/designer/shared/FFT/parallel_fft/design/rtl/twiddle_interface/twiddle_interface.v:102$405:
      Old ports: A=\u_fft_core.u_twiddle_interface.val_w2_fwd, B=\u_fft_core.u_twiddle_interface.val_w2_inv, Y=\u_fft_core.u_twiddle_interface.w2_selected
      New ports: A={ \u_fft_core.u_twiddle_interface.val_w2_fwd [15] \u_fft_core.u_twiddle_interface.val_w2_fwd [13:7] \u_fft_core.u_twiddle_interface.val_w2_fwd [5] 1'0 \u_fft_core.u_twiddle_interface.val_w2_fwd [3:0] }, B={ \u_fft_core.u_twiddle_interface.val_w2_inv [15] \u_fft_core.u_twiddle_interface.val_w2_inv [13:8] 1'0 \u_fft_core.u_twiddle_interface.val_w2_inv [5:0] }, Y={ \u_fft_core.u_twiddle_interface.w2_selected [15] \u_fft_core.u_twiddle_interface.w2_selected [13:7] \u_fft_core.u_twiddle_interface.w2_selected [5:0] }
      New connections: { \u_fft_core.u_twiddle_interface.w2_selected [14] \u_fft_core.u_twiddle_interface.w2_selected [6] } = { \u_fft_core.u_twiddle_interface.w2_selected [9] \u_fft_core.u_twiddle_interface.w2_selected [1] }
  Optimizing cells in module \top_chip.
Performed a total of 82 changes.

142. Executing OPT_MERGE pass (detect identical cells).
Finding identical cells in module `\top_chip'.
<suppressed ~270 debug messages>
Removed a total of 90 cells.

143. Executing OPT_SHARE pass.

144. Executing OPT_DFF pass (perform DFF optimizations).

145. Executing OPT_CLEAN pass (remove unused cells and wires).
Finding unused cells or wires in module \top_chip..
Removed 16 unused cells and 916 unused wires.
<suppressed ~17 debug messages>

146. Executing OPT_EXPR pass (perform const folding).
Optimizing module top_chip.
<suppressed ~4 debug messages>

147. Rerunning OPT passes. (Maybe there is more to do…)

148. Executing OPT_MUXTREE pass (detect dead branches in mux trees).
Running muxtree optimizer on module \top_chip..
  Creating internal representation of mux trees.
  Evaluating internal representation of mux trees.
  Analyzing evaluation results.
Removed 0 multiplexer ports.
<suppressed ~659 debug messages>

149. Executing OPT_REDUCE pass (consolidate $*mux and $reduce_* inputs).
  Optimizing cells in module \top_chip.
Performed a total of 0 changes.

150. Executing OPT_MERGE pass (detect identical cells).
Finding identical cells in module `\top_chip'.
Removed a total of 0 cells.

151. Executing OPT_SHARE pass.

152. Executing OPT_DFF pass (perform DFF optimizations).
Adding EN signal on $memory\u_fft_core.u_buffer_parallel2serial.mem_re[9]$5873 ($dff) from module top_chip (D = \u_fft_core.u_fft8_mdc0.u_mdc8p_stage3.o_data2_r, Q = \u_fft_core.u_buffer_parallel2serial.mem_re[9]).
Adding EN signal on $memory\u_fft_core.u_buffer_parallel2serial.mem_re[8]$5871 ($dff) from module top_chip (D = \u_fft_core.u_fft8_mdc0.u_mdc8p_stage3.o_data1_r, Q = \u_fft_core.u_buffer_parallel2serial.mem_re[8]).
Adding EN signal on $memory\u_fft_core.u_buffer_parallel2serial.mem_re[7]$5869 ($dff) from module top_chip (D = \u_fft_core.u_fft8_mdc3.u_mdc8p_stage3.o_data2_r, Q = \u_fft_core.u_buffer_parallel2serial.mem_re[7]).
Adding EN signal on $memory\u_fft_core.u_buffer_parallel2serial.mem_re[6]$5867 ($dff) from module top_chip (D = \u_fft_core.u_fft8_mdc3.u_mdc8p_stage3.o_data1_r, Q = \u_fft_core.u_buffer_parallel2serial.mem_re[6]).
Adding EN signal on $memory\u_fft_core.u_buffer_parallel2serial.mem_re[5]$5865 ($dff) from module top_chip (D = \u_fft_core.u_fft8_mdc2.u_mdc8p_stage3.o_data2_r, Q = \u_fft_core.u_buffer_parallel2serial.mem_re[5]).
Adding EN signal on $memory\u_fft_core.u_buffer_parallel2serial.mem_re[4]$5863 ($dff) from module top_chip (D = \u_fft_core.u_fft8_mdc2.u_mdc8p_stage3.o_data1_r, Q = \u_fft_core.u_buffer_parallel2serial.mem_re[4]).
Adding EN signal on $memory\u_fft_core.u_buffer_parallel2serial.mem_re[3]$5861 ($dff) from module top_chip (D = \u_fft_core.u_fft8_mdc1.u_mdc8p_stage3.o_data2_r, Q = \u_fft_core.u_buffer_parallel2serial.mem_re[3]).
Adding EN signal on $memory\u_fft_core.u_buffer_parallel2serial.mem_re[31]$5917 ($dff) from module top_chip (D = \u_fft_core.u_fft8_mdc3.u_mdc8p_stage3.o_data2_r, Q = \u_fft_core.u_buffer_parallel2serial.mem_re[31]).
Adding EN signal on $memory\u_fft_core.u_buffer_parallel2serial.mem_re[30]$5915 ($dff) from module top_chip (D = \u_fft_core.u_fft8_mdc3.u_mdc8p_stage3.o_data1_r, Q = \u_fft_core.u_buffer_parallel2serial.mem_re[30]).
Adding EN signal on $memory\u_fft_core.u_buffer_parallel2serial.mem_re[2]$5859 ($dff) from module top_chip (D = \u_fft_core.u_fft8_mdc1.u_mdc8p_stage3.o_data1_r, Q = \u_fft_core.u_buffer_parallel2serial.mem_re[2]).
Adding EN signal on $memory\u_fft_core.u_buffer_parallel2serial.mem_re[29]$5913 ($dff) from module top_chip (D = \u_fft_core.u_fft8_mdc2.u_mdc8p_stage3.o_data2_r, Q = \u_fft_core.u_buffer_parallel2serial.mem_re[29]).
Adding EN signal on $memory\u_fft_core.u_buffer_parallel2serial.mem_re[28]$5911 ($dff) from module top_chip (D = \u_fft_core.u_fft8_mdc2.u_mdc8p_stage3.o_data1_r, Q = \u_fft_core.u_buffer_parallel2serial.mem_re[28]).
Adding EN signal on $memory\u_fft_core.u_buffer_parallel2serial.mem_re[27]$5909 ($dff) from module top_chip (D = \u_fft_core.u_fft8_mdc1.u_mdc8p_stage3.o_data2_r, Q = \u_fft_core.u_buffer_parallel2serial.mem_re[27]).
Adding EN signal on $memory\u_fft_core.u_buffer_parallel2serial.mem_re[26]$5907 ($dff) from module top_chip (D = \u_fft_core.u_fft8_mdc1.u_mdc8p_stage3.o_data1_r, Q = \u_fft_core.u_buffer_parallel2serial.mem_re[26]).
Adding EN signal on $memory\u_fft_core.u_buffer_parallel2serial.mem_re[25]$5905 ($dff) from module top_chip (D = \u_fft_core.u_fft8_mdc0.u_mdc8p_stage3.o_data2_r, Q = \u_fft_core.u_buffer_parallel2serial.mem_re[25]).
Adding EN signal on $memory\u_fft_core.u_buffer_parallel2serial.mem_re[24]$5903 ($dff) from module top_chip (D = \u_fft_core.u_fft8_mdc0.u_mdc8p_stage3.o_data1_r, Q = \u_fft_core.u_buffer_parallel2serial.mem_re[24]).
Adding EN signal on $memory\u_fft_core.u_buffer_parallel2serial.mem_re[23]$5901 ($dff) from module top_chip (D = \u_fft_core.u_fft8_mdc3.u_mdc8p_stage3.o_data2_r, Q = \u_fft_core.u_buffer_parallel2serial.mem_re[23]).
Adding EN signal on $memory\u_fft_core.u_buffer_parallel2serial.mem_re[22]$5899 ($dff) from module top_chip (D = \u_fft_core.u_fft8_mdc3.u_mdc8p_stage3.o_data1_r, Q = \u_fft_core.u_buffer_parallel2serial.mem_re[22]).
Adding EN signal on $memory\u_fft_core.u_buffer_parallel2serial.mem_re[21]$5897 ($dff) from module top_chip (D = \u_fft_core.u_fft8_mdc2.u_mdc8p_stage3.o_data2_r, Q = \u_fft_core.u_buffer_parallel2serial.mem_re[21]).
Adding EN signal on $memory\u_fft_core.u_buffer_parallel2serial.mem_re[20]$5895 ($dff) from module top_chip (D = \u_fft_core.u_fft8_mdc2.u_mdc8p_stage3.o_data1_r, Q = \u_fft_core.u_buffer_parallel2serial.mem_re[20]).
Adding EN signal on $memory\u_fft_core.u_buffer_parallel2serial.mem_re[1]$5857 ($dff) from module top_chip (D = \u_fft_core.u_fft8_mdc0.u_mdc8p_stage3.o_data2_r, Q = \u_fft_core.u_buffer_parallel2serial.mem_re[1]).
Adding EN signal on $memory\u_fft_core.u_buffer_parallel2serial.mem_re[19]$5893 ($dff) from module top_chip (D = \u_fft_core.u_fft8_mdc1.u_mdc8p_stage3.o_data2_r, Q = \u_fft_core.u_buffer_parallel2serial.mem_re[19]).
Adding EN signal on $memory\u_fft_core.u_buffer_parallel2serial.mem_re[18]$5891 ($dff) from module top_chip (D = \u_fft_core.u_fft8_mdc1.u_mdc8p_stage3.o_data1_r, Q = \u_fft_core.u_buffer_parallel2serial.mem_re[18]).
Adding EN signal on $memory\u_fft_core.u_buffer_parallel2serial.mem_re[17]$5889 ($dff) from module top_chip (D = \u_fft_core.u_fft8_mdc0.u_mdc8p_stage3.o_data2_r, Q = \u_fft_core.u_buffer_parallel2serial.mem_re[17]).
Adding EN signal on $memory\u_fft_core.u_buffer_parallel2serial.mem_re[16]$5887 ($dff) from module top_chip (D = \u_fft_core.u_fft8_mdc0.u_mdc8p_stage3.o_data1_r, Q = \u_fft_core.u_buffer_parallel2serial.mem_re[16]).
Adding EN signal on $memory\u_fft_core.u_buffer_parallel2serial.mem_re[15]$5885 ($dff) from module top_chip (D = \u_fft_core.u_fft8_mdc3.u_mdc8p_stage3.o_data2_r, Q = \u_fft_core.u_buffer_parallel2serial.mem_re[15]).
Adding EN signal on $memory\u_fft_core.u_buffer_parallel2serial.mem_re[14]$5883 ($dff) from module top_chip (D = \u_fft_core.u_fft8_mdc3.u_mdc8p_stage3.o_data1_r, Q = \u_fft_core.u_buffer_parallel2serial.mem_re[14]).
Adding EN signal on $memory\u_fft_core.u_buffer_parallel2serial.mem_re[13]$5881 ($dff) from module top_chip (D = \u_fft_core.u_fft8_mdc2.u_mdc8p_stage3.o_data2_r, Q = \u_fft_core.u_buffer_parallel2serial.mem_re[13]).
Adding EN signal on $memory\u_fft_core.u_buffer_parallel2serial.mem_re[12]$5879 ($dff) from module top_chip (D = \u_fft_core.u_fft8_mdc2.u_mdc8p_stage3.o_data1_r, Q = \u_fft_core.u_buffer_parallel2serial.mem_re[12]).
Adding EN signal on $memory\u_fft_core.u_buffer_parallel2serial.mem_re[11]$5877 ($dff) from module top_chip (D = \u_fft_core.u_fft8_mdc1.u_mdc8p_stage3.o_data2_r, Q = \u_fft_core.u_buffer_parallel2serial.mem_re[11]).
Adding EN signal on $memory\u_fft_core.u_buffer_parallel2serial.mem_re[10]$5875 ($dff) from module top_chip (D = \u_fft_core.u_fft8_mdc1.u_mdc8p_stage3.o_data1_r, Q = \u_fft_core.u_buffer_parallel2serial.mem_re[10]).
Adding EN signal on $memory\u_fft_core.u_buffer_parallel2serial.mem_re[0]$5855 ($dff) from module top_chip (D = \u_fft_core.u_fft8_mdc0.u_mdc8p_stage3.o_data1_r, Q = \u_fft_core.u_buffer_parallel2serial.mem_re[0]).
Adding EN signal on $memory\u_fft_core.u_buffer_parallel2serial.mem_im[9]$4540 ($dff) from module top_chip (D = \u_fft_core.u_fft8_mdc0.u_mdc8p_stage3.o_data2_i, Q = \u_fft_core.u_buffer_parallel2serial.mem_im[9]).
Adding EN signal on $memory\u_fft_core.u_buffer_parallel2serial.mem_im[8]$4538 ($dff) from module top_chip (D = \u_fft_core.u_fft8_mdc0.u_mdc8p_stage3.o_data1_i, Q = \u_fft_core.u_buffer_parallel2serial.mem_im[8]).
Adding EN signal on $memory\u_fft_core.u_buffer_parallel2serial.mem_im[7]$4536 ($dff) from module top_chip (D = \u_fft_core.u_fft8_mdc3.u_mdc8p_stage3.o_data2_i, Q = \u_fft_core.u_buffer_parallel2serial.mem_im[7]).
Adding EN signal on $memory\u_fft_core.u_buffer_parallel2serial.mem_im[6]$4534 ($dff) from module top_chip (D = \u_fft_core.u_fft8_mdc3.u_mdc8p_stage3.o_data1_i, Q = \u_fft_core.u_buffer_parallel2serial.mem_im[6]).
Adding EN signal on $memory\u_fft_core.u_buffer_parallel2serial.mem_im[5]$4532 ($dff) from module top_chip (D = \u_fft_core.u_fft8_mdc2.u_mdc8p_stage3.o_data2_i, Q = \u_fft_core.u_buffer_parallel2serial.mem_im[5]).
Adding EN signal on $memory\u_fft_core.u_buffer_parallel2serial.mem_im[4]$4530 ($dff) from module top_chip (D = \u_fft_core.u_fft8_mdc2.u_mdc8p_stage3.o_data1_i, Q = \u_fft_core.u_buffer_parallel2serial.mem_im[4]).
Adding EN signal on $memory\u_fft_core.u_buffer_parallel2serial.mem_im[3]$4528 ($dff) from module top_chip (D = \u_fft_core.u_fft8_mdc1.u_mdc8p_stage3.o_data2_i, Q = \u_fft_core.u_buffer_parallel2serial.mem_im[3]).
Adding EN signal on $memory\u_fft_core.u_buffer_parallel2serial.mem_im[31]$4584 ($dff) from module top_chip (D = \u_fft_core.u_fft8_mdc3.u_mdc8p_stage3.o_data2_i, Q = \u_fft_core.u_buffer_parallel2serial.mem_im[31]).
Adding EN signal on $memory\u_fft_core.u_buffer_parallel2serial.mem_im[30]$4582 ($dff) from module top_chip (D = \u_fft_core.u_fft8_mdc3.u_mdc8p_stage3.o_data1_i, Q = \u_fft_core.u_buffer_parallel2serial.mem_im[30]).
Adding EN signal on $memory\u_fft_core.u_buffer_parallel2serial.mem_im[2]$4526 ($dff) from module top_chip (D = \u_fft_core.u_fft8_mdc1.u_mdc8p_stage3.o_data1_i, Q = \u_fft_core.u_buffer_parallel2serial.mem_im[2]).
Adding EN signal on $memory\u_fft_core.u_buffer_parallel2serial.mem_im[29]$4580 ($dff) from module top_chip (D = \u_fft_core.u_fft8_mdc2.u_mdc8p_stage3.o_data2_i, Q = \u_fft_core.u_buffer_parallel2serial.mem_im[29]).
Adding EN signal on $memory\u_fft_core.u_buffer_parallel2serial.mem_im[28]$4578 ($dff) from module top_chip (D = \u_fft_core.u_fft8_mdc2.u_mdc8p_stage3.o_data1_i, Q = \u_fft_core.u_buffer_parallel2serial.mem_im[28]).
Adding EN signal on $memory\u_fft_core.u_buffer_parallel2serial.mem_im[27]$4576 ($dff) from module top_chip (D = \u_fft_core.u_fft8_mdc1.u_mdc8p_stage3.o_data2_i, Q = \u_fft_core.u_buffer_parallel2serial.mem_im[27]).
Adding EN signal on $memory\u_fft_core.u_buffer_parallel2serial.mem_im[26]$4574 ($dff) from module top_chip (D = \u_fft_core.u_fft8_mdc1.u_mdc8p_stage3.o_data1_i, Q = \u_fft_core.u_buffer_parallel2serial.mem_im[26]).
Adding EN signal on $memory\u_fft_core.u_buffer_parallel2serial.mem_im[25]$4572 ($dff) from module top_chip (D = \u_fft_core.u_fft8_mdc0.u_mdc8p_stage3.o_data2_i, Q = \u_fft_core.u_buffer_parallel2serial.mem_im[25]).
Adding EN signal on $memory\u_fft_core.u_buffer_parallel2serial.mem_im[24]$4570 ($dff) from module top_chip (D = \u_fft_core.u_fft8_mdc0.u_mdc8p_stage3.o_data1_i, Q = \u_fft_core.u_buffer_parallel2serial.mem_im[24]).
Adding EN signal on $memory\u_fft_core.u_buffer_parallel2serial.mem_im[23]$4568 ($dff) from module top_chip (D = \u_fft_core.u_fft8_mdc3.u_mdc8p_stage3.o_data2_i, Q = \u_fft_core.u_buffer_parallel2serial.mem_im[23]).
Adding EN signal on $memory\u_fft_core.u_buffer_parallel2serial.mem_im[22]$4566 ($dff) from module top_chip (D = \u_fft_core.u_fft8_mdc3.u_mdc8p_stage3.o_data1_i, Q = \u_fft_core.u_buffer_parallel2serial.mem_im[22]).
Adding EN signal on $memory\u_fft_core.u_buffer_parallel2serial.mem_im[21]$4564 ($dff) from module top_chip (D = \u_fft_core.u_fft8_mdc2.u_mdc8p_stage3.o_data2_i, Q = \u_fft_core.u_buffer_parallel2serial.mem_im[21]).
Adding EN signal on $memory\u_fft_core.u_buffer_parallel2serial.mem_im[20]$4562 ($dff) from module top_chip (D = \u_fft_core.u_fft8_mdc2.u_mdc8p_stage3.o_data1_i, Q = \u_fft_core.u_buffer_parallel2serial.mem_im[20]).
Adding EN signal on $memory\u_fft_core.u_buffer_parallel2serial.mem_im[1]$4524 ($dff) from module top_chip (D = \u_fft_core.u_fft8_mdc0.u_mdc8p_stage3.o_data2_i, Q = \u_fft_core.u_buffer_parallel2serial.mem_im[1]).
Adding EN signal on $memory\u_fft_core.u_buffer_parallel2serial.mem_im[19]$4560 ($dff) from module top_chip (D = \u_fft_core.u_fft8_mdc1.u_mdc8p_stage3.o_data2_i, Q = \u_fft_core.u_buffer_parallel2serial.mem_im[19]).
Adding EN signal on $memory\u_fft_core.u_buffer_parallel2serial.mem_im[18]$4558 ($dff) from module top_chip (D = \u_fft_core.u_fft8_mdc1.u_mdc8p_stage3.o_data1_i, Q = \u_fft_core.u_buffer_parallel2serial.mem_im[18]).
Adding EN signal on $memory\u_fft_core.u_buffer_parallel2serial.mem_im[17]$4556 ($dff) from module top_chip (D = \u_fft_core.u_fft8_mdc0.u_mdc8p_stage3.o_data2_i, Q = \u_fft_core.u_buffer_parallel2serial.mem_im[17]).
Adding EN signal on $memory\u_fft_core.u_buffer_parallel2serial.mem_im[16]$4554 ($dff) from module top_chip (D = \u_fft_core.u_fft8_mdc0.u_mdc8p_stage3.o_data1_i, Q = \u_fft_core.u_buffer_parallel2serial.mem_im[16]).
Adding EN signal on $memory\u_fft_core.u_buffer_parallel2serial.mem_im[15]$4552 ($dff) from module top_chip (D = \u_fft_core.u_fft8_mdc3.u_mdc8p_stage3.o_data2_i, Q = \u_fft_core.u_buffer_parallel2serial.mem_im[15]).
Adding EN signal on $memory\u_fft_core.u_buffer_parallel2serial.mem_im[14]$4550 ($dff) from module top_chip (D = \u_fft_core.u_fft8_mdc3.u_mdc8p_stage3.o_data1_i, Q = \u_fft_core.u_buffer_parallel2serial.mem_im[14]).
Adding EN signal on $memory\u_fft_core.u_buffer_parallel2serial.mem_im[13]$4548 ($dff) from module top_chip (D = \u_fft_core.u_fft8_mdc2.u_mdc8p_stage3.o_data2_i, Q = \u_fft_core.u_buffer_parallel2serial.mem_im[13]).
Adding EN signal on $memory\u_fft_core.u_buffer_parallel2serial.mem_im[12]$4546 ($dff) from module top_chip (D = \u_fft_core.u_fft8_mdc2.u_mdc8p_stage3.o_data1_i, Q = \u_fft_core.u_buffer_parallel2serial.mem_im[12]).
Adding EN signal on $memory\u_fft_core.u_buffer_parallel2serial.mem_im[11]$4544 ($dff) from module top_chip (D = \u_fft_core.u_fft8_mdc1.u_mdc8p_stage3.o_data2_i, Q = \u_fft_core.u_buffer_parallel2serial.mem_im[11]).
Adding EN signal on $memory\u_fft_core.u_buffer_parallel2serial.mem_im[10]$4542 ($dff) from module top_chip (D = \u_fft_core.u_fft8_mdc1.u_mdc8p_stage3.o_data1_i, Q = \u_fft_core.u_buffer_parallel2serial.mem_im[10]).
Adding EN signal on $memory\u_fft_core.u_buffer_parallel2serial.mem_im[0]$4522 ($dff) from module top_chip (D = \u_fft_core.u_fft8_mdc0.u_mdc8p_stage3.o_data1_i, Q = \u_fft_core.u_buffer_parallel2serial.mem_im[0]).
Setting constant 0-bit at position 0 on $auto$ff.cc:266:slice$3911 ($adffe) from module top_chip.

153. Executing OPT_CLEAN pass (remove unused cells and wires).
Finding unused cells or wires in module \top_chip..
Removed 512 unused cells and 514 unused wires.
<suppressed ~513 debug messages>

154. Executing OPT_EXPR pass (perform const folding).
Optimizing module top_chip.

155. Rerunning OPT passes. (Maybe there is more to do…)

156. Executing OPT_MUXTREE pass (detect dead branches in mux trees).
Running muxtree optimizer on module \top_chip..
  Creating internal representation of mux trees.
  Evaluating internal representation of mux trees.
  Analyzing evaluation results.
Removed 0 multiplexer ports.
<suppressed ~147 debug messages>

157. Executing OPT_REDUCE pass (consolidate $*mux and $reduce_* inputs).
  Optimizing cells in module \top_chip.
    Consolidated identical input bits for $mux cell $flatten\u_debug_sys.\u_spi_slave.$procmux$759:
      Old ports: A={ \u_debug_sys.u_spi_slave.tx_shift [14:1] 1'0 }, B={ \u_debug_sys.u_spi_slave.data_in 7'0000000 }, Y=$flatten\u_debug_sys.\u_spi_slave.$procmux$759_Y [15:1]
      New ports: A=\u_debug_sys.u_spi_slave.tx_shift [14:1], B={ \u_debug_sys.u_spi_slave.data_in 6'000000 }, Y=$flatten\u_debug_sys.\u_spi_slave.$procmux$759_Y [15:2]
      New connections: $flatten\u_debug_sys.\u_spi_slave.$procmux$759_Y [1] = 1'0
  Optimizing cells in module \top_chip.
    Consolidated identical input bits for $mux cell $flatten\u_debug_sys.\u_spi_slave.$procmux$762:
      Old ports: A=$flatten\u_debug_sys.\u_spi_slave.$procmux$759_Y [15:1], B=15'000000000000000, Y=$flatten\u_debug_sys.\u_spi_slave.$0\tx_shift[15:0] [15:1]
      New ports: A=$flatten\u_debug_sys.\u_spi_slave.$procmux$759_Y [15:2], B=14'00000000000000, Y=$flatten\u_debug_sys.\u_spi_slave.$0\tx_shift[15:0] [15:2]
      New connections: $flatten\u_debug_sys.\u_spi_slave.$0\tx_shift[15:0] [1] = 1'0
  Optimizing cells in module \top_chip.
Performed a total of 2 changes.

158. Executing OPT_MERGE pass (detect identical cells).
Finding identical cells in module `\top_chip'.
Removed a total of 0 cells.

159. Executing OPT_SHARE pass.

160. Executing OPT_DFF pass (perform DFF optimizations).

161. Executing OPT_CLEAN pass (remove unused cells and wires).
Finding unused cells or wires in module \top_chip..

162. Executing OPT_EXPR pass (perform const folding).
Optimizing module top_chip.

163. Rerunning OPT passes. (Maybe there is more to do…)

164. Executing OPT_MUXTREE pass (detect dead branches in mux trees).
Running muxtree optimizer on module \top_chip..
  Creating internal representation of mux trees.
  Evaluating internal representation of mux trees.
  Analyzing evaluation results.
Removed 0 multiplexer ports.
<suppressed ~147 debug messages>

165. Executing OPT_REDUCE pass (consolidate $*mux and $reduce_* inputs).
  Optimizing cells in module \top_chip.
Performed a total of 0 changes.

166. Executing OPT_MERGE pass (detect identical cells).
Finding identical cells in module `\top_chip'.
Removed a total of 0 cells.

167. Executing OPT_SHARE pass.

168. Executing OPT_DFF pass (perform DFF optimizations).
Setting constant 0-bit at position 0 on $auto$ff.cc:266:slice$7236 ($adffe) from module top_chip.

169. Executing OPT_CLEAN pass (remove unused cells and wires).
Finding unused cells or wires in module \top_chip..

170. Executing OPT_EXPR pass (perform const folding).
Optimizing module top_chip.

171. Rerunning OPT passes. (Maybe there is more to do…)

172. Executing OPT_MUXTREE pass (detect dead branches in mux trees).
Running muxtree optimizer on module \top_chip..
  Creating internal representation of mux trees.
  Evaluating internal representation of mux trees.
  Analyzing evaluation results.
Removed 0 multiplexer ports.
<suppressed ~147 debug messages>

173. Executing OPT_REDUCE pass (consolidate $*mux and $reduce_* inputs).
  Optimizing cells in module \top_chip.
    Consolidated identical input bits for $mux cell $flatten\u_debug_sys.\u_spi_slave.$procmux$759:
      Old ports: A={ \u_debug_sys.u_spi_slave.tx_shift [14:2] 1'0 }, B={ \u_debug_sys.u_spi_slave.data_in 6'000000 }, Y=$flatten\u_debug_sys.\u_spi_slave.$procmux$759_Y [15:2]
      New ports: A=\u_debug_sys.u_spi_slave.tx_shift [14:2], B={ \u_debug_sys.u_spi_slave.data_in 5'00000 }, Y=$flatten\u_debug_sys.\u_spi_slave.$procmux$759_Y [15:3]
      New connections: $flatten\u_debug_sys.\u_spi_slave.$procmux$759_Y [2] = 1'0
  Optimizing cells in module \top_chip.
    Consolidated identical input bits for $mux cell $flatten\u_debug_sys.\u_spi_slave.$procmux$762:
      Old ports: A=$flatten\u_debug_sys.\u_spi_slave.$procmux$759_Y [15:2], B=14'00000000000000, Y=$flatten\u_debug_sys.\u_spi_slave.$0\tx_shift[15:0] [15:2]
      New ports: A=$flatten\u_debug_sys.\u_spi_slave.$procmux$759_Y [15:3], B=13'0000000000000, Y=$flatten\u_debug_sys.\u_spi_slave.$0\tx_shift[15:0] [15:3]
      New connections: $flatten\u_debug_sys.\u_spi_slave.$0\tx_shift[15:0] [2] = 1'0
  Optimizing cells in module \top_chip.
Performed a total of 2 changes.

174. Executing OPT_MERGE pass (detect identical cells).
Finding identical cells in module `\top_chip'.
Removed a total of 0 cells.

175. Executing OPT_SHARE pass.

176. Executing OPT_DFF pass (perform DFF optimizations).

177. Executing OPT_CLEAN pass (remove unused cells and wires).
Finding unused cells or wires in module \top_chip..

178. Executing OPT_EXPR pass (perform const folding).
Optimizing module top_chip.

179. Rerunning OPT passes. (Maybe there is more to do…)

180. Executing OPT_MUXTREE pass (detect dead branches in mux trees).
Running muxtree optimizer on module \top_chip..
  Creating internal representation of mux trees.
  Evaluating internal representation of mux trees.
  Analyzing evaluation results.
Removed 0 multiplexer ports.
<suppressed ~147 debug messages>

181. Executing OPT_REDUCE pass (consolidate $*mux and $reduce_* inputs).
  Optimizing cells in module \top_chip.
Performed a total of 0 changes.

182. Executing OPT_MERGE pass (detect identical cells).
Finding identical cells in module `\top_chip'.
Removed a total of 0 cells.

183. Executing OPT_SHARE pass.

184. Executing OPT_DFF pass (perform DFF optimizations).
Setting constant 0-bit at position 0 on $auto$ff.cc:266:slice$7237 ($adffe) from module top_chip.

185. Executing OPT_CLEAN pass (remove unused cells and wires).
Finding unused cells or wires in module \top_chip..

186. Executing OPT_EXPR pass (perform const folding).
Optimizing module top_chip.

187. Rerunning OPT passes. (Maybe there is more to do…)

188. Executing OPT_MUXTREE pass (detect dead branches in mux trees).
Running muxtree optimizer on module \top_chip..
  Creating internal representation of mux trees.
  Evaluating internal representation of mux trees.
  Analyzing evaluation results.
Removed 0 multiplexer ports.
<suppressed ~147 debug messages>

189. Executing OPT_REDUCE pass (consolidate $*mux and $reduce_* inputs).
  Optimizing cells in module \top_chip.
    Consolidated identical input bits for $mux cell $flatten\u_debug_sys.\u_spi_slave.$procmux$759:
      Old ports: A={ \u_debug_sys.u_spi_slave.tx_shift [14:3] 1'0 }, B={ \u_debug_sys.u_spi_slave.data_in 5'00000 }, Y=$flatten\u_debug_sys.\u_spi_slave.$procmux$759_Y [15:3]
      New ports: A=\u_debug_sys.u_spi_slave.tx_shift [14:3], B={ \u_debug_sys.u_spi_slave.data_in 4'0000 }, Y=$flatten\u_debug_sys.\u_spi_slave.$procmux$759_Y [15:4]
      New connections: $flatten\u_debug_sys.\u_spi_slave.$procmux$759_Y [3] = 1'0
  Optimizing cells in module \top_chip.
    Consolidated identical input bits for $mux cell $flatten\u_debug_sys.\u_spi_slave.$procmux$762:
      Old ports: A=$flatten\u_debug_sys.\u_spi_slave.$procmux$759_Y [15:3], B=13'0000000000000, Y=$flatten\u_debug_sys.\u_spi_slave.$0\tx_shift[15:0] [15:3]
      New ports: A=$flatten\u_debug_sys.\u_spi_slave.$procmux$759_Y [15:4], B=12'000000000000, Y=$flatten\u_debug_sys.\u_spi_slave.$0\tx_shift[15:0] [15:4]
      New connections: $flatten\u_debug_sys.\u_spi_slave.$0\tx_shift[15:0] [3] = 1'0
  Optimizing cells in module \top_chip.
Performed a total of 2 changes.

190. Executing OPT_MERGE pass (detect identical cells).
Finding identical cells in module `\top_chip'.
Removed a total of 0 cells.

191. Executing OPT_SHARE pass.

192. Executing OPT_DFF pass (perform DFF optimizations).

193. Executing OPT_CLEAN pass (remove unused cells and wires).
Finding unused cells or wires in module \top_chip..

194. Executing OPT_EXPR pass (perform const folding).
Optimizing module top_chip.

195. Rerunning OPT passes. (Maybe there is more to do…)

196. Executing OPT_MUXTREE pass (detect dead branches in mux trees).
Running muxtree optimizer on module \top_chip..
  Creating internal representation of mux trees.
  Evaluating internal representation of mux trees.
  Analyzing evaluation results.
Removed 0 multiplexer ports.
<suppressed ~147 debug messages>

197. Executing OPT_REDUCE pass (consolidate $*mux and $reduce_* inputs).
  Optimizing cells in module \top_chip.
Performed a total of 0 changes.

198. Executing OPT_MERGE pass (detect identical cells).
Finding identical cells in module `\top_chip'.
Removed a total of 0 cells.

199. Executing OPT_SHARE pass.

200. Executing OPT_DFF pass (perform DFF optimizations).
Setting constant 0-bit at position 0 on $auto$ff.cc:266:slice$7238 ($adffe) from module top_chip.

201. Executing OPT_CLEAN pass (remove unused cells and wires).
Finding unused cells or wires in module \top_chip..

202. Executing OPT_EXPR pass (perform const folding).
Optimizing module top_chip.

203. Rerunning OPT passes. (Maybe there is more to do…)

204. Executing OPT_MUXTREE pass (detect dead branches in mux trees).
Running muxtree optimizer on module \top_chip..
  Creating internal representation of mux trees.
  Evaluating internal representation of mux trees.
  Analyzing evaluation results.
Removed 0 multiplexer ports.
<suppressed ~147 debug messages>

205. Executing OPT_REDUCE pass (consolidate $*mux and $reduce_* inputs).
  Optimizing cells in module \top_chip.
    Consolidated identical input bits for $mux cell $flatten\u_debug_sys.\u_spi_slave.$procmux$759:
      Old ports: A={ \u_debug_sys.u_spi_slave.tx_shift [14:4] 1'0 }, B={ \u_debug_sys.u_spi_slave.data_in 4'0000 }, Y=$flatten\u_debug_sys.\u_spi_slave.$procmux$759_Y [15:4]
      New ports: A=\u_debug_sys.u_spi_slave.tx_shift [14:4], B={ \u_debug_sys.u_spi_slave.data_in 3'000 }, Y=$flatten\u_debug_sys.\u_spi_slave.$procmux$759_Y [15:5]
      New connections: $flatten\u_debug_sys.\u_spi_slave.$procmux$759_Y [4] = 1'0
  Optimizing cells in module \top_chip.
    Consolidated identical input bits for $mux cell $flatten\u_debug_sys.\u_spi_slave.$procmux$762:
      Old ports: A=$flatten\u_debug_sys.\u_spi_slave.$procmux$759_Y [15:4], B=12'000000000000, Y=$flatten\u_debug_sys.\u_spi_slave.$0\tx_shift[15:0] [15:4]
      New ports: A=$flatten\u_debug_sys.\u_spi_slave.$procmux$759_Y [15:5], B=11'00000000000, Y=$flatten\u_debug_sys.\u_spi_slave.$0\tx_shift[15:0] [15:5]
      New connections: $flatten\u_debug_sys.\u_spi_slave.$0\tx_shift[15:0] [4] = 1'0
  Optimizing cells in module \top_chip.
Performed a total of 2 changes.

206. Executing OPT_MERGE pass (detect identical cells).
Finding identical cells in module `\top_chip'.
Removed a total of 0 cells.

207. Executing OPT_SHARE pass.

208. Executing OPT_DFF pass (perform DFF optimizations).

209. Executing OPT_CLEAN pass (remove unused cells and wires).
Finding unused cells or wires in module \top_chip..

210. Executing OPT_EXPR pass (perform const folding).
Optimizing module top_chip.

211. Rerunning OPT passes. (Maybe there is more to do…)

212. Executing OPT_MUXTREE pass (detect dead branches in mux trees).
Running muxtree optimizer on module \top_chip..
  Creating internal representation of mux trees.
  Evaluating internal representation of mux trees.
  Analyzing evaluation results.
Removed 0 multiplexer ports.
<suppressed ~147 debug messages>

213. Executing OPT_REDUCE pass (consolidate $*mux and $reduce_* inputs).
  Optimizing cells in module \top_chip.
Performed a total of 0 changes.

214. Executing OPT_MERGE pass (detect identical cells).
Finding identical cells in module `\top_chip'.
Removed a total of 0 cells.

215. Executing OPT_SHARE pass.

216. Executing OPT_DFF pass (perform DFF optimizations).
Setting constant 0-bit at position 0 on $auto$ff.cc:266:slice$7239 ($adffe) from module top_chip.

217. Executing OPT_CLEAN pass (remove unused cells and wires).
Finding unused cells or wires in module \top_chip..

218. Executing OPT_EXPR pass (perform const folding).
Optimizing module top_chip.

219. Rerunning OPT passes. (Maybe there is more to do…)

220. Executing OPT_MUXTREE pass (detect dead branches in mux trees).
Running muxtree optimizer on module \top_chip..
  Creating internal representation of mux trees.
  Evaluating internal representation of mux trees.
  Analyzing evaluation results.
Removed 0 multiplexer ports.
<suppressed ~147 debug messages>

221. Executing OPT_REDUCE pass (consolidate $*mux and $reduce_* inputs).
  Optimizing cells in module \top_chip.
    Consolidated identical input bits for $mux cell $flatten\u_debug_sys.\u_spi_slave.$procmux$759:
      Old ports: A={ \u_debug_sys.u_spi_slave.tx_shift [14:5] 1'0 }, B={ \u_debug_sys.u_spi_slave.data_in 3'000 }, Y=$flatten\u_debug_sys.\u_spi_slave.$procmux$759_Y [15:5]
      New ports: A=\u_debug_sys.u_spi_slave.tx_shift [14:5], B={ \u_debug_sys.u_spi_slave.data_in 2'00 }, Y=$flatten\u_debug_sys.\u_spi_slave.$procmux$759_Y [15:6]
      New connections: $flatten\u_debug_sys.\u_spi_slave.$procmux$759_Y [5] = 1'0
  Optimizing cells in module \top_chip.
    Consolidated identical input bits for $mux cell $flatten\u_debug_sys.\u_spi_slave.$procmux$762:
      Old ports: A=$flatten\u_debug_sys.\u_spi_slave.$procmux$759_Y [15:5], B=11'00000000000, Y=$flatten\u_debug_sys.\u_spi_slave.$0\tx_shift[15:0] [15:5]
      New ports: A=$flatten\u_debug_sys.\u_spi_slave.$procmux$759_Y [15:6], B=10'0000000000, Y=$flatten\u_debug_sys.\u_spi_slave.$0\tx_shift[15:0] [15:6]
      New connections: $flatten\u_debug_sys.\u_spi_slave.$0\tx_shift[15:0] [5] = 1'0
  Optimizing cells in module \top_chip.
Performed a total of 2 changes.

222. Executing OPT_MERGE pass (detect identical cells).
Finding identical cells in module `\top_chip'.
Removed a total of 0 cells.

223. Executing OPT_SHARE pass.

224. Executing OPT_DFF pass (perform DFF optimizations).

225. Executing OPT_CLEAN pass (remove unused cells and wires).
Finding unused cells or wires in module \top_chip..

226. Executing OPT_EXPR pass (perform const folding).
Optimizing module top_chip.

227. Rerunning OPT passes. (Maybe there is more to do…)

228. Executing OPT_MUXTREE pass (detect dead branches in mux trees).
Running muxtree optimizer on module \top_chip..
  Creating internal representation of mux trees.
  Evaluating internal representation of mux trees.
  Analyzing evaluation results.
Removed 0 multiplexer ports.
<suppressed ~147 debug messages>

229. Executing OPT_REDUCE pass (consolidate $*mux and $reduce_* inputs).
  Optimizing cells in module \top_chip.
Performed a total of 0 changes.

230. Executing OPT_MERGE pass (detect identical cells).
Finding identical cells in module `\top_chip'.
Removed a total of 0 cells.

231. Executing OPT_SHARE pass.

232. Executing OPT_DFF pass (perform DFF optimizations).
Setting constant 0-bit at position 0 on $auto$ff.cc:266:slice$7240 ($adffe) from module top_chip.

233. Executing OPT_CLEAN pass (remove unused cells and wires).
Finding unused cells or wires in module \top_chip..

234. Executing OPT_EXPR pass (perform const folding).
Optimizing module top_chip.

235. Rerunning OPT passes. (Maybe there is more to do…)

236. Executing OPT_MUXTREE pass (detect dead branches in mux trees).
Running muxtree optimizer on module \top_chip..
  Creating internal representation of mux trees.
  Evaluating internal representation of mux trees.
  Analyzing evaluation results.
Removed 0 multiplexer ports.
<suppressed ~147 debug messages>

237. Executing OPT_REDUCE pass (consolidate $*mux and $reduce_* inputs).
  Optimizing cells in module \top_chip.
    Consolidated identical input bits for $mux cell $flatten\u_debug_sys.\u_spi_slave.$procmux$759:
      Old ports: A={ \u_debug_sys.u_spi_slave.tx_shift [14:6] 1'0 }, B={ \u_debug_sys.u_spi_slave.data_in 2'00 }, Y=$flatten\u_debug_sys.\u_spi_slave.$procmux$759_Y [15:6]
      New ports: A=\u_debug_sys.u_spi_slave.tx_shift [14:6], B={ \u_debug_sys.u_spi_slave.data_in 1'0 }, Y=$flatten\u_debug_sys.\u_spi_slave.$procmux$759_Y [15:7]
      New connections: $flatten\u_debug_sys.\u_spi_slave.$procmux$759_Y [6] = 1'0
  Optimizing cells in module \top_chip.
    Consolidated identical input bits for $mux cell $flatten\u_debug_sys.\u_spi_slave.$procmux$762:
      Old ports: A=$flatten\u_debug_sys.\u_spi_slave.$procmux$759_Y [15:6], B=10'0000000000, Y=$flatten\u_debug_sys.\u_spi_slave.$0\tx_shift[15:0] [15:6]
      New ports: A=$flatten\u_debug_sys.\u_spi_slave.$procmux$759_Y [15:7], B=9'000000000, Y=$flatten\u_debug_sys.\u_spi_slave.$0\tx_shift[15:0] [15:7]
      New connections: $flatten\u_debug_sys.\u_spi_slave.$0\tx_shift[15:0] [6] = 1'0
  Optimizing cells in module \top_chip.
Performed a total of 2 changes.

238. Executing OPT_MERGE pass (detect identical cells).
Finding identical cells in module `\top_chip'.
Removed a total of 0 cells.

239. Executing OPT_SHARE pass.

240. Executing OPT_DFF pass (perform DFF optimizations).

241. Executing OPT_CLEAN pass (remove unused cells and wires).
Finding unused cells or wires in module \top_chip..

242. Executing OPT_EXPR pass (perform const folding).
Optimizing module top_chip.

243. Rerunning OPT passes. (Maybe there is more to do…)

244. Executing OPT_MUXTREE pass (detect dead branches in mux trees).
Running muxtree optimizer on module \top_chip..
  Creating internal representation of mux trees.
  Evaluating internal representation of mux trees.
  Analyzing evaluation results.
Removed 0 multiplexer ports.
<suppressed ~147 debug messages>

245. Executing OPT_REDUCE pass (consolidate $*mux and $reduce_* inputs).
  Optimizing cells in module \top_chip.
Performed a total of 0 changes.

246. Executing OPT_MERGE pass (detect identical cells).
Finding identical cells in module `\top_chip'.
Removed a total of 0 cells.

247. Executing OPT_SHARE pass.

248. Executing OPT_DFF pass (perform DFF optimizations).
Setting constant 0-bit at position 0 on $auto$ff.cc:266:slice$7241 ($adffe) from module top_chip.

249. Executing OPT_CLEAN pass (remove unused cells and wires).
Finding unused cells or wires in module \top_chip..

250. Executing OPT_EXPR pass (perform const folding).
Optimizing module top_chip.

251. Rerunning OPT passes. (Maybe there is more to do…)

252. Executing OPT_MUXTREE pass (detect dead branches in mux trees).
Running muxtree optimizer on module \top_chip..
  Creating internal representation of mux trees.
  Evaluating internal representation of mux trees.
  Analyzing evaluation results.
Removed 0 multiplexer ports.
<suppressed ~147 debug messages>

253. Executing OPT_REDUCE pass (consolidate $*mux and $reduce_* inputs).
  Optimizing cells in module \top_chip.
    Consolidated identical input bits for $mux cell $flatten\u_debug_sys.\u_spi_slave.$procmux$759:
      Old ports: A={ \u_debug_sys.u_spi_slave.tx_shift [14:7] 1'0 }, B={ \u_debug_sys.u_spi_slave.data_in 1'0 }, Y=$flatten\u_debug_sys.\u_spi_slave.$procmux$759_Y [15:7]
      New ports: A=\u_debug_sys.u_spi_slave.tx_shift [14:7], B=\u_debug_sys.u_spi_slave.data_in, Y=$flatten\u_debug_sys.\u_spi_slave.$procmux$759_Y [15:8]
      New connections: $flatten\u_debug_sys.\u_spi_slave.$procmux$759_Y [7] = 1'0
  Optimizing cells in module \top_chip.
    Consolidated identical input bits for $mux cell $flatten\u_debug_sys.\u_spi_slave.$procmux$762:
      Old ports: A=$flatten\u_debug_sys.\u_spi_slave.$procmux$759_Y [15:7], B=9'000000000, Y=$flatten\u_debug_sys.\u_spi_slave.$0\tx_shift[15:0] [15:7]
      New ports: A=$flatten\u_debug_sys.\u_spi_slave.$procmux$759_Y [15:8], B=8'00000000, Y=$flatten\u_debug_sys.\u_spi_slave.$0\tx_shift[15:0] [15:8]
      New connections: $flatten\u_debug_sys.\u_spi_slave.$0\tx_shift[15:0] [7] = 1'0
  Optimizing cells in module \top_chip.
Performed a total of 2 changes.

254. Executing OPT_MERGE pass (detect identical cells).
Finding identical cells in module `\top_chip'.
Removed a total of 0 cells.

255. Executing OPT_SHARE pass.

256. Executing OPT_DFF pass (perform DFF optimizations).

257. Executing OPT_CLEAN pass (remove unused cells and wires).
Finding unused cells or wires in module \top_chip..

258. Executing OPT_EXPR pass (perform const folding).
Optimizing module top_chip.

259. Rerunning OPT passes. (Maybe there is more to do…)

260. Executing OPT_MUXTREE pass (detect dead branches in mux trees).
Running muxtree optimizer on module \top_chip..
  Creating internal representation of mux trees.
  Evaluating internal representation of mux trees.
  Analyzing evaluation results.
Removed 0 multiplexer ports.
<suppressed ~147 debug messages>

261. Executing OPT_REDUCE pass (consolidate $*mux and $reduce_* inputs).
  Optimizing cells in module \top_chip.
Performed a total of 0 changes.

262. Executing OPT_MERGE pass (detect identical cells).
Finding identical cells in module `\top_chip'.
Removed a total of 0 cells.

263. Executing OPT_SHARE pass.

264. Executing OPT_DFF pass (perform DFF optimizations).
Setting constant 0-bit at position 0 on $auto$ff.cc:266:slice$7242 ($adffe) from module top_chip.

265. Executing OPT_CLEAN pass (remove unused cells and wires).
Finding unused cells or wires in module \top_chip..

266. Executing OPT_EXPR pass (perform const folding).
Optimizing module top_chip.

267. Rerunning OPT passes. (Maybe there is more to do…)

268. Executing OPT_MUXTREE pass (detect dead branches in mux trees).
Running muxtree optimizer on module \top_chip..
  Creating internal representation of mux trees.
  Evaluating internal representation of mux trees.
  Analyzing evaluation results.
Removed 0 multiplexer ports.
<suppressed ~147 debug messages>

269. Executing OPT_REDUCE pass (consolidate $*mux and $reduce_* inputs).
  Optimizing cells in module \top_chip.
Performed a total of 0 changes.

270. Executing OPT_MERGE pass (detect identical cells).
Finding identical cells in module `\top_chip'.
Removed a total of 0 cells.

271. Executing OPT_SHARE pass.

272. Executing OPT_DFF pass (perform DFF optimizations).

273. Executing OPT_CLEAN pass (remove unused cells and wires).
Finding unused cells or wires in module \top_chip..

274. Executing OPT_EXPR pass (perform const folding).
Optimizing module top_chip.

275. Executing TECHMAP pass (map to technology primitives).

275.1. Executing Verilog-2005 frontend: /nix/store/f2psm4dyix5p4r8c1wyz8m67psng0rjb-yosys-0.54/bin/../share/yosys/techmap.v
Parsing Verilog input from `/nix/store/f2psm4dyix5p4r8c1wyz8m67psng0rjb-yosys-0.54/bin/../share/yosys/techmap.v' to AST representation.
Generating RTLIL representation for module `\_90_simplemap_bool_ops'.
Generating RTLIL representation for module `\_90_simplemap_reduce_ops'.
Generating RTLIL representation for module `\_90_simplemap_logic_ops'.
Generating RTLIL representation for module `\_90_simplemap_compare_ops'.
Generating RTLIL representation for module `\_90_simplemap_various'.
Generating RTLIL representation for module `\_90_simplemap_registers'.
Generating RTLIL representation for module `\_90_shift_ops_shr_shl_sshl_sshr'.
Generating RTLIL representation for module `\_90_shift_shiftx'.
Generating RTLIL representation for module `\_90_fa'.
Generating RTLIL representation for module `\_90_lcu_brent_kung'.
Generating RTLIL representation for module `\_90_alu'.
Generating RTLIL representation for module `\_90_macc'.
Generating RTLIL representation for module `\_90_alumacc'.
Generating RTLIL representation for module `\$__div_mod_u'.
Generating RTLIL representation for module `\$__div_mod_trunc'.
Generating RTLIL representation for module `\_90_div'.
Generating RTLIL representation for module `\_90_mod'.
Generating RTLIL representation for module `\$__div_mod_floor'.
Generating RTLIL representation for module `\_90_divfloor'.
Generating RTLIL representation for module `\_90_modfloor'.
Generating RTLIL representation for module `\_90_pow'.
Generating RTLIL representation for module `\_90_pmux'.
Generating RTLIL representation for module `\_90_demux'.
Generating RTLIL representation for module `\_90_lut'.
Successfully finished Verilog frontend.

275.2. Continuing TECHMAP pass.
Using extmapper simplemap for cells of type $not.
Using extmapper simplemap for cells of type $and.
Using extmapper simplemap for cells of type $mux.
Using template $paramod$c3cd1564c35d873179656addd6052d7ea8b6d991\_90_alu for cells of type $alu.
Using template $paramod$32a7b7b86c07519b7537abc18e96f0331f97914d\_90_alu for cells of type $alu.
Using extmapper simplemap for cells of type $eq.
Using extmapper simplemap for cells of type $logic_or.
Using extmapper simplemap for cells of type $logic_and.
Using extmapper simplemap for cells of type $adffe.
Using extmapper simplemap for cells of type $adff.
Using extmapper simplemap for cells of type $sdff.
Using template $paramod$521ce43182eecb9f60c72393a788160d2c356bf5\_90_pmux for cells of type $pmux.
Using extmapper simplemap for cells of type $logic_not.
Using template $paramod$381d5ac9ce4d79feb95fa03ade8f84c5a58bb3c0\_90_alu for cells of type $alu.
Using extmapper simplemap for cells of type $dffe.
Using extmapper simplemap for cells of type $reduce_or.
Using extmapper maccmap for cells of type $macc_v2.
  add \u_fft_core.u_fft8_mdc2.u_mdc8p_stage1.xfft_cell_route1.r_pp1_tw_i * \u_fft_core.u_fft8_mdc2.u_mdc8p_stage1.xfft_cell_route1.r_pp1_data_r (10x9 bits, signed)
Using extmapper simplemap for cells of type $reduce_bool.
Using extmapper simplemap for cells of type $ne.
Using extmapper simplemap for cells of type $reduce_and.
Using template $paramod$175e67c02b86e96b1288b9dc100122520d7240d8\_90_alu for cells of type $alu.
Using extmapper simplemap for cells of type $dff.
Using extmapper simplemap for cells of type $sdffe.
Using template $paramod$ec32b97001540459632a2df9accd677d3703ea0f\_90_alu for cells of type $alu.
Using template $paramod$7e708ae28ab761f11d0fb59d3ffc72f6a4baf5d9\_90_alu for cells of type $alu.
Using template $paramod$5ccf584370207a3ccc3032757a8e590623d4de56\_90_alu for cells of type $alu.
Using template $paramod$e64e6c5d2d873baf78963179f3de39b8de65a11e\_90_alu for cells of type $alu.
  add \u_fft_core.u_fft8_mdc3.u_mdc8p_stage1.xfft_cell_route1.r_pp1_tw_i * \u_fft_core.u_fft8_mdc3.u_mdc8p_stage1.xfft_cell_route1.r_pp1_data_i (10x9 bits, signed)
  add \u_fft_core.u_fft8_mdc3.u_mdc8p_stage1.xfft_cell_route1.r_pp1_tw_i * \u_fft_core.u_fft8_mdc3.u_mdc8p_stage1.xfft_cell_route1.r_pp1_data_r (10x9 bits, signed)
  add \u_fft_core.u_fft8_mdc3.u_mdc8p_stage1.xfft_cell_route1.r_pp1_tw_r * \u_fft_core.u_fft8_mdc3.u_mdc8p_stage1.xfft_cell_route1.r_pp1_data_i (10x9 bits, signed)
  add \u_fft_core.u_fft8_mdc2.u_mdc8p_stage1.xfft_cell_route1.r_pp1_tw_r * \u_fft_core.u_fft8_mdc2.u_mdc8p_stage1.xfft_cell_route1.r_pp1_data_r (10x9 bits, signed)
Using template $paramod$d2fa05d38998afabc6d4f34471305d0af4b8b2df\_90_alu for cells of type $alu.
Using template $paramod$85df5dc01c7df96a7d8e5f1fdf76ce9ac452af63\_90_pmux for cells of type $pmux.
Using template $paramod$32e7c4d6f92ff4337599ece53082d2e88a82a9f2\_90_pmux for cells of type $pmux.
Using template $paramod$2f5fb04daf2da94d981bf9455fa4454c6ec8b705\_90_alu for cells of type $alu.
Using template $paramod$ba698a254f9a5947e85cbe7beae6b161eefc5386\_90_alu for cells of type $alu.
Using template $paramod$deafafb16fafe19a693b92dae5ac8d424ab0a93e\_90_alu for cells of type $alu.
Using template $paramod$d7bce073994a2e72d43625386f50f475e47fb258\_90_alu for cells of type $alu.
Using template $paramod$ee3d784672cdb1cb32d9a801a3af776716f16b74\_90_alu for cells of type $alu.
  add \u_fft_core.u_fft8_mdc2.u_mdc8p_stage1.xfft_cell_route1.r_pp1_tw_i * \u_fft_core.u_fft8_mdc2.u_mdc8p_stage1.xfft_cell_route1.r_pp1_data_i (10x9 bits, signed)
  add \u_fft_core.u_fft8_mdc2.u_mdc8p_stage1.xfft_cell_route1.r_pp1_tw_r * \u_fft_core.u_fft8_mdc2.u_mdc8p_stage1.xfft_cell_route1.r_pp1_data_i (10x9 bits, signed)
  add \u_fft_core.u_fft8_mdc1.u_mdc8p_stage1.xfft_cell_route1.r_pp1_tw_i * \u_fft_core.u_fft8_mdc1.u_mdc8p_stage1.xfft_cell_route1.r_pp1_data_r (10x9 bits, signed)
  add \u_fft_core.u_twiddle_interface.data1_re_q * \u_fft_core.u_twiddle_interface.w1_selected [7:0] (8x8 bits, signed)
  add \u_fft_core.u_twiddle_interface.data1_im_q * { 1'0 \u_fft_core.u_twiddle_interface.w1_selected [14:8] } (8x8 bits, signed)
  add \u_fft_core.u_fft8_mdc1.u_mdc8p_stage1.xfft_cell_route1.r_pp1_tw_r * \u_fft_core.u_fft8_mdc1.u_mdc8p_stage1.xfft_cell_route1.r_pp1_data_r (10x9 bits, signed)
  add \u_fft_core.u_fft8_mdc0.u_mdc8p_stage1.xfft_cell_route1.r_pp1_tw_r * \u_fft_core.u_fft8_mdc0.u_mdc8p_stage1.xfft_cell_route1.r_pp1_data_i (10x9 bits, signed)
  add \u_fft_core.u_twiddle_interface.data3_re_q * \u_fft_core.u_twiddle_interface.w3_selected [15:8] (8x8 bits, signed)
  sub \u_fft_core.u_twiddle_interface.data3_im_q * \u_fft_core.u_twiddle_interface.w3_selected [7:0] (8x8 bits, signed)
Using template $paramod$dc04b7d98e503a7bab16fce2df70e6e2c5ca34d6\_90_alu for cells of type $alu.
  add \u_fft_core.u_twiddle_interface.data2_re_q * { \u_fft_core.u_twiddle_interface.w2_selected [7:2] \u_fft_core.u_twiddle_interface.w2_selected [6] \u_fft_core.u_twiddle_interface.w2_selected [0] } (8x8 bits, signed)
  add \u_fft_core.u_twiddle_interface.data2_im_q * { \u_fft_core.u_twiddle_interface.w2_selected [15:10] \u_fft_core.u_twiddle_interface.w2_selected [14] \u_fft_core.u_twiddle_interface.w2_selected [8] } (8x8 bits, signed)
  add \u_fft_core.u_fft8_mdc0.u_mdc8p_stage1.xfft_cell_route1.r_pp1_tw_r * \u_fft_core.u_fft8_mdc0.u_mdc8p_stage1.xfft_cell_route1.r_pp1_data_r (10x9 bits, signed)
  add \u_fft_core.u_fft8_mdc0.u_mdc8p_stage1.xfft_cell_route1.r_pp1_tw_i * \u_fft_core.u_fft8_mdc0.u_mdc8p_stage1.xfft_cell_route1.r_pp1_data_i (10x9 bits, signed)
  add \u_fft_core.u_fft8_mdc0.u_mdc8p_stage1.xfft_cell_route1.r_pp1_tw_i * \u_fft_core.u_fft8_mdc0.u_mdc8p_stage1.xfft_cell_route1.r_pp1_data_r (10x9 bits, signed)
Using template $paramod$78e969f2586efcf3a5b0b0440bcca0db83d5cca2\_90_alu for cells of type $alu.
Using template $paramod$3ef7d3dd227da7627a99c5e5a6a4deb817573e39\_90_alu for cells of type $alu.
  add \u_fft_core.u_twiddle_interface.data3_re_q * \u_fft_core.u_twiddle_interface.w3_selected [7:0] (8x8 bits, signed)
  add \u_fft_core.u_twiddle_interface.data3_im_q * \u_fft_core.u_twiddle_interface.w3_selected [15:8] (8x8 bits, signed)
  add \u_fft_core.u_twiddle_interface.data2_re_q * { \u_fft_core.u_twiddle_interface.w2_selected [15:10] \u_fft_core.u_twiddle_interface.w2_selected [14] \u_fft_core.u_twiddle_interface.w2_selected [8] } (8x8 bits, signed)
  sub \u_fft_core.u_twiddle_interface.data2_im_q * { \u_fft_core.u_twiddle_interface.w2_selected [7:2] \u_fft_core.u_twiddle_interface.w2_selected [6] \u_fft_core.u_twiddle_interface.w2_selected [0] } (8x8 bits, signed)
  add \u_fft_core.u_fft8_mdc1.u_mdc8p_stage1.xfft_cell_route1.r_pp1_tw_i * \u_fft_core.u_fft8_mdc1.u_mdc8p_stage1.xfft_cell_route1.r_pp1_data_i (10x9 bits, signed)
  add \u_fft_core.u_fft8_mdc1.u_mdc8p_stage1.xfft_cell_route1.r_pp1_tw_r * \u_fft_core.u_fft8_mdc1.u_mdc8p_stage1.xfft_cell_route1.r_pp1_data_i (10x9 bits, signed)
  add \u_fft_core.u_twiddle_interface.data1_re_q * { 1'0 \u_fft_core.u_twiddle_interface.w1_selected [14:8] } (8x8 bits, signed)
  sub \u_fft_core.u_twiddle_interface.data1_im_q * \u_fft_core.u_twiddle_interface.w1_selected [7:0] (8x8 bits, signed)
  packed 9 (2) bits / 1 words into adder tree
  add \u_fft_core.u_fft8_mdc3.u_mdc8p_stage1.xfft_cell_route1.r_pp1_tw_r * \u_fft_core.u_fft8_mdc3.u_mdc8p_stage1.xfft_cell_route1.r_pp1_data_r (10x9 bits, signed)
Using template $paramod$e91b162b5e66ac5731bf38c3cce71e8fd8ae1a69\_90_alu for cells of type $alu.
Using template $paramod$c5c783b17ab1d780abfad8cfe6563a0a7b47a3b0\_90_pmux for cells of type $pmux.
Using template $paramod$672a140277c71df8314410f22acc08d55222c3c7\_90_alu for cells of type $alu.
Using template $paramod$72f7795a18b8bd21d2def9f98cbb7d0e4ff65a7f\_90_pmux for cells of type $pmux.
Using extmapper simplemap for cells of type $tribuf.
Using extmapper simplemap for cells of type $or.
Using extmapper simplemap for cells of type $pos.
Using template $paramod\_90_fa\WIDTH=32'00000000000000000000000000010011 for cells of type $fa.
Using template $paramod\_90_lcu_brent_kung\WIDTH=32'00000000000000000000000000000010 for cells of type $lcu.
Using template $paramod\_90_lcu_brent_kung\WIDTH=32'00000000000000000000000000010100 for cells of type $lcu.
Using extmapper simplemap for cells of type $xor.
Using template $paramod\_90_fa\WIDTH=32'00000000000000000000000000010001 for cells of type $fa.
Using template $paramod\_90_lcu_brent_kung\WIDTH=32'00000000000000000000000000001100 for cells of type $lcu.
Using template $paramod\_90_lcu_brent_kung\WIDTH=32'00000000000000000000000000000100 for cells of type $lcu.
Using template $paramod$4e6ee5eb737cf7428f8e246e911ae1dac9ae2979\_90_alu for cells of type $alu.
Using template $paramod\_90_lcu_brent_kung\WIDTH=32'00000000000000000000000000001011 for cells of type $lcu.
Using template $paramod\_90_lcu_brent_kung\WIDTH=32'00000000000000000000000000001001 for cells of type $lcu.
Using template $paramod\_90_lcu_brent_kung\WIDTH=32'00000000000000000000000000001010 for cells of type $lcu.
Using template $paramod$3bb72ad0665cdca279bbc49ed6a39f403f16497f\_90_alu for cells of type $alu.
Using template $paramod\_90_lcu_brent_kung\WIDTH=32'00000000000000000000000000000011 for cells of type $lcu.
Using template $paramod\_90_lcu_brent_kung\WIDTH=32'00000000000000000000000000000101 for cells of type $lcu.
Using template $paramod\_90_lcu_brent_kung\WIDTH=32'00000000000000000000000000001000 for cells of type $lcu.
Using template $paramod\_90_lcu_brent_kung\WIDTH=32'00000000000000000000000000010001 for cells of type $lcu.
Using template $paramod\_90_lcu_brent_kung\WIDTH=32'00000000000000000000000000010011 for cells of type $lcu.
No more expansions possible.
<suppressed ~11203 debug messages>

276. Executing OPT_EXPR pass (perform const folding).
Optimizing module top_chip.
<suppressed ~11467 debug messages>

277. Executing OPT_MERGE pass (detect identical cells).
Finding identical cells in module `\top_chip'.
<suppressed ~19680 debug messages>
Removed a total of 6560 cells.

278. Executing OPT_DFF pass (perform DFF optimizations).

279. Executing OPT_CLEAN pass (remove unused cells and wires).
Finding unused cells or wires in module \top_chip..
Removed 1643 unused cells and 7562 unused wires.
<suppressed ~1644 debug messages>

280. Executing OPT_EXPR pass (perform const folding).
Optimizing module top_chip.
<suppressed ~29 debug messages>

281. Executing OPT_MERGE pass (detect identical cells).
Finding identical cells in module `\top_chip'.
Removed a total of 0 cells.

282. Executing OPT_DFF pass (perform DFF optimizations).
Adding SRST signal on $auto$ff.cc:266:slice$9505 ($_DFF_P_) from module top_chip (D = $flatten\u_fft_core.\u_fft8_mdc3.\u_mdc8p_stage1.$procmux$689.Y_B [2], Q = \u_fft_core.u_fft8_mdc3.u_mdc8p_stage1.xfft_cell_route1.r_pp1_tw_i [9], rval = 1'0).
Adding SRST signal on $auto$ff.cc:266:slice$9504 ($_DFF_P_) from module top_chip (D = $flatten\u_fft_core.\u_fft8_mdc3.\u_mdc8p_stage1.$procmux$689.Y_B [1], Q = \u_fft_core.u_fft8_mdc3.u_mdc8p_stage1.xfft_cell_route1.r_pp1_tw_i [8], rval = 1'0).
Adding SRST signal on $auto$ff.cc:266:slice$9503 ($_DFF_P_) from module top_chip (D = $flatten\u_fft_core.\u_fft8_mdc3.\u_mdc8p_stage1.$procmux$689.Y_B [0], Q = \u_fft_core.u_fft8_mdc3.u_mdc8p_stage1.xfft_cell_route1.r_pp1_tw_i [7], rval = 1'0).
Adding SRST signal on $auto$ff.cc:266:slice$9495 ($_DFF_P_) from module top_chip (D = $auto$alumacc.cc:495:replace_alu$4014.CO [1], Q = \u_fft_core.u_fft8_mdc3.u_mdc8p_stage1.xfft_cell_route1.r_pp1_tw_r [9], rval = 1'0).
Adding SRST signal on $auto$ff.cc:266:slice$9494 ($_DFF_P_) from module top_chip (D = $flatten\u_fft_core.\u_fft8_mdc3.\u_mdc8p_stage1.$procmux$694.B_AND_S [7], Q = \u_fft_core.u_fft8_mdc3.u_mdc8p_stage1.xfft_cell_route1.r_pp1_tw_r [8], rval = 1'1).
Adding SRST signal on $auto$ff.cc:266:slice$9493 ($_DFF_P_) from module top_chip (D = $auto$alumacc.cc:495:replace_alu$4014.CO [1], Q = \u_fft_core.u_fft8_mdc3.u_mdc8p_stage1.xfft_cell_route1.r_pp1_tw_r [7], rval = 1'1).
Adding SRST signal on $auto$ff.cc:266:slice$12416 ($_DFF_P_) from module top_chip (D = $flatten\u_fft_core.\u_fft8_mdc0.\u_mdc8p_stage1.$procmux$689.Y_B [2], Q = \u_fft_core.u_fft8_mdc0.u_mdc8p_stage1.xfft_cell_route1.r_pp1_tw_i [9], rval = 1'0).
Adding SRST signal on $auto$ff.cc:266:slice$12415 ($_DFF_P_) from module top_chip (D = $flatten\u_fft_core.\u_fft8_mdc0.\u_mdc8p_stage1.$procmux$689.Y_B [1], Q = \u_fft_core.u_fft8_mdc0.u_mdc8p_stage1.xfft_cell_route1.r_pp1_tw_i [8], rval = 1'0).
Adding SRST signal on $auto$ff.cc:266:slice$12414 ($_DFF_P_) from module top_chip (D = $flatten\u_fft_core.\u_fft8_mdc0.\u_mdc8p_stage1.$procmux$689.Y_B [0], Q = \u_fft_core.u_fft8_mdc0.u_mdc8p_stage1.xfft_cell_route1.r_pp1_tw_i [7], rval = 1'0).
Adding SRST signal on $auto$ff.cc:266:slice$12406 ($_DFF_P_) from module top_chip (D = $auto$alumacc.cc:495:replace_alu$4101.CO [1], Q = \u_fft_core.u_fft8_mdc0.u_mdc8p_stage1.xfft_cell_route1.r_pp1_tw_r [9], rval = 1'0).
Adding SRST signal on $auto$ff.cc:266:slice$12405 ($_DFF_P_) from module top_chip (D = $flatten\u_fft_core.\u_fft8_mdc0.\u_mdc8p_stage1.$procmux$694.B_AND_S [7], Q = \u_fft_core.u_fft8_mdc0.u_mdc8p_stage1.xfft_cell_route1.r_pp1_tw_r [8], rval = 1'1).
Adding SRST signal on $auto$ff.cc:266:slice$12404 ($_DFF_P_) from module top_chip (D = $auto$alumacc.cc:495:replace_alu$4101.CO [1], Q = \u_fft_core.u_fft8_mdc0.u_mdc8p_stage1.xfft_cell_route1.r_pp1_tw_r [7], rval = 1'1).
Adding SRST signal on $auto$ff.cc:266:slice$11462 ($_DFF_P_) from module top_chip (D = $flatten\u_fft_core.\u_fft8_mdc1.\u_mdc8p_stage1.$procmux$689.Y_B [2], Q = \u_fft_core.u_fft8_mdc1.u_mdc8p_stage1.xfft_cell_route1.r_pp1_tw_i [9], rval = 1'0).
Adding SRST signal on $auto$ff.cc:266:slice$11461 ($_DFF_P_) from module top_chip (D = $flatten\u_fft_core.\u_fft8_mdc1.\u_mdc8p_stage1.$procmux$689.Y_B [1], Q = \u_fft_core.u_fft8_mdc1.u_mdc8p_stage1.xfft_cell_route1.r_pp1_tw_i [8], rval = 1'0).
Adding SRST signal on $auto$ff.cc:266:slice$11460 ($_DFF_P_) from module top_chip (D = $flatten\u_fft_core.\u_fft8_mdc1.\u_mdc8p_stage1.$procmux$689.Y_B [0], Q = \u_fft_core.u_fft8_mdc1.u_mdc8p_stage1.xfft_cell_route1.r_pp1_tw_i [7], rval = 1'0).
Adding SRST signal on $auto$ff.cc:266:slice$11452 ($_DFF_P_) from module top_chip (D = $auto$alumacc.cc:495:replace_alu$4072.CO [1], Q = \u_fft_core.u_fft8_mdc1.u_mdc8p_stage1.xfft_cell_route1.r_pp1_tw_r [9], rval = 1'0).
Adding SRST signal on $auto$ff.cc:266:slice$11451 ($_DFF_P_) from module top_chip (D = $flatten\u_fft_core.\u_fft8_mdc1.\u_mdc8p_stage1.$procmux$694.B_AND_S [7], Q = \u_fft_core.u_fft8_mdc1.u_mdc8p_stage1.xfft_cell_route1.r_pp1_tw_r [8], rval = 1'1).
Adding SRST signal on $auto$ff.cc:266:slice$11450 ($_DFF_P_) from module top_chip (D = $auto$alumacc.cc:495:replace_alu$4072.CO [1], Q = \u_fft_core.u_fft8_mdc1.u_mdc8p_stage1.xfft_cell_route1.r_pp1_tw_r [7], rval = 1'1).
Adding SRST signal on $auto$ff.cc:266:slice$10439 ($_DFF_P_) from module top_chip (D = $flatten\u_fft_core.\u_fft8_mdc2.\u_mdc8p_stage1.$procmux$689.Y_B [2], Q = \u_fft_core.u_fft8_mdc2.u_mdc8p_stage1.xfft_cell_route1.r_pp1_tw_i [9], rval = 1'0).
Adding SRST signal on $auto$ff.cc:266:slice$10438 ($_DFF_P_) from module top_chip (D = $flatten\u_fft_core.\u_fft8_mdc2.\u_mdc8p_stage1.$procmux$689.Y_B [1], Q = \u_fft_core.u_fft8_mdc2.u_mdc8p_stage1.xfft_cell_route1.r_pp1_tw_i [8], rval = 1'0).
Adding SRST signal on $auto$ff.cc:266:slice$10437 ($_DFF_P_) from module top_chip (D = $flatten\u_fft_core.\u_fft8_mdc2.\u_mdc8p_stage1.$procmux$689.Y_B [0], Q = \u_fft_core.u_fft8_mdc2.u_mdc8p_stage1.xfft_cell_route1.r_pp1_tw_i [7], rval = 1'0).
Adding SRST signal on $auto$ff.cc:266:slice$10429 ($_DFF_P_) from module top_chip (D = $auto$alumacc.cc:495:replace_alu$4043.CO [1], Q = \u_fft_core.u_fft8_mdc2.u_mdc8p_stage1.xfft_cell_route1.r_pp1_tw_r [9], rval = 1'0).
Adding SRST signal on $auto$ff.cc:266:slice$10428 ($_DFF_P_) from module top_chip (D = $flatten\u_fft_core.\u_fft8_mdc2.\u_mdc8p_stage1.$procmux$694.B_AND_S [7], Q = \u_fft_core.u_fft8_mdc2.u_mdc8p_stage1.xfft_cell_route1.r_pp1_tw_r [8], rval = 1'1).
Adding SRST signal on $auto$ff.cc:266:slice$10427 ($_DFF_P_) from module top_chip (D = $auto$alumacc.cc:495:replace_alu$4043.CO [1], Q = \u_fft_core.u_fft8_mdc2.u_mdc8p_stage1.xfft_cell_route1.r_pp1_tw_r [7], rval = 1'1).

283. Executing OPT_CLEAN pass (remove unused cells and wires).
Finding unused cells or wires in module \top_chip..
Removed 24 unused cells and 0 unused wires.
<suppressed ~24 debug messages>

284. Rerunning OPT passes (Removed registers in this run.)

285. Executing OPT_EXPR pass (perform const folding).
Optimizing module top_chip.

286. Executing OPT_MERGE pass (detect identical cells).
Finding identical cells in module `\top_chip'.
Removed a total of 0 cells.

287. Executing OPT_DFF pass (perform DFF optimizations).

288. Executing OPT_CLEAN pass (remove unused cells and wires).
Finding unused cells or wires in module \top_chip..

289. Executing ABC pass (technology mapping using ABC).

289.1. Extracting gate netlist of module `\top_chip' to `<abc-temp-dir>/input.blif'..
Extracted 22514 gates and 24564 wires to a netlist network with 2048 inputs and 1505 outputs.

289.1.1. Executing ABC.
Running ABC command: "<yosys-exe-dir>/yosys-abc" -s -f <abc-temp-dir>/abc.script 2>&1
ABC: ABC command line: "source <abc-temp-dir>/abc.script".
ABC: 
ABC: + read_blif <abc-temp-dir>/input.blif 
ABC: + read_library <abc-temp-dir>/stdcells.genlib 
ABC: + strash 
ABC: + dretime 
ABC: + map 
ABC: + write_blif <abc-temp-dir>/output.blif 

289.1.2. Re-integrating ABC results.
ABC RESULTS:               AND cells:      863
ABC RESULTS:            ANDNOT cells:     6709
ABC RESULTS:               MUX cells:     1480
ABC RESULTS:              NAND cells:      545
ABC RESULTS:               NOR cells:     2098
ABC RESULTS:               NOT cells:     1072
ABC RESULTS:                OR cells:     2122
ABC RESULTS:             ORNOT cells:      773
ABC RESULTS:              XNOR cells:     2469
ABC RESULTS:               XOR cells:     4265
ABC RESULTS:        internal signals:    21011
ABC RESULTS:           input signals:     2048
ABC RESULTS:          output signals:     1505
Removing temp directory.

290. Executing OPT pass (performing simple optimizations).

290.1. Executing OPT_EXPR pass (perform const folding).
Optimizing module top_chip.
<suppressed ~673 debug messages>

290.2. Executing OPT_MERGE pass (detect identical cells).
Finding identical cells in module `\top_chip'.
<suppressed ~231 debug messages>
Removed a total of 77 cells.

290.3. Executing OPT_DFF pass (perform DFF optimizations).

290.4. Executing OPT_CLEAN pass (remove unused cells and wires).
Finding unused cells or wires in module \top_chip..
Removed 12 unused cells and 8765 unused wires.
<suppressed ~186 debug messages>

290.5. Finished fast OPT passes.

291. Executing HIERARCHY pass (managing design hierarchy).

291.1. Analyzing design hierarchy..
Top module:  \top_chip

291.2. Analyzing design hierarchy..
Top module:  \top_chip
Removed 0 unused modules.

292. Executing CHECK pass (checking for obvious problems).
Checking module top_chip...
Found and reported 0 problems.

293. Printing statistics.

=== top_chip ===

   Number of wires:              22435
   Number of wire bits:          31994
   Number of public wires:        1383
   Number of public wire bits:   10702
   Number of ports:                  8
   Number of port bits:              8
   Number of memories:               0
   Number of memory bits:            0
   Number of processes:              0
   Number of cells:              25898
     $_ANDNOT_                    6707
     $_AND_                        862
     $_DFFE_NN0P_                   12
     $_DFFE_PN0P_                  154
     $_DFFE_PP_                   1566
     $_DFF_NN0_                      1
     $_DFF_PN0_                     83
     $_DFF_PN1_                      3
     $_DFF_P_                     1503
     $_MUX_                       1475
     $_NAND_                       545
     $_NOR_                       2090
     $_NOT_                       1060
     $_ORNOT_                      772
     $_OR_                        2110
     $_SDFFE_PN0P_                 146
     $_SDFF_PN0_                    27
     $_SDFF_PN1_                     8
     $_TBUF_                         1
     $_XNOR_                      2469
     $_XOR_                       4233
     $scopeinfo                     71

294. Executing OPT pass (performing simple optimizations).

294.1. Executing OPT_EXPR pass (perform const folding).
Optimizing module top_chip.
<suppressed ~2 debug messages>

294.2. Executing OPT_MERGE pass (detect identical cells).
Finding identical cells in module `\top_chip'.
Removed a total of 0 cells.

294.3. Executing OPT_MUXTREE pass (detect dead branches in mux trees).
Running muxtree optimizer on module \top_chip..
  Creating internal representation of mux trees.
  No muxes found in this module.
Removed 0 multiplexer ports.

294.4. Executing OPT_REDUCE pass (consolidate $*mux and $reduce_* inputs).
  Optimizing cells in module \top_chip.
Performed a total of 0 changes.

294.5. Executing OPT_MERGE pass (detect identical cells).
Finding identical cells in module `\top_chip'.
Removed a total of 0 cells.

294.6. Executing OPT_DFF pass (perform DFF optimizations).

294.7. Executing OPT_CLEAN pass (remove unused cells and wires).
Finding unused cells or wires in module \top_chip..
Removed 0 unused cells and 2 unused wires.
<suppressed ~1 debug messages>

294.8. Executing OPT_EXPR pass (perform const folding).
Optimizing module top_chip.

294.9. Rerunning OPT passes. (Maybe there is more to do..)

294.10. Executing OPT_MUXTREE pass (detect dead branches in mux trees).
Running muxtree optimizer on module \top_chip..
  Creating internal representation of mux trees.
  No muxes found in this module.
Removed 0 multiplexer ports.

294.11. Executing OPT_REDUCE pass (consolidate $*mux and $reduce_* inputs).
  Optimizing cells in module \top_chip.
Performed a total of 0 changes.

294.12. Executing OPT_MERGE pass (detect identical cells).
Finding identical cells in module `\top_chip'.
Removed a total of 0 cells.

294.13. Executing OPT_DFF pass (perform DFF optimizations).

294.14. Executing OPT_CLEAN pass (remove unused cells and wires).
Finding unused cells or wires in module \top_chip..

294.15. Executing OPT_EXPR pass (perform const folding).
Optimizing module top_chip.

294.16. Finished OPT passes. (There is nothing left to do.)

295. Executing OPT_CLEAN pass (remove unused cells and wires).
Finding unused cells or wires in module \top_chip..
Removed 71 unused cells and 845 unused wires.
<suppressed ~916 debug messages>
{
   "creator": "Yosys 0.54 (git sha1 db72ec3bde296a9512b2d1e6fabf81cfb07c2c1b, clang++ 19.1.7 -fPIC -O3)",
   "invocation": "stat -json -liberty /home/designer/shared/FFT/parallel_fft/runs/RUN_2026-01-23_18-35-33/tmp/f00a104963bc4fafb038626f67e3c011.lib ",
   "modules": {
      "\\top_chip": {
         "num_wires":         21588,
         "num_wire_bits":     26253,
         "num_pub_wires":     538,
         "num_pub_wire_bits": 4963,
         "num_ports":         8,
         "num_port_bits":     8,
         "num_memories":      0,
         "num_memory_bits":   0,
         "num_processes":     0,
         "num_cells":         25825,
         "num_cells_by_type": {
            "$_ANDNOT_": 6707,
            "$_AND_": 862,
            "$_DFFE_NN0P_": 12,
            "$_DFFE_PN0P_": 154,
            "$_DFFE_PP_": 1566,
            "$_DFF_NN0_": 1,
            "$_DFF_PN0_": 83,
            "$_DFF_PN1_": 3,
            "$_DFF_P_": 1503,
            "$_MUX_": 1473,
            "$_NAND_": 545,
            "$_NOR_": 2090,
            "$_NOT_": 1060,
            "$_ORNOT_": 772,
            "$_OR_": 2110,
            "$_SDFFE_PN0P_": 146,
            "$_SDFF_PN0_": 27,
            "$_SDFF_PN1_": 8,
            "$_TBUF_": 1,
            "$_XNOR_": 2469,
            "$_XOR_": 4233
         }
      }
   },
      "design": {
         "num_wires":         21588,
         "num_wire_bits":     26253,
         "num_pub_wires":     538,
         "num_pub_wire_bits": 4963,
         "num_ports":         8,
         "num_port_bits":     8,
         "num_memories":      0,
         "num_memory_bits":   0,
         "num_processes":     0,
         "num_cells":         25825,
         "num_cells_by_type": {
            "$_ANDNOT_": 6707,
            "$_AND_": 862,
            "$_DFFE_NN0P_": 12,
            "$_DFFE_PN0P_": 154,
            "$_DFFE_PP_": 1566,
            "$_DFF_NN0_": 1,
            "$_DFF_PN0_": 83,
            "$_DFF_PN1_": 3,
            "$_DFF_P_": 1503,
            "$_MUX_": 1473,
            "$_NAND_": 545,
            "$_NOR_": 2090,
            "$_NOT_": 1060,
            "$_ORNOT_": 772,
            "$_OR_": 2110,
            "$_SDFFE_PN0P_": 146,
            "$_SDFF_PN0_": 27,
            "$_SDFF_PN1_": 8,
            "$_TBUF_": 1,
            "$_XNOR_": 2469,
            "$_XOR_": 4233
         }
      }
}

296. Printing statistics.

=== top_chip ===

   Number of wires:              21588
   Number of wire bits:          26253
   Number of public wires:         538
   Number of public wire bits:    4963
   Number of ports:                  8
   Number of port bits:              8
   Number of memories:               0
   Number of memory bits:            0
   Number of processes:              0
   Number of cells:              25825
     $_ANDNOT_                    6707
     $_AND_                        862
     $_DFFE_NN0P_                   12
     $_DFFE_PN0P_                  154
     $_DFFE_PP_                   1566
     $_DFF_NN0_                      1
     $_DFF_PN0_                     83
     $_DFF_PN1_                      3
     $_DFF_P_                     1503
     $_MUX_                       1473
     $_NAND_                       545
     $_NOR_                       2090
     $_NOT_                       1060
     $_ORNOT_                      772
     $_OR_                        2110
     $_SDFFE_PN0P_                 146
     $_SDFF_PN0_                    27
     $_SDFF_PN1_                     8
     $_TBUF_                         1
     $_XNOR_                      2469
     $_XOR_                       4233

   Area for cell type $_NOT_ is unknown!
   Area for cell type $_AND_ is unknown!
   Area for cell type $_NAND_ is unknown!
   Area for cell type $_OR_ is unknown!
   Area for cell type $_NOR_ is unknown!
   Area for cell type $_XOR_ is unknown!
   Area for cell type $_XNOR_ is unknown!
   Area for cell type $_ANDNOT_ is unknown!
   Area for cell type $_ORNOT_ is unknown!
   Area for cell type $_MUX_ is unknown!
   Area for cell type $_TBUF_ is unknown!
   Area for cell type $_DFF_P_ is unknown!
   Area for cell type $_DFFE_PP_ is unknown!
   Area for cell type $_DFF_NN0_ is unknown!
   Area for cell type $_DFF_PN0_ is unknown!
   Area for cell type $_DFF_PN1_ is unknown!
   Area for cell type $_DFFE_NN0P_ is unknown!
   Area for cell type $_DFFE_PN0P_ is unknown!
   Area for cell type $_SDFF_PN0_ is unknown!
   Area for cell type $_SDFF_PN1_ is unknown!
   Area for cell type $_SDFFE_PN0P_ is unknown!

[INFO] Applying tri-state buffer mapping from '/opt/pdks/ciel/ihp-sg13g2/versions/cb7daaa8901016cf7c5d272dfa322c41f024931f/ihp-sg13g2/libs.tech/librelane/sg13g2_stdcell/tribuff_map.v'…

297. Executing TECHMAP pass (map to technology primitives).

297.1. Executing Verilog-2005 frontend: /opt/pdks/ciel/ihp-sg13g2/versions/cb7daaa8901016cf7c5d272dfa322c41f024931f/ihp-sg13g2/libs.tech/librelane/sg13g2_stdcell/tribuff_map.v
Parsing Verilog input from `/opt/pdks/ciel/ihp-sg13g2/versions/cb7daaa8901016cf7c5d272dfa322c41f024931f/ihp-sg13g2/libs.tech/librelane/sg13g2_stdcell/tribuff_map.v' to AST representation.
Generating RTLIL representation for module `\$_TBUF_'.
Successfully finished Verilog frontend.

297.2. Continuing TECHMAP pass.
Using template \$_TBUF_ for cells of type $_TBUF_.
No more expansions possible.
<suppressed ~4 debug messages>

298. Executing SIMPLEMAP pass (map simple cells to gate primitives).
Mapping top_chip.$techmap$auto$simplemap.cc:308:simplemap_tribuf$15873.$not$/opt/pdks/ciel/ihp-sg13g2/versions/cb7daaa8901016cf7c5d272dfa322c41f024931f/ihp-sg13g2/libs.tech/librelane/sg13g2_stdcell/tribuff_map.v:5$77929 ($not).
[INFO] Applying latch mapping from '/opt/pdks/ciel/ihp-sg13g2/versions/cb7daaa8901016cf7c5d272dfa322c41f024931f/ihp-sg13g2/libs.tech/librelane/sg13g2_stdcell/latch_map.v'…

299. Executing TECHMAP pass (map to technology primitives).

299.1. Executing Verilog-2005 frontend: /opt/pdks/ciel/ihp-sg13g2/versions/cb7daaa8901016cf7c5d272dfa322c41f024931f/ihp-sg13g2/libs.tech/librelane/sg13g2_stdcell/latch_map.v
Parsing Verilog input from `/opt/pdks/ciel/ihp-sg13g2/versions/cb7daaa8901016cf7c5d272dfa322c41f024931f/ihp-sg13g2/libs.tech/librelane/sg13g2_stdcell/latch_map.v' to AST representation.
Generating RTLIL representation for module `\$_DLATCH_P_'.
Generating RTLIL representation for module `\$_DLATCH_PN0_'.
Generating RTLIL representation for module `\$_DLATCH_N_'.
Generating RTLIL representation for module `\$_DLATCH_NN0_'.
Successfully finished Verilog frontend.

299.2. Continuing TECHMAP pass.
No more expansions possible.
<suppressed ~6 debug messages>

300. Executing SIMPLEMAP pass (map simple cells to gate primitives).

301. Executing DFFLIBMAP pass (mapping DFF cells to sequential cells from liberty file).
  cell sg13g2_dfrbpq_1 (noninv, pins=4, area=48.99) is a direct match for cell type $_DFF_PN0_.
  final dff cell mappings:
    unmapped dff cell: $_DFF_N_
    unmapped dff cell: $_DFF_P_
    unmapped dff cell: $_DFF_NN0_
    unmapped dff cell: $_DFF_NN1_
    unmapped dff cell: $_DFF_NP0_
    unmapped dff cell: $_DFF_NP1_
    \sg13g2_dfrbpq_1 _DFF_PN0_ (.CLK( C), .D( D), .Q( Q), .RESET_B( R));
    unmapped dff cell: $_DFF_PN1_
    unmapped dff cell: $_DFF_PP0_
    unmapped dff cell: $_DFF_PP1_
    unmapped dff cell: $_DFFE_NN_
    unmapped dff cell: $_DFFE_NP_
    unmapped dff cell: $_DFFE_PN_
    unmapped dff cell: $_DFFE_PP_
    unmapped dff cell: $_DFFSR_NNN_
    unmapped dff cell: $_DFFSR_NNP_
    unmapped dff cell: $_DFFSR_NPN_
    unmapped dff cell: $_DFFSR_NPP_
    unmapped dff cell: $_DFFSR_PNN_
    unmapped dff cell: $_DFFSR_PNP_
    unmapped dff cell: $_DFFSR_PPN_
    unmapped dff cell: $_DFFSR_PPP_

301.1. Executing DFFLEGALIZE pass (convert FFs to types supported by the target).
<suppressed ~4 debug messages>
Mapping DFF cells in module `\top_chip':
  mapped 3503 $_DFF_PN0_ cells to \sg13g2_dfrbpq_1 cells.
{
   "creator": "Yosys 0.54 (git sha1 db72ec3bde296a9512b2d1e6fabf81cfb07c2c1b, clang++ 19.1.7 -fPIC -O3)",
   "invocation": "stat -json -liberty /home/designer/shared/FFT/parallel_fft/runs/RUN_2026-01-23_18-35-33/tmp/f00a104963bc4fafb038626f67e3c011.lib ",
   "modules": {
      "\\top_chip": {
         "num_wires":         23670,
         "num_wire_bits":     28335,
         "num_pub_wires":     538,
         "num_pub_wire_bits": 4963,
         "num_ports":         8,
         "num_port_bits":     8,
         "num_memories":      0,
         "num_memory_bits":   0,
         "num_processes":     0,
         "num_cells":         27904,
         "area":              171625.910400,
         "num_cells_by_type": {
            "$_ANDNOT_": 6707,
            "$_AND_": 862,
            "$_MUX_": 3532,
            "$_NAND_": 545,
            "$_NOR_": 2090,
            "$_NOT_": 1080,
            "$_ORNOT_": 772,
            "$_OR_": 2110,
            "$_XNOR_": 2469,
            "$_XOR_": 4233,
            "sg13g2_dfrbpq_1": 3503,
            "sg13g2_ebufn_2": 1
         }
      }
   },
      "design": {
         "num_wires":         23670,
         "num_wire_bits":     28335,
         "num_pub_wires":     538,
         "num_pub_wire_bits": 4963,
         "num_ports":         8,
         "num_port_bits":     8,
         "num_memories":      0,
         "num_memory_bits":   0,
         "num_processes":     0,
         "num_cells":         27904,
         "area":              171625.910400,
         "num_cells_by_type": {
            "$_ANDNOT_": 6707,
            "$_AND_": 862,
            "$_MUX_": 3532,
            "$_NAND_": 545,
            "$_NOR_": 2090,
            "$_NOT_": 1080,
            "$_ORNOT_": 772,
            "$_OR_": 2110,
            "$_XNOR_": 2469,
            "$_XOR_": 4233,
            "sg13g2_dfrbpq_1": 3503,
            "sg13g2_ebufn_2": 1
         }
      }
}

302. Printing statistics.

=== top_chip ===

   Number of wires:              23670
   Number of wire bits:          28335
   Number of public wires:         538
   Number of public wire bits:    4963
   Number of ports:                  8
   Number of port bits:              8
   Number of memories:               0
   Number of memory bits:            0
   Number of processes:              0
   Number of cells:              27904
     $_ANDNOT_                    6707
     $_AND_                        862
     $_MUX_                       3532
     $_NAND_                       545
     $_NOR_                       2090
     $_NOT_                       1080
     $_ORNOT_                      772
     $_OR_                        2110
     $_XNOR_                      2469
     $_XOR_                       4233
     sg13g2_dfrbpq_1              3503
     sg13g2_ebufn_2                  1

   Area for cell type $_NOT_ is unknown!
   Area for cell type $_AND_ is unknown!
   Area for cell type $_NAND_ is unknown!
   Area for cell type $_OR_ is unknown!
   Area for cell type $_NOR_ is unknown!
   Area for cell type $_XOR_ is unknown!
   Area for cell type $_XNOR_ is unknown!
   Area for cell type $_ANDNOT_ is unknown!
   Area for cell type $_ORNOT_ is unknown!
   Area for cell type $_MUX_ is unknown!

   Chip area for module '\top_chip': 171625.910400
     of which used for sequential elements: 171607.766400 (99.99%)

[INFO] Using generated ABC script '/home/designer/shared/FFT/parallel_fft/runs/RUN_2026-01-23_18-35-33/06-yosys-synthesis/AREA_0.abc'…

303. Executing ABC pass (technology mapping using ABC).

303.1. Extracting gate netlist of module `\top_chip' to `/tmp/yosys-abc-jI2VRG/input.blif'..
Extracted 24400 gates and 27604 wires to a netlist network with 3202 inputs and 3050 outputs.

303.1.1. Executing ABC.
Running ABC command: "/nix/store/f2psm4dyix5p4r8c1wyz8m67psng0rjb-yosys-0.54/bin/yosys-abc" -s -f /tmp/yosys-abc-jI2VRG/abc.script 2>&1
ABC: ABC command line: "source /tmp/yosys-abc-jI2VRG/abc.script".
ABC: 
ABC: + read_blif /tmp/yosys-abc-jI2VRG/input.blif 
ABC: + read_lib -w /home/designer/shared/FFT/parallel_fft/runs/RUN_2026-01-23_18-35-33/tmp/f00a104963bc4fafb038626f67e3c011.lib 
ABC: Parsing finished successfully.  Parsing time =     0.01 sec
ABC: Scl_LibertyReadGenlib() skipped cell "sg13g2_antennanp" due to dont_use attribute.
ABC: Scl_LibertyReadGenlib() skipped cell "sg13g2_decap_4" due to dont_use attribute.
ABC: Scl_LibertyReadGenlib() skipped cell "sg13g2_decap_8" due to dont_use attribute.
ABC: Scl_LibertyReadGenlib() skipped sequential cell "sg13g2_dfrbp_1".
ABC: Scl_LibertyReadGenlib() skipped sequential cell "sg13g2_dfrbpq_1".
ABC: Scl_LibertyReadGenlib() skipped sequential cell "sg13g2_dfrbpq_2".
ABC: Scl_LibertyReadGenlib() skipped sequential cell "sg13g2_dlhq_1".
ABC: Scl_LibertyReadGenlib() skipped sequential cell "sg13g2_dlhr_1".
ABC: Scl_LibertyReadGenlib() skipped sequential cell "sg13g2_dlhrq_1".
ABC: Scl_LibertyReadGenlib() skipped sequential cell "sg13g2_dllr_1".
ABC: Scl_LibertyReadGenlib() skipped sequential cell "sg13g2_dllrq_1".
ABC: Scl_LibertyReadGenlib() skipped three-state cell "sg13g2_ebufn_2".
ABC: Scl_LibertyReadGenlib() skipped three-state cell "sg13g2_ebufn_4".
ABC: Scl_LibertyReadGenlib() skipped three-state cell "sg13g2_ebufn_8".
ABC: Scl_LibertyReadGenlib() skipped three-state cell "sg13g2_einvn_2".
ABC: Scl_LibertyReadGenlib() skipped three-state cell "sg13g2_einvn_4".
ABC: Scl_LibertyReadGenlib() skipped three-state cell "sg13g2_einvn_8".
ABC: Scl_LibertyReadGenlib() skipped cell "sg13g2_fill_1" due to dont_use attribute.
ABC: Scl_LibertyReadGenlib() skipped cell "sg13g2_fill_2" due to dont_use attribute.
ABC: Scl_LibertyReadGenlib() skipped cell "sg13g2_fill_4" due to dont_use attribute.
ABC: Scl_LibertyReadGenlib() skipped cell "sg13g2_fill_8" due to dont_use attribute.
ABC: Scl_LibertyReadGenlib() skipped sequential cell "sg13g2_sdfrbp_1".
ABC: Scl_LibertyReadGenlib() skipped sequential cell "sg13g2_sdfrbp_2".
ABC: Scl_LibertyReadGenlib() skipped sequential cell "sg13g2_sdfrbpq_1".
ABC: Scl_LibertyReadGenlib() skipped sequential cell "sg13g2_sdfrbpq_2".
ABC: Library "sg13g2_stdcell_typ_1p20V_25C" from "/home/designer/shared/FFT/parallel_fft/runs/RUN_2026-01-23_18-35-33/tmp/f00a104963bc4fafb038626f67e3c011.lib" has 54 cells (18 skipped: 12 seq; 6 tri-state; 0 no func; 7 dont_use).  Time =     0.01 sec
ABC: Memory =    2.63 MB. Time =     0.01 sec
ABC: + read_constr -v /home/designer/shared/FFT/parallel_fft/runs/RUN_2026-01-23_18-35-33/06-yosys-synthesis/synthesis.abc.sdc 
ABC: Setting driving cell to be "sg13g2_buf_4/X".
ABC: Setting output load to be 6.000000.
ABC: + source /home/designer/shared/FFT/parallel_fft/runs/RUN_2026-01-23_18-35-33/06-yosys-synthesis/AREA_0.abc 
ABC: Error: The network is combinational.
ABC: Cannot find the default PI driving cell (sg13g2_buf_4/X) in the library.
ABC: WireLoad = "none"  Gates =  19247 (  3.7 %)   Cap =  8.1 ff (  5.6 %)   Area =   213449.83 ( 88.6 %)   Delay =  7357.40 ps  (  0.7 %)               
ABC: Path  0 --     255 : 0    3 pi              A =   0.00  Df =   0.0   -0.0 ps  S =   0.0 ps  Cin =  0.0 ff  Cout =   8.3 ff  Cmax =   0.0 ff  G =    0  
ABC: Path  1 --    6673 : 2   69 sg13g2_nand2b_1 A =   9.07  Df = 861.2 -245.0 ps  S =1091.5 ps  Cin =  2.6 ff  Cout = 205.5 ff  Cmax = 300.0 ff  G = 7639  
ABC: Path  2 --    6674 : 1   84 sg13g2_inv_1    A =   5.44  Df =2225.4 -526.9 ps  S =1238.6 ps  Cin =  2.9 ff  Cout = 275.7 ff  Cmax = 300.0 ff  G = 9363  
ABC: Path  3 --    6684 : 2    8 sg13g2_and2_1   A =   9.07  Df =2568.0 -574.6 ps  S = 124.4 ps  Cin =  2.5 ff  Cout =  23.9 ff  Cmax = 300.0 ff  G =  916  
ABC: Path  4 --   22529 : 2    1 sg13g2_nand2_1  A =   7.26  Df =2635.0 -591.6 ps  S =  47.6 ps  Cin =  2.9 ff  Cout =   2.9 ff  Cmax = 300.0 ff  G =   96  
ABC: Path  5 --   22530 : 4    3 sg13g2_nor4_1   A =  10.89  Df =2806.1 -713.4 ps  S = 204.3 ps  Cin =  2.9 ff  Cout =   8.5 ff  Cmax = 300.0 ff  G =  280  
ABC: Path  6 --   24515 : 3  128 sg13g2_nand3_1  A =   9.07  Df =6744.8-2804.4 ps  S =5091.5 ps  Cin =  3.0 ff  Cout = 652.4 ff  Cmax = 300.0 ff  G =21867  
ABC: Path  7 --   24516 : 3    1 sg13g2_mux2_1   A =  18.14  Df =7357.4-3021.2 ps  S = 114.6 ps  Cin =  3.6 ff  Cout =   6.0 ff  Cmax = 300.0 ff  G =  167  
ABC: Start-point = pi254 (\soft_reset).  End-point = po2343 ($auto$rtlil.cc:3203:MuxGate$80622).
ABC: netlist                       : i/o = 3202/ 3050  lat =    0  nd = 19247  edge =  46848  area =213457.79  delay =26.00  lev = 26
ABC: + write_blif /tmp/yosys-abc-jI2VRG/output.blif 

303.1.2. Re-integrating ABC results.
ABC RESULTS:          _const0_ cells:       20
ABC RESULTS:     sg13g2_a21o_1 cells:      597
ABC RESULTS:    sg13g2_a21oi_1 cells:     1860
ABC RESULTS:   sg13g2_a221oi_1 cells:       47
ABC RESULTS:    sg13g2_a22oi_1 cells:      331
ABC RESULTS:     sg13g2_and2_1 cells:      436
ABC RESULTS:     sg13g2_and3_1 cells:      160
ABC RESULTS:     sg13g2_and4_1 cells:      101
ABC RESULTS:      sg13g2_buf_1 cells:        4
ABC RESULTS:      sg13g2_inv_1 cells:      717
ABC RESULTS:     sg13g2_mux2_1 cells:     1613
ABC RESULTS:     sg13g2_mux4_1 cells:      136
ABC RESULTS:    sg13g2_nand2_1 cells:     2018
ABC RESULTS:   sg13g2_nand2b_1 cells:      836
ABC RESULTS:    sg13g2_nand3_1 cells:      600
ABC RESULTS:   sg13g2_nand3b_1 cells:       30
ABC RESULTS:    sg13g2_nand4_1 cells:      133
ABC RESULTS:     sg13g2_nor2_1 cells:     1581
ABC RESULTS:    sg13g2_nor2b_1 cells:      829
ABC RESULTS:     sg13g2_nor3_1 cells:      256
ABC RESULTS:     sg13g2_nor4_1 cells:       19
ABC RESULTS:    sg13g2_o21ai_1 cells:     1977
ABC RESULTS:      sg13g2_or2_1 cells:      290
ABC RESULTS:      sg13g2_or3_1 cells:      159
ABC RESULTS:      sg13g2_or4_1 cells:        5
ABC RESULTS:    sg13g2_xnor2_1 cells:     2802
ABC RESULTS:     sg13g2_xor2_1 cells:     1690
ABC RESULTS:        internal signals:    21352
ABC RESULTS:           input signals:     3202
ABC RESULTS:          output signals:     3050
Removing temp directory.

304. Executing SETUNDEF pass (replace undef values with defined constants).

305. Executing HILOMAP pass (mapping to constant drivers).

306. Executing SPLITNETS pass (splitting up multi-bit signals).

307. Executing OPT_CLEAN pass (remove unused cells and wires).
Finding unused cells or wires in module \top_chip..
Removed 49 unused cells and 28096 unused wires.
<suppressed ~456 debug messages>

308. Executing INSBUF pass (insert buffer cells for connected wires).

309. Executing CHECK pass (checking for obvious problems).
Checking module top_chip...
Found and reported 0 problems.
{
   "creator": "Yosys 0.54 (git sha1 db72ec3bde296a9512b2d1e6fabf81cfb07c2c1b, clang++ 19.1.7 -fPIC -O3)",
   "invocation": "stat -json -liberty /home/designer/shared/FFT/parallel_fft/runs/RUN_2026-01-23_18-35-33/tmp/f00a104963bc4fafb038626f67e3c011.lib ",
   "modules": {
      "\\top_chip": {
         "num_wires":         26007,
         "num_wire_bits":     26007,
         "num_pub_wires":     4557,
         "num_pub_wire_bits": 4557,
         "num_ports":         8,
         "num_port_bits":     8,
         "num_memories":      0,
         "num_memory_bits":   0,
         "num_processes":     0,
         "num_cells":         26001,
         "area":              408808.096200,
         "num_cells_by_type": {
            "sg13g2_a21o_1": 597,
            "sg13g2_a21oi_1": 1860,
            "sg13g2_a221oi_1": 47,
            "sg13g2_a22oi_1": 331,
            "sg13g2_and2_1": 436,
            "sg13g2_and3_1": 160,
            "sg13g2_and4_1": 101,
            "sg13g2_buf_1": 4,
            "sg13g2_dfrbpq_1": 3503,
            "sg13g2_ebufn_2": 1,
            "sg13g2_inv_1": 717,
            "sg13g2_mux2_1": 1613,
            "sg13g2_mux4_1": 136,
            "sg13g2_nand2_1": 2018,
            "sg13g2_nand2b_1": 836,
            "sg13g2_nand3_1": 600,
            "sg13g2_nand3b_1": 30,
            "sg13g2_nand4_1": 133,
            "sg13g2_nor2_1": 1581,
            "sg13g2_nor2b_1": 829,
            "sg13g2_nor3_1": 256,
            "sg13g2_nor4_1": 19,
            "sg13g2_o21ai_1": 1977,
            "sg13g2_or2_1": 290,
            "sg13g2_or3_1": 159,
            "sg13g2_or4_1": 5,
            "sg13g2_tiehi": 3250,
            "sg13g2_tielo": 20,
            "sg13g2_xnor2_1": 2802,
            "sg13g2_xor2_1": 1690
         }
      }
   },
      "design": {
         "num_wires":         26007,
         "num_wire_bits":     26007,
         "num_pub_wires":     4557,
         "num_pub_wire_bits": 4557,
         "num_ports":         8,
         "num_port_bits":     8,
         "num_memories":      0,
         "num_memory_bits":   0,
         "num_processes":     0,
         "num_cells":         26001,
         "area":              408808.096200,
         "num_cells_by_type": {
            "sg13g2_a21o_1": 597,
            "sg13g2_a21oi_1": 1860,
            "sg13g2_a221oi_1": 47,
            "sg13g2_a22oi_1": 331,
            "sg13g2_and2_1": 436,
            "sg13g2_and3_1": 160,
            "sg13g2_and4_1": 101,
            "sg13g2_buf_1": 4,
            "sg13g2_dfrbpq_1": 3503,
            "sg13g2_ebufn_2": 1,
            "sg13g2_inv_1": 717,
            "sg13g2_mux2_1": 1613,
            "sg13g2_mux4_1": 136,
            "sg13g2_nand2_1": 2018,
            "sg13g2_nand2b_1": 836,
            "sg13g2_nand3_1": 600,
            "sg13g2_nand3b_1": 30,
            "sg13g2_nand4_1": 133,
            "sg13g2_nor2_1": 1581,
            "sg13g2_nor2b_1": 829,
            "sg13g2_nor3_1": 256,
            "sg13g2_nor4_1": 19,
            "sg13g2_o21ai_1": 1977,
            "sg13g2_or2_1": 290,
            "sg13g2_or3_1": 159,
            "sg13g2_or4_1": 5,
            "sg13g2_tiehi": 3250,
            "sg13g2_tielo": 20,
            "sg13g2_xnor2_1": 2802,
            "sg13g2_xor2_1": 1690
         }
      }
}

310. Printing statistics.

=== top_chip ===

   Number of wires:              26007
   Number of wire bits:          26007
   Number of public wires:        4557
   Number of public wire bits:    4557
   Number of ports:                  8
   Number of port bits:              8
   Number of memories:               0
   Number of memory bits:            0
   Number of processes:              0
   Number of cells:              26001
     sg13g2_a21o_1                 597
     sg13g2_a21oi_1               1860
     sg13g2_a221oi_1                47
     sg13g2_a22oi_1                331
     sg13g2_and2_1                 436
     sg13g2_and3_1                 160
     sg13g2_and4_1                 101
     sg13g2_buf_1                    4
     sg13g2_dfrbpq_1              3503
     sg13g2_ebufn_2                  1
     sg13g2_inv_1                  717
     sg13g2_mux2_1                1613
     sg13g2_mux4_1                 136
     sg13g2_nand2_1               2018
     sg13g2_nand2b_1               836
     sg13g2_nand3_1                600
     sg13g2_nand3b_1                30
     sg13g2_nand4_1                133
     sg13g2_nor2_1                1581
     sg13g2_nor2b_1                829
     sg13g2_nor3_1                 256
     sg13g2_nor4_1                  19
     sg13g2_o21ai_1               1977
     sg13g2_or2_1                  290
     sg13g2_or3_1                  159
     sg13g2_or4_1                    5
     sg13g2_tiehi                 3250
     sg13g2_tielo                   20
     sg13g2_xnor2_1               2802
     sg13g2_xor2_1                1690

   Chip area for module '\top_chip': 408808.096200
     of which used for sequential elements: 171607.766400 (41.98%)

311. Executing Verilog backend.
Dumping module `\top_chip'.

312. Executing JSON backend.
