net,length_um
net3245,1.3508mm
clknet_2_1_0_i_clk,1.250885mm
clknet_2_0_0_i_clk,1.219315mm
clknet_2_2_0_i_clk,1.09848mm
clknet_2_3_0_i_clk,1.081985mm
clknet_0_i_clk,1.00396mm
_13514_,999.91µm
net3213,921.565µm
i_clk,870.69µm
net3596,772.505µm
net3029,739.275µm
_15304_,691.585µm
rx_valid,689.48µm
net3733,669.67µm
net3687,636.195µm
net3074,619.68µm
net3636,604.615µm
net3072,543.215µm
net3731,481.995µm
net3561,460.61µm
net3048,457.985µm
net2816,418.685µm
net3208,409.22µm
net3229,408.4µm
u_fft_core.u_twiddle_interface.val_2q,403.59µm
net2840,402.99µm
debug_mid_data_re\[3\],392.95µm
u_fft_core.mdc_ff0_data1_im\[2\],387.75µm
debug_mid_data_re\[2\],385.38µm
net2938,384.16µm
net2937,382.02µm
u_fft_core.u_fft8_mdc1.u_mdc8p_stage1.r_bt0_r\[0\]\[0\],381.67µm
_17186_,365.04µm
u_fft_core.u_fft8_mdc0.u_mdc8p_stage1.r_bt0_i\[0\]\[0\],363.17µm
net3161,362.015µm
net3196,356.655µm
net3410,352.59µm
debug_mid_data_re\[6\],352.52µm
net3982,351.24µm
_15314_,349.855µm
u_fft_core.u_fft8_mdc2.u_mdc8p_stage1.u_btfly2.o_data0_r\[8\],345.07µm
debug_mid_data_re\[5\],343.53µm
net3823,342.58µm
debug_mid_data_re\[0\],340.38µm
u_fft_core.u_fft8_mdc0.u_mdc8p_stage1.xfft_cell_route1.r_pp1_data_i\[8\],339.875µm
net2989,336.22µm
clknet_7_32__leaf_i_clk,335.93µm
u_fft_core.mdc_ff2_data1_re\[6\],333.93µm
net3760,331.44µm
net3366,330.78µm
u_fft_core.u_fft8_mdc1.u_mdc8p_stage1.xfft_cell_route1.r_pp1_data_i\[8\],329.505µm
net3049,325.82µm
u_fft_core.u_fft8_mdc2.u_mdc8p_stage1.xfft_cell_route1.w_mult_i\[0\]\[18\],324.9µm
debug_mid_data_re\[4\],321.62µm
net3384,320.32µm
u_fft_core.u_fft8_mdc2.u_mdc8p_stage1.u_btfly2.o_data0_r\[7\],318.13µm
debug_mid_data_re\[1\],315.22µm
u_fft_core.u_fft8_mdc2.u_mdc8p_stage1.xfft_cell_route1.w_mult_i\[0\]\[17\],310.8µm
net3790,309.99µm
net3569,306.755µm
net3950,306.485µm
u_fft_core.mdc_ff0_data0_im\[2\],302.72µm
net3914,300.45µm
u_fft_core.mdc_ff2_data1_re\[7\],300.255µm
net3923,296.85µm
debug_mid_data_re\[7\],295.615µm
net3560,292.815µm
net3304,290.765µm
u_fft_core.u_fft8_mdc1.u_mdc8p_stage3.next_data0_r\[3\],289.975µm
net4034,289.89µm
u_fft_core.u_fft8_mdc2.u_mdc8p_stage1.r_bt0_r\[0\]\[3\],289.33µm
net3868,289.2µm
net3873,284.865µm
net3145,283.15µm
net3967,281.33µm
u_fft_core.u_fft8_mdc2.u_mdc8p_stage1.r_bt0_r\[0\]\[1\],281.17µm
u_fft_core.u_twiddle_interface.data1_re_q\[2\],280.755µm
u_fft_core.mdc_ff0_data1_re\[3\],279.955µm
_14922_,278.2µm
net3220,278.19µm
_13655_,277.44µm
u_fft_core.u_fft8_mdc2.u_mdc8p_stage1.xfft_cell_route1.w_mult_i\[0\]\[16\],276.3µm
net3191,275.145µm
fft_inverse,275.08µm
_14919_,274.61µm
net4120,274.345µm
net3917,274.23µm
net2920,273.2µm
net3776,272.595µm
net3832,271.825µm
net3184,271.59µm
net3925,271.03µm
u_fft_core.u_fft8_mdc2.u_mdc8p_stage1.xfft_cell_route1.w_mult_i\[0\]\[15\],270.48µm
u_fft_core.mdc_ff2_data0_re\[6\],269.83µm
net3729,269.045µm
net3865,268.245µm
_14920_,268.01µm
net3678,267.98µm
net2925,267.535µm
net2794,267.105µm
net3778,265.995µm
net3981,264.02µm
net4083,263.21µm
u_fft_core.u_fft8_mdc0.u_mdc8p_stage1.xfft_cell_route1.r_pp1_data_i\[7\],262.685µm
net3919,262.515µm
u_fft_core.fft4_data2_im\[3\],261.56µm
net3771,261.095µm
u_fft_core.u_fft8_mdc2.u_mdc8p_stage2.ds_switch_stage1.i_valid,259.765µm
net3930,259.765µm
u_fft_core.mdc_ff0_data1_re\[7\],259.115µm
net3190,258.985µm
net3862,258.42µm
clknet_7_50__leaf_i_clk,258.115µm
net4033,257.025µm
_15100_,256.58µm
net3920,255.625µm
u_fft_core.u_fft8_mdc0.u_mdc8p_stage1.xfft_cell_route1.r_pp1_data_i\[3\],255.46µm
net2873,255.395µm
u_fft_core.u_fft8_mdc2.u_mdc8p_stage1.r_bt0_r\[0\]\[4\],253.87µm
net3197,253.32µm
u_fft_core.mdc_ff0_data0_re\[3\],252.68µm
net2849,252.675µm
u_fft_core.mdc_ff2_data1_re\[4\],251.975µm
u_fft_core.mdc_ff2_data0_re\[2\],251.225µm
net3073,250.52µm
net3041,250.39µm
u_fft_core.u_fft8_mdc0.u_mdc8p_stage1.xfft_cell_route1.r_pp1_tw_r\[0\],249.72µm
net3819,249.415µm
net2803,248.98µm
net3884,248.765µm
u_fft_core.u_fft8_mdc2.u_mdc8p_stage1.u_btfly2.o_data0_r\[6\],247.44µm
net3028,247.11µm
net3732,246.835µm
net3863,246.7µm
net2924,246.57µm
net2978,245.33µm
net2944,244.735µm
net3502,244.545µm
net3576,244.455µm
_17362_,244.15µm
_15088_,243.605µm
net3235,242.665µm
_13703_,242.46µm
_13656_,240.57µm
net3195,240.46µm
net3814,240.4µm
u_fft_core.u_fft8_mdc2.u_mdc8p_stage1.xfft_cell_route1.w_mult_i\[0\]\[14\],240.06µm
net2990,239.91µm
u_fft_core.mdc_ff2_data1_re\[2\],239.62µm
net3416,238.915µm
net3378,238.77µm
net3540,238.025µm
net3188,237.025µm
u_fft_core.u_fft8_mdc2.u_mdc8p_stage1.r_bt0_r\[0\]\[5\],236.23µm
net3380,236.025µm
net3360,235.875µm
u_fft_core.u_fft4.s1_ev_sub_re\[3\],235.01µm
net3362,233.685µm
clknet_7_35__leaf_i_clk,233.415µm
net3396,233.39µm
_13696_,233.24µm
u_fft_core.mdc_ff0_data1_im\[1\],231.63µm
net3305,231.32µm
u_fft_core.u_fft8_mdc1.u_mdc8p_stage1.xfft_cell_route1.r_pp1_data_r\[3\],231.08µm
net2815,231.055µm
net3775,230.655µm
u_fft_core.fft4_data2_im\[6\],230.01µm
u_fft_core.mdc_ff2_data0_re\[7\],229.64µm
net2785,228.785µm
net3043,228.73µm
net2913,228.625µm
clknet_7_47__leaf_i_clk,227.79µm
net2829,227.43µm
net3748,226.34µm
net3312,225.95µm
_13638_,224.92µm
_15092_,224.85µm
net2879,224.38µm
net3816,223.25µm
u_fft_core.u_fft8_mdc1.u_mdc8p_stage3.next_data1_r\[3\],223.18µm
_14909_,222.795µm
_15009_,222.74µm
clknet_7_34__leaf_i_clk,222.35µm
u_fft_core.u_fft8_mdc0.u_mdc8p_stage3.next_data0_i\[6\],220.82µm
_13604_,220.26µm
u_fft_core.u_fft4.r_x1_im\[1\],220.065µm
u_fft_core.fft4_data2_re\[4\],219.87µm
net3752,219.625µm
_15305_,219.56µm
_18011_,217.88µm
net3146,217.835µm
u_fft_core.u_fft8_mdc1.u_mdc8p_stage1.xfft_cell_route1.r_pp1_data_i\[3\],217.445µm
u_fft_core.mdc_ff2_data0_re\[5\],217.385µm
u_fft_core.u_fft8_mdc0.u_mdc8p_stage3.next_data0_i\[4\],216.985µm
clknet_7_49__leaf_i_clk,216.605µm
_13605_,216.54µm
net3301,216.475µm
_13701_,216.42µm
net3176,216.295µm
clknet_7_56__leaf_i_clk,216.295µm
_13609_,216.21µm
net3001,215.7µm
u_fft_core.u_fft8_mdc1.u_mdc8p_stage3.next_data1_i\[2\],215.53µm
u_fft_core.u_fft8_mdc2.u_mdc8p_stage1.xfft_cell_route1.r_pp1_data_i\[7\],215.48µm
_13606_,215.47µm
net3375,215.38µm
u_fft_core.u_fft4.s1_ev_sub_re\[2\],214.525µm
u_fft_core.mdc_ff2_data0_re\[1\],214.45µm
_14838_,214.33µm
_13708_,213.97µm
_13648_,213.54µm
u_fft_core.u_twiddle_interface.data1_re_q\[5\],213.28µm
net3187,213.185µm
net3921,213.115µm
u_fft_core.u_fft8_mdc0.u_mdc8p_stage3.next_data1_i\[4\],213.07µm
net2882,213.025µm
net2985,212.99µm
u_fft_core.mdc_ff0_data0_re\[7\],212.88µm
net3177,212.8µm
u_fft_core.mdc_ff2_data1_re\[1\],212.605µm
u_fft_core.mdc_ff0_data0_im\[5\],212.425µm
u_fft_core.u_fft8_mdc1.u_mdc8p_stage3.next_data0_i\[2\],212.01µm
net3391,211.835µm
net3143,211.725µm
_13612_,211.58µm
u_fft_core.u_fft4.s1_ev_sub_re\[1\],211.24µm
_13613_,210.68µm
_13748_,210.68µm
net3835,210.64µm
net2850,210.52µm
_13757_,210.15µm
u_fft_core.u_fft8_mdc3.u_mdc8p_stage1.u_btfly2.o_data0_i\[3\],209.9µm
net3373,209.2µm
_14831_,209.16µm
clknet_7_48__leaf_i_clk,208.73µm
net3669,208.435µm
u_fft_core.mdc_ff0_data1_im\[5\],208.345µm
net2933,208.325µm
_13699_,208.23µm
net2984,207.82µm
_13746_,207.57µm
u_fft_core.shift_r2_ff3_data1_re\[7\],207.37µm
net2993,207.175µm
_13607_,206.95µm
net3800,206.395µm
net3774,206.105µm
_13611_,205.82µm
net3009,205.81µm
net3307,205.54µm
net3793,205.215µm
net3861,205.135µm
u_fft_core.u_fft8_mdc1.u_mdc8p_stage1.r_bt0_r\[0\]\[8\],205.09µm
_13750_,204.92µm
u_fft_core.mdc_ff2_data1_re\[3\],204.86µm
_13671_,204.34µm
net3377,203.62µm
net3962,203.61µm
net3237,203.425µm
u_fft_core.u_fft4.r_x2_im\[1\],203.305µm
u_fft_core.u_fft8_mdc2.u_mdc8p_stage1.xfft_cell_route1.w_mult_i\[0\]\[13\],203.23µm
_15307_,203.155µm
net4035,203.14µm
_13614_,203.12µm
_15079_,202.805µm
_17192_,202.7µm
net3365,202.685µm
net3354,202.55µm
_13664_,202.32µm
u_fft_core.u_fft8_mdc3.u_mdc8p_stage1.u_btfly2.o_data0_i\[4\],202.18µm
net3359,201.78µm
_14910_,201.665µm
net4096,201.51µm
net3036,201.47µm
u_fft_core.u_fft8_mdc3.u_mdc8p_stage1.r_bt0_i\[0\]\[2\],201.41µm
u_fft_core.u_fft4.s1_ev_sub_re\[0\],200.855µm
u_fft_core.u_fft8_mdc2.u_mdc8p_stage1.r_bt0_r\[0\]\[2\],200.64µm
_15093_,200.54µm
_03858_,199.74µm
u_fft_core.fft4_data2_im\[5\],199.135µm
net2941,198.745µm
u_fft_core.mdc_ff0_data0_im\[1\],198.715µm
u_fft_core.u_fft8_mdc3.u_mdc8p_stage1.xfft_cell_route1.r_pp1_data_r\[8\],198.28µm
net3044,198.02µm
_15000_,197.89µm
rx_data_im\[7\],197.77µm
_15008_,197.67µm
_03913_,197.315µm
_13756_,197.1µm
net3372,196.615µm
net2956,196.435µm
net3241,196.11µm
u_fft_core.u_fft8_mdc2.u_mdc8p_stage1.xfft_cell_route1.r_pp1_data_i\[6\],196.055µm
u_fft_core.u_twiddle_interface.data1_re_q\[3\],196.015µm
net3351,195.995µm
_03633_,195.94µm
net3038,195.675µm
net4036,195.655µm
_13679_,195.56µm
net3794,195.27µm
_13721_,195.19µm
net2909,194.32µm
net3297,194.21µm
net3356,193.965µm
_13743_,193.89µm
_13690_,193.68µm
net3841,192.835µm
u_fft_core.u_fft8_mdc2.u_mdc8p_stage1.xfft_cell_route1.r_pp1_tw_i\[9\],192.4µm
_15007_,192.27µm
net2869,192.13µm
u_fft_core.u_fft8_mdc3.u_mdc8p_stage1.r_bt0_i\[0\]\[1\],192.11µm
net2911,192.085µm
_13635_,191.72µm
net3881,191.705µm
u_fft_core.u_fft8_mdc3.u_mdc8p_stage1.xfft_cell_route1.r_pp1_data_i\[8\],191.63µm
u_fft_core.u_twiddle_interface.data1_re_q\[4\],191.6µm
net3052,191.465µm
net3005,191.375µm
_13772_,191.31µm
net2974,191.26µm
net3318,191.195µm
clknet_7_65__leaf_i_clk,191.12µm
net3135,191.05µm
_02654_,190.825µm
o_spi_miso,190.65µm
_17390_,190.62µm
net3144,190.575µm
_13608_,190.45µm
u_fft_core.mdc_ff0_data1_im\[7\],190.23µm
_14999_,190.18µm
u_fft_core.u_twiddle_interface.data2_re_q\[5\],189.99µm
net3315,189.51µm
net3751,188.85µm
net3376,188.485µm
net3928,188.475µm
u_fft_core.mdc_ff0_data1_re\[6\],188.325µm
_15213_,188.055µm
net3750,188.025µm
net2988,187.995µm
u_fft_core.u_fft8_mdc2.u_mdc8p_stage1.xfft_cell_route1.r_pp1_tw_i\[0\],187.81µm
net2932,187.59µm
_14821_,187.36µm
_15006_,187.205µm
_14997_,187.045µm
net3954,186.44µm
_14557_,186.04µm
net3370,185.845µm
net3091,185.405µm
net2861,185.39µm
u_fft_core.u_fft8_mdc2.u_mdc8p_stage1.xfft_cell_route1.w_mult_r\[0\]\[18\],185.34µm
_17378_,185.065µm
u_fft_core.u_fft8_mdc0.u_mdc8p_stage1.xfft_cell_route1.r_pp1_tw_r\[9\],185.02µm
net3321,184.98µm
net3369,184.76µm
_15004_,184.725µm
u_fft_core.mdc_ff0_data1_im\[6\],184.415µm
_15010_,184.335µm
_13645_,184.32µm
net2940,184.24µm
_14824_,184.23µm
net2855,184.16µm
_15075_,184.065µm
net3000,183.81µm
net3922,183.785µm
net3777,183.55µm
u_fft_core.u_fft8_mdc2.u_mdc8p_stage1.u_btfly2.o_data0_i\[8\],183.47µm
net3348,183.23µm
net3021,183.13µm
_14758_,182.88µm
net3243,182.515µm
u_fft_core.u_fft4.s1_od_sub_re\[0\],182.5µm
u_fft_core.u_fft8_mdc2.u_mdc8p_stage1.xfft_cell_route1.w_mult_r\[0\]\[17\],182.28µm
_14314_,182.19µm
net3820,182.17µm
_17806_,182.1µm
net3447,181.14µm
clknet_7_86__leaf_i_clk,180.42µm
u_fft_core.u_fft8_mdc1.u_mdc8p_stage1.u_btfly2.o_data0_i\[3\],180µm
u_fft_core.u_fft8_mdc1.u_mdc8p_stage1.xfft_cell_route1.r_pp1_tw_i\[0\],179.89µm
u_fft_core.u_twiddle_interface.data2_re_q\[0\],179.715µm
net3357,179.56µm
_15098_,179.2µm
_03409_,179.11µm
net2996,178.705µm
u_fft_core.mdc_ff2_data1_re\[5\],178.46µm
_13765_,178.35µm
net3383,178.075µm
u_fft_core.u_fft8_mdc3.u_mdc8p_stage1.u_btfly2.o_data0_i\[7\],178.04µm
net3827,177.49µm
net2871,177.445µm
net3768,177.335µm
_15089_,177.165µm
_03783_,176.96µm
_03410_,176.94µm
_14753_,176.89µm
net3341,176.5µm
net3973,176.03µm
net2810,175.99µm
net3488,175.94µm
net3591,175.865µm
_14780_,175.82µm
net3293,175.48µm
u_fft_core.u_fft8_mdc1.u_mdc8p_stage1.r_bt0_i\[0\]\[6\],175.43µm
net3262,175.39µm
u_fft_core.u_fft8_mdc1.u_mdc8p_stage1.u_btfly2.o_data0_r\[3\],174.97µm
net3253,174.8µm
net3871,174.555µm
u_fft_core.u_fft4.r_x1_im\[0\],174.525µm
u_fft_core.u_fft8_mdc1.u_mdc8p_stage1.u_btfly2.o_data0_r\[4\],174.42µm
_13710_,174.31µm
net3160,174.235µm
_14870_,174.18µm
u_fft_core.u_fft4.r_x1_re\[5\],174.165µm
_04138_,173.69µm
net4113,173.685µm
_15099_,173.63µm
net3810,173.365µm
_15001_,173.345µm
u_fft_core.u_fft8_mdc1.u_mdc8p_stage3.next_data0_r\[7\],172.93µm
net3226,172.91µm
u_fft_core.u_fft4.s1_od_sub_re\[3\],172.87µm
net3156,172.85µm
net3063,172.69µm
u_fft_core.u_fft8_mdc3.u_mdc8p_stage1.u_btfly2.o_data0_i\[8\],172.42µm
_15074_,172.045µm
u_fft_core.u_fft8_mdc1.u_mdc8p_stage3.next_data1_i\[4\],171.91µm
u_fft_core.u_fft8_mdc1.u_mdc8p_stage1.u_btfly2.o_data0_i\[4\],171.73µm
_15445_,171.65µm
u_fft_core.u_fft8_mdc0.u_mdc8p_stage1.ds_switch_stage1.current_state,171.37µm
net2900,171.29µm
net3719,171.24µm
net3595,171.02µm
u_fft_core.u_fft8_mdc1.u_mdc8p_stage3.next_data1_r\[6\],171µm
u_fft_core.u_fft8_mdc2.u_mdc8p_stage3.next_data0_r\[0\],170.95µm
net3918,170.95µm
u_fft_core.u_twiddle_interface.mult3_re\[6\],169.82µm
u_fft_core.u_fft8_mdc1.u_mdc8p_stage1.u_btfly2.o_data0_r\[5\],169.39µm
net2999,169.22µm
net3784,169.17µm
clknet_7_57__leaf_i_clk,169.1µm
u_fft_core.u_fft8_mdc2.u_mdc8p_stage1.ds_switch_stage1.i_data_0r\[0\],168.805µm
_14863_,168.67µm
u_fft_core.mdc_ff2_data0_im\[7\],168.6µm
net3822,168.525µm
net3780,168.51µm
u_fft_core.u_fft8_mdc1.u_mdc8p_stage3.next_data0_r\[6\],168.43µm
u_fft_core.u_fft8_mdc1.u_mdc8p_stage3.next_data0_i\[4\],168.32µm
u_fft_core.u_fft4.inv_2q,167.995µm
net3155,167.59µm
u_fft_core.mdc_ff1_data0_im\[1\],167.4µm
net3346,167.295µm
_14756_,167.19µm
_13677_,167.04µm
u_fft_core.u_fft8_mdc0.u_mdc8p_stage2.ds_switch_stage1.o_valid,166.745µm
net3951,166.245µm
_15087_,165.98µm
_03775_,165.95µm
net2908,165.86µm
_15298_,165.81µm
u_fft_core.twiddle_data3_im\[0\],165.285µm
u_fft_core.u_fft8_mdc1.u_mdc8p_stage1.xfft_cell_route1.r_pp1_data_i\[1\],165.08µm
u_fft_core.u_fft4.r_x0_im\[1\],165.045µm
net3025,164.995µm
net4097,164.785µm
u_fft_core.mdc_ff2_data1_im\[7\],164.685µm
_05508_,164.22µm
net4102,164.04µm
fft_out_im\[0\],164.035µm
net3844,163.93µm
clknet_7_10__leaf_i_clk,163.605µm
u_fft_core.u_fft8_mdc3.u_mdc8p_stage1.u_btfly2.o_data0_r\[1\],163.51µm
clknet_7_55__leaf_i_clk,163.3µm
_03578_,163.165µm
u_fft_core.u_fft8_mdc1.u_mdc8p_stage1.r_bt0_i\[0\]\[7\],163.13µm
net3523,162.9µm
net4098,162.5µm
_17256_,162.49µm
_14637_,162.48µm
clknet_7_33__leaf_i_clk,162.4µm
net3843,162.225µm
_04387_,162.15µm
_08553_,161.96µm
u_fft_core.u_fft8_mdc1.u_mdc8p_stage3.next_data1_r\[7\],161.96µm
net3859,161.835µm
net3339,161.525µm
net3714,161.09µm
clknet_7_114__leaf_i_clk,161.01µm
u_fft_core.u_fft8_mdc3.u_mdc8p_stage1.u_btfly2.o_data0_r\[2\],160.87µm
u_fft_core.u_fft4.r_x0_im\[2\],160.83µm
clknet_7_103__leaf_i_clk,160.7µm
net3055,160.625µm
u_fft_core.mdc_ff2_data0_im\[0\],160.42µm
net3840,160.41µm
_03499_,160.37µm
_14995_,160.255µm
net3352,160.04µm
net3353,159.98µm
net2,159.895µm
_14868_,159.66µm
u_fft_core.u_fft8_mdc2.u_mdc8p_stage1.xfft_cell_route1.w_mult_r\[0\]\[16\],159.53µm
_17271_,159.4µm
net3019,159.355µm
u_fft_core.twiddle_data3_im\[1\],159.15µm
u_fft_core.mdc_ff2_data1_re\[0\],159.14µm
_13687_,159.12µm
_03411_,159.06µm
net2995,159.035µm
clknet_7_69__leaf_i_clk,158.87µm
net4104,158.865µm
clknet_7_101__leaf_i_clk,158.54µm
net3047,158.46µm
u_fft_core.u_fft8_mdc3.u_mdc8p_stage1.u_btfly2.o_data0_i\[6\],158.11µm
net3833,158.09µm
u_fft_core.u_fft4.s2_x1_re\[0\],158.005µm
net2837,158µm
net3848,157.915µm
net3189,157.905µm
net3361,157.795µm
u_fft_core.u_twiddle_interface.mult3_re\[3\],157.68µm
u_fft_core.u_fft8_mdc1.u_mdc8p_stage1.u_btfly2.o_data0_r\[6\],157.63µm
net3252,157.49µm
clknet_7_41__leaf_i_clk,157.395µm
_14752_,157.38µm
net3330,157.31µm
u_fft_core.mdc_ff2_data1_im\[2\],157.245µm
u_fft_core.u_fft8_mdc0.u_mdc8p_stage1.ds_switch_stage1.r_idata_r\[1\]\[5\],157.14µm
_15214_,157µm
_15080_,156.89µm
_14996_,156.775µm
net3319,156.73µm
net2986,156.64µm
clknet_7_30__leaf_i_clk,156.58µm
net3358,156.545µm
u_fft_core.shift_r4_data1_im\[7\],156.365µm
u_fft_core.u_fft8_mdc2.u_mdc8p_stage1.xfft_cell_route1.w_mult_r\[0\]\[15\],156.29µm
u_fft_core.mdc_ff1_data0_re\[2\],156.11µm
net3355,156.09µm
u_fft_core.u_fft8_mdc2.u_mdc8p_stage1.r_bt0_i\[0\]\[1\],156.06µm
net3870,156.025µm
net3368,155.97µm
_05619_,155.935µm
_14773_,155.9µm
clknet_7_64__leaf_i_clk,155.87µm
net2907,155.72µm
net3374,155.72µm
net2800,155.655µm
_00520_,155.58µm
net2970,155.55µm
net3379,155.53µm
_13526_,155.445µm
u_fft_core.mdc_ff3_data0_im\[4\],155.305µm
net3151,155.23µm
u_fft_core.u_fft8_mdc1.u_mdc8p_stage1.r_bt0_i\[0\]\[5\],154.75µm
u_fft_core.u_twiddle_interface.mult3_re\[5\],154.725µm
_15005_,154.35µm
net3263,154.26µm
net2953,154.17µm
net3183,154.08µm
u_fft_core.u_fft8_mdc1.u_mdc8p_stage3.next_data1_i\[6\],153.97µm
u_fft_core.mdc_ff0_data1_im\[3\],153.965µm
net3869,153.93µm
net3891,153.905µm
u_fft_core.u_twiddle_interface.mult3_re\[0\],153.85µm
u_fft_core.u_twiddle_interface.mult3_re\[2\],153.36µm
net3185,153.025µm
net3148,152.99µm
u_fft_core.u_twiddle_interface.mult3_re\[7\],152.9µm
_15211_,152.8µm
_15268_,152.755µm
net2880,152.51µm
_14809_,152.22µm
u_fft_core.u_twiddle_interface.data3_re_q\[1\],152.1µm
net4105,151.87µm
u_fft_core.u_twiddle_interface.mult3_re\[4\],151.85µm
u_fft_core.u_fft8_mdc1.u_mdc8p_stage1.r_bt0_r\[0\]\[2\],151.81µm
net2946,151.56µm
_14858_,151.52µm
net3333,151.41µm
_02545_,151.39µm
_14270_,151.1µm
net2968,150.865µm
clknet_7_84__leaf_i_clk,150.84µm
net2939,150.82µm
clknet_7_73__leaf_i_clk,150.765µm
net3826,150.745µm
net3484,150.51µm
u_fft_core.twiddle_data3_im\[3\],150.48µm
net3677,150.48µm
net3008,150.315µm
net3894,150.235µm
u_fft_core.mdc_ff3_data1_im\[1\],150.13µm
u_fft_core.u_fft8_mdc3.u_mdc8p_stage3.next_data0_r\[3\],150.04µm
u_fft_core.mdc_ff2_data0_re\[3\],149.9µm
_05056_,149.49µm
_03520_,149.355µm
u_fft_core.u_fft8_mdc0.u_mdc8p_stage1.xfft_cell_route1.r_pp1_data_r\[6\],149.35µm
u_fft_core.mdc_ff2_data1_im\[0\],149.3µm
_14272_,148.92µm
_13736_,148.86µm
net3765,148.665µm
net2796,148.615µm
_14844_,148.38µm
u_fft_core.u_fft8_mdc2.u_mdc8p_stage1.u_btfly2.o_data0_i\[7\],148.2µm
clknet_7_24__leaf_i_clk,148.13µm
net3697,148.105µm
u_fft_core.u_fft4.s2_x1_im\[0\],147.9µm
u_fft_core.u_fft8_mdc2.u_mdc8p_stage1.xfft_cell_route1.w_mult_r\[0\]\[14\],147.85µm
_15085_,147.565µm
_05126_,147.475µm
net2827,147.465µm
net3347,147.455µm
u_fft_core.u_fft8_mdc2.u_mdc8p_stage1.xfft_cell_route1.w_mult_r\[0\]\[12\],147.105µm
clknet_7_111__leaf_i_clk,147.05µm
clknet_7_26__leaf_i_clk,147.035µm
net3350,146.91µm
_17540_,146.815µm
net3589,146.765µm
_03508_,146.74µm
net3785,146.325µm
u_fft_core.u_fft8_mdc2.u_mdc8p_stage3.next_data0_r\[4\],146.05µm
clknet_7_80__leaf_i_clk,145.81µm
net2843,145.52µm
net3866,145.46µm
net3795,145.42µm
u_fft_core.u_fft8_mdc1.u_mdc8p_stage1.u_btfly2.o_data0_r\[7\],145.38µm
net3367,145.31µm
_05723_,145.255µm
net2971,145.135µm
u_fft_core.twiddle_data3_im\[5\],144.97µm
u_fft_core.u_twiddle_interface.mult3_re\[1\],144.945µm
u_fft_core.mdc_ff3_data1_im\[4\],144.875µm
_15002_,144.81µm
u_fft_core.mdc_ff2_data1_im\[5\],144.79µm
u_fft_core.shift_r4_data3_im\[6\],144.655µm
net3781,144.63µm
u_fft_core.u_fft8_mdc1.u_mdc8p_stage1.ds_switch_stage1.r_idata_i\[0\]\[1\],144.6µm
u_fft_core.u_fft8_mdc2.u_mdc8p_stage1.xfft_cell_route1.w_mult_r\[0\]\[13\],144.585µm
u_fft_core.shift_r2_ff3_data1_re\[6\],144.33µm
u_fft_core.mdc_ff1_data1_im\[7\],143.79µm
net2801,143.7µm
u_fft_core.u_fft8_mdc0.u_mdc8p_stage1.ds_switch_stage1.r_idata_r\[1\]\[9\],143.58µm
u_fft_core.u_fft8_mdc3.u_mdc8p_stage2.ds_switch_stage1.i_valid,143.5µm
net3236,143.475µm
net4039,143.235µm
net3815,143.2µm
net3713,143.18µm
_02574_,143.155µm
u_fft_core.mdc_ff0_data0_re\[6\],142.975µm
u_fft_core.shift_r4_data2_im\[7\],142.94µm
_17259_,142.925µm
net3566,142.88µm
net3773,142.715µm
clknet_7_8__leaf_i_clk,142.7µm
net2847,142.67µm
net2776,142.62µm
u_fft_core.u_fft8_mdc3.u_mdc8p_stage1.r_bt0_i\[0\]\[0\],142.57µm
net3812,142.57µm
u_fft_core.u_fft8_mdc3.u_mdc8p_stage3.next_data1_r\[7\],142.44µm
net2825,142.35µm
u_fft_core.u_fft8_mdc3.u_mdc8p_stage3.next_data1_r\[3\],142.2µm
net3972,141.985µm
net3382,141.88µm
_03412_,141.78µm
_05564_,141.77µm
clknet_7_42__leaf_i_clk,141.71µm
net3767,141.7µm
_02020_,141.68µm
net3364,141.545µm
u_fft_core.mdc_ff1_data0_re\[5\],141.435µm
net3337,141.39µm
net3344,141.12µm
clknet_7_45__leaf_i_clk,141.11µm
clknet_7_51__leaf_i_clk,141.05µm
_14763_,140.97µm
net3779,140.92µm
net3895,140.77µm
u_fft_core.mdc_ff3_data0_im\[1\],140.72µm
u_fft_core.u_twiddle_interface.data3_im_q\[4\],140.69µm
net3883,140.665µm
u_fft_core.u_fft8_mdc2.u_mdc8p_stage1.r_bt0_i\[0\]\[6\],140.65µm
net4108,140.37µm
net3349,140.305µm
net3836,140.27µm
net2919,140.18µm
clknet_7_29__leaf_i_clk,140.055µm
net9,140.005µm
net3806,139.95µm
u_fft_core.u_fft8_mdc0.u_mdc8p_stage1.xfft_cell_route1.r_pp1_data_i\[4\],139.94µm
u_fft_core.u_fft8_mdc0.u_mdc8p_stage1.ds_switch_stage1.r_idata_r\[1\]\[7\],139.77µm
_18010_,139.665µm
clknet_7_98__leaf_i_clk,139.65µm
net3119,139.545µm
clknet_7_88__leaf_i_clk,139.495µm
clknet_7_125__leaf_i_clk,139.495µm
u_fft_core.u_fft8_mdc1.u_mdc8p_stage1.r_bt0_i\[0\]\[8\],139.45µm
net2807,139.335µm
_11019_,139.165µm
net3787,139.075µm
u_fft_core.twiddle_data3_im\[2\],139.01µm
_13624_,138.97µm
net4029,138.95µm
net3221,138.93µm
net3134,138.9µm
u_fft_core.u_fft8_mdc1.u_mdc8p_stage1.r_bt0_r\[0\]\[1\],138.72µm
u_fft_core.shift_r4_data0_im\[7\],138.62µm
u_fft_core.u_fft8_mdc0.u_mdc8p_stage1.xfft_cell_route1.r_pp1_data_i\[1\],138.33µm
u_fft_core.u_fft8_mdc2.u_mdc8p_stage1.xfft_cell_route1.w_mult_r\[0\]\[10\],138.3µm
_13930_,138.095µm
_13738_,138.06µm
clknet_7_61__leaf_i_clk,137.8µm
u_fft_core.u_fft4.r_x1_re\[3\],137.79µm
_14424_,137.77µm
net2778,137.75µm
clknet_7_44__leaf_i_clk,137.75µm
u_fft_core.u_fft8_mdc0.u_mdc8p_stage1.xfft_cell_route1.r_pp1_tw_i\[0\],137.715µm
net3371,137.615µm
clknet_7_60__leaf_i_clk,137.565µm
net4091,137.455µm
net4095,137.44µm
u_fft_core.mdc_ff0_data0_im\[7\],137.395µm
net3858,137.32µm
net3850,137.05µm
net3772,136.97µm
clknet_7_89__leaf_i_clk,136.86µm
_14765_,136.75µm
u_fft_core.u_fft4.s1_od_sub_re\[1\],136.545µm
net3026,136.47µm
u_fft_core.mdc_ff1_data1_re\[5\],136.435µm
net3834,136.34µm
net3887,136.225µm
_13625_,136.09µm
_15210_,135.98µm
net2867,135.75µm
net3968,135.48µm
u_fft_core.u_fft8_mdc1.u_mdc8p_stage1.u_btfly2.o_data0_i\[1\],135.31µm
u_fft_core.u_fft8_mdc0.u_mdc8p_stage3.next_data1_i\[6\],135.13µm
net2902,135.085µm
net3720,134.985µm
u_fft_core.mdc_ff1_data1_re\[4\],134.94µm
u_fft_core.u_twiddle_interface.data1_im_q\[0\],134.765µm
net3152,134.73µm
net2992,134.725µm
u_fft_core.u_buffer_parallel2serial.read_ptr\[1\],134.615µm
clknet_7_6__leaf_i_clk,134.49µm
u_fft_core.u_twiddle_interface.data2_re_q\[2\],134.29µm
net2844,134.18µm
net3673,134.1µm
u_fft_core.u_fft8_mdc3.u_mdc8p_stage3.next_data0_i\[2\],134.04µm
u_fft_core.mdc_ff2_data0_im\[2\],133.81µm
_05064_,133.63µm
_05855_,133.58µm
net3525,133.415µm
u_fft_core.u_fft8_mdc1.u_mdc8p_stage1.ds_switch_stage1.r_idata_i\[1\]\[0\],133.32µm
clknet_7_100__leaf_i_clk,133.24µm
net2949,133.22µm
u_fft_core.u_fft8_mdc1.u_mdc8p_stage3.next_data1_i\[1\],133.2µm
net2948,133.055µm
_18012_,132.715µm
net2782,132.67µm
u_fft_core.fft4_data1_im\[2\],132.645µm
net2799,132.465µm
net3046,132.32µm
u_fft_core.u_fft8_mdc3.u_mdc8p_stage1.r_bt0_i\[0\]\[5\],132.31µm
clknet_7_53__leaf_i_clk,132.29µm
u_fft_core.u_fft8_mdc1.u_mdc8p_stage1.ds_switch_stage1.r_idata_i\[1\]\[2\],132.26µm
net3532,131.955µm
net3158,131.935µm
u_fft_core.u_fft8_mdc3.u_mdc8p_stage3.next_data1_i\[2\],131.805µm
clknet_7_76__leaf_i_clk,131.795µm
u_fft_core.shift_r4_data2_re\[3\],131.785µm
u_fft_core.u_fft8_mdc1.u_mdc8p_stage1.u_btfly2.o_data0_i\[2\],131.71µm
_14788_,131.46µm
_15446_,131.41µm
u_fft_core.u_fft8_mdc3.u_mdc8p_stage3.next_data0_r\[7\],131.4µm
_14865_,131.1µm
_03459_,131.01µm
u_fft_core.u_fft8_mdc2.u_mdc8p_stage1.ds_switch_stage1.r_idata_i\[1\]\[1\],130.93µm
net3590,130.93µm
u_fft_core.shift_r2_ff2_data1_re\[0\],130.915µm
u_fft_core.u_twiddle_interface.data3_re_q\[2\],130.82µm
clknet_7_13__leaf_i_clk,130.76µm
net2943,130.745µm
net2976,130.505µm
net3764,130.425µm
net3080,130.405µm
clknet_7_66__leaf_i_clk,130.24µm
u_fft_core.u_fft8_mdc2.u_mdc8p_stage1.xfft_cell_route1.w_mult_r\[0\]\[11\],130.15µm
_14921_,130.08µm
u_fft_core.shift_r4_data2_im\[6\],130.05µm
clknet_7_39__leaf_i_clk,129.92µm
net2822,129.875µm
_03414_,129.75µm
net3552,129.725µm
net2772,129.7µm
_13186_,129.675µm
_14715_,129.61µm
_05154_,129.605µm
clknet_7_120__leaf_i_clk,129.4µm
u_fft_core.mdc_ff1_data0_re\[7\],129.39µm
net3039,129.33µm
net2975,129.295µm
clknet_7_71__leaf_i_clk,129.255µm
clknet_7_46__leaf_i_clk,129.225µm
u_fft_core.u_fft8_mdc1.u_mdc8p_stage1.ds_switch_stage1.current_state,129.14µm
net3027,128.97µm
_15302_,128.9µm
_14998_,128.715µm
clknet_7_119__leaf_i_clk,128.63µm
net3897,128.565µm
net3232,128.435µm
_16504_,128.33µm
u_fft_core.u_fft8_mdc3.u_mdc8p_stage1.xfft_cell_route1.r_pp1_tw_r\[1\],128.305µm
u_fft_core.u_fft8_mdc0.u_mdc8p_stage1.ds_switch_stage1.r_idata_r\[1\]\[8\],128.12µm
u_fft_core.u_twiddle_interface.data2_im_q\[2\],127.95µm
net3142,127.91µm
net3801,127.62µm
_15230_,127.535µm
net3872,127.485µm
net3789,127.425µm
net4046,127.315µm
u_fft_core.mdc_ff1_data1_re\[7\],127.16µm
u_fft_core.u_fft4.r_x1_re\[7\],127.12µm
net3004,126.93µm
_06777_,126.835µm
net3192,126.785µm
_15003_,126.55µm
u_fft_core.mdc_ff1_data1_re\[3\],126.475µm
net2851,126.455µm
net3625,126.455µm
u_fft_core.u_twiddle_interface.data0_re_q\[5\],126.405µm
clknet_7_18__leaf_i_clk,126.275µm
net3180,126.12µm
net2774,126.08µm
_03739_,126.07µm
_06817_,126.02µm
clknet_7_16__leaf_i_clk,125.98µm
net3924,125.805µm
_02722_,125.77µm
_15090_,125.505µm
net3015,125.49µm
_11782_,125.455µm
_14786_,125.41µm
_14816_,125.37µm
net3782,125.325µm
net3813,125.28µm
net3983,125.25µm
net2780,125.11µm
u_fft_core.u_fft4.s1_od_sub_im\[0\],124.995µm
net3199,124.89µm
_03514_,124.885µm
net3343,124.885µm
clknet_7_59__leaf_i_clk,124.88µm
u_fft_core.u_fft4.s2_x3_im\[1\],124.655µm
net3900,124.18µm
_08645_,124.12µm
u_debug_sys.u_debug_unit.mid_data_re_sync\[2\],124.02µm
_14846_,123.97µm
u_fft_core.u_fft8_mdc0.u_mdc8p_stage1.xfft_cell_route1.r_pp1_data_r\[8\],123.825µm
_02840_,123.82µm
net2878,123.77µm
net3809,123.715µm
_05153_,123.665µm
net3011,123.585µm
_05639_,123.47µm
net3290,123.37µm
_02454_,123.36µm
_14968_,122.89µm
net2856,122.79µm
net3622,122.775µm
net3054,122.71µm
u_fft_core.mdc_ff2_data1_im\[4\],122.53µm
net35,122.495µm
u_fft_core.u_fft8_mdc3.u_mdc8p_stage1.xfft_cell_route1.r_pp1_data_i\[1\],122.4µm
clknet_7_62__leaf_i_clk,122.39µm
net3463,122.185µm
net2842,122.17µm
_08294_,122.14µm
u_fft_core.mdc_ff0_data1_im\[4\],122.13µm
net3222,122.13µm
u_fft_core.mdc_ff0_data0_re\[4\],122.015µm
net2790,122µm
clknet_7_106__leaf_i_clk,121.685µm
_14349_,121.63µm
net3651,120.82µm
clknet_7_37__leaf_i_clk,120.79µm
net3727,120.735µm
net2828,120.695µm
net3096,120.64µm
_05069_,120.635µm
u_fft_core.mdc_ff2_data0_im\[5\],120.55µm
net3311,120.4µm
net2831,120.39µm
net4121,120.345µm
clknet_7_74__leaf_i_clk,120.215µm
clknet_7_38__leaf_i_clk,120.21µm
net3363,120.17µm
net3454,120.135µm
u_fft_core.u_twiddle_interface.data0_re_q\[0\],120.01µm
u_fft_core.u_twiddle_interface.data0_re_q\[4\],120.01µm
net3570,119.985µm
u_fft_core.u_fft4.r_x2_im\[0\],119.89µm
clknet_7_22__leaf_i_clk,119.86µm
_18180_,119.71µm
u_fft_core.u_fft8_mdc0.u_mdc8p_stage1.ds_switch_stage1.r_idata_r\[1\]\[1\],119.52µm
net3926,119.47µm
net2945,119.22µm
_18161_,119.05µm
u_fft_core.shift_r4_data3_im\[1\],118.85µm
u_fft_core.u_fft8_mdc3.u_mdc8p_stage1.xfft_cell_route1.r_pp1_data_r\[5\],118.81µm
net2901,118.81µm
net3817,118.715µm
net3147,118.605µm
clknet_7_28__leaf_i_clk,118.595µm
u_fft_core.u_fft8_mdc2.u_mdc8p_stage3.next_data1_r\[0\],118.5µm
net3300,118.435µm
clknet_7_93__leaf_i_clk,118.405µm
clknet_7_0__leaf_i_clk,118.365µm
u_fft_core.u_fft8_mdc2.u_mdc8p_stage1.xfft_cell_route1.r_pp1_data_i\[1\],118.34µm
u_fft_core.u_fft4.s1_ev_sum_re\[8\],118.335µm
_13731_,118.33µm
u_fft_core.shift_r4_data2_re\[5\],118.285µm
u_fft_core.u_fft8_mdc0.u_mdc8p_stage1.xfft_cell_route1.r_pp1_data_i\[6\],118.21µm
net2955,118.07µm
_15095_,117.985µm
u_fft_core.u_fft4.s1_ev_sub_re\[5\],117.955µm
u_fft_core.mdc_ff0_data0_im\[4\],117.925µm
clknet_7_78__leaf_i_clk,117.815µm
clknet_7_96__leaf_i_clk,117.775µm
u_fft_core.u_fft8_mdc3.u_mdc8p_stage1.xfft_cell_route1.r_pp1_data_r\[6\],117.76µm
u_fft_core.u_fft8_mdc3.u_mdc8p_stage1.ds_switch_stage1.current_state,117.72µm
net3672,117.365µm
clknet_7_79__leaf_i_clk,117.265µm
_14923_,117.26µm
u_fft_core.u_twiddle_interface.data1_im_q\[1\],117.25µm
clknet_7_52__leaf_i_clk,117.13µm
net4112,117.035µm
_15232_,116.96µm
u_fft_core.u_fft8_mdc3.u_mdc8p_stage1.xfft_cell_route1.r_pp1_tw_r\[0\],116.895µm
u_fft_core.u_fft8_mdc2.u_mdc8p_stage1.ds_switch_stage1.r_idata_i\[1\]\[0\],116.85µm
u_fft_core.u_fft4.r_x0_im\[5\],116.77µm
net2783,116.73µm
net3320,116.685µm
_15261_,116.61µm
u_fft_core.mdc_ff0_data0_re\[0\],116.53µm
net3244,116.43µm
net3754,116.305µm
_14811_,116.22µm
net3251,116.175µm
clknet_7_31__leaf_i_clk,116.025µm
net2797,115.76µm
net3623,115.59µm
u_fft_core.shift_r4_data3_re\[7\],115.485µm
_14925_,115.45µm
_17315_,115.43µm
net3799,115.29µm
net3670,115.265µm
net3141,115.1µm
net2973,115.095µm
_11189_,115.075µm
net3100,114.965µm
u_fft_core.u_fft8_mdc2.u_mdc8p_stage3.next_data0_i\[2\],114.9µm
_14293_,114.73µm
net3115,114.7µm
u_fft_core.mdc_ff2_data0_re\[4\],114.66µm
_05996_,114.61µm
clknet_7_118__leaf_i_clk,114.57µm
u_fft_core.u_fft8_mdc0.u_mdc8p_stage1.xfft_cell_route1.r_pp1_data_r\[7\],113.98µm
net3515,113.915µm
clknet_7_117__leaf_i_clk,113.835µm
net3966,113.83µm
net3040,113.725µm
net3642,113.66µm
net27,113.555µm
net3757,113.5µm
_18038_,113.48µm
_02090_,113.41µm
net2931,113.35µm
_17258_,113.255µm
net3706,113.155µm
net2788,113.08µm
net3581,113.07µm
u_fft_core.u_fft8_mdc3.u_mdc8p_stage1.xfft_cell_route1.r_pp1_data_r\[4\],113.05µm
u_fft_core.u_twiddle_interface.data0_im_2q\[7\],113.05µm
_17571_,113.01µm
_15448_,113µm
net3070,112.93µm
clknet_7_43__leaf_i_clk,112.885µm
u_fft_core.mdc_ff3_data0_im\[0\],112.88µm
u_fft_core.u_fft8_mdc3.u_mdc8p_stage1.ds_switch_stage1.i_data_0r\[0\],112.88µm
_16004_,112.86µm
_13733_,112.68µm
net2987,112.66µm
net3730,112.66µm
u_fft_core.u_fft4.r_x2_im\[3\],112.455µm
clknet_7_127__leaf_i_clk,112.45µm
u_fft_core.u_fft4.r_x1_re\[6\],112.395µm
clknet_7_77__leaf_i_clk,112.38µm
u_fft_core.u_fft4.r_x1_re\[2\],112.365µm
clknet_7_102__leaf_i_clk,112.365µm
net3023,112.165µm
_15101_,112.085µm
clknet_7_109__leaf_i_clk,112.02µm
_15238_,111.86µm
_17304_,111.81µm
u_fft_core.u_twiddle_interface.data2_re_q\[1\],111.75µm
net3381,111.715µm
net3557,111.655µm
net3851,111.56µm
clknet_7_99__leaf_i_clk,111.445µm
u_fft_core.mdc_ff3_data1_im\[6\],111.27µm
net10,111.25µm
net3332,111.135µm
net3102,111.03µm
_17215_,111.005µm
u_fft_core.u_fft4.r_x1_im\[3\],110.99µm
_06776_,110.97µm
u_fft_core.shift_r2_ff2_data1_re\[1\],110.945µm
_05054_,110.92µm
_04349_,110.9µm
net3663,110.87µm
net2981,110.86µm
net4024,110.845µm
_15081_,110.835µm
u_fft_core.u_fft4.s1_od_sum_im\[8\],110.7µm
net3879,110.665µm
net2912,110.605µm
net2795,110.49µm
net3077,110.36µm
net4084,110.325µm
net3847,110.32µm
net3769,110.05µm
net2818,110.045µm
u_fft_core.u_fft8_mdc3.u_mdc8p_stage3.next_data1_r\[6\],109.94µm
u_fft_core.mdc_ff1_data0_im\[6\],109.87µm
net2786,109.34µm
_15086_,109.31µm
_03375_,109.21µm
u_fft_core.u_twiddle_interface.data0_re_q\[7\],109.2µm
net3685,109.05µm
net3033,108.905µm
u_fft_core.mdc_ff0_data0_re\[2\],108.865µm
net3908,108.81µm
_15097_,108.725µm
net3295,108.59µm
u_fft_core.u_fft8_mdc2.u_mdc8p_stage1.xfft_cell_route1.r_pp2_mult_i\[0\]\[10\],108.55µm
u_fft_core.u_fft8_mdc2.u_mdc8p_stage3.next_data0_r\[3\],108.49µm
clknet_7_75__leaf_i_clk,108.49µm
net3682,108.41µm
net3915,108.39µm
u_fft_core.mdc_ff2_data0_re\[0\],108.375µm
u_fft_core.u_fft8_mdc2.u_mdc8p_stage1.xfft_cell_route1.w_mult_r\[0\]\[1\],108.37µm
net2972,108.355µm
net3818,108.335µm
net2906,108.33µm
u_fft_core.u_fft8_mdc2.u_mdc8p_stage1.r_bt0_i\[0\]\[2\],108.25µm
_15220_,108.13µm
u_fft_core.u_twiddle_interface.data0_re_q\[6\],108.115µm
u_fft_core.u_fft8_mdc2.u_mdc8p_stage1.xfft_cell_route1.r_pp1_data_i\[4\],108.02µm
_02653_,107.915µm
u_fft_core.u_fft8_mdc1.u_mdc8p_stage1.ds_switch_stage1.r_idata_i\[1\]\[9\],107.85µm
net3129,107.845µm
_08075_,107.82µm
net3640,107.79µm
u_fft_core.u_fft8_mdc3.u_mdc8p_stage1.xfft_cell_route1.r_pp1_data_i\[4\],107.715µm
u_fft_core.mdc_ff3_data0_re\[5\],107.685µm
u_fft_core.mdc_ff2_data0_im\[1\],107.66µm
u_fft_core.mdc_ff2_data1_im\[1\],107.655µm
net2977,107.655µm
_15091_,107.49µm
net3864,107.435µm
clknet_7_113__leaf_i_clk,107.38µm
_05053_,107.335µm
_05484_,107.25µm
clknet_7_91__leaf_i_clk,107.24µm
net3123,107.17µm
net21,107.065µm
_14924_,107.05µm
u_fft_core.u_fft8_mdc3.u_mdc8p_stage3.next_data0_r\[6\],107.04µm
u_fft_core.u_twiddle_interface.data1_im_q\[4\],106.95µm
u_fft_core.mdc_ff1_data1_im\[0\],106.84µm
_13594_,106.81µm
u_fft_core.shift_r2_ff2_data1_re\[2\],106.76µm
clknet_7_11__leaf_i_clk,106.76µm
u_fft_core.u_fft8_mdc2.u_mdc8p_stage1.xfft_cell_route1.r_pp2_mult_r\[0\]\[9\],106.68µm
net3980,106.56µm
net2833,106.48µm
_02164_,106.435µm
u_fft_core.mdc_ff2_data0_im\[6\],106.375µm
_14573_,106.33µm
net3838,106.24µm
_05102_,106.2µm
clknet_7_3__leaf_i_clk,106.175µm
_14746_,106.14µm
net3179,106.11µm
net3434,106.085µm
net2763,106.065µm
_10609_,106.045µm
net3804,106µm
_03500_,105.945µm
net3209,105.88µm
_12246_,105.86µm
net3291,105.835µm
_13601_,105.81µm
u_fft_core.u_fft8_mdc2.u_mdc8p_stage3.next_data0_r\[7\],105.68µm
clknet_7_108__leaf_i_clk,105.655µm
clknet_7_12__leaf_i_clk,105.6µm
u_fft_core.u_twiddle_interface.data0_re_q\[1\],105.515µm
net2967,105.48µm
_10118_,105.34µm
net3912,105.29µm
clknet_7_58__leaf_i_clk,105.27µm
net3034,105.265µm
_13718_,105µm
_15229_,104.995µm
_14566_,104.97µm
net3031,104.81µm
net3613,104.795µm
clknet_7_95__leaf_i_clk,104.77µm
u_fft_core.u_fft4.s1_ev_sum_im\[8\],104.72µm
u_fft_core.u_fft8_mdc3.u_mdc8p_stage1.r_bt0_r\[0\]\[3\],104.7µm
net3549,104.645µm
net3699,104.54µm
_18008_,104.53µm
_15094_,104.45µm
net2777,104.34µm
clknet_7_92__leaf_i_clk,104.24µm
net40,104.165µm
net3929,104.07µm
_06930_,104.045µm
net3824,104µm
_14792_,103.98µm
u_fft_core.u_fft8_mdc2.u_mdc8p_stage1.xfft_cell_route1.r_pp2_mult_i\[0\]\[12\],103.965µm
net2859,103.83µm
u_fft_core.mdc_ff0_data1_re\[0\],103.785µm
u_fft_core.u_fft8_mdc1.u_mdc8p_stage3.next_data1_r\[2\],103.68µm
net2819,103.675µm
clknet_7_19__leaf_i_clk,103.585µm
u_fft_core.u_twiddle_interface.data3_im_q\[1\],103.44µm
net3746,103.44µm
net3882,103.385µm
clknet_7_70__leaf_i_clk,103.31µm
u_fft_core.u_fft4.s2_x3_re\[3\],103.1µm
net4111,103.025µm
clknet_7_23__leaf_i_clk,103.025µm
net37,102.875µm
net3664,102.81µm
u_fft_core.u_fft8_mdc2.u_mdc8p_stage1.xfft_cell_route1.r_pp1_data_i\[3\],102.8µm
clknet_7_72__leaf_i_clk,102.695µm
_13821_,102.645µm
u_fft_core.u_fft4.s1_od_sum_re\[8\],102.555µm
u_fft_core.u_fft8_mdc1.u_mdc8p_stage1.ds_switch_stage1.i_data_0r\[1\],102.51µm
_17185_,102.49µm
net3890,102.37µm
_14548_,102.25µm
clknet_7_87__leaf_i_clk,102.165µm
u_fft_core.mdc_ff1_data0_im\[4\],102.14µm
_15096_,102.115µm
net2824,102.09µm
u_fft_core.u_twiddle_interface.mult3_im\[0\],102.07µm
_14814_,102.06µm
u_fft_core.u_fft8_mdc3.u_mdc8p_stage1.ds_switch_stage1.i_data_0r\[8\],102.03µm
net3876,102.015µm
_10540_,101.985µm
u_fft_core.u_twiddle_interface.data3_im_q\[3\],101.965µm
u_fft_core.mdc_ff1_data1_im\[4\],101.915µm
net3092,101.865µm
clknet_7_94__leaf_i_clk,101.79µm
net8,101.77µm
net3059,101.755µm
u_fft_core.shift_r4_data1_im\[6\],101.695µm
_05274_,101.67µm
u_fft_core.mdc_ff2_data1_im\[6\],101.665µm
_03058_,101.59µm
_13819_,101.56µm
_09285_,101.495µm
_07249_,101.475µm
net3079,101.425µm
u_fft_core.u_fft8_mdc0.u_mdc8p_stage1.r_data0_r\[4\],101.35µm
net3755,101.34µm
net2969,101.325µm
net17,101.18µm
net3288,101.15µm
_14751_,100.98µm
clknet_7_17__leaf_i_clk,100.9µm
net3573,100.895µm
net3674,100.815µm
_04139_,100.8µm
net3427,100.79µm
net3336,100.78µm
net3628,100.715µm
u_fft_core.mdc_ff3_data1_im\[7\],100.69µm
clknet_7_90__leaf_i_clk,100.58µm
u_fft_core.u_fft8_mdc3.u_mdc8p_stage1.u_btfly2.o_data0_r\[4\],100.51µm
net2811,100.445µm
_15204_,100.435µm
net3821,100.435µm
_01329_,100.365µm
clknet_7_115__leaf_i_clk,100.315µm
net3763,100.22µm
net2852,100.095µm
net30,100.035µm
_07753_,100.025µm
net3259,100.02µm
u_fft_core.u_fft4.r_x3_re\[7\],100.005µm
u_fft_core.u_fft8_mdc2.u_mdc8p_stage1.xfft_cell_route1.r_pp2_mult_i\[0\]\[11\],99.985µm
u_fft_core.shift_r4_data0_im\[6\],99.86µm
_02640_,99.795µm
clknet_7_121__leaf_i_clk,99.73µm
net2966,99.645µm
u_fft_core.shift_r2_ff2_data1_re\[3\],99.515µm
net2779,99.51µm
_05980_,99.43µm
net2965,99.315µm
u_fft_core.u_fft8_mdc3.u_mdc8p_stage3.next_data0_i\[6\],99.25µm
net3648,99.16µm
clknet_7_97__leaf_i_clk,99.075µm
_11602_,99.07µm
_12230_,99.05µm
net2773,99.02µm
net2858,98.98µm
_12938_,98.975µm
clknet_7_123__leaf_i_clk,98.88µm
_15237_,98.855µm
_08123_,98.85µm
net24,98.85µm
net2983,98.685µm
net3805,98.535µm
_15382_,98.39µm
net3903,98.39µm
clknet_7_116__leaf_i_clk,98.31µm
net3331,98.265µm
net3432,98.235µm
_07688_,98.225µm
net3489,98.205µm
clknet_leaf_514_i_clk,98.12µm
net4050,98.02µm
net3791,97.925µm
clknet_leaf_453_i_clk,97.91µm
clknet_7_126__leaf_i_clk,97.865µm
u_fft_core.u_fft8_mdc2.u_mdc8p_stage3.next_data1_i\[2\],97.8µm
u_fft_core.u_twiddle_interface.data1_re_q\[0\],97.745µm
_08986_,97.695µm
net4088,97.625µm
u_fft_core.shift_r4_data2_re\[6\],97.62µm
clknet_7_5__leaf_i_clk,97.59µm
net2881,97.53µm
net3020,97.48µm
_02163_,97.475µm
u_fft_core.u_fft8_mdc3.u_mdc8p_stage1.xfft_cell_route1.r_pp1_data_i\[7\],97.47µm
net3689,97.37µm
_07255_,97.255µm
clknet_7_7__leaf_i_clk,97.215µm
clknet_leaf_340_i_clk,97.095µm
_14416_,97.03µm
clknet_leaf_158_i_clk,97.02µm
net3976,97.015µm
net2841,96.995µm
clknet_7_1__leaf_i_clk,96.98µm
net3934,96.78µm
u_fft_core.mdc_ff1_data1_im\[6\],96.745µm
net3140,96.73µm
net3704,96.725µm
net4087,96.685µm
_16083_,96.675µm
u_fft_core.mdc_ff0_data1_re\[2\],96.655µm
net4122,96.64µm
_04219_,96.635µm
_14636_,96.61µm
net3828,96.465µm
u_fft_core.u_fft4.r_x1_im\[2\],96.42µm
net3902,96.415µm
clknet_leaf_117_i_clk,96.395µm
_06187_,96.38µm
u_fft_core.u_fft8_mdc0.u_mdc8p_stage3.next_data0_i\[0\],96.37µm
u_fft_core.u_fft8_mdc3.u_mdc8p_stage2.ds_switch_stage1.current_state,96.27µm
_06017_,96.21µm
net2836,96.175µm
_14804_,96.12µm
clknet_leaf_237_i_clk,96.085µm
net3675,96.08µm
net2921,96.065µm
net3676,96.065µm
u_fft_core.shift_r4_data1_re\[4\],96.02µm
_03953_,95.955µm
rx_data_im\[6\],95.935µm
net3451,95.88µm
u_fft_core.shift_r4_data1_re\[2\],95.84µm
_04296_,95.82µm
u_fft_core.shift_r4_data3_im\[3\],95.79µm
u_fft_core.shift_r2_ff2_data1_im\[5\],95.77µm
net4048,95.745µm
net3154,95.615µm
net3811,95.47µm
net3842,95.45µm
_09786_,95.415µm
clknet_7_4__leaf_i_clk,95.4µm
_15450_,95.28µm
net2832,95.25µm
_15874_,95.21µm
net3131,95.205µm
_08906_,95.105µm
u_fft_core.mdc_ff1_data0_re\[6\],94.935µm
net2914,94.915µm
_04425_,94.88µm
_13778_,94.88µm
_11121_,94.845µm
net3860,94.84µm
net3056,94.82µm
net2916,94.815µm
net3013,94.815µm
net2771,94.765µm
net3265,94.74µm
net2769,94.715µm
net3987,94.705µm
clknet_leaf_248_i_clk,94.67µm
clknet_leaf_485_i_clk,94.475µm
net3559,94.46µm
net2904,94.43µm
_05031_,94.4µm
u_fft_core.shift_r4_data3_im\[2\],94.38µm
net3654,94.355µm
u_fft_core.u_fft8_mdc3.u_mdc8p_stage1.xfft_cell_route1.r_pp1_data_r\[2\],94.35µm
_00069_,94.34µm
u_fft_core.u_fft8_mdc3.u_mdc8p_stage1.u_btfly2.o_data0_r\[5\],94.33µm
net3401,94.27µm
_12245_,94.22µm
net3506,94.12µm
net2848,94.065µm
net3205,94.055µm
net3626,94.045µm
_16196_,94.005µm
u_fft_core.mdc_ff0_data1_re\[4\],93.99µm
_08883_,93.865µm
u_fft_core.u_fft8_mdc2.u_mdc8p_stage1.r_bt0_i\[0\]\[5\],93.79µm
u_fft_core.u_fft8_mdc0.u_mdc8p_stage3.next_data0_i\[7\],93.75µm
u_fft_core.mdc_ff3_data0_re\[1\],93.705µm
net25,93.665µm
_18007_,93.61µm
clknet_7_112__leaf_i_clk,93.605µm
u_fft_core.mdc_ff1_data1_re\[1\],93.49µm
_12865_,93.455µm
_14350_,93.43µm
u_fft_core.u_fft8_mdc0.u_mdc8p_stage2.r_data0_r\[3\],93.34µm
net2910,93.275µm
net3742,93.275µm
_07092_,93.145µm
net32,93.035µm
_03199_,93.01µm
net3037,92.995µm
net3693,92.99µm
u_fft_core.shift_r4_data1_re\[1\],92.95µm
_04308_,92.88µm
clknet_leaf_19_i_clk,92.88µm
u_fft_core.shift_r4_data1_im\[2\],92.85µm
clknet_7_104__leaf_i_clk,92.835µm
net3749,92.83µm
net3085,92.805µm
net3770,92.795µm
u_fft_core.u_buffer_parallel2serial.read_ptr\[0\],92.78µm
net3514,92.775µm
_14764_,92.7µm
net3880,92.66µm
net3200,92.42µm
net2884,92.22µm
clknet_leaf_230_i_clk,92.19µm
net3255,92.16µm
u_fft_core.u_fft8_mdc1.u_mdc8p_stage1.ds_switch_stage1.r_idata_i\[1\]\[7\],92.155µm
u_fft_core.u_fft8_mdc2.u_mdc8p_stage1.ds_switch_stage1.i_data_0r\[2\],92.04µm
net3287,92.025µm
net2820,91.925µm
_05844_,91.92µm
clknet_7_110__leaf_i_clk,91.905µm
u_fft_core.u_fft4.s2_x3_im\[3\],91.77µm
u_fft_core.shift_r2_ff2_data1_re\[4\],91.735µm
net3683,91.62µm
net3099,91.605µm
net3518,91.6µm
clknet_leaf_467_i_clk,91.58µm
net2950,91.535µm
u_fft_core.u_fft8_mdc0.u_mdc8p_stage1.xfft_cell_route1.w_mult_r\[1\]\[15\],91.45µm
u_fft_core.u_fft8_mdc0.u_mdc8p_stage1.ds_switch_stage1.r_idata_r\[1\]\[6\],91.34µm
clknet_leaf_339_i_clk,91.29µm
net3725,91.115µm
u_debug_sys.u_debug_unit.mid_data_re_sync\[7\],91.09µm
net3186,91.035µm
u_fft_core.mdc_ff1_data0_im\[7\],91.01µm
net4056,91.005µm
net3418,90.96µm
net3127,90.955µm
u_fft_core.u_fft8_mdc2.u_mdc8p_stage3.next_data0_r\[6\],90.91µm
_10772_,90.895µm
net4017,90.87µm
clknet_7_9__leaf_i_clk,90.855µm
_16183_,90.85µm
u_fft_core.u_fft8_mdc3.u_mdc8p_stage1.xfft_cell_route1.r_pp2_mult_r\[0\]\[18\],90.85µm
net6,90.84µm
_16627_,90.78µm
net2890,90.68µm
u_fft_core.u_fft8_mdc1.u_mdc8p_stage1.ds_switch_stage1.i_data_1i\[4\],90.66µm
_10415_,90.63µm
net3045,90.62µm
net3441,90.595µm
_02089_,90.55µm
net2791,90.55µm
u_fft_core.mdc_ff2_data1_im\[3\],90.535µm
net4027,90.535µm
clknet_leaf_86_i_clk,90.51µm
net2805,90.5µm
clknet_leaf_337_i_clk,90.465µm
u_fft_core.u_fft4.r_x2_im\[2\],90.365µm
_03251_,90.335µm
u_fft_core.u_fft4.s1_ev_sub_re\[4\],90.335µm
_06235_,90.3µm
net3064,90.285µm
net3896,90.28µm
clknet_leaf_296_i_clk,90.265µm
_13838_,90.235µm
_16310_,90.185µm
net2808,90.075µm
clknet_leaf_265_i_clk,90.03µm
clknet_leaf_247_i_clk,89.815µm
_12228_,89.79µm
u_fft_core.u_fft8_mdc0.u_mdc8p_stage3.next_data0_i\[3\],89.78µm
_17189_,89.765µm
clknet_leaf_56_i_clk,89.725µm
_16164_,89.66µm
_14853_,89.57µm
clknet_leaf_12_i_clk,89.545µm
u_fft_core.u_fft8_mdc2.u_mdc8p_stage1.xfft_cell_route1.r_pp1_data_r\[6\],89.47µm
clknet_leaf_260_i_clk,89.46µm
_04495_,89.45µm
net2935,89.435µm
clknet_7_21__leaf_i_clk,89.42µm
clknet_7_81__leaf_i_clk,89.315µm
net3617,89.27µm
clknet_leaf_312_i_clk,89.215µm
_15988_,89.16µm
net3110,89.07µm
clknet_leaf_459_i_clk,89.07µm
net3889,88.995µm
u_fft_core.u_fft8_mdc3.u_mdc8p_stage3.next_data1_i\[6\],88.93µm
clknet_7_63__leaf_i_clk,88.895µm
u_fft_core.shift_r4_data3_re\[3\],88.89µm
_14560_,88.745µm
net2834,88.695µm
net3877,88.665µm
u_fft_core.shift_r4_data2_re\[2\],88.615µm
_02669_,88.6µm
_11018_,88.465µm
_04457_,88.45µm
clknet_leaf_479_i_clk,88.44µm
_14336_,88.37µm
u_fft_core.u_fft8_mdc2.u_mdc8p_stage1.xfft_cell_route1.r_pp1_data_i\[8\],88.35µm
_16703_,88.315µm
_14739_,88.26µm
_14356_,88.13µm
net2792,88.13µm
clknet_7_2__leaf_i_clk,88.115µm
clknet_7_105__leaf_i_clk,88.1µm
_06563_,88.08µm
_08515_,88.07µm
_17366_,88.03µm
net14,88.03µm
clknet_7_27__leaf_i_clk,87.99µm
_17368_,87.965µm
net3898,87.96µm
clknet_leaf_37_i_clk,87.92µm
u_rx.current_shift\[8\],87.91µm
net2854,87.86µm
net3258,87.8µm
net3296,87.8µm
u_fft_core.u_shift_r2_fft3.data_re_q\[30\],87.775µm
net3303,87.775µm
_15102_,87.74µm
_14422_,87.73µm
u_fft_core.u_fft8_mdc0.u_mdc8p_stage1.ds_switch_stage1.r_idata_r\[1\]\[4\],87.72µm
clknet_leaf_98_i_clk,87.655µm
net2917,87.6µm
net3671,87.595µm
clknet_leaf_366_i_clk,87.58µm
net3095,87.535µm
_15790_,87.52µm
_09817_,87.515µm
clknet_leaf_22_i_clk,87.515µm
net3657,87.485µm
net3745,87.415µm
net3619,87.41µm
u_fft_core.u_fft4.r_x2_re\[1\],87.28µm
net3211,87.28µm
clknet_leaf_49_i_clk,87.18µm
_11160_,87.055µm
net3448,87.02µm
net2982,87.01µm
_09777_,86.995µm
u_fft_core.u_fft8_mdc1.u_mdc8p_stage1.ds_switch_stage1.r_idata_i\[1\]\[3\],86.985µm
clknet_leaf_71_i_clk,86.91µm
net3808,86.86µm
net2886,86.75µm
clknet_leaf_501_i_clk,86.745µm
net3690,86.67µm
u_fft_core.mdc_ff0_data1_im\[0\],86.66µm
u_fft_core.u_fft8_mdc1.u_mdc8p_stage1.ds_switch_stage1.r_idata_i\[1\]\[5\],86.64µm
u_fft_core.mdc_ff0_data1_re\[1\],86.59µm
_07331_,86.575µm
clknet_leaf_470_i_clk,86.56µm
net3313,86.55µm
clknet_7_36__leaf_i_clk,86.48µm
u_fft_core.u_fft4.r_x1_im\[4\],86.435µm
u_fft_core.twiddle_data2_re\[2\],86.26µm
clknet_leaf_24_i_clk,86.2µm
_05055_,86.17µm
u_fft_core.u_fft8_mdc2.u_mdc8p_stage3.next_data0_i\[1\],86.12µm
clknet_leaf_420_i_clk,86.115µm
_02109_,86.11µm
u_fft_core.u_fft8_mdc0.u_mdc8p_stage1.ds_switch_stage1.r_idata_r\[1\]\[2\],86.105µm
net2860,86.06µm
clknet_leaf_266_i_clk,86.035µm
clknet_7_68__leaf_i_clk,86.03µm
u_fft_core.mdc_ff3_data1_im\[3\],86µm
_14299_,85.99µm
net3480,85.99µm
u_fft_core.u_fft8_mdc2.u_mdc8p_stage1.r_bt0_i\[0\]\[4\],85.98µm
u_fft_core.u_fft8_mdc3.u_mdc8p_stage1.u_btfly2.o_data1_i\[2\],85.98µm
clknet_leaf_116_i_clk,85.975µm
net3759,85.95µm
clknet_7_107__leaf_i_clk,85.95µm
u_fft_core.u_fft8_mdc2.u_mdc8p_stage3.next_data1_i\[1\],85.93µm
_18105_,85.815µm
clknet_leaf_513_i_clk,85.795µm
clknet_leaf_129_i_clk,85.695µm
_05339_,85.68µm
u_fft_core.u_fft8_mdc2.u_mdc8p_stage3.next_data0_i\[6\],85.68µm
net3647,85.645µm
u_fft_core.u_fft8_mdc0.u_mdc8p_stage3.next_data1_i\[0\],85.63µm
clknet_leaf_184_i_clk,85.615µm
net3852,85.485µm
u_fft_core.u_fft4.s1_ev_sub_im\[0\],85.475µm
u_fft_core.mdc_ff3_data1_im\[2\],85.445µm
_13840_,85.44µm
u_fft_core.mdc_ff3_data0_re\[2\],85.435µm
_12253_,85.415µm
net23,85.33µm
_11442_,85.32µm
clknet_7_20__leaf_i_clk,85.24µm
net3090,85.225µm
u_fft_core.u_fft8_mdc0.u_mdc8p_stage1.xfft_cell_route1.w_mult_r\[1\]\[18\],85.21µm
net3334,85.195µm
net3867,85.155µm
clknet_leaf_295_i_clk,85.135µm
net2980,85.13µm
clknet_7_82__leaf_i_clk,85.08µm
u_fft_core.u_fft8_mdc1.u_mdc8p_stage1.ds_switch_stage1.r_idata_i\[1\]\[8\],85.055µm
clknet_leaf_54_i_clk,84.955µm
_16668_,84.9µm
clknet_leaf_465_i_clk,84.9µm
clknet_leaf_229_i_clk,84.865µm
u_fft_core.u_fft8_mdc0.u_mdc8p_stage2.ds_switch_stage1.i_data_1i\[7\],84.84µm
_14766_,84.73µm
u_fft_core.u_twiddle_interface.data3_im_q\[2\],84.71µm
u_fft_core.shift_r2_ff2_data1_im\[1\],84.67µm
_06075_,84.66µm
_11800_,84.62µm
_07784_,84.61µm
clknet_leaf_307_i_clk,84.605µm
_13381_,84.53µm
clknet_leaf_308_i_clk,84.505µm
clknet_leaf_357_i_clk,84.505µm
net3688,84.495µm
_10316_,84.46µm
net3949,84.455µm
u_fft_core.shift_r2_ff3_data1_im\[2\],84.41µm
net2927,84.38µm
clknet_leaf_40_i_clk,84.375µm
_09396_,84.355µm
_11359_,84.33µm
clknet_leaf_349_i_clk,84.32µm
clknet_leaf_145_i_clk,84.31µm
_14822_,84.3µm
u_fft_core.u_fft8_mdc3.u_mdc8p_stage1.u_btfly2.o_data0_i\[0\],84.3µm
_14418_,84.25µm
u_fft_core.u_fft8_mdc0.u_mdc8p_stage1.r_data0_r\[3\],84.24µm
net3721,84.17µm
u_fft_core.u_fft8_mdc2.u_mdc8p_stage1.xfft_cell_route1.w_mult_i\[0\]\[12\],84.13µm
clknet_leaf_215_i_clk,84.115µm
clknet_leaf_315_i_clk,84.09µm
clknet_7_124__leaf_i_clk,84.075µm
u_fft_core.u_fft4.s1_od_sum_im\[5\],84.06µm
clknet_leaf_246_i_clk,84.055µm
clknet_leaf_1_i_clk,84.025µm
_08453_,84.01µm
u_fft_core.u_fft8_mdc2.u_mdc8p_stage3.next_data1_i\[6\],84.01µm
net3228,83.995µm
clknet_leaf_125_i_clk,83.915µm
clknet_leaf_206_i_clk,83.915µm
clknet_7_54__leaf_i_clk,83.915µm
clknet_leaf_165_i_clk,83.805µm
clknet_leaf_239_i_clk,83.805µm
net3608,83.775µm
net3058,83.735µm
net3615,83.68µm
net2905,83.675µm
clknet_leaf_368_i_clk,83.665µm
u_debug_sys.u_spi_slave.next_rx\[8\],83.49µm
net4043,83.41µm
clknet_leaf_271_i_clk,83.395µm
u_fft_core.u_fft4.s1_ev_sub_im\[1\],83.385µm
net3892,83.38µm
u_fft_core.shift_r2_ff0_data1_im\[4\],83.37µm
_14823_,83.34µm
u_fft_core.u_fft8_mdc1.u_mdc8p_stage2.r_count,83.3µm
_14744_,83.28µm
u_fft_core.mdc_ff1_data0_im\[0\],83.205µm
u_fft_core.u_fft8_mdc3.u_mdc8p_stage1.xfft_cell_route1.r_pp2_mult_i\[0\]\[9\],83.18µm
net3508,83.13µm
net3578,83.125µm
net3084,83.08µm
net2936,83.035µm
net3012,83.01µm
_14574_,82.98µm
net2839,82.945µm
_05308_,82.935µm
_07726_,82.865µm
_13811_,82.83µm
clknet_leaf_240_i_clk,82.83µm
clknet_leaf_416_i_clk,82.83µm
clknet_leaf_259_i_clk,82.805µm
net3893,82.775µm
clknet_leaf_389_i_clk,82.76µm
u_fft_core.u_fft8_mdc3.u_mdc8p_stage2.ds_switch_stage1.i_data_1i\[1\],82.69µm
clknet_leaf_236_i_clk,82.64µm
u_fft_core.u_fft8_mdc3.u_mdc8p_stage1.xfft_cell_route1.w_mult_i\[0\]\[15\],82.63µm
_15653_,82.605µm
clknet_leaf_222_i_clk,82.59µm
u_fft_core.mdc_ff3_data0_im\[7\],82.585µm
u_fft_core.u_fft4.r_x0_im\[6\],82.585µm
u_fft_core.u_fft4.s1_ev_sub_im\[2\],82.585µm
_05349_,82.57µm
_07277_,82.525µm
_05415_,82.515µm
net3474,82.505µm
clknet_leaf_228_i_clk,82.49µm
clknet_7_67__leaf_i_clk,82.465µm
u_fft_core.u_fft4.s1_od_sub_re\[8\],82.44µm
clknet_leaf_457_i_clk,82.355µm
_09699_,82.295µm
u_fft_core.u_fft8_mdc3.u_mdc8p_stage1.xfft_cell_route1.r_pp2_mult_i\[0\]\[16\],82.275µm
_04214_,82.225µm
net3294,82.2µm
_14877_,82.19µm
_11764_,82.15µm
net3415,82.1µm
u_fft_core.u_fft4.s2_x2_re\[9\],82.03µm
_08577_,82.01µm
_06144_,81.96µm
u_fft_core.mdc_ff3_data0_re\[6\],81.955µm
clknet_leaf_508_i_clk,81.92µm
clknet_leaf_426_i_clk,81.885µm
net13,81.87µm
_14839_,81.85µm
soft_reset,81.85µm
clknet_leaf_181_i_clk,81.84µm
net22,81.81µm
clknet_leaf_477_i_clk,81.8µm
net2814,81.77µm
clknet_7_14__leaf_i_clk,81.75µm
_14917_,81.685µm
_07481_,81.67µm
_14541_,81.66µm
_08465_,81.62µm
u_fft_core.u_fft8_mdc3.u_mdc8p_stage1.u_btfly2.o_data1_i\[3\],81.61µm
_04220_,81.6µm
_13112_,81.575µm
clknet_leaf_23_i_clk,81.57µm
clknet_leaf_15_i_clk,81.515µm
rx_data_im\[5\],81.5µm
clknet_leaf_335_i_clk,81.495µm
clknet_leaf_252_i_clk,81.455µm
clknet_leaf_172_i_clk,81.415µm
clknet_leaf_350_i_clk,81.32µm
net3109,81.315µm
_14807_,81.295µm
net3345,81.285µm
u_fft_core.u_fft8_mdc3.u_mdc8p_stage1.xfft_cell_route1.r_pp2_mult_i\[0\]\[17\],81.26µm
net3435,81.26µm
u_fft_core.twiddle_data2_re\[7\],81.23µm
_06195_,81.21µm
clknet_leaf_233_i_clk,81.195µm
net3607,81.14µm
_15215_,81.12µm
u_fft_core.shift_r4_data2_im\[2\],81.12µm
u_fft_core.mdc_ff3_data0_re\[4\],81.07µm
clknet_leaf_6_i_clk,81.025µm
u_fft_core.u_fft8_mdc1.u_mdc8p_stage1.xfft_cell_route1.r_pp2_mult_r\[0\]\[15\],81.015µm
_02945_,81.01µm
_13698_,81µm
clknet_leaf_9_i_clk,80.93µm
clknet_leaf_396_i_clk,80.925µm
u_debug_sys.u_debug_unit.cnt_inputs_sync\[2\],80.905µm
_13920_,80.89µm
net2991,80.815µm
_04295_,80.77µm
u_fft_core.twiddle_data2_re\[4\],80.76µm
u_fft_core.u_fft4.r_x1_re\[1\],80.73µm
clknet_leaf_267_i_clk,80.71µm
net3783,80.69µm
u_fft_core.mdc_ff3_data1_re\[6\],80.645µm
clknet_leaf_507_i_clk,80.615µm
net2813,80.59µm
u_fft_core.u_fft8_mdc0.u_mdc8p_stage1.ds_switch_stage1.r_idata_r\[1\]\[0\],80.57µm
net3701,80.48µm
u_fft_core.u_fft8_mdc3.u_mdc8p_stage1.xfft_cell_route1.r_pp1_tw_i\[0\],80.46µm
clknet_leaf_490_i_clk,80.45µm
u_fft_core.u_fft4.s1_ev_sum_re\[1\],80.38µm
net2998,80.345µm
net3953,80.345µm
net3329,80.34µm
clknet_leaf_404_i_clk,80.32µm
net19,80.305µm
_04348_,80.28µm
_09956_,80.235µm
_06522_,80.22µm
clknet_leaf_264_i_clk,80.22µm
net3124,80.185µm
clknet_7_85__leaf_i_clk,80.185µm
net3340,80.175µm
_15082_,80.17µm
net3050,80.17µm
u_fft_core.u_twiddle_interface.mult2_re\[5\],80.16µm
u_fft_core.mdc_ff1_data1_im\[3\],80.135µm
u_fft_core.u_fft8_mdc2.u_mdc8p_stage2.r_data1_i\[7\],80.08µm
clknet_leaf_234_i_clk,80.055µm
_18052_,80.05µm
u_fft_core.u_fft8_mdc1.u_mdc8p_stage1.ds_switch_stage1.r_idata_r\[0\]\[5\],80.05µm
clknet_leaf_305_i_clk,80.03µm
_03045_,80.01µm
net3032,80.005µm
clknet_leaf_136_i_clk,79.98µm
u_fft_core.u_fft8_mdc2.u_mdc8p_stage1.r_data0_i\[1\],79.975µm
net2951,79.935µm
clknet_leaf_225_i_clk,79.92µm
clknet_leaf_480_i_clk,79.89µm
_02956_,79.78µm
net3718,79.77µm
net3175,79.735µm
u_fft_core.u_fft8_mdc3.u_mdc8p_stage1.xfft_cell_route1.w_mult_i\[0\]\[12\],79.73µm
_05623_,79.725µm
net3453,79.715µm
clknet_leaf_269_i_clk,79.7µm
clknet_7_83__leaf_i_clk,79.68µm
u_fft_core.shift_r4_data3_re\[5\],79.665µm
clknet_leaf_55_i_clk,79.645µm
_17216_,79.6µm
clknet_leaf_216_i_clk,79.6µm
_10147_,79.56µm
_12673_,79.52µm
_03507_,79.48µm
clknet_leaf_241_i_clk,79.47µm
u_fft_core.u_twiddle_interface.data2_im_q\[3\],79.45µm
net3698,79.45µm
clknet_leaf_143_i_clk,79.43µm
net3487,79.425µm
net3643,79.42µm
_11943_,79.315µm
clknet_leaf_68_i_clk,79.29µm
u_fft_core.mdc_ff1_data0_re\[4\],79.28µm
_10186_,79.24µm
clknet_leaf_383_i_clk,79.225µm
net2888,79.215µm
u_fft_core.u_fft8_mdc0.u_mdc8p_stage1.xfft_cell_route1.w_mult_i\[1\]\[9\],79.2µm
net3855,79.195µm
_04215_,79.155µm
net3726,79.125µm
clknet_leaf_481_i_clk,79.085µm
clknet_leaf_461_i_clk,79.075µm
net3210,79.065µm
_16194_,79.045µm
clknet_leaf_283_i_clk,79.035µm
clknet_leaf_63_i_clk,79.015µm
u_fft_core.u_fft8_mdc3.u_mdc8p_stage1.xfft_cell_route1.w_mult_i\[0\]\[10\],78.96µm
net3845,78.96µm
net3667,78.945µm
net3558,78.87µm
u_fft_core.shift_r4_data2_re\[1\],78.855µm
clknet_leaf_505_i_clk,78.83µm
clknet_leaf_235_i_clk,78.81µm
clknet_leaf_183_i_clk,78.805µm
u_fft_core.u_fft8_mdc2.u_mdc8p_stage1.xfft_cell_route1.r_pp2_mult_i\[0\]\[9\],78.77µm
clknet_leaf_409_i_clk,78.675µm
clknet_leaf_289_i_clk,78.64µm
_18128_,78.595µm
u_fft_core.mdc_ff2_data0_im\[4\],78.58µm
clknet_leaf_428_i_clk,78.57µm
clknet_leaf_297_i_clk,78.56µm
u_fft_core.mdc_ff3_data0_re\[3\],78.555µm
_09715_,78.51µm
_10142_,78.485µm
clknet_leaf_3_i_clk,78.485µm
clknet_leaf_491_i_clk,78.445µm
clknet_leaf_484_i_clk,78.405µm
clknet_7_25__leaf_i_clk,78.405µm
net3198,78.355µm
net3853,78.355µm
net3075,78.26µm
clknet_leaf_436_i_clk,78.255µm
u_fft_core.u_fft8_mdc0.u_mdc8p_stage2.r_data0_r\[6\],78.25µm
clknet_leaf_4_i_clk,78.175µm
_02943_,78.165µm
u_debug_sys.u_debug_unit.mid_data_re_sync\[4\],78.165µm
_05445_,78.12µm
_11775_,78.115µm
u_fft_core.u_fft8_mdc2.u_mdc8p_stage1.xfft_cell_route1.r_pp1_data_i\[5\],78.08µm
_13697_,78.07µm
net18,78.07µm
_15782_,78.055µm
net4117,78.055µm
clknet_leaf_473_i_clk,77.985µm
net3325,77.935µm
_17371_,77.915µm
_02456_,77.89µm
_10937_,77.85µm
net2960,77.835µm
net3957,77.835µm
clknet_leaf_256_i_clk,77.8µm
clknet_leaf_227_i_clk,77.785µm
clknet_leaf_452_i_clk,77.77µm
clknet_leaf_332_i_clk,77.695µm
_14742_,77.65µm
net20,77.645µm
u_fft_core.fft4_data0_im\[5\],77.64µm
net3136,77.64µm
net3837,77.595µm
_13732_,77.59µm
clknet_leaf_405_i_clk,77.575µm
clknet_leaf_301_i_clk,77.555µm
clknet_leaf_254_i_clk,77.54µm
net3159,77.51µm
clknet_leaf_352_i_clk,77.49µm
clknet_leaf_503_i_clk,77.465µm
_04236_,77.45µm
u_fft_core.shift_r2_ff0_data1_im\[0\],77.44µm
_02638_,77.43µm
u_fft_core.u_twiddle_interface.data3_im_q\[0\],77.42µm
u_fft_core.u_fft8_mdc3.u_mdc8p_stage1.xfft_cell_route1.r_pp1_data_i\[5\],77.41µm
clknet_leaf_371_i_clk,77.39µm
net3692,77.385µm
clknet_leaf_16_i_clk,77.385µm
clknet_leaf_75_i_clk,77.355µm
clknet_leaf_282_i_clk,77.355µm
u_fft_core.u_fft8_mdc3.u_mdc8p_stage1.u_btfly2.o_data1_i\[6\],77.35µm
_14569_,77.325µm
_00538_,77.31µm
clknet_7_40__leaf_i_clk,77.3µm
net3014,77.28µm
clknet_leaf_34_i_clk,77.27µm
net3888,77.26µm
clknet_leaf_13_i_clk,77.26µm
u_fft_core.u_fft8_mdc0.u_mdc8p_stage1.u_btfly2.o_data0_i\[3\],77.23µm
u_fft_core.u_fft8_mdc0.u_mdc8p_stage1.xfft_cell_route1.w_mult_i\[1\]\[10\],77.23µm
net3797,77.185µm
_14743_,77.11µm
_04309_,77.065µm
u_fft_core.u_buffer_parallel2serial.read_ptr\[2\],77.04µm
clknet_leaf_512_i_clk,76.99µm
clknet_leaf_286_i_clk,76.96µm
u_fft_core.u_fft8_mdc3.u_mdc8p_stage3.next_data0_r\[2\],76.94µm
u_fft_core.u_fft8_mdc3.u_mdc8p_stage1.xfft_cell_route1.w_mult_i\[0\]\[11\],76.93µm
_12461_,76.925µm
_13136_,76.91µm
net3138,76.895µm
net3165,76.875µm
net3430,76.87µm
clknet_leaf_415_i_clk,76.825µm
clknet_leaf_275_i_clk,76.82µm
clknet_leaf_496_i_clk,76.805µm
clknet_leaf_200_i_clk,76.785µm
net3744,76.725µm
u_fft_core.u_fft8_mdc0.u_mdc8p_stage1.ds_switch_stage1.i_data_1r\[0\],76.63µm
clknet_leaf_35_i_clk,76.63µm
u_fft_core.u_fft8_mdc0.u_mdc8p_stage2.r_data1_i\[1\],76.625µm
u_fft_core.u_fft8_mdc0.u_mdc8p_stage1.ds_switch_stage1.r_idata_r\[1\]\[3\],76.57µm
net3585,76.57µm
clknet_leaf_370_i_clk,76.535µm
_15500_,76.52µm
u_debug_sys.u_spi_slave.rd_toggle,76.515µm
u_fft_core.u_fft8_mdc3.u_mdc8p_stage1.xfft_cell_route1.w_mult_i\[0\]\[13\],76.51µm
clknet_leaf_446_i_clk,76.51µm
clknet_leaf_497_i_clk,76.505µm
clknet_leaf_123_i_clk,76.49µm
clknet_leaf_58_i_clk,76.485µm
clknet_leaf_273_i_clk,76.47µm
net2798,76.455µm
clknet_leaf_99_i_clk,76.45µm
clknet_leaf_488_i_clk,76.445µm
clknet_leaf_163_i_clk,76.42µm
u_fft_core.u_fft8_mdc1.u_mdc8p_stage1.xfft_cell_route1.w_mult_r\[0\]\[10\],76.39µm
_05553_,76.38µm
clknet_leaf_363_i_clk,76.375µm
net3201,76.37µm
clknet_leaf_398_i_clk,76.37µm
clknet_leaf_362_i_clk,76.36µm
clknet_leaf_327_i_clk,76.315µm
clknet_leaf_159_i_clk,76.3µm
net4047,76.245µm
clknet_leaf_176_i_clk,76.185µm
_09371_,76.14µm
clknet_leaf_207_i_clk,76.135µm
u_fft_core.u_fft8_mdc1.u_mdc8p_stage1.u_btfly2.o_data1_i\[7\],76.1µm
net3885,76.095µm
u_fft_core.u_fft8_mdc3.u_mdc8p_stage1.ds_switch_stage1.i_data_0r\[4\],76.09µm
u_fft_core.mdc_ff0_data0_im\[3\],76.08µm
u_fft_core.u_fft8_mdc3.u_mdc8p_stage1.ds_switch_stage1.i_data_0r\[5\],76.08µm
net3856,76.065µm
clknet_leaf_500_i_clk,76.06µm
_10952_,75.97µm
u_fft_core.u_fft8_mdc3.u_mdc8p_stage1.xfft_cell_route1.w_mult_r\[1\]\[0\],75.97µm
net2830,75.97µm
u_fft_core.u_fft8_mdc3.u_mdc8p_stage1.u_btfly2.o_data0_i\[5\],75.9µm
_11824_,75.875µm
_02841_,75.87µm
clknet_leaf_232_i_clk,75.86µm
u_fft_core.u_fft8_mdc1.u_mdc8p_stage1.xfft_cell_route1.r_pp2_mult_r\[0\]\[13\],75.84µm
_12832_,75.83µm
clknet_leaf_443_i_clk,75.825µm
_13627_,75.78µm
u_fft_core.u_fft8_mdc0.u_mdc8p_stage1.xfft_cell_route1.w_mult_r\[1\]\[16\],75.78µm
net4049,75.71µm
clknet_leaf_285_i_clk,75.69µm
_07899_,75.685µm
u_fft_core.u_fft8_mdc0.u_mdc8p_stage1.xfft_cell_route1.w_mult_i\[1\]\[11\],75.67µm
_11044_,75.65µm
clknet_leaf_492_i_clk,75.645µm
clknet_leaf_135_i_clk,75.625µm
_07636_,75.595µm
net3215,75.525µm
net3639,75.52µm
u_fft_core.shift_r4_data1_im\[5\],75.475µm
u_fft_core.u_fft8_mdc2.u_mdc8p_stage1.xfft_cell_route1.r_pp1_data_r\[7\],75.46µm
clknet_leaf_462_i_clk,75.455µm
net4055,75.44µm
clknet_leaf_51_i_clk,75.425µm
_03042_,75.42µm
net3113,75.4µm
u_fft_core.u_fft8_mdc0.u_mdc8p_stage1.ds_switch_stage1.i_data_0i\[4\],75.39µm
u_fft_core.mdc_ff3_data1_re\[5\],75.38µm
clknet_leaf_387_i_clk,75.31µm
clknet_leaf_281_i_clk,75.21µm
net3710,75.2µm
clknet_leaf_161_i_clk,75.19µm
clknet_leaf_346_i_clk,75.18µm
clknet_leaf_137_i_clk,75.14µm
net3553,75.06µm
clknet_leaf_483_i_clk,75.055µm
_16873_,74.995µm
clknet_leaf_384_i_clk,74.97µm
_10982_,74.955µm
_10526_,74.945µm
net4099,74.945µm
_08067_,74.92µm
_12356_,74.92µm
_04970_,74.91µm
clknet_leaf_128_i_clk,74.905µm
clknet_leaf_499_i_clk,74.895µm
_17955_,74.83µm
net2821,74.775µm
net3788,74.75µm
clknet_leaf_270_i_clk,74.73µm
u_fft_core.u_fft8_mdc0.u_mdc8p_stage1.xfft_cell_route1.w_mult_r\[1\]\[13\],74.71µm
u_fft_core.u_fft8_mdc1.u_mdc8p_stage1.xfft_cell_route1.r_pp2_mult_r\[0\]\[14\],74.71µm
net3010,74.705µm
clknet_leaf_64_i_clk,74.695µm
clknet_leaf_217_i_clk,74.62µm
_14317_,74.59µm
clknet_leaf_413_i_clk,74.56µm
_02705_,74.555µm
net3708,74.55µm
_00023_,74.52µm
net3598,74.51µm
net3662,74.51µm
clknet_leaf_367_i_clk,74.49µm
clknet_leaf_377_i_clk,74.48µm
clknet_leaf_489_i_clk,74.47µm
net3285,74.385µm
clknet_leaf_74_i_clk,74.385µm
clknet_leaf_174_i_clk,74.37µm
_05021_,74.325µm
u_fft_core.u_fft8_mdc1.u_mdc8p_stage1.xfft_cell_route1.w_mult_r\[0\]\[18\],74.29µm
_15464_,74.275µm
clknet_leaf_166_i_clk,74.255µm
clknet_leaf_341_i_clk,74.23µm
clknet_leaf_469_i_clk,74.22µm
net3659,74.215µm
clknet_leaf_226_i_clk,74.21µm
clknet_leaf_487_i_clk,74.21µm
u_debug_sys.u_debug_unit.last_out_re_sync\[6\],74.18µm
_08962_,74.17µm
clknet_leaf_502_i_clk,74.14µm
_17207_,74.135µm
u_fft_core.shift_r2_ff0_data1_re\[0\],74.12µm
clknet_leaf_257_i_clk,74.1µm
clknet_leaf_407_i_clk,74.095µm
u_fft_core.mdc_ff1_data1_im\[5\],74.065µm
clknet_leaf_343_i_clk,74.03µm
clknet_leaf_238_i_clk,74.025µm
_12684_,74µm
net3798,73.995µm
net3990,73.99µm
clknet_leaf_486_i_clk,73.95µm
clknet_leaf_447_i_clk,73.94µm
u_fft_core.u_fft8_mdc3.u_mdc8p_stage3.next_data1_r\[2\],73.92µm
clknet_leaf_495_i_clk,73.9µm
net3166,73.89µm
clknet_leaf_510_i_clk,73.89µm
clknet_leaf_423_i_clk,73.88µm
_08265_,73.86µm
u_fft_core.mdc_ff1_data1_re\[2\],73.86µm
clknet_leaf_122_i_clk,73.845µm
net3081,73.83µm
_13133_,73.82µm
net2864,73.81µm
clknet_leaf_348_i_clk,73.81µm
u_fft_core.mdc_ff1_data1_im\[1\],73.805µm
_02844_,73.8µm
clknet_leaf_164_i_clk,73.8µm
clknet_leaf_328_i_clk,73.79µm
net3428,73.765µm
clknet_leaf_347_i_clk,73.765µm
_13629_,73.75µm
clknet_leaf_36_i_clk,73.735µm
u_debug_sys.u_spi_slave.next_rx\[0\],73.705µm
clknet_leaf_127_i_clk,73.695µm
u_fft_core.u_fft4.r_x0_re\[1\],73.66µm
u_fft_core.u_fft8_mdc0.u_mdc8p_stage1.xfft_cell_route1.w_mult_r\[1\]\[14\],73.64µm
u_fft_core.shift_r4_data2_re\[4\],73.63µm
net3846,73.625µm
net3723,73.575µm
u_fft_core.u_fft8_mdc0.u_mdc8p_stage1.r_data1_r\[1\],73.57µm
_13187_,73.565µm
net3638,73.565µm
_02759_,73.51µm
clknet_leaf_218_i_clk,73.485µm
clknet_leaf_456_i_clk,73.45µm
clknet_leaf_449_i_clk,73.43µm
_15506_,73.4µm
u_fft_core.u_fft8_mdc1.u_mdc8p_stage1.u_btfly2.o_data1_i\[6\],73.39µm
_17194_,73.385µm
net2934,73.38µm
clknet_leaf_280_i_clk,73.38µm
net3256,73.325µm
_14426_,73.32µm
net3609,73.315µm
clknet_leaf_319_i_clk,73.315µm
clknet_leaf_448_i_clk,73.295µm
net3417,73.245µm
net16,73.215µm
clknet_leaf_455_i_clk,73.135µm
clknet_leaf_494_i_clk,73.13µm
net3679,73.125µm
clknet_leaf_169_i_clk,73.1µm
u_fft_core.u_fft8_mdc1.u_mdc8p_stage1.xfft_cell_route1.w_mult_r\[0\]\[11\],73.09µm
net3479,73.08µm
net3621,73.08µm
clknet_leaf_293_i_clk,73.045µm
clknet_leaf_28_i_clk,73.04µm
u_fft_core.u_fft8_mdc1.u_mdc8p_stage1.r_bt0_i\[0\]\[0\],73.03µm
clknet_leaf_412_i_clk,73.03µm
clknet_leaf_351_i_clk,73.025µm
clknet_leaf_245_i_clk,72.995µm
clknet_leaf_94_i_clk,72.99µm
u_fft_core.u_fft4.s2_x3_im\[9\],72.965µm
clknet_leaf_329_i_clk,72.92µm
net3112,72.91µm
net3728,72.905µm
_13602_,72.9µm
net3117,72.895µm
clknet_leaf_118_i_clk,72.885µm
clknet_leaf_262_i_clk,72.84µm
_14757_,72.78µm
clknet_leaf_162_i_clk,72.76µm
_17214_,72.75µm
u_fft_core.u_fft4.r_x1_im\[7\],72.75µm
u_fft_core.u_fft8_mdc2.u_mdc8p_stage1.xfft_cell_route1.r_pp1_data_r\[8\],72.725µm
net4103,72.725µm
_14427_,72.7µm
_12395_,72.69µm
u_fft_core.u_fft8_mdc3.u_mdc8p_stage1.xfft_cell_route1.w_mult_i\[0\]\[14\],72.67µm
clknet_leaf_471_i_clk,72.645µm
_12750_,72.52µm
net3634,72.495µm
clknet_leaf_62_i_clk,72.49µm
clknet_leaf_111_i_clk,72.46µm
net3108,72.455µm
u_fft_core.shift_r4_data2_im\[4\],72.45µm
u_fft_core.u_fft8_mdc3.u_mdc8p_stage2.ds_switch_stage1.r_idata_i\[0\]\[0\],72.36µm
clknet_leaf_141_i_clk,72.345µm
net3645,72.325µm
_04977_,72.295µm
clknet_leaf_261_i_clk,72.28µm
_09745_,72.265µm
net3276,72.18µm
clknet_leaf_353_i_clk,72.08µm
u_fft_core.u_fft4.s1_ev_sub_re\[8\],72.06µm
_16189_,71.985µm
u_fft_core.u_fft8_mdc2.u_mdc8p_stage2.ds_switch_stage1.o_data_0i\[10\],71.935µm
net3062,71.93µm
clknet_leaf_212_i_clk,71.925µm
u_debug_sys.u_spi_slave.next_rx\[1\],71.92µm
net4045,71.885µm
clknet_leaf_263_i_clk,71.885µm
clknet_leaf_192_i_clk,71.85µm
clknet_leaf_203_i_clk,71.85µm
_03020_,71.83µm
clknet_leaf_193_i_clk,71.815µm
u_fft_core.u_fft8_mdc2.u_mdc8p_stage3.next_data1_r\[2\],71.77µm
clknet_leaf_88_i_clk,71.765µm
u_fft_core.shift_r2_ff0_data1_re\[7\],71.71µm
net3825,71.64µm
clknet_leaf_243_i_clk,71.635µm
clknet_leaf_478_i_clk,71.59µm
_11793_,71.575µm
net3655,71.55µm
net3985,71.54µm
_04474_,71.52µm
clknet_leaf_414_i_clk,71.51µm
_17303_,71.505µm
net3439,71.5µm
_12662_,71.475µm
net3601,71.465µm
_15577_,71.46µm
clknet_leaf_219_i_clk,71.46µm
net3170,71.455µm
net3071,71.445µm
_16461_,71.425µm
net4042,71.4µm
clknet_leaf_255_i_clk,71.355µm
_05575_,71.35µm
clknet_leaf_180_i_clk,71.34µm
clknet_leaf_334_i_clk,71.335µm
net4038,71.32µm
_04344_,71.31µm
net3242,71.305µm
u_fft_core.mdc_ff3_data1_re\[2\],71.285µm
clknet_leaf_231_i_clk,71.27µm
net3874,71.255µm
_13103_,71.23µm
clknet_leaf_476_i_clk,71.23µm
clknet_leaf_276_i_clk,71.2µm
clknet_leaf_454_i_clk,71.19µm
clknet_leaf_422_i_clk,71.175µm
clknet_leaf_458_i_clk,71.15µm
clknet_leaf_8_i_clk,71.115µm
clknet_leaf_208_i_clk,71.115µm
u_fft_core.u_fft8_mdc0.u_mdc8p_stage1.ds_switch_stage1.i_data_1i\[9\],71.11µm
net3694,71.105µm
_10112_,71.085µm
clknet_leaf_177_i_clk,71.085µm
_02730_,71.06µm
net3899,71.05µm
net3543,71.015µm
_09121_,70.985µm
u_fft_core.shift_r4_data2_im\[3\],70.965µm
clknet_leaf_376_i_clk,70.93µm
clknet_leaf_7_i_clk,70.92µm
clknet_7_15__leaf_i_clk,70.89µm
_12232_,70.88µm
u_fft_core.mdc_ff3_data1_re\[7\],70.87µm
net2915,70.87µm
clknet_leaf_188_i_clk,70.845µm
u_fft_core.u_fft8_mdc1.u_mdc8p_stage1.ds_switch_stage1.i_data_0i\[8\],70.84µm
_15205_,70.81µm
u_fft_core.u_fft4.s2_x0_re\[0\],70.8µm
net3083,70.8µm
_04991_,70.785µm
clknet_leaf_170_i_clk,70.755µm
_03785_,70.74µm
clknet_leaf_144_i_clk,70.74µm
net3397,70.715µm
clknet_leaf_506_i_clk,70.7µm
clknet_leaf_318_i_clk,70.695µm
clknet_leaf_493_i_clk,70.685µm
clknet_leaf_14_i_clk,70.635µm
clknet_leaf_134_i_clk,70.585µm
_14534_,70.515µm
clknet_leaf_52_i_clk,70.48µm
u_fft_core.u_fft8_mdc2.u_mdc8p_stage1.ds_switch_stage1.i_data_0r\[5\],70.425µm
clknet_leaf_320_i_clk,70.425µm
u_fft_core.u_fft8_mdc2.u_mdc8p_stage1.xfft_cell_route1.w_mult_r\[0\]\[0\],70.38µm
net7,70.375µm
clknet_leaf_5_i_clk,70.36µm
net3239,70.33µm
net2874,70.25µm
net2789,70.245µm
_03176_,70.23µm
net3097,70.155µm
u_fft_core.mdc_ff1_data1_re\[6\],70.13µm
_15083_,70.095µm
clknet_leaf_223_i_clk,70.09µm
clknet_leaf_186_i_clk,70.075µm
u_fft_core.u_fft8_mdc1.u_mdc8p_stage1.xfft_cell_route1.r_pp2_mult_i\[0\]\[17\],70.04µm
clknet_leaf_292_i_clk,69.94µm
_13739_,69.91µm
clknet_leaf_30_i_clk,69.9µm
net2875,69.895µm
clknet_leaf_17_i_clk,69.88µm
clknet_leaf_102_i_clk,69.88µm
net3665,69.86µm
_02422_,69.83µm
clknet_leaf_432_i_clk,69.825µm
clknet_leaf_294_i_clk,69.815µm
u_fft_core.u_fft8_mdc1.u_mdc8p_stage1.xfft_cell_route1.w_mult_r\[0\]\[12\],69.81µm
_04310_,69.785µm
_10114_,69.775µm
clknet_leaf_178_i_clk,69.775µm
clknet_leaf_466_i_clk,69.73µm
net3309,69.705µm
net3,69.67µm
u_fft_core.u_fft8_mdc2.u_mdc8p_stage2.r_data1_i\[4\],69.635µm
_14748_,69.61µm
_15368_,69.61µm
_16088_,69.59µm
net2823,69.575µm
_03106_,69.565µm
u_fft_core.u_twiddle_interface.mult2_re\[7\],69.55µm
clknet_leaf_41_i_clk,69.515µm
clknet_leaf_361_i_clk,69.51µm
u_fft_core.fft4_data0_im\[0\],69.5µm
_10633_,69.485µm
u_fft_core.fft4_data3_im\[6\],69.475µm
_12513_,69.43µm
u_fft_core.shift_r2_ff1_data1_im\[7\],69.43µm
net2846,69.43µm
u_fft_core.mdc_ff1_data1_im\[2\],69.425µm
clknet_leaf_287_i_clk,69.42µm
net11,69.4µm
clknet_leaf_221_i_clk,69.365µm
_13931_,69.36µm
clknet_leaf_417_i_clk,69.36µm
_09277_,69.325µm
u_fft_core.mdc_ff3_data1_re\[3\],69.305µm
_04505_,69.3µm
net3482,69.29µm
clknet_leaf_472_i_clk,69.29µm
net3289,69.285µm
net4115,69.255µm
_07664_,69.25µm
net2947,69.25µm
clknet_leaf_425_i_clk,69.24µm
_12686_,69.21µm
_17254_,69.105µm
clknet_leaf_25_i_clk,69.105µm
clknet_leaf_110_i_clk,69.09µm
clknet_leaf_284_i_clk,69.045µm
_14302_,69.01µm
net3656,69.01µm
_15264_,69µm
clknet_leaf_379_i_clk,68.985µm
_06837_,68.955µm
_14708_,68.94µm
net3646,68.92µm
net2812,68.825µm
u_fft_core.fft4_data0_im\[3\],68.77µm
u_fft_core.u_fft4.s1_ev_sum_im\[4\],68.755µm
clknet_leaf_29_i_clk,68.75µm
net3042,68.74µm
_03563_,68.735µm
_06169_,68.695µm
u_fft_core.mdc_ff3_data1_re\[0\],68.695µm
_10113_,68.69µm
_12759_,68.66µm
clknet_leaf_244_i_clk,68.66µm
clknet_leaf_299_i_clk,68.62µm
clknet_leaf_27_i_clk,68.61µm
clknet_leaf_107_i_clk,68.61µm
u_fft_core.u_fft4.r_x2_im\[4\],68.6µm
u_fft_core.u_fft8_mdc0.u_mdc8p_stage1.xfft_cell_route1.r_pp2_mult_i\[1\]\[9\],68.6µm
clknet_leaf_95_i_clk,68.585µm
net3696,68.57µm
net3498,68.565µm
net3437,68.54µm
u_fft_core.u_fft4.s2_x2_im\[9\],68.53µm
clknet_leaf_70_i_clk,68.53µm
_03133_,68.52µm
clknet_leaf_2_i_clk,68.51µm
_06783_,68.465µm
clknet_leaf_38_i_clk,68.445µm
clknet_leaf_419_i_clk,68.44µm
_10167_,68.39µm
clknet_leaf_73_i_clk,68.38µm
_17251_,68.34µm
_02453_,68.32µm
_06879_,68.31µm
net4021,68.305µm
clknet_leaf_199_i_clk,68.295µm
clknet_leaf_290_i_clk,68.26µm
clknet_leaf_61_i_clk,68.185µm
net3568,68.175µm
_10524_,68.17µm
clknet_leaf_429_i_clk,68.155µm
clknet_leaf_108_i_clk,68.15µm
net3089,68.14µm
net4053,68.14µm
_15703_,68.105µm
net2952,68.105µm
u_fft_core.u_fft8_mdc0.u_mdc8p_stage2.ds_switch_stage1.i_data_1r\[6\],68.1µm
clknet_leaf_302_i_clk,68.1µm
u_fft_core.shift_r2_ff3_data1_im\[1\],68.06µm
clknet_leaf_251_i_clk,68.03µm
u_fft_core.u_fft4.r_x3_im\[0\],67.995µm
u_fft_core.u_fft8_mdc1.u_mdc8p_stage1.xfft_cell_route1.w_mult_r\[0\]\[0\],67.955µm
clknet_leaf_124_i_clk,67.89µm
_16762_,67.88µm
net2887,67.855µm
clknet_7_122__leaf_i_clk,67.825µm
_15452_,67.81µm
_13929_,67.8µm
u_fft_core.mdc_ff3_data1_im\[0\],67.69µm
clknet_leaf_175_i_clk,67.685µm
clknet_leaf_390_i_clk,67.67µm
clknet_leaf_57_i_clk,67.645µm
_08461_,67.61µm
clknet_leaf_197_i_clk,67.61µm
clknet_leaf_421_i_clk,67.605µm
clknet_leaf_435_i_clk,67.605µm
u_fft_core.mdc_ff0_data0_im\[6\],67.59µm
net3995,67.59µm
_09299_,67.585µm
_06179_,67.57µm
_16628_,67.56µm
u_fft_core.u_fft4.r_x1_re\[0\],67.56µm
u_fft_core.shift_r4_data3_im\[7\],67.505µm
clknet_leaf_322_i_clk,67.415µm
u_fft_core.u_fft8_mdc1.u_mdc8p_stage1.xfft_cell_route1.w_mult_i\[1\]\[0\],67.35µm
clknet_leaf_82_i_clk,67.34µm
clknet_leaf_482_i_clk,67.335µm
net3975,67.325µm
net3878,67.31µm
u_fft_core.u_fft8_mdc1.u_mdc8p_stage1.xfft_cell_route1.r_pp2_mult_r\[0\]\[9\],67.3µm
net2897,67.285µm
clknet_leaf_155_i_clk,67.28µm
net3078,67.275µm
net29,67.27µm
_13735_,67.26µm
u_fft_core.u_fft8_mdc2.u_mdc8p_stage2.ds_switch_stage1.current_state,67.26µm
net4044,67.245µm
clknet_leaf_372_i_clk,67.24µm
_17252_,67.225µm
net3913,67.17µm
_02235_,67.15µm
u_fft_core.u_fft8_mdc0.u_mdc8p_stage1.xfft_cell_route1.w_mult_r\[1\]\[17\],67.15µm
_11767_,67.095µm
clknet_leaf_300_i_clk,67.065µm
u_fft_core.u_fft8_mdc1.u_mdc8p_stage1.xfft_cell_route1.r_pp1_tw_r\[9\],67.04µm
net3831,67.035µm
net3620,66.98µm
_07284_,66.965µm
clknet_leaf_317_i_clk,66.945µm
u_fft_core.twiddle_data0_im\[1\],66.93µm
net3611,66.9µm
_12666_,66.885µm
net2845,66.87µm
net3246,66.87µm
_05063_,66.865µm
clknet_leaf_504_i_clk,66.81µm
_14084_,66.78µm
clknet_leaf_10_i_clk,66.775µm
clknet_leaf_179_i_clk,66.745µm
net3857,66.72µm
u_fft_core.shift_r4_data3_re\[1\],66.69µm
net3476,66.615µm
clknet_leaf_140_i_clk,66.6µm
u_fft_core.u_fft8_mdc1.u_mdc8p_stage1.xfft_cell_route1.w_mult_i\[1\]\[16\],66.54µm
net2870,66.54µm
_15209_,66.525µm
u_fft_core.u_fft8_mdc2.u_mdc8p_stage1.xfft_cell_route1.w_mult_i\[0\]\[11\],66.48µm
net2963,66.48µm
_04764_,66.47µm
clknet_leaf_354_i_clk,66.455µm
_12235_,66.42µm
clknet_leaf_31_i_clk,66.37µm
clknet_leaf_146_i_clk,66.34µm
net4020,66.33µm
u_fft_core.u_fft8_mdc1.u_mdc8p_stage1.ds_switch_stage1.i_data_1r\[4\],66.3µm
clknet_leaf_498_i_clk,66.28µm
net3053,66.225µm
clknet_leaf_278_i_clk,66.22µm
net3796,66.195µm
_05057_,66.18µm
u_fft_core.u_fft4.r_x1_im\[6\],66.135µm
_11942_,66.095µm
_16413_,66.075µm
clknet_leaf_97_i_clk,66.075µm
_14082_,66.07µm
rx_data_re\[0\],66.07µm
net3658,66.065µm
net3060,66.045µm
net3442,66.025µm
clknet_leaf_460_i_clk,66µm
_10315_,65.99µm
clknet_leaf_130_i_clk,65.97µm
clknet_leaf_427_i_clk,65.955µm
net2942,65.945µm
clknet_leaf_160_i_clk,65.935µm
_12237_,65.915µm
net12,65.905µm
net3680,65.89µm
clknet_leaf_126_i_clk,65.86µm
clknet_leaf_434_i_clk,65.85µm
clknet_leaf_464_i_clk,65.85µm
_14447_,65.845µm
_13346_,65.835µm
_06428_,65.82µm
net3632,65.81µm
u_fft_core.mdc_ff1_data0_im\[5\],65.78µm
u_fft_core.shift_r2_ff1_data1_re\[4\],65.68µm
clknet_leaf_356_i_clk,65.68µm
clknet_leaf_205_i_clk,65.675µm
_04355_,65.66µm
_14904_,65.655µm
clknet_leaf_277_i_clk,65.64µm
net3551,65.635µm
clknet_leaf_53_i_clk,65.585µm
_04477_,65.555µm
_17317_,65.545µm
u_fft_core.u_fft8_mdc0.u_mdc8p_stage1.xfft_cell_route1.w_mult_i\[1\]\[12\],65.54µm
u_fft_core.u_fft8_mdc1.u_mdc8p_stage1.xfft_cell_route1.r_pp2_mult_i\[0\]\[18\],65.54µm
clknet_leaf_475_i_clk,65.54µm
net3743,65.535µm
u_debug_sys.u_debug_unit.mid_data_re_sync\[1\],65.53µm
clknet_leaf_191_i_clk,65.515µm
clknet_leaf_406_i_clk,65.495µm
clknet_leaf_224_i_clk,65.475µm
u_fft_core.u_fft8_mdc0.u_mdc8p_stage1.xfft_cell_route1.w_mult_r\[0\]\[0\],65.42µm
_07051_,65.4µm
clknet_leaf_84_i_clk,65.375µm
net3492,65.36µm
u_fft_core.u_fft8_mdc3.u_mdc8p_stage1.u_btfly2.o_data1_i\[7\],65.35µm
_16688_,65.34µm
_16064_,65.325µm
net3988,65.325µm
net3911,65.315µm
_02837_,65.29µm
_17209_,65.28µm
net4065,65.28µm
_10571_,65.275µm
_14790_,65.22µm
clknet_leaf_250_i_clk,65.2µm
net3959,65.19µm
clknet_leaf_511_i_clk,65.17µm
_16861_,65.1µm
u_fft_core.u_fft8_mdc2.u_mdc8p_stage2.r_data1_i\[5\],65.04µm
_16881_,65µm
_04494_,64.975µm
clknet_leaf_139_i_clk,64.945µm
net2979,64.91µm
_04266_,64.905µm
clknet_leaf_153_i_clk,64.905µm
net3614,64.87µm
_11434_,64.865µm
u_fft_core.shift_r4_data1_re\[3\],64.84µm
u_fft_core.mdc_ff3_data0_re\[0\],64.825µm
u_fft_core.u_fft4.s2_x1_im\[9\],64.82µm
u_fft_core.mdc_ff3_data0_im\[5\],64.815µm
u_fft_core.mdc_ff3_data0_im\[6\],64.81µm
u_fft_core.u_fft4.s1_ev_sub_re\[6\],64.75µm
net3194,64.73µm
net3030,64.7µm
u_fft_core.u_fft8_mdc3.u_mdc8p_stage1.ds_switch_stage1.o_data_1r\[0\],64.69µm
net4101,64.68µm
u_fft_core.shift_r4_data2_re\[0\],64.665µm
u_fft_core.u_buffer_parallel2serial.read_ptr\[4\],64.64µm
clknet_leaf_424_i_clk,64.61µm
net2962,64.6µm
_03242_,64.58µm
u_fft_core.u_fft8_mdc0.u_mdc8p_stage1.ds_switch_stage1.i_data_0i\[1\],64.58µm
u_fft_core.u_fft4.r_x2_im\[7\],64.575µm
_13803_,64.52µm
u_fft_core.u_fft8_mdc0.u_mdc8p_stage1.xfft_cell_route1.w_mult_i\[1\]\[13\],64.51µm
_07378_,64.49µm
clknet_leaf_156_i_clk,64.48µm
clknet_leaf_298_i_clk,64.48µm
u_fft_core.u_fft4.s1_ev_sum_im\[6\],64.455µm
_08449_,64.42µm
net2857,64.415µm
u_fft_core.u_fft8_mdc0.u_mdc8p_stage1.xfft_cell_route1.w_mult_i\[1\]\[14\],64.39µm
net3452,64.37µm
net3538,64.37µm
net3702,64.365µm
net3499,64.31µm
_04237_,64.295µm
u_fft_core.u_fft8_mdc1.u_mdc8p_stage2.r_data1_r\[8\],64.28µm
net3082,64.27µm
_15575_,64.26µm
net2926,64.25µm
_02819_,64.21µm
clknet_leaf_374_i_clk,64.205µm
u_rx.current_shift\[13\],64.18µm
clknet_leaf_306_i_clk,64.17µm
_11773_,64.16µm
net3717,64.11µm
clknet_leaf_268_i_clk,64.11µm
clknet_leaf_279_i_clk,64.11µm
clknet_leaf_474_i_clk,64.1µm
net3503,64.09µm
net3907,64.09µm
clknet_leaf_403_i_clk,64.08µm
clknet_leaf_76_i_clk,64.05µm
u_fft_core.shift_r2_ff1_data1_re\[6\],64.03µm
u_fft_core.u_fft8_mdc3.u_mdc8p_stage1.xfft_cell_route1.w_mult_i\[0\]\[18\],64.03µm
_15570_,64.015µm
clknet_leaf_331_i_clk,64.005µm
_05939_,63.97µm
_10157_,63.97µm
net3637,63.96µm
clknet_leaf_451_i_clk,63.955µm
_06890_,63.925µm
_05371_,63.885µm
u_fft_core.u_fft8_mdc2.u_mdc8p_stage1.xfft_cell_route1.w_mult_i\[1\]\[18\],63.885µm
clknet_leaf_39_i_clk,63.85µm
net3394,63.81µm
net4022,63.775µm
_03111_,63.76µm
_02775_,63.75µm
_05503_,63.72µm
net2866,63.715µm
clknet_leaf_104_i_clk,63.705µm
_15217_,63.69µm
u_fft_core.shift_r2_ff1_data1_re\[5\],63.685µm
net3118,63.68µm
_10669_,63.67µm
_04197_,63.61µm
_03169_,63.595µm
net3606,63.555µm
clknet_leaf_182_i_clk,63.525µm
clknet_leaf_304_i_clk,63.525µm
u_fft_core.mdc_ff3_data1_re\[4\],63.49µm
u_fft_core.u_fft4.s2_x2_re\[5\],63.49µm
u_fft_core.mdc_ff3_data0_re\[7\],63.475µm
_11963_,63.46µm
_14774_,63.42µm
net3737,63.415µm
net3342,63.385µm
_13902_,63.37µm
_16766_,63.37µm
u_fft_core.u_fft8_mdc1.u_mdc8p_stage1.xfft_cell_route1.w_mult_r\[0\]\[17\],63.37µm
_09335_,63.34µm
net3399,63.33µm
u_fft_core.shift_r2_ff2_data1_im\[3\],63.325µm
_17305_,63.25µm
clknet_leaf_408_i_clk,63.24µm
u_fft_core.mdc_ff0_data0_im\[0\],63.235µm
net3712,63.23µm
net3006,63.205µm
_04745_,63.18µm
clknet_leaf_345_i_clk,63.17µm
net3715,63.15µm
u_fft_core.u_fft8_mdc2.u_mdc8p_stage3.next_data0_r\[2\],63.13µm
_02862_,63.115µm
_15469_,63.105µm
_10184_,63.07µm
_13705_,63.045µm
_11502_,63.035µm
clknet_leaf_303_i_clk,63.02µm
_13152_,62.905µm
clknet_leaf_32_i_clk,62.905µm
_07789_,62.89µm
net3022,62.85µm
_05052_,62.83µm
clknet_leaf_132_i_clk,62.82µm
_13758_,62.77µm
_03451_,62.76µm
net2918,62.725µm
clknet_leaf_272_i_clk,62.72µm
_12283_,62.66µm
u_fft_core.u_fft8_mdc0.u_mdc8p_stage1.r_data0_r\[1\],62.66µm
net3644,62.645µm
net3547,62.55µm
fft_out_re\[3\],62.53µm
_14781_,62.52µm
clknet_leaf_364_i_clk,62.47µm
u_fft_core.u_fft8_mdc1.u_mdc8p_stage1.xfft_cell_route1.r_pp1_data_r\[6\],62.42µm
u_fft_core.shift_r4_data1_im\[1\],62.405µm
_02971_,62.365µm
_05382_,62.36µm
u_fft_core.u_fft8_mdc3.u_mdc8p_stage1.xfft_cell_route1.w_mult_r\[0\]\[0\],62.29µm
u_fft_core.u_fft8_mdc3.u_mdc8p_stage3.next_data1_r\[5\],62.29µm
u_fft_core.u_fft8_mdc0.u_mdc8p_stage1.ds_switch_stage1.i_data_0i\[5\],62.285µm
_13809_,62.23µm
_12928_,62.135µm
net3024,62.095µm
_07582_,62.07µm
_16630_,62.04µm
net3150,62.035µm
clknet_leaf_430_i_clk,61.99µm
clknet_leaf_400_i_clk,61.97µm
u_fft_core.shift_r2_ff3_data1_re\[1\],61.93µm
clknet_leaf_20_i_clk,61.905µm
clknet_leaf_138_i_clk,61.83µm
net3716,61.79µm
_03825_,61.76µm
net3168,61.73µm
u_fft_core.mdc_ff2_data0_im\[3\],61.665µm
u_fft_core.u_fft8_mdc0.u_mdc8p_stage1.r_bt0_i\[0\]\[2\],61.665µm
_14847_,61.62µm
u_fft_core.fft4_data3_re\[0\],61.62µm
_09280_,61.58µm
_13712_,61.57µm
u_fft_core.mdc_ff3_data0_im\[2\],61.56µm
clknet_leaf_313_i_clk,61.525µm
clknet_leaf_311_i_clk,61.47µm
u_fft_core.u_fft4.s2_x0_im\[9\],61.465µm
net3403,61.395µm
net3111,61.385µm
net3224,61.375µm
clknet_leaf_69_i_clk,61.36µm
_16490_,61.34µm
_06176_,61.335µm
u_fft_core.u_fft8_mdc1.u_mdc8p_stage1.xfft_cell_route1.w_mult_i\[0\]\[0\],61.325µm
u_fft_core.u_fft8_mdc2.u_mdc8p_stage2.r_data1_i\[6\],61.275µm
_09634_,61.27µm
u_fft_core.mdc_ff3_data0_im\[3\],61.27µm
_04844_,61.25µm
_07651_,61.205µm
clknet_leaf_0_i_clk,61.2µm
net3268,61.165µm
_04954_,61.16µm
_14759_,61.14µm
clknet_leaf_167_i_clk,61.135µm
_16773_,61.09µm
u_fft_core.u_fft8_mdc2.u_mdc8p_stage2.ds_switch_stage1.o_data_0r\[10\],61.09µm
u_fft_core.twiddle_data2_re\[3\],61.085µm
net3604,61.075µm
u_fft_core.u_fft8_mdc1.u_mdc8p_stage1.u_btfly2.o_data1_i\[5\],61.02µm
net3171,61.005µm
u_fft_core.u_fft8_mdc2.u_mdc8p_stage1.xfft_cell_route1.r_pp1_data_r\[3\],61µm
u_fft_core.u_fft8_mdc0.u_mdc8p_stage2.r_data1_i\[2\],60.995µm
_16778_,60.99µm
_06877_,60.98µm
u_fft_core.u_fft8_mdc0.u_mdc8p_stage3.next_data0_r\[3\],60.97µm
net3137,60.965µm
_14754_,60.96µm
net3597,60.95µm
_05554_,60.945µm
u_fft_core.shift_r2_ff2_data1_im\[4\],60.92µm
net3425,60.86µm
clknet_leaf_433_i_clk,60.86µm
net3529,60.85µm
net3496,60.8µm
net3735,60.79µm
_16096_,60.78µm
net2994,60.705µm
_07827_,60.67µm
_13628_,60.66µm
net3076,60.615µm
_14563_,60.6µm
_11967_,60.56µm
net3002,60.555µm
u_fft_core.shift_r2_ff3_data1_im\[0\],60.535µm
clknet_leaf_450_i_clk,60.52µm
u_debug_sys.u_debug_unit.last_out_re_sync\[0\],60.5µm
clknet_leaf_441_i_clk,60.5µm
net3103,60.44µm
u_fft_core.shift_r4_data3_im\[5\],60.425µm
_06147_,60.39µm
_12882_,60.38µm
net3087,60.375µm
_08002_,60.37µm
net3485,60.355µm
net3106,60.315µm
_15076_,60.235µm
clknet_leaf_378_i_clk,60.215µm
_13740_,60.19µm
net2793,60.15µm
net3310,60.145µm
net3753,60.145µm
_13101_,60.13µm
u_fft_core.u_fft8_mdc1.u_mdc8p_stage1.ds_switch_stage1.r_idata_i\[1\]\[6\],60.13µm
net3266,60.08µm
clknet_leaf_375_i_clk,60.06µm
clknet_leaf_360_i_clk,60.025µm
u_fft_core.u_fft4.s2_x3_re\[4\],60.01µm
_02665_,60µm
net3162,60µm
net3952,59.97µm
net3203,59.945µm
clknet_leaf_324_i_clk,59.945µm
_16170_,59.925µm
net3494,59.9µm
clknet_leaf_214_i_clk,59.84µm
u_fft_core.shift_r2_ff3_data1_im\[3\],59.795µm
_17134_,59.79µm
_05879_,59.785µm
u_fft_core.shift_r4_data2_im\[5\],59.78µm
net3602,59.745µm
_02678_,59.74µm
u_fft_core.u_fft8_mdc2.u_mdc8p_stage1.ds_switch_stage1.r_idata_i\[1\]\[4\],59.7µm
net2835,59.7µm
_08551_,59.695µm
net3126,59.67µm
_10158_,59.6µm
u_fft_core.u_fft8_mdc0.u_mdc8p_stage2.ds_switch_stage1.i_data_1i\[6\],59.59µm
u_fft_core.u_fft8_mdc1.u_mdc8p_stage1.xfft_cell_route1.w_mult_r\[0\]\[16\],59.59µm
_17027_,59.58µm
_18162_,59.52µm
u_fft_core.twiddle_data2_re\[1\],59.52µm
net3493,59.495µm
clknet_leaf_402_i_clk,59.49µm
_08491_,59.48µm
_02591_,59.47µm
_16997_,59.46µm
net3546,59.395µm
_09021_,59.39µm
u_fft_core.u_fft8_mdc1.u_mdc8p_stage1.ds_switch_stage1.i_data_0r\[2\],59.39µm
_11814_,59.385µm
net3974,59.35µm
clknet_leaf_189_i_clk,59.34µm
net3412,59.33µm
_15519_,59.29µm
_09422_,59.26µm
u_fft_core.u_fft4.s1_ev_sum_re\[2\],59.245µm
_13924_,59.18µm
clknet_leaf_50_i_clk,59.175µm
_15454_,59.17µm
_03109_,59.155µm
net3302,59.155µm
_10826_,59.13µm
_05877_,59.12µm
_07300_,59.095µm
clknet_leaf_338_i_clk,59.085µm
_08482_,59.07µm
_05636_,59.055µm
u_fft_core.u_fft8_mdc2.u_mdc8p_stage1.xfft_cell_route1.w_mult_i\[1\]\[17\],59.05µm
clknet_leaf_195_i_clk,59.05µm
u_fft_core.shift_r2_ff0_data1_im\[5\],59.02µm
_16101_,59.005µm
_11467_,58.985µm
net3724,58.96µm
clknet_leaf_418_i_clk,58.955µm
net3420,58.94µm
_08089_,58.92µm
_08955_,58.86µm
clknet_leaf_342_i_clk,58.845µm
_06033_,58.84µm
u_fft_core.u_fft4.s2_x0_re\[9\],58.825µm
_12261_,58.815µm
net3335,58.815µm
_13729_,58.8µm
net3405,58.765µm
_18058_,58.755µm
u_fft_core.u_fft8_mdc3.u_mdc8p_stage1.u_btfly2.o_data0_r\[3\],58.75µm
u_fft_core.mdc_ff3_data1_re\[1\],58.745µm
net34,58.73µm
_14832_,58.69µm
_07354_,58.645µm
clknet_leaf_93_i_clk,58.615µm
u_debug_sys.u_debug_unit.mid_data_re_sync\[3\],58.57µm
_14305_,58.56µm
u_fft_core.mdc_ff1_data0_re\[1\],58.55µm
net4116,58.55µm
_15866_,58.505µm
net4025,58.505µm
u_fft_core.u_fft8_mdc2.u_mdc8p_stage3.next_data1_r\[6\],58.45µm
u_fft_core.u_fft8_mdc3.u_mdc8p_stage2.r_count,58.415µm
_05106_,58.405µm
net3173,58.405µm
clknet_leaf_369_i_clk,58.365µm
_06164_,58.355µm
u_fft_core.mdc_ff0_data1_re\[5\],58.345µm
_12044_,58.33µm
net3424,58.33µm
_08451_,58.27µm
u_fft_core.u_fft8_mdc2.u_mdc8p_stage2.r_data1_r\[8\],58.265µm
net3409,58.25µm
_03022_,58.22µm
u_fft_core.shift_r4_data1_im\[4\],58.22µm
net3475,58.185µm
net3450,58.155µm
net3577,58.145µm
clknet_leaf_213_i_clk,58.11µm
clknet_leaf_468_i_clk,58.11µm
net3238,58.09µm
u_fft_core.u_fft8_mdc1.u_mdc8p_stage1.xfft_cell_route1.r_pp2_mult_i\[0\]\[16\],58.075µm
_17239_,58.035µm
_15482_,58.03µm
u_fft_core.u_fft8_mdc2.u_mdc8p_stage1.ds_switch_stage1.o_data_1i\[3\],58.03µm
u_fft_core.u_fft8_mdc0.u_mdc8p_stage2.r_data1_r\[6\],58.025µm
clknet_leaf_185_i_clk,58µm
u_fft_core.u_fft8_mdc1.u_mdc8p_stage2.r_data1_i\[3\],57.995µm
_16723_,57.895µm
_16498_,57.86µm
_07325_,57.78µm
_14505_,57.78µm
u_fft_core.u_fft4.s1_ev_sub_re\[7\],57.78µm
u_fft_core.u_buffer_parallel2serial.state\[2\],57.75µm
_15779_,57.73µm
net3385,57.69µm
net3971,57.69µm
net2838,57.66µm
net3051,57.59µm
_09815_,57.585µm
net4052,57.535µm
_02863_,57.52µm
net2883,57.515µm
error_flags,57.48µm
_02123_,57.475µm
_15904_,57.45µm
_17107_,57.44µm
net3854,57.44µm
_13700_,57.42µm
u_fft_core.u_fft8_mdc0.u_mdc8p_stage1.xfft_cell_route1.r_pp2_mult_i\[0\]\[18\],57.415µm
net3936,57.41µm
clknet_leaf_149_i_clk,57.4µm
_12262_,57.36µm
u_fft_core.u_fft8_mdc0.u_mdc8p_stage1.ds_switch_stage1.i_data_1i\[8\],57.36µm
net3132,57.33µm
u_fft_core.u_fft8_mdc3.u_mdc8p_stage2.ds_switch_stage1.i_data_1r\[6\],57.32µm
u_fft_core.u_shift_r4.data_im_q\[184\],57.305µm
_13908_,57.3µm
net3629,57.28µm
clknet_leaf_152_i_clk,57.22µm
u_fft_core.u_fft8_mdc0.u_mdc8p_stage1.xfft_cell_route1.r_pp2_mult_i\[1\]\[17\],57.19µm
_08254_,57.18µm
net3423,57.175µm
net3139,57.105µm
net3292,57.06µm
net3193,57.025µm
clknet_leaf_173_i_clk,56.99µm
_08151_,56.955µm
u_fft_core.u_fft8_mdc0.u_mdc8p_stage2.ds_switch_stage1.i_data_1i\[8\],56.94µm
_02758_,56.935µm
u_fft_core.u_fft8_mdc1.u_mdc8p_stage1.ds_switch_stage1.i_data_0r\[3\],56.925µm
_02230_,56.89µm
_11930_,56.88µm
u_fft_core.u_fft8_mdc2.u_mdc8p_stage1.ds_switch_stage1.i_data_0i\[3\],56.88µm
_14851_,56.865µm
_11849_,56.795µm
_07570_,56.785µm
net3666,56.775µm
u_fft_core.u_fft8_mdc2.u_mdc8p_stage2.r_data0_i\[3\],56.745µm
net3105,56.71µm
net3681,56.71µm
_12082_,56.69µm
_07285_,56.66µm
_10117_,56.615µm
u_fft_core.u_fft8_mdc2.u_mdc8p_stage3.next_data1_r\[5\],56.59µm
_08603_,56.565µm
clknet_leaf_336_i_clk,56.55µm
_06938_,56.53µm
_10322_,56.53µm
_08817_,56.48µm
_17160_,56.475µm
u_fft_core.u_fft8_mdc0.u_mdc8p_stage1.xfft_cell_route1.w_mult_i\[1\]\[15\],56.47µm
clknet_leaf_395_i_clk,56.45µm
net4032,56.43µm
_13816_,56.4µm
net3948,56.4µm
_07535_,56.39µm
net3505,56.365µm
_12912_,56.36µm
_15929_,56.34µm
u_fft_core.u_fft8_mdc0.u_mdc8p_stage1.xfft_cell_route1.w_mult_i\[1\]\[8\],56.34µm
clknet_leaf_249_i_clk,56.31µm
u_fft_core.shift_r2_ff3_data1_im\[5\],56.3µm
_16228_,56.29µm
u_fft_core.u_buffer_parallel2serial.mem_im\[28\]\[4\],56.29µm
net3261,56.275µm
_10516_,56.27µm
u_fft_core.u_fft4.s1_ev_sum_im\[7\],56.265µm
clknet_leaf_437_i_clk,56.265µm
_14944_,56.23µm
clknet_leaf_77_i_clk,56.225µm
clknet_leaf_65_i_clk,56.205µm
net3068,56.195µm
_13805_,56.17µm
_04773_,56.12µm
_13654_,56.11µm
net4028,56.11µm
_07670_,56.105µm
_17193_,56.08µm
net3565,56.06µm
_11161_,55.99µm
_13519_,55.99µm
u_fft_core.u_fft8_mdc0.u_mdc8p_stage1.xfft_cell_route1.w_mult_r\[1\]\[9\],55.99µm
_02735_,55.98µm
u_fft_core.u_fft4.s1_od_sub_re\[5\],55.975µm
_06838_,55.97µm
_04677_,55.95µm
_05013_,55.93µm
u_fft_core.u_fft8_mdc3.u_mdc8p_stage2.r_data1_r\[6\],55.89µm
clknet_leaf_157_i_clk,55.89µm
u_fft_core.u_fft8_mdc0.u_mdc8p_stage2.ds_switch_stage1.i_data_1i\[4\],55.87µm
_04444_,55.86µm
_15244_,55.83µm
_03496_,55.82µm
u_fft_core.u_fft4.r_x2_re\[7\],55.8µm
net36,55.765µm
_06784_,55.745µm
_14850_,55.74µm
clknet_leaf_33_i_clk,55.74µm
_13734_,55.69µm
_14559_,55.69µm
_15493_,55.69µm
net2922,55.67µm
u_fft_core.mdc_ff0_data0_re\[1\],55.645µm
_16895_,55.62µm
net3703,55.61µm
clknet_leaf_190_i_clk,55.605µm
u_fft_core.twiddle_data2_im\[7\],55.57µm
u_fft_core.u_fft8_mdc3.u_mdc8p_stage1.xfft_cell_route1.w_mult_r\[1\]\[1\],55.57µm
_13184_,55.535µm
clknet_leaf_91_i_clk,55.515µm
_03092_,55.495µm
net3218,55.47µm
_04780_,55.46µm
u_fft_core.mdc_ff1_data0_re\[0\],55.46µm
net3541,55.415µm
clknet_leaf_147_i_clk,55.405µm
_13813_,55.4µm
net4064,55.37µm
clknet_leaf_326_i_clk,55.35µm
net39,55.33µm
net3829,55.245µm
clknet_leaf_388_i_clk,55.24µm
net2762,55.23µm
clknet_leaf_150_i_clk,55.175µm
_16107_,55.17µm
net3390,55.12µm
u_fft_core.u_fft8_mdc0.u_mdc8p_stage2.r_data1_r\[9\],55.115µm
clknet_leaf_67_i_clk,55.105µm
u_fft_core.shift_r2_ff0_data1_im\[1\],55.1µm
_04529_,55.07µm
net3419,55.07µm
net2893,55.065µm
net3539,55.06µm
u_fft_core.u_fft4.s2_x0_re\[6\],55.04µm
net4019,55.03µm
net3661,54.98µm
u_fft_core.shift_r2_ff3_data1_im\[7\],54.965µm
_03483_,54.96µm
_11156_,54.955µm
_10635_,54.865µm
_06782_,54.855µm
_06824_,54.85µm
_04792_,54.79µm
net3157,54.775µm
u_debug_sys.u_debug_unit.mid_data_re_sync\[0\],54.75µm
net3460,54.75µm
_08348_,54.74µm
_14907_,54.74µm
u_fft_core.u_fft8_mdc3.u_mdc8p_stage2.ds_switch_stage1.i_data_1r\[7\],54.72µm
net4100,54.715µm
net3149,54.69µm
_08463_,54.67µm
u_fft_core.u_shift_r4.data_re_q\[14\],54.67µm
clknet_leaf_253_i_clk,54.67µm
net3386,54.645µm
_11348_,54.625µm
net2817,54.625µm
_14614_,54.61µm
last_out_im\[7\],54.6µm
u_fft_core.shift_r2_ff3_data1_im\[4\],54.59µm
_14597_,54.57µm
_17115_,54.49µm
_09697_,54.485µm
u_fft_core.u_fft4.r_x2_re\[0\],54.47µm
net3630,54.435µm
_03933_,54.4µm
u_fft_core.mdc_ff3_data1_im\[5\],54.385µm
_15843_,54.37µm
u_fft_core.u_fft8_mdc2.u_mdc8p_stage1.ds_switch_stage1.o_data_1i\[2\],54.37µm
net3322,54.365µm
net3407,54.325µm
net3501,54.32µm
_04795_,54.31µm
_17851_,54.31µm
_07274_,54.305µm
u_fft_core.u_fft8_mdc1.u_mdc8p_stage2.r_data1_r\[6\],54.305µm
_16894_,54.245µm
net3421,54.24µm
_13347_,54.195µm
net3257,54.19µm
u_fft_core.u_fft8_mdc0.u_mdc8p_stage1.xfft_cell_route1.w_mult_i\[1\]\[0\],54.18µm
u_fft_core.u_fft8_mdc2.u_mdc8p_stage1.ds_switch_stage1.i_data_1i\[3\],54.18µm
net2865,54.165µm
clknet_leaf_291_i_clk,54.09µm
_06240_,54.08µm
u_fft_core.u_fft4.s1_ev_sum_im\[5\],54.055µm
_16234_,54.05µm
clknet_leaf_96_i_clk,54.035µm
net3490,54.025µm
_03178_,54.01µm
u_fft_core.u_fft8_mdc1.u_mdc8p_stage1.ds_switch_stage1.i_data_1i\[0\],54.01µm
net4089,54µm
net3468,53.98µm
_02300_,53.97µm
net31,53.97µm
_09312_,53.955µm
_10057_,53.95µm
net3802,53.945µm
net2863,53.905µm
_14094_,53.89µm
net2892,53.89µm
net3472,53.79µm
u_fft_core.u_fft8_mdc0.u_mdc8p_stage2.r_data1_i\[0\],53.76µm
u_fft_core.u_fft4.s1_od_sum_re\[4\],53.73µm
net3114,53.715µm
_02723_,53.69µm
_15852_,53.685µm
clknet_leaf_45_i_clk,53.66µm
u_fft_core.u_twiddle_interface.data0_im_q\[2\],53.65µm
u_fft_core.u_fft4.r_x2_im\[5\],53.645µm
net2928,53.63µm
net3338,53.615µm
_16336_,53.59µm
_10549_,53.555µm
net3734,53.485µm
u_fft_core.u_fft8_mdc1.u_mdc8p_stage1.ds_switch_stage1.i_data_1i\[2\],53.46µm
u_fft_core.u_fft8_mdc1.u_mdc8p_stage1.u_btfly2.o_data1_i\[4\],53.46µm
_12698_,53.435µm
u_fft_core.u_shift_r4.data_im_q\[187\],53.42µm
u_fft_core.shift_r2_ff2_data1_re\[6\],53.3µm
_09857_,53.295µm
_15897_,53.28µm
clknet_leaf_211_i_clk,53.24µm
_13781_,53.23µm
u_fft_core.u_fft8_mdc0.u_mdc8p_stage1.xfft_cell_route1.w_mult_r\[1\]\[11\],53.23µm
u_fft_core.u_twiddle_interface.data1_im_q\[3\],53.23µm
_10941_,53.205µm
_05306_,53.16µm
u_fft_core.u_fft8_mdc1.u_mdc8p_stage1.ds_switch_stage1.i_data_1r\[6\],53.16µm
_07641_,53.09µm
_05152_,53.06µm
u_debug_sys.u_spi_slave.next_rx\[15\],53.06µm
_06848_,53.04µm
u_fft_core.u_fft4.s1_od_sum_im\[3\],53.02µm
net3705,53.015µm
_16156_,53µm
_03134_,52.99µm
_18091_,52.99µm
_11833_,52.955µm
u_fft_core.u_fft8_mdc0.u_mdc8p_stage1.xfft_cell_route1.r_pp2_mult_i\[1\]\[10\],52.94µm
_09714_,52.91µm
_14249_,52.905µm
clknet_leaf_210_i_clk,52.855µm
u_fft_core.u_fft8_mdc3.u_mdc8p_stage1.xfft_cell_route1.r_pp1_tw_i\[1\],52.845µm
u_fft_core.u_fft8_mdc3.u_mdc8p_stage2.ds_switch_stage1.o_data_0i\[10\],52.84µm
_16623_,52.835µm
u_fft_core.u_fft8_mdc0.u_mdc8p_stage1.xfft_cell_route1.w_mult_i\[0\]\[0\],52.83µm
last_out_re\[5\],52.82µm
u_fft_core.u_fft8_mdc2.u_mdc8p_stage3.next_data0_r\[5\],52.81µm
_14277_,52.8µm
clknet_leaf_43_i_clk,52.8µm
_03260_,52.735µm
net2895,52.725µm
_04297_,52.71µm
clknet_leaf_444_i_clk,52.71µm
u_fft_core.twiddle_data2_re\[6\],52.7µm
net3436,52.7µm
_17273_,52.69µm
u_fft_core.shift_r2_ff1_data1_im\[5\],52.69µm
_04280_,52.68µm
clknet_leaf_323_i_clk,52.67µm
net3758,52.665µm
_11964_,52.65µm
_12425_,52.65µm
_17139_,52.61µm
net3398,52.57µm
net3955,52.55µm
net33,52.54µm
net3182,52.51µm
_02414_,52.5µm
_03427_,52.47µm
u_fft_core.u_fft8_mdc1.u_mdc8p_stage1.xfft_cell_route1.w_mult_i\[1\]\[15\],52.4µm
net3910,52.4µm
_07020_,52.385µm
u_fft_core.u_fft8_mdc0.u_mdc8p_stage1.xfft_cell_route1.w_mult_r\[1\]\[12\],52.38µm
u_fft_core.u_fft4.s1_od_sum_re\[1\],52.345µm
u_debug_sys.u_debug_unit.last_out_im_sync\[0\],52.33µm
_03154_,52.28µm
net2891,52.265µm
net3181,52.245µm
_05292_,52.24µm
u_fft_core.shift_r2_ff0_data1_im\[2\],52.22µm
_11795_,52.21µm
net3133,52.165µm
net3931,52.15µm
u_debug_sys.u_spi_slave.next_rx\[10\],52.145µm
u_fft_core.u_fft8_mdc2.u_mdc8p_stage1.xfft_cell_route1.w_mult_r\[0\]\[8\],52.14µm
net2923,52.135µm
net3652,52.135µm
clknet_leaf_355_i_clk,52.12µm
_16279_,52.11µm
_07057_,52.09µm
_08206_,52.09µm
u_fft_core.u_fft8_mdc2.u_mdc8p_stage1.ds_switch_stage1.o_data_1r\[9\],52.09µm
_03473_,52.08µm
_07250_,52.08µm
_15564_,52.04µm
_02772_,52.02µm
net3509,52.02µm
_16803_,51.98µm
u_fft_core.u_fft4.r_x0_re\[2\],51.965µm
u_fft_core.u_fft4.s1_ev_sum_re\[5\],51.955µm
net3526,51.955µm
net3524,51.94µm
_06271_,51.92µm
_06185_,51.91µm
_15759_,51.905µm
_08896_,51.88µm
u_fft_core.u_fft8_mdc2.u_mdc8p_stage1.r_bt0_i\[0\]\[7\],51.85µm
_10145_,51.78µm
net3212,51.78µm
net3327,51.765µm
_04017_,51.73µm
_15216_,51.73µm
_16113_,51.73µm
u_debug_sys.u_debug_unit.cnt_inputs_sync\[4\],51.73µm
_15476_,51.715µm
_16522_,51.635µm
_06670_,51.61µm
u_fft_core.mdc_ff1_data0_im\[2\],51.6µm
net2768,51.56µm
_10940_,51.515µm
u_fft_core.shift_r4_data3_re\[2\],51.48µm
net3562,51.46µm
u_fft_core.u_fft8_mdc1.u_mdc8p_stage2.ds_switch_stage1.i_data_1i\[9\],51.44µm
_09723_,51.42µm
net2954,51.405µm
_04958_,51.315µm
clknet_leaf_121_i_clk,51.265µm
u_debug_sys.u_debug_unit.cnt_outputs_sync\[0\],51.26µm
_12227_,51.25µm
_14217_,51.24µm
_14484_,51.22µm
_14246_,51.2µm
u_fft_core.fft4_data0_im\[2\],51.19µm
_05994_,51.18µm
clknet_leaf_258_i_clk,51.18µm
net4107,51.175µm
_13832_,51.13µm
clknet_leaf_373_i_clk,51.1µm
last_out_im\[1\],51.07µm
_04961_,51.06µm
_15857_,51.025µm
_03236_,51µm
_08066_,50.98µm
_11658_,50.98µm
_02702_,50.965µm
_06215_,50.96µm
net3250,50.95µm
net3927,50.945µm
clknet_leaf_439_i_clk,50.92µm
net4086,50.91µm
net2898,50.88µm
_08611_,50.85µm
net2894,50.835µm
net2770,50.83µm
_15558_,50.82µm
net3992,50.81µm
net3603,50.805µm
_13027_,50.8µm
net3535,50.795µm
_09289_,50.79µm
u_fft_core.u_fft8_mdc2.u_mdc8p_stage1.r_bt0_r\[0\]\[6\],50.76µm
_15737_,50.745µm
u_debug_sys.u_debug_unit.last_out_im_sync\[2\],50.72µm
net3445,50.72µm
_08260_,50.67µm
_15890_,50.67µm
_10530_,50.655µm
net3901,50.645µm
_16136_,50.64µm
net3741,50.63µm
_13439_,50.59µm
_04312_,50.58µm
_16708_,50.58µm
_12522_,50.575µm
net2876,50.57µm
_16887_,50.54µm
_16273_,50.505µm
net3249,50.5µm
net3094,50.495µm
_16854_,50.48µm
clknet_leaf_516_i_clk,50.48µm
net3326,50.455µm
u_fft_core.u_fft8_mdc3.u_mdc8p_stage1.xfft_cell_route1.w_mult_r\[0\]\[17\],50.41µm
u_fft_core.u_fft8_mdc2.u_mdc8p_stage1.ds_switch_stage1.o_data_1i\[0\],50.4µm
net3392,50.37µm
_03976_,50.35µm
clknet_leaf_42_i_clk,50.31µm
net3481,50.3µm
_15284_,50.29µm
_14051_,50.28µm
net3274,50.275µm
_08886_,50.27µm
u_fft_core.shift_r4_data3_re\[0\],50.255µm
_02704_,50.245µm
_15512_,50.24µm
net3455,50.225µm
net3624,50.215µm
_06219_,50.21µm
u_fft_core.u_fft4.s1_ev_sum_re\[3\],50.19µm
u_fft_core.u_fft4.s2_x0_re\[7\],50.19µm
_08063_,50.185µm
_02186_,50.18µm
_16944_,50.17µm
_09503_,50.16µm
_11570_,50.16µm
u_fft_core.u_fft8_mdc0.u_mdc8p_stage1.ds_switch_stage1.r_idata_r\[0\]\[6\],50.16µm
u_fft_core.u_fft8_mdc1.u_mdc8p_stage2.r_data1_r\[9\],50.14µm
net3388,50.14µm
net3018,50.135µm
_13737_,50.11µm
net3414,50.085µm
net3668,50.085µm
net3555,50.075µm
last_out_im\[4\],50.065µm
net3121,50.06µm
_12387_,50.05µm
_11564_,50.04µm
_14442_,50.04µm
_07989_,50.02µm
net3527,50.015µm
_04058_,50.01µm
_15517_,50.01µm
_13516_,49.95µm
_12611_,49.94µm
_13319_,49.93µm
_09300_,49.92µm
_15924_,49.92µm
_12552_,49.895µm
_03094_,49.89µm
_17911_,49.88µm
_14061_,49.86µm
_10961_,49.855µm
_18127_,49.855µm
u_fft_core.u_fft8_mdc0.u_mdc8p_stage2.ds_switch_stage1.i_data_1r\[7\],49.845µm
_15720_,49.825µm
_06157_,49.81µm
u_fft_core.u_fft8_mdc2.u_mdc8p_stage3.next_data1_r\[3\],49.81µm
_16689_,49.8µm
_09588_,49.795µm
net3446,49.775µm
_17854_,49.77µm
u_fft_core.u_fft8_mdc2.u_mdc8p_stage1.u_btfly2.o_data0_i\[5\],49.77µm
net3470,49.77µm
_07638_,49.765µm
u_fft_core.u_buffer_parallel2serial.mem_im\[1\]\[2\],49.76µm
u_fft_core.u_buffer_parallel2serial.state\[3\],49.75µm
u_fft_core.u_fft8_mdc1.u_mdc8p_stage1.r_data0_i\[1\],49.735µm
net4063,49.72µm
_02448_,49.68µm
_05051_,49.655µm
_04235_,49.64µm
_06138_,49.63µm
_17878_,49.58µm
net3316,49.575µm
u_fft_core.shift_r2_ff3_data1_im\[6\],49.545µm
_11703_,49.535µm
_14375_,49.53µm
_11825_,49.46µm
_12908_,49.46µm
_15458_,49.44µm
_04971_,49.435µm
net3164,49.42µm
net3204,49.42µm
net3088,49.4µm
u_fft_core.u_fft8_mdc1.u_mdc8p_stage1.u_btfly2.o_data1_i\[2\],49.39µm
_06242_,49.38µm
_17442_,49.38µm
net3458,49.375µm
net3550,49.365µm
u_fft_core.u_fft8_mdc3.u_mdc8p_stage1.u_btfly2.o_data0_r\[6\],49.33µm
u_fft_core.u_fft8_mdc2.u_mdc8p_stage2.r_data1_r\[4\],49.315µm
u_debug_sys.u_debug_unit.cnt_outputs_sync\[5\],49.275µm
u_fft_core.u_fft8_mdc1.u_mdc8p_stage1.xfft_cell_route1.w_mult_r\[1\]\[5\],49.26µm
_13111_,49.235µm
_02358_,49.22µm
_14818_,49.21µm
_15834_,49.2µm
_02003_,49.165µm
net3761,49.165µm
_08887_,49.16µm
_11351_,49.16µm
_17218_,49.16µm
_05942_,49.15µm
net2957,49.14µm
_08190_,49.135µm
_10927_,49.135µm
_12725_,49.11µm
_12877_,49.105µm
_13807_,49.09µm
u_fft_core.fft4_data3_re\[1\],49.09µm
clknet_leaf_381_i_clk,49.06µm
_07261_,49.03µm
_09690_,49.03µm
net3970,49.03µm
_10740_,48.99µm
_04424_,48.955µm
rx_data_re\[2\],48.925µm
_15487_,48.91µm
net2889,48.905µm
net2997,48.89µm
_06999_,48.88µm
_11385_,48.875µm
u_fft_core.u_fft8_mdc0.u_mdc8p_stage2.r_data1_r\[4\],48.805µm
clknet_leaf_220_i_clk,48.805µm
u_fft_core.u_fft8_mdc2.u_mdc8p_stage1.xfft_cell_route1.r_pp2_mult_i\[1\]\[1\],48.8µm
u_fft_core.u_fft8_mdc0.u_mdc8p_stage2.r_data1_i\[5\],48.76µm
net3544,48.735µm
_06453_,48.715µm
net3464,48.715µm
_14930_,48.68µm
u_fft_core.u_twiddle_interface.data0_im_q\[1\],48.67µm
net2804,48.65µm
net3098,48.63µm
clknet_leaf_274_i_clk,48.59µm
_03057_,48.545µm
_15764_,48.545µm
_09773_,48.54µm
last_out_im\[0\],48.54µm
_16481_,48.52µm
_17443_,48.505µm
u_fft_core.u_fft4.s1_od_sum_re\[3\],48.505µm
_09917_,48.465µm
u_fft_core.u_fft4.s2_x0_im\[4\],48.465µm
u_fft_core.u_shift_r4.data_im_q\[190\],48.42µm
_02699_,48.38µm
_09694_,48.38µm
u_fft_core.shift_r2_ff0_data1_im\[3\],48.375µm
_15545_,48.36µm
u_fft_core.fft4_data3_im\[2\],48.355µm
_06256_,48.33µm
net2964,48.325µm
_11413_,48.32µm
_16910_,48.29µm
u_fft_core.u_fft4.s2_x1_re\[9\],48.28µm
net3711,48.265µm
net3905,48.255µm
_02895_,48.235µm
_04347_,48.23µm
u_fft_core.u_fft8_mdc3.u_mdc8p_stage1.xfft_cell_route1.r_pp2_mult_r\[0\]\[17\],48.2µm
_04368_,48.18µm
_13857_,48.175µm
_16451_,48.16µm
_02409_,48.09µm
_03741_,48.09µm
u_fft_core.u_fft4.r_x3_re\[3\],48.08µm
clknet_leaf_21_i_clk,48.05µm
u_fft_core.shift_r2_ff3_data1_re\[0\],48.04µm
_15895_,48.03µm
_10858_,48.025µm
net4026,48.015µm
u_fft_core.u_fft8_mdc2.u_mdc8p_stage2.r_data1_i\[1\],48.01µm
_17174_,48µm
net3264,48µm
_12719_,47.995µm
_15523_,47.965µm
net3286,47.965µm
_14985_,47.955µm
_14045_,47.95µm
_07838_,47.945µm
_16784_,47.94µm
net4057,47.93µm
_10243_,47.915µm
_11574_,47.89µm
_16157_,47.89µm
_08713_,47.88µm
_17274_,47.88µm
last_out_im\[3\],47.845µm
_06170_,47.83µm
net3564,47.83µm
net3306,47.81µm
_09342_,47.795µm
net3649,47.79µm
_04445_,47.77µm
net2930,47.755µm
_03197_,47.73µm
_09490_,47.73µm
_11978_,47.72µm
_15899_,47.72µm
_13185_,47.71µm
u_fft_core.u_fft8_mdc3.u_mdc8p_stage1.xfft_cell_route1.w_mult_r\[0\]\[16\],47.71µm
_16901_,47.7µm
_06932_,47.69µm
clknet_leaf_80_i_clk,47.665µm
u_fft_core.twiddle_data2_re\[5\],47.66µm
_10539_,47.64µm
_05598_,47.605µm
net3495,47.605µm
_06494_,47.595µm
_15439_,47.59µm
u_fft_core.u_fft4.s2_x2_im\[6\],47.58µm
net3324,47.575µm
_05341_,47.555µm
net2872,47.555µm
_17010_,47.54µm
_16693_,47.52µm
net3991,47.48µm
u_fft_core.u_fft8_mdc2.u_mdc8p_stage1.ds_switch_stage1.i_data_0r\[4\],47.47µm
u_debug_sys.u_debug_unit.last_out_im_sync\[5\],47.45µm
_16347_,47.44µm
net4005,47.435µm
_12661_,47.43µm
_15658_,47.425µm
_07280_,47.42µm
u_debug_sys.u_spi_slave.next_rx\[13\],47.365µm
_02346_,47.36µm
_09779_,47.35µm
net3438,47.345µm
clknet_leaf_410_i_clk,47.31µm
_16425_,47.29µm
_06130_,47.28µm
u_fft_core.u_fft8_mdc2.u_mdc8p_stage2.r_data0_i\[7\],47.28µm
net2862,47.26µm
net3978,47.24µm
_08934_,47.23µm
u_fft_core.fft4_data2_re\[5\],47.22µm
u_debug_sys.u_spi_slave.tx_cnt\[0\],47.215µm
_10931_,47.185µm
_02564_,47.16µm
_04201_,47.135µm
_07658_,47.12µm
u_fft_core.u_shift_r4.data_im_q\[172\],47.11µm
_06128_,47.1µm
_03700_,47.08µm
_06970_,47.07µm
u_fft_core.shift_r2_ff2_data1_im\[7\],47.065µm
_06063_,47.06µm
_13926_,47.04µm
_17789_,46.98µm
_09044_,46.975µm
_03225_,46.97µm
_08909_,46.96µm
u_fft_core.u_shift_r4.data_re_q\[186\],46.94µm
_11892_,46.905µm
_17000_,46.87µm
u_fft_core.u_fft8_mdc1.u_mdc8p_stage1.xfft_cell_route1.w_mult_i\[0\]\[18\],46.87µm
_15226_,46.865µm
clknet_leaf_445_i_clk,46.83µm
_02755_,46.82µm
_15847_,46.82µm
net3431,46.815µm
_05858_,46.77µm
net3582,46.765µm
net3248,46.755µm
_05940_,46.75µm
_15768_,46.75µm
_14498_,46.7µm
u_fft_core.u_fft8_mdc1.u_mdc8p_stage1.r_data0_r\[5\],46.655µm
_08192_,46.645µm
u_fft_core.shift_r2_ff2_data1_im\[6\],46.645µm
_05327_,46.64µm
_14074_,46.63µm
_12794_,46.605µm
net3650,46.605µm
u_fft_core.u_fft8_mdc2.u_mdc8p_stage1.r_count\[0\],46.585µm
clknet_leaf_333_i_clk,46.56µm
_10873_,46.525µm
u_fft_core.u_fft8_mdc1.u_mdc8p_stage2.r_data0_r\[8\],46.51µm
_02357_,46.485µm
net3695,46.46µm
_07258_,46.44µm
_13814_,46.44µm
_16691_,46.39µm
_13657_,46.38µm
_10529_,46.36µm
_17263_,46.335µm
_03902_,46.32µm
u_fft_core.mdc_ff1_data1_re\[0\],46.28µm
_14588_,46.27µm
u_fft_core.u_fft4.valid_2q,46.26µm
_03549_,46.22µm
_11817_,46.22µm
_16120_,46.22µm
u_fft_core.u_buffer_parallel2serial.mem_re\[5\]\[4\],46.21µm
net3035,46.195µm
_15634_,46.185µm
_04464_,46.15µm
_17082_,46.15µm
_11758_,46.14µm
_14741_,46.09µm
_16790_,46.09µm
u_debug_sys.u_debug_unit.last_out_re_sync\[4\],46.09µm
_05923_,46.08µm
net3395,46.08µm
net4085,46.08µm
u_fft_core.shift_r2_ff2_data1_re\[5\],46.04µm
u_fft_core.u_fft8_mdc1.u_mdc8p_stage2.r_data1_r\[2\],46.02µm
cnt_outputs\[0\],46.005µm
u_fft_core.u_fft8_mdc1.u_mdc8p_stage1.xfft_cell_route1.r_pp1_data_r\[7\],46µm
_12073_,45.995µm
net4018,45.995µm
u_fft_core.u_fft8_mdc1.u_mdc8p_stage1.xfft_cell_route1.r_pp1_data_r\[1\],45.99µm
clknet_leaf_391_i_clk,45.98µm
u_fft_core.fft4_data0_im\[4\],45.97µm
_07355_,45.965µm
u_fft_core.shift_r2_ff3_data1_re\[4\],45.96µm
u_fft_core.shift_r4_data3_re\[4\],45.96µm
u_fft_core.u_fft8_mdc0.u_mdc8p_stage1.u_btfly2.o_data1_r\[2\],45.96µm
_07655_,45.955µm
_11815_,45.93µm
_02619_,45.92µm
_10045_,45.91µm
clknet_leaf_325_i_clk,45.885µm
net3935,45.88µm
net3298,45.87µm
_03693_,45.855µm
u_fft_core.u_shift_r4.data_im_q\[20\],45.85µm
_05210_,45.84µm
_08770_,45.84µm
net3225,45.825µm
_07723_,45.8µm
_17567_,45.8µm
net3172,45.795µm
_09317_,45.79µm
_16105_,45.79µm
net3223,45.79µm
u_fft_core.u_fft8_mdc0.u_mdc8p_stage1.xfft_cell_route1.w_mult_i\[1\]\[16\],45.78µm
_07643_,45.75µm
u_fft_core.u_fft8_mdc2.u_mdc8p_stage1.ds_switch_stage1.r_idata_i\[0\]\[1\],45.74µm
fft_out_im\[2\],45.715µm
net3830,45.675µm
_07273_,45.67µm
_05444_,45.66µm
_17877_,45.63µm
u_fft_core.u_fft8_mdc0.u_mdc8p_stage1.u_btfly2.o_data1_r\[5\],45.63µm
u_fft_core.u_fft8_mdc1.u_mdc8p_stage2.r_data1_i\[1\],45.63µm
_00547_,45.625µm
u_fft_core.u_fft8_mdc0.u_mdc8p_stage1.xfft_cell_route1.r_pp2_mult_r\[1\]\[11\],45.61µm
_06845_,45.585µm
net3174,45.585µm
_03701_,45.58µm
_16129_,45.565µm
u_fft_core.u_fft8_mdc0.u_mdc8p_stage2.r_data0_r\[9\],45.54µm
_14064_,45.495µm
_03669_,45.49µm
net3207,45.49µm
u_fft_core.u_fft8_mdc0.u_mdc8p_stage1.xfft_cell_route1.w_mult_r\[1\]\[8\],45.46µm
net3308,45.455µm
u_fft_core.shift_r2_ff1_data1_re\[2\],45.415µm
_10156_,45.395µm
_12000_,45.39µm
u_fft_core.u_fft8_mdc1.u_mdc8p_stage1.r_data1_r\[6\],45.39µm
_12703_,45.38µm
net3317,45.375µm
_04845_,45.37µm
_15920_,45.36µm
_04465_,45.355µm
net4004,45.33µm
_06842_,45.325µm
net2877,45.325µm
net4094,45.32µm
_10670_,45.31µm
_14054_,45.31µm
_09310_,45.3µm
u_fft_core.u_fft4.s1_ev_sum_re\[4\],45.295µm
net4023,45.29µm
u_fft_core.u_fft4.s2_x0_im\[0\],45.275µm
_06173_,45.27µm
u_fft_core.u_buffer_parallel2serial.mem_im\[2\]\[1\],45.27µm
_15260_,45.26µm
_09049_,45.24µm
u_fft_core.fft4_data3_im\[3\],45.19µm
net3599,45.16µm
_02731_,45.155µm
u_fft_core.u_fft8_mdc0.u_mdc8p_stage1.r_data1_r\[4\],45.14µm
net3240,45.13µm
net3314,45.13µm
_03521_,45.115µm
_12527_,45.11µm
_03461_,45.1µm
_13859_,45.075µm
u_fft_core.u_fft8_mdc2.u_mdc8p_stage2.ds_switch_stage1.o_data_0r\[9\],45.075µm
u_fft_core.u_fft8_mdc1.u_mdc8p_stage1.r_data0_r\[6\],45.06µm
net2767,45.035µm
net3323,45.035µm
_09751_,45.005µm
u_fft_core.u_fft8_mdc2.u_mdc8p_stage1.ds_switch_stage1.r_idata_i\[0\]\[2\],45µm
u_fft_core.u_fft8_mdc0.u_mdc8p_stage1.xfft_cell_route1.r_pp2_mult_r\[1\]\[12\],44.95µm
clknet_leaf_442_i_clk,44.94µm
_11363_,44.91µm
u_debug_sys.u_debug_unit.last_out_re_sync\[7\],44.9µm
_13895_,44.895µm
_03156_,44.87µm
_14449_,44.84µm
_15614_,44.835µm
_04006_,44.78µm
_04097_,44.77µm
_05499_,44.755µm
_07797_,44.755µm
u_fft_core.shift_r4_data2_im\[0\],44.725µm
clknet_leaf_202_i_clk,44.725µm
u_fft_core.u_fft8_mdc0.u_mdc8p_stage2.r_data1_i\[3\],44.72µm
_08093_,44.715µm
_06246_,44.71µm
u_fft_core.shift_r4_data3_im\[4\],44.71µm
net3965,44.675µm
clknet_6_47_0_i_clk,44.65µm
net3067,44.59µm
clknet_leaf_85_i_clk,44.59µm
_03276_,44.58µm
net3600,44.57µm
_07667_,44.56µm
_09702_,44.56µm
_15427_,44.53µm
net3984,44.525µm
_04832_,44.52µm
_16858_,44.52µm
u_fft_core.u_fft8_mdc1.u_mdc8p_stage2.ds_switch_stage1.r_idata_i\[0\]\[7\],44.48µm
net4106,44.48µm
_02232_,44.47µm
u_fft_core.u_fft8_mdc2.u_mdc8p_stage1.ds_switch_stage1.i_data_1i\[8\],44.47µm
_11011_,44.465µm
_13752_,44.46µm
_16177_,44.455µm
_17737_,44.41µm
_16921_,44.4µm
net3016,44.38µm
_16142_,44.355µm
_09077_,44.34µm
_04729_,44.29µm
_02609_,44.28µm
_05618_,44.275µm
_03657_,44.26µm
clknet_leaf_365_i_clk,44.26µm
_13153_,44.245µm
last_out_re\[0\],44.22µm
_11362_,44.195µm
_17126_,44.18µm
_14760_,44.17µm
_04712_,44.16µm
net3740,44.14µm
_08455_,44.135µm
clknet_leaf_382_i_clk,44.125µm
_03558_,44.1µm
u_fft_core.shift_r4_data1_re\[5\],44.085µm
net3512,44.08µm
u_fft_core.u_buffer_parallel2serial.mem_re\[28\]\[1\],44.06µm
u_debug_sys.u_debug_unit.mid_data_re_sync\[6\],44.05µm
_11822_,44µm
_08323_,43.99µm
_12355_,43.985µm
_16816_,43.94µm
u_fft_core.twiddle_data2_im\[6\],43.94µm
_13897_,43.925µm
_11015_,43.915µm
_06448_,43.89µm
clknet_leaf_171_i_clk,43.89µm
_09302_,43.87µm
net3433,43.825µm
net3579,43.82µm
u_fft_core.shift_r4_data3_im\[0\],43.805µm
_06114_,43.8µm
_06355_,43.8µm
net4109,43.79µm
u_fft_core.u_buffer_parallel2serial.mem_re\[1\]\[4\],43.76µm
u_fft_core.u_fft8_mdc0.u_mdc8p_stage1.ds_switch_stage1.i_data_1i\[7\],43.74µm
net4010,43.72µm
u_debug_sys.u_debug_unit.cnt_outputs_sync\[7\],43.71µm
_03707_,43.685µm
_11128_,43.685µm
_07807_,43.63µm
_09869_,43.6µm
_05560_,43.57µm
u_fft_core.u_fft8_mdc0.u_mdc8p_stage1.xfft_cell_route1.r_pp2_mult_i\[1\]\[7\],43.57µm
u_fft_core.u_fft8_mdc2.u_mdc8p_stage1.r_bt0_i\[0\]\[3\],43.545µm
net3404,43.54µm
_02915_,43.525µm
_03963_,43.52µm
_17103_,43.52µm
_05282_,43.51µm
net3660,43.495µm
clknet_leaf_242_i_clk,43.475µm
_06304_,43.47µm
_12926_,43.44µm
u_fft_core.u_fft8_mdc0.u_mdc8p_stage1.xfft_cell_route1.w_mult_r\[1\]\[10\],43.4µm
u_fft_core.u_fft8_mdc3.u_mdc8p_stage1.ds_switch_stage1.i_data_0r\[7\],43.4µm
_16633_,43.39µm
u_debug_sys.u_spi_slave.next_rx\[3\],43.39µm
u_fft_core.u_fft8_mdc1.u_mdc8p_stage1.xfft_cell_route1.r_pp1_data_r\[4\],43.385µm
u_fft_core.u_fft4.s1_od_sum_im\[4\],43.375µm
_07264_,43.365µm
_15742_,43.35µm
net4030,43.35µm
_15723_,43.34µm
u_fft_core.shift_r4_data0_im\[0\],43.34µm
clknet_leaf_106_i_clk,43.34µm
_04202_,43.33µm
_04998_,43.29µm
_05269_,43.29µm
_03274_,43.28µm
_11245_,43.28µm
_04759_,43.235µm
_03444_,43.21µm
_11293_,43.18µm
_08479_,43.175µm
clknet_leaf_101_i_clk,43.17µm
_06322_,43.14µm
u_fft_core.u_fft8_mdc2.u_mdc8p_stage3.next_data1_i\[0\],43.14µm
_11435_,43.115µm
net4051,43.105µm
net3849,43.1µm
u_fft_core.u_fft8_mdc3.u_mdc8p_stage2.ds_switch_stage1.i_data_1i\[2\],43.09µm
net3275,43.08µm
_04907_,43.075µm
u_fft_core.u_shift_r4.data_re_q\[120\],43.015µm
_16942_,43.005µm
_16111_,42.99µm
clknet_leaf_204_i_clk,42.99µm
net4092,42.985µm
_06444_,42.98µm
u_debug_sys.u_debug_unit.last_out_re_sync\[3\],42.98µm
net26,42.98µm
u_fft_core.shift_r4_data1_re\[7\],42.96µm
u_fft_core.u_fft8_mdc1.u_mdc8p_stage1.xfft_cell_route1.r_pp2_mult_i\[0\]\[12\],42.96µm
_05034_,42.955µm
net3227,42.945µm
u_debug_sys.u_spi_slave.next_rx\[9\],42.94µm
net2959,42.935µm
_05859_,42.92µm
_09430_,42.92µm
u_fft_core.u_fft8_mdc1.u_mdc8p_stage1.u_btfly2.o_data0_i\[5\],42.91µm
clknet_leaf_288_i_clk,42.895µm
_08355_,42.86µm
net2929,42.855µm
net2961,42.85µm
_16396_,42.84µm
_02703_,42.805µm
u_fft_core.u_fft4.s2_x2_im\[1\],42.78µm
net3387,42.775µm
u_debug_sys.u_spi_slave.next_rx\[2\],42.75µm
_03670_,42.745µm
_13119_,42.74µm
_03936_,42.735µm
_07719_,42.73µm
_04016_,42.72µm
_14444_,42.72µm
net3969,42.72µm
clknet_leaf_198_i_clk,42.68µm
u_fft_core.u_fft8_mdc3.u_mdc8p_stage1.ds_switch_stage1.i_data_0i\[6\],42.675µm
last_out_re\[1\],42.67µm
_13900_,42.66µm
clknet_leaf_344_i_clk,42.66µm
u_fft_core.u_fft4.r_x3_re\[4\],42.62µm
clknet_leaf_66_i_clk,42.62µm
_10116_,42.615µm
_10988_,42.61µm
_13904_,42.61µm
_14535_,42.61µm
u_fft_core.twiddle_data1_re\[5\],42.61µm
_10506_,42.55µm
_02880_,42.54µm
_16631_,42.54µm
_11080_,42.5µm
net3469,42.5µm
_06961_,42.495µm
_04098_,42.49µm
net3588,42.49µm
_16518_,42.48µm
_09090_,42.42µm
_17876_,42.415µm
u_fft_core.u_fft4.r_x0_im\[7\],42.415µm
clknet_leaf_401_i_clk,42.4µm
u_fft_core.u_fft8_mdc2.u_mdc8p_stage1.xfft_cell_route1.w_mult_i\[1\]\[0\],42.395µm
net3122,42.395µm
_02324_,42.39µm
net4090,42.375µm
_06072_,42.37µm
_10832_,42.365µm
_08639_,42.345µm
_04200_,42.335µm
_15745_,42.31µm
net3548,42.31µm
clknet_leaf_201_i_clk,42.3µm
_08469_,42.29µm
net3531,42.25µm
_16909_,42.24µm
_17255_,42.225µm
_10538_,42.22µm
_14071_,42.215µm
_10159_,42.195µm
net2958,42.19µm
_15888_,42.175µm
net4014,42.175µm
_17058_,42.17µm
_00074_,42.165µm
_12745_,42.135µm
_02068_,42.12µm
u_fft_core.u_fft8_mdc0.u_mdc8p_stage1.xfft_cell_route1.r_pp2_mult_r\[1\]\[9\],42.115µm
net3519,42.11µm
_09531_,42.095µm
u_fft_core.shift_r2_ff3_data1_re\[2\],42.09µm
u_fft_core.u_fft8_mdc0.u_mdc8p_stage2.r_data1_r\[7\],42.08µm
_11176_,42.055µm
_02864_,42.035µm
net3169,42.025µm
_04025_,42.01µm
net3575,42.005µm
_05672_,42µm
_13639_,42µm
_14740_,42µm
_15798_,42µm
_05240_,41.96µm
_09703_,41.955µm
_06192_,41.95µm
_14399_,41.95µm
_15510_,41.94µm
_11766_,41.925µm
_04502_,41.9µm
net3477,41.9µm
u_fft_core.u_twiddle_interface.u_mult_2.u_clip.o_data_im\[7\],41.89µm
_09860_,41.885µm
_10514_,41.88µm
u_fft_core.mdc_ff1_data0_im\[3\],41.77µm
_08395_,41.765µm
_14438_,41.765µm
net3465,41.76µm
u_fft_core.shift_r2_ff2_data1_re\[7\],41.725µm
_08096_,41.705µm
_07866_,41.7µm
_14564_,41.695µm
_03078_,41.69µm
_03607_,41.69µm
u_fft_core.u_fft8_mdc0.u_mdc8p_stage1.r_data0_r\[5\],41.64µm
_13216_,41.635µm
net3269,41.635µm
_03871_,41.59µm
u_fft_core.u_fft8_mdc1.u_mdc8p_stage2.ds_switch_stage1.i_data_1i\[10\],41.58µm
u_fft_core.u_fft8_mdc3.u_mdc8p_stage2.ds_switch_stage1.i_data_1i\[7\],41.57µm
_10967_,41.55µm
u_fft_core.u_fft4.r_x0_re\[5\],41.545µm
_06720_,41.53µm
_05410_,41.52µm
_08060_,41.48µm
_08932_,41.47µm
_13800_,41.43µm
u_fft_core.u_buffer_parallel2serial.state\[0\],41.43µm
_09621_,41.41µm
_03302_,41.4µm
_06857_,41.325µm
_06160_,41.29µm
u_fft_core.u_fft8_mdc1.u_mdc8p_stage1.xfft_cell_route1.r_pp2_mult_i\[0\]\[13\],41.29µm
_06738_,41.28µm
_07694_,41.28µm
u_fft_core.shift_r2_ff1_data1_re\[0\],41.28µm
u_fft_core.u_fft8_mdc1.u_mdc8p_stage2.ds_switch_stage1.r_idata_i\[0\]\[4\],41.28µm
u_fft_core.u_twiddle_interface.data2_im_q\[0\],41.28µm
_05348_,41.265µm
_16099_,41.255µm
_08897_,41.245µm
_10119_,41.245µm
u_rx.current_state\[0\],41.225µm
net3422,41.215µm
_14254_,41.17µm
u_fft_core.u_fft8_mdc0.u_mdc8p_stage1.ds_switch_stage1.i_data_1i\[2\],41.17µm
_10536_,41.16µm
_14872_,41.16µm
net3069,41.16µm
net3517,41.135µm
_08935_,41.13µm
_13802_,41.13µm
_17982_,41.12µm
_16168_,41.115µm
_09395_,41.105µm
_03284_,41.1µm
_09210_,41.09µm
net3722,41.06µm
_14810_,41.05µm
u_fft_core.u_twiddle_interface.data0_re_q\[3\],41.05µm
_11280_,41.045µm
net4037,41.045µm
u_fft_core.fft4_data2_re\[0\],41.04µm
net3979,41.035µm
_15429_,41µm
clknet_leaf_105_i_clk,41µm
_04227_,40.98µm
_16715_,40.98µm
u_fft_core.u_fft8_mdc1.u_mdc8p_stage2.r_data1_i\[9\],40.975µm
_15749_,40.95µm
net2765,40.945µm
_13380_,40.935µm
u_fft_core.mdc_ff0_valid,40.93µm
u_fft_core.u_fft8_mdc3.u_mdc8p_stage1.xfft_cell_route1.r_pp2_mult_r\[0\]\[13\],40.93µm
_09437_,40.92µm
_14755_,40.92µm
_02685_,40.915µm
_17512_,40.86µm
net4061,40.86µm
_12452_,40.855µm
_02374_,40.83µm
_15773_,40.81µm
_13835_,40.8µm
u_fft_core.u_fft8_mdc0.u_mdc8p_stage1.xfft_cell_route1.r_pp2_mult_r\[1\]\[17\],40.795µm
u_fft_core.u_fft4.r_x3_im\[1\],40.775µm
u_fft_core.u_fft8_mdc3.u_mdc8p_stage3.next_data0_r\[0\],40.77µm
u_fft_core.u_buffer_parallel2serial.mem_im\[24\]\[1\],40.76µm
net4054,40.75µm
_05104_,40.74µm
u_fft_core.u_fft8_mdc3.u_mdc8p_stage1.xfft_cell_route1.r_pp2_mult_i\[1\]\[5\],40.715µm
_12238_,40.71µm
_18076_,40.7µm
u_fft_core.u_shift_r4.data_re_q\[25\],40.69µm
_16131_,40.68µm
_17821_,40.68µm
u_fft_core.twiddle_data2_re\[0\],40.68µm
net3592,40.68µm
u_fft_core.u_fft8_mdc2.u_mdc8p_stage1.ds_switch_stage1.r_idata_i\[1\]\[2\],40.635µm
_02449_,40.62µm
_07062_,40.615µm
_11973_,40.615µm
u_debug_sys.u_debug_unit.cnt_outputs_sync\[6\],40.605µm
_07893_,40.58µm
net3467,40.575µm
_04305_,40.57µm
_06022_,40.57µm
_17297_,40.555µm
u_fft_core.u_fft8_mdc1.u_mdc8p_stage2.r_data1_r\[7\],40.535µm
net2781,40.535µm
net3940,40.53µm
_05413_,40.495µm
_17900_,40.495µm
u_fft_core.fft4_data1_re\[4\],40.475µm
u_fft_core.u_fft8_mdc1.u_mdc8p_stage1.r_count\[0\],40.475µm
net3167,40.465µm
_10693_,40.46µm
_16044_,40.45µm
_16344_,40.45µm
_11445_,40.44µm
_14115_,40.44µm
_12829_,40.425µm
_03671_,40.415µm
_09341_,40.405µm
u_fft_core.u_shift_r4.data_re_q\[181\],40.405µm
_13783_,40.4µm
u_fft_core.u_fft8_mdc2.u_mdc8p_stage2.r_data1_r\[2\],40.4µm
u_fft_core.u_fft8_mdc2.u_mdc8p_stage1.ds_switch_stage1.o_data_1i\[9\],40.39µm
_17958_,40.375µm
net3807,40.36µm
_17267_,40.35µm
_06941_,40.34µm
_04718_,40.33µm
_06203_,40.33µm
_14353_,40.33µm
_16552_,40.33µm
u_fft_core.u_buffer_parallel2serial.mem_re\[3\]\[5\],40.33µm
fft_out_re\[5\],40.32µm
_03964_,40.285µm
_06229_,40.26µm
u_fft_core.u_fft8_mdc1.u_mdc8p_stage2.ds_switch_stage1.w_data_1i\[6\],40.26µm
net3065,40.26µm
net4068,40.245µm
u_rx.current_shift\[7\],40.225µm
net4093,40.215µm
_05872_,40.21µm
_16992_,40.21µm
net3653,40.205µm
_06661_,40.2µm
u_fft_core.u_fft8_mdc1.u_mdc8p_stage1.xfft_cell_route1.r_pp2_mult_r\[1\]\[8\],40.2µm
u_fft_core.u_fft8_mdc1.u_mdc8p_stage1.xfft_cell_route1.w_mult_i\[1\]\[17\],40.2µm
u_fft_core.u_fft8_mdc2.u_mdc8p_stage2.r_data1_r\[0\],40.185µm
_17960_,40.14µm
_17433_,40.12µm
u_debug_sys.u_spi_slave.next_rx\[5\],40.115µm
u_fft_core.u_fft4.s2_x3_re\[9\],40.1µm
_17007_,40.09µm
u_fft_core.u_fft8_mdc1.u_mdc8p_stage1.ds_switch_stage1.o_data_1r\[5\],40.09µm
u_fft_core.u_fft8_mdc3.u_mdc8p_stage2.ds_switch_stage1.i_data_1i\[3\],40.085µm
clknet_leaf_394_i_clk,40.08µm
cnt_inputs\[3\],40.075µm
u_rx.current_shift\[2\],40.075µm
u_fft_core.u_fft8_mdc0.u_mdc8p_stage2.ds_switch_stage1.i_data_1i\[5\],40.07µm
_13217_,40.045µm
_05815_,40.04µm
clknet_6_49_0_i_clk,40.04µm
u_debug_sys.u_spi_slave.next_rx\[12\],40.03µm
_07742_,40.02µm
_12668_,40.02µm
_14090_,40.02µm
net3254,40.02µm
_06866_,39.99µm
net4118,39.99µm
clknet_leaf_113_i_clk,39.97µm
_03990_,39.96µm
_12831_,39.955µm
u_fft_core.u_fft8_mdc0.u_mdc8p_stage2.ds_switch_stage1.r_idata_r\[0\]\[5\],39.935µm
u_fft_core.u_fft4.r_x3_im\[2\],39.93µm
_10951_,39.92µm
_12671_,39.91µm
u_fft_core.u_buffer_parallel2serial.mem_im\[29\]\[4\],39.91µm
net4059,39.905µm
_10802_,39.9µm
_14813_,39.9µm
_15681_,39.9µm
_08120_,39.87µm
_02753_,39.865µm
_16181_,39.855µm
_07038_,39.84µm
_13273_,39.835µm
u_fft_core.u_fft8_mdc0.u_mdc8p_stage1.xfft_cell_route1.r_pp2_mult_r\[1\]\[14\],39.835µm
net3947,39.83µm
net3963,39.825µm
_03460_,39.805µm
u_fft_core.u_fft8_mdc0.u_mdc8p_stage2.r_data1_r\[5\],39.79µm
net3909,39.73µm
u_fft_core.u_fft8_mdc1.u_mdc8p_stage1.xfft_cell_route1.w_mult_r\[1\]\[3\],39.72µm
u_fft_core.u_fft8_mdc2.u_mdc8p_stage1.xfft_cell_route1.r_pp2_mult_r\[1\]\[8\],39.72µm
_13491_,39.715µm
_05677_,39.705µm
_08544_,39.705µm
net3945,39.705µm
_06309_,39.695µm
_15443_,39.695µm
u_fft_core.shift_r2_ff1_data1_re\[3\],39.695µm
_17019_,39.69µm
_06123_,39.68µm
_07791_,39.66µm
_17175_,39.655µm
net3938,39.655µm
_10744_,39.65µm
net3107,39.645µm
_15277_,39.61µm
u_fft_core.u_fft8_mdc2.u_mdc8p_stage1.r_data1_i\[4\],39.6µm
_12998_,39.57µm
net3497,39.57µm
_12002_,39.56µm
_06479_,39.55µm
_15504_,39.55µm
u_fft_core.u_buffer_parallel2serial.mem_im\[23\]\[1\],39.55µm
u_fft_core.u_buffer_parallel2serial.mem_re\[2\]\[5\],39.55µm
_02982_,39.545µm
_10161_,39.535µm
_09023_,39.52µm
cnt_inputs\[0\],39.51µm
_08912_,39.5µm
u_fft_core.fft4_data0_im\[1\],39.49µm
u_fft_core.u_fft8_mdc0.u_mdc8p_stage1.u_btfly2.o_data0_i\[4\],39.49µm
clknet_leaf_103_i_clk,39.49µm
_16138_,39.485µm
_04513_,39.48µm
_14139_,39.475µm
_11834_,39.465µm
_09283_,39.445µm
net2775,39.44µm
_06937_,39.43µm
clknet_6_18_0_i_clk,39.43µm
_14227_,39.42µm
_14383_,39.42µm
_14552_,39.42µm
_11827_,39.405µm
u_fft_core.u_fft8_mdc2.u_mdc8p_stage1.ds_switch_stage1.i_data_0i\[2\],39.4µm
_18039_,39.38µm
u_fft_core.u_fft4.s1_od_sum_im\[1\],39.375µm
net3230,39.375µm
_05239_,39.37µm
u_debug_sys.u_debug_unit.last_out_im_sync\[6\],39.37µm
_03330_,39.365µm
_03405_,39.33µm
net3128,39.33µm
net3528,39.305µm
_03536_,39.295µm
_08908_,39.29µm
_13965_,39.285µm
_12013_,39.28µm
u_fft_core.u_fft4.r_x0_im\[3\],39.265µm
u_fft_core.u_fft8_mdc1.u_mdc8p_stage1.xfft_cell_route1.r_pp2_mult_r\[0\]\[17\],39.26µm
_17169_,39.255µm
_09025_,39.25µm
u_rx.current_shift\[3\],39.25µm
u_fft_core.u_fft8_mdc0.u_mdc8p_stage1.u_btfly2.o_data0_r\[8\],39.24µm
_16949_,39.225µm
_07187_,39.22µm
_10950_,39.22µm
_04670_,39.19µm
net3163,39.185µm
_04221_,39.16µm
_08895_,39.14µm
net3736,39.135µm
_09500_,39.13µm
_15384_,39.13µm
_04352_,39.09µm
_10034_,39.075µm
_06405_,39.065µm
_12795_,39.06µm
net4072,39.055µm
u_fft_core.u_fft8_mdc2.u_mdc8p_stage1.r_data1_r\[1\],39.02µm
_16255_,39.01µm
net3214,39µm
_10861_,38.99µm
_10935_,38.965µm
_18051_,38.96µm
u_fft_core.u_fft8_mdc0.u_mdc8p_stage2.ds_switch_stage1.o_data_0i\[10\],38.96µm
_06253_,38.95µm
_05058_,38.94µm
_09502_,38.925µm
_06207_,38.9µm
u_fft_core.u_fft8_mdc3.u_mdc8p_stage1.xfft_cell_route1.r_pp1_data_r\[3\],38.9µm
u_fft_core.u_fft8_mdc0.u_mdc8p_stage1.r_data1_r\[6\],38.895µm
_13911_,38.88µm
u_fft_core.u_buffer_parallel2serial.mem_re\[29\]\[1\],38.875µm
u_fft_core.shift_r2_ff2_data1_im\[2\],38.865µm
u_fft_core.mdc_ff0_data0_re\[5\],38.845µm
_06483_,38.83µm
u_fft_core.u_fft8_mdc1.u_mdc8p_stage1.xfft_cell_route1.w_mult_i\[0\]\[15\],38.83µm
_02381_,38.82µm
_15539_,38.82µm
u_fft_core.u_fft8_mdc0.u_mdc8p_stage2.ds_switch_stage1.w_data_1i\[9\],38.82µm
u_fft_core.u_fft8_mdc3.u_mdc8p_stage1.u_btfly2.o_data1_r\[3\],38.82µm
_13040_,38.775µm
_15623_,38.77µm
_16223_,38.77µm
net2896,38.77µm
net4114,38.77µm
_03345_,38.76µm
net3534,38.76µm
net4040,38.75µm
_08988_,38.745µm
u_fft_core.u_fft8_mdc1.u_mdc8p_stage1.r_data1_r\[7\],38.72µm
_02344_,38.665µm
u_fft_core.fft4_data2_re\[3\],38.665µm
_14988_,38.66µm
_08450_,38.655µm
_10535_,38.655µm
_17959_,38.655µm
_15652_,38.65µm
_02343_,38.635µm
_14446_,38.615µm
_14918_,38.6µm
u_fft_core.u_fft8_mdc0.u_mdc8p_stage1.xfft_cell_route1.r_pp2_mult_i\[0\]\[15\],38.59µm
u_fft_core.shift_r4_data3_re\[6\],38.545µm
_08707_,38.54µm
_11634_,38.54µm
u_fft_core.fft4_data1_re\[0\],38.54µm
_08576_,38.53µm
_14493_,38.53µm
net3932,38.53µm
_14044_,38.52µm
net2868,38.52µm
net2787,38.48µm
_12516_,38.475µm
u_fft_core.shift_r4_data1_im\[3\],38.475µm
u_fft_core.u_buffer_parallel2serial.mem_re\[25\]\[4\],38.47µm
_13309_,38.465µm
_17034_,38.465µm
_16385_,38.455µm
u_fft_core.u_shift_r4.data_re_q\[125\],38.43µm
u_rx.current_cnt\[0\],38.42µm
_14093_,38.415µm
_05989_,38.41µm
_07382_,38.41µm
_15756_,38.405µm
_17578_,38.4µm
_17771_,38.4µm
u_fft_core.u_fft8_mdc1.u_mdc8p_stage1.ds_switch_stage1.i_data_1r\[7\],38.4µm
u_rx.current_shift\[0\],38.4µm
_11531_,38.37µm
u_fft_core.u_fft4.s2_x2_re\[3\],38.335µm
u_fft_core.u_fft8_mdc0.u_mdc8p_stage2.r_data1_i\[6\],38.33µm
net3234,38.305µm
net3571,38.295µm
u_debug_sys.u_debug_unit.cnt_inputs_sync\[5\],38.29µm
u_debug_sys.u_debug_unit.last_out_re_sync\[5\],38.28µm
u_fft_core.u_shift_r4.valid_q\[21\],38.28µm
clknet_6_27_0_i_clk,38.28µm
_04156_,38.25µm
net3061,38.25µm
_16814_,38.24µm
_07854_,38.23µm
u_debug_sys.addr_out\[5\],38.23µm
u_fft_core.u_fft8_mdc3.u_mdc8p_stage2.ds_switch_stage1.i_data_1i\[5\],38.23µm
_04442_,38.22µm
_06258_,38.22µm
_11940_,38.22µm
_16721_,38.22µm
_03898_,38.215µm
net3283,38.195µm
_06987_,38.19µm
_15551_,38.185µm
u_fft_core.fft4_data3_re\[2\],38.18µm
net3756,38.17µm
u_fft_core.u_fft8_mdc2.u_mdc8p_stage1.ds_switch_stage1.r_idata_i\[1\]\[5\],38.16µm
_03445_,38.15µm
_03406_,38.14µm
_03141_,38.115µm
clknet_6_63_0_i_clk,38.11µm
_10575_,38.1µm
u_fft_core.u_fft8_mdc1.u_mdc8p_stage2.ds_switch_stage1.r_idata_r\[0\]\[0\],38.095µm
_06336_,38.07µm
net3941,38.065µm
_16423_,38.06µm
_17885_,38.06µm
u_fft_core.shift_r4_data2_re\[7\],38.06µm
_11088_,38.045µm
_06249_,38.025µm
_11354_,38.02µm
_12040_,38.02µm
u_fft_core.u_fft8_mdc0.u_mdc8p_stage2.ds_switch_stage1.i_data_1r\[2\],38µm
_12346_,37.99µm
_15715_,37.99µm
_05739_,37.98µm
_04430_,37.975µm
net3521,37.975µm
net4009,37.965µm
_11871_,37.96µm
net4058,37.94µm
clknet_leaf_100_i_clk,37.94µm
_13833_,37.92µm
u_fft_core.u_fft4.s1_od_sub_re\[7\],37.92µm
net3260,37.885µm
u_fft_core.u_shift_r4.data_re_q\[109\],37.86µm
_08892_,37.855µm
u_fft_core.u_fft8_mdc0.u_mdc8p_stage2.r_data1_i\[9\],37.855µm
_10241_,37.825µm
_06474_,37.82µm
u_fft_core.mdc_ff1_data0_re\[3\],37.82µm
net3444,37.82µm
_06832_,37.81µm
_10121_,37.8µm
_10668_,37.8µm
_04116_,37.785µm
_14890_,37.785µm
u_fft_core.u_fft8_mdc0.u_mdc8p_stage1.r_data1_i\[2\],37.77µm
_13239_,37.76µm
_17098_,37.755µm
_03615_,37.75µm
_10932_,37.75µm
_14464_,37.75µm
_14845_,37.74µm
_10312_,37.735µm
net3178,37.71µm
_09275_,37.7µm
net3426,37.7µm
net3536,37.7µm
_14279_,37.665µm
_17809_,37.655µm
_14351_,37.645µm
net4119,37.64µm
u_fft_core.u_fft8_mdc1.u_mdc8p_stage1.r_data0_r\[4\],37.62µm
u_fft_core.u_fft8_mdc1.u_mdc8p_stage1.xfft_cell_route1.w_mult_r\[0\]\[7\],37.605µm
net3583,37.605µm
u_fft_core.u_fft4.s2_x0_im\[5\],37.58µm
_15527_,37.57µm
u_rx.current_shift\[9\],37.565µm
_03921_,37.56µm
_08873_,37.55µm
u_fft_core.u_fft8_mdc1.u_mdc8p_stage1.xfft_cell_route1.r_pp2_mult_r\[1\]\[6\],37.545µm
_09424_,37.51µm
_08476_,37.47µm
_08674_,37.455µm
u_fft_core.u_fft8_mdc2.u_mdc8p_stage1.u_btfly2.o_data0_i\[0\],37.45µm
net4076,37.45µm
clknet_6_1_0_i_clk,37.45µm
_14980_,37.44µm
u_fft_core.u_fft8_mdc0.u_mdc8p_stage1.xfft_cell_route1.r_pp2_mult_r\[1\]\[18\],37.435µm
_13100_,37.4µm
net3961,37.39µm
_11439_,37.38µm
clknet_6_48_0_i_clk,37.375µm
net4070,37.365µm
u_fft_core.u_shift_r4.data_im_q\[121\],37.34µm
u_rx.current_shift\[11\],37.34µm
u_fft_core.u_fft8_mdc2.u_mdc8p_stage1.xfft_cell_route1.r_pp1_tw_r\[0\],37.33µm
u_fft_core.u_shift_r2_fft1.data_re_q\[15\],37.33µm
_14137_,37.305µm
net3700,37.29µm
_09221_,37.285µm
_03907_,37.28µm
_17798_,37.28µm
_03127_,37.27µm
_16547_,37.26µm
_15611_,37.23µm
_02590_,37.22µm
_06032_,37.22µm
cnt_inputs\[4\],37.21µm
_06627_,37.185µm
_03769_,37.16µm
_04132_,37.16µm
u_fft_core.u_fft8_mdc2.u_mdc8p_stage1.xfft_cell_route1.r_pp2_mult_r\[1\]\[6\],37.15µm
_08095_,37.14µm
u_fft_core.u_fft4.s2_x3_re\[7\],37.135µm
net3691,37.125µm
_14380_,37.11µm
_09943_,37.09µm
u_fft_core.u_fft4.s2_x2_im\[5\],37.09µm
_16979_,37.085µm
u_fft_core.u_fft8_mdc2.u_mdc8p_stage1.ds_switch_stage1.r_idata_i\[1\]\[6\],37.065µm
u_fft_core.u_fft4.s1_od_sub_im\[6\],37.06µm
_10310_,37.045µm
net5,37.02µm
u_fft_core.u_fft8_mdc0.u_mdc8p_stage1.ds_switch_stage1.i_data_1r\[2\],36.97µm
u_fft_core.u_fft8_mdc0.u_mdc8p_stage2.ds_switch_stage1.o_data_0r\[5\],36.96µm
u_fft_core.u_fft4.s1_ev_sum_im\[2\],36.92µm
_08872_,36.91µm
_09709_,36.91µm
_16796_,36.9µm
_10904_,36.88µm
_06327_,36.86µm
_17037_,36.85µm
u_fft_core.shift_r2_ff1_data1_im\[6\],36.835µm
_12866_,36.83µm
_15534_,36.82µm
_03903_,36.81µm
_12578_,36.8µm
u_fft_core.u_fft4.inv_q,36.765µm
_06244_,36.75µm
_02643_,36.735µm
_08875_,36.73µm
_14025_,36.73µm
_16431_,36.73µm
u_fft_core.u_fft8_mdc0.u_mdc8p_stage1.ds_switch_stage1.i_data_1r\[1\],36.73µm
_13134_,36.725µm
_06289_,36.72µm
_16730_,36.715µm
_02924_,36.71µm
_10578_,36.705µm
_12313_,36.705µm
_06165_,36.695µm
_11046_,36.69µm
_09783_,36.685µm
_13023_,36.67µm
_14335_,36.67µm
_03038_,36.665µm
_13502_,36.64µm
_03294_,36.62µm
_03313_,36.62µm
u_fft_core.u_fft8_mdc0.u_mdc8p_stage1.r_data1_r\[3\],36.61µm
_09752_,36.605µm
_00541_,36.6µm
_11886_,36.6µm
_13407_,36.6µm
_13633_,36.6µm
_16927_,36.6µm
_02616_,36.59µm
_07859_,36.57µm
u_fft_core.u_fft8_mdc0.u_mdc8p_stage1.ds_switch_stage1.o_data_1i\[7\],36.56µm
_13275_,36.55µm
_15918_,36.545µm
_06985_,36.54µm
_16467_,36.54µm
u_fft_core.u_fft8_mdc2.u_mdc8p_stage1.r_data1_i\[6\],36.535µm
u_fft_core.u_fft8_mdc0.u_mdc8p_stage2.r_data1_r\[8\],36.53µm
clknet_leaf_112_i_clk,36.51µm
_06755_,36.505µm
_17195_,36.505µm
_11881_,36.49µm
_15321_,36.49µm
u_fft_core.u_fft4.s2_x2_im\[2\],36.49µm
_06078_,36.485µm
_03717_,36.475µm
_06887_,36.42µm
u_fft_core.u_fft8_mdc3.u_mdc8p_stage2.ds_switch_stage1.i_data_1r\[4\],36.42µm
net3937,36.405µm
_10187_,36.38µm
_06872_,36.37µm
_09175_,36.365µm
u_fft_core.u_buffer_parallel2serial.state\[1\],36.365µm
_17776_,36.36µm
u_fft_core.u_shift_r4.data_re_q\[166\],36.35µm
_06387_,36.335µm
_02237_,36.31µm
_16695_,36.31µm
_04671_,36.3µm
_17164_,36.295µm
u_debug_sys.addr_out\[1\],36.275µm
u_fft_core.u_fft8_mdc2.u_mdc8p_stage1.ds_switch_stage1.i_data_1i\[9\],36.26µm
_04610_,36.255µm
_08380_,36.25µm
u_fft_core.u_fft8_mdc2.u_mdc8p_stage1.ds_switch_stage1.o_data_1r\[5\],36.25µm
u_fft_core.u_fft8_mdc2.u_mdc8p_stage3.next_data0_i\[3\],36.25µm
_17063_,36.24µm
_10120_,36.215µm
_07695_,36.2µm
u_fft_core.u_shift_r4.data_re_q\[185\],36.2µm
_10248_,36.19µm
u_fft_core.shift_r4_data0_im\[5\],36.19µm
clknet_6_34_0_i_clk,36.18µm
_05369_,36.165µm
_07752_,36.155µm
net3284,36.155µm
_12752_,36.15µm
clknet_leaf_142_i_clk,36.15µm
_17381_,36.14µm
clknet_6_10_0_i_clk,36.14µm
_08640_,36.13µm
_12226_,36.125µm
u_fft_core.u_fft4.s1_od_sum_im\[6\],36.125µm
_02571_,36.12µm
_05482_,36.09µm
_03768_,36.07µm
u_debug_sys.u_spi_slave.next_rx\[11\],36.07µm
u_fft_core.u_fft8_mdc1.u_mdc8p_stage1.xfft_cell_route1.w_mult_i\[0\]\[17\],36.07µm
_07257_,36.06µm
_08985_,36.06µm
_11816_,36.03µm
net2802,36.03µm
u_rx.current_shift\[1\],36.02µm
_16541_,36.01µm
_11371_,35.995µm
u_fft_core.u_fft4.r_x3_re\[0\],35.99µm
_01393_,35.985µm
u_fft_core.u_fft8_mdc0.u_mdc8p_stage1.u_btfly2.o_data0_i\[5\],35.985µm
_10989_,35.98µm
_15484_,35.975µm
clknet_leaf_196_i_clk,35.96µm
net3943,35.95µm
_10346_,35.94µm
net3282,35.94µm
_14629_,35.925µm
u_fft_core.u_fft8_mdc3.u_mdc8p_stage1.ds_switch_stage1.i_data_0i\[7\],35.9µm
net3707,35.9µm
clknet_leaf_358_i_clk,35.9µm
u_fft_core.u_buffer_parallel2serial.mem_im\[4\]\[4\],35.89µm
_02433_,35.88µm
_05277_,35.88µm
_13864_,35.88µm
_15235_,35.88µm
u_fft_core.u_shift_r4.data_re_q\[121\],35.86µm
u_fft_core.u_fft4.r_x0_re\[3\],35.85µm
_17816_,35.84µm
u_fft_core.twiddle_data1_im\[6\],35.84µm
_08162_,35.835µm
u_fft_core.u_fft8_mdc2.u_mdc8p_stage1.u_btfly2.o_data0_i\[4\],35.83µm
u_fft_core.u_fft8_mdc3.u_mdc8p_stage1.xfft_cell_route1.w_mult_r\[1\]\[15\],35.82µm
_15433_,35.815µm
_10348_,35.805µm
_09819_,35.8µm
net4060,35.8µm
u_fft_core.u_fft8_mdc2.u_mdc8p_stage1.r_data0_r\[1\],35.795µm
u_fft_core.u_fft8_mdc2.u_mdc8p_stage2.ds_switch_stage1.o_data_0i\[9\],35.79µm
u_fft_core.u_fft8_mdc1.u_mdc8p_stage2.ds_switch_stage1.w_data_1i\[10\],35.78µm
_09906_,35.77µm
u_fft_core.u_fft8_mdc3.u_mdc8p_stage2.ds_switch_stage1.i_data_1i\[10\],35.77µm
_06420_,35.76µm
_08480_,35.76µm
u_fft_core.u_fft8_mdc0.u_mdc8p_stage1.xfft_cell_route1.w_mult_r\[1\]\[0\],35.745µm
_11403_,35.73µm
_06527_,35.72µm
_06069_,35.715µm
_06035_,35.71µm
_15078_,35.695µm
_10671_,35.68µm
u_fft_core.u_shift_r4.data_re_q\[177\],35.67µm
_16726_,35.66µm
_04405_,35.65µm
_10696_,35.65µm
u_debug_sys.u_debug_unit.cnt_outputs_sync\[4\],35.645µm
_16515_,35.64µm
u_fft_core.shift_r2_ff1_data0_re\[7\],35.605µm
_03303_,35.6µm
u_fft_core.u_fft8_mdc1.u_mdc8p_stage1.xfft_cell_route1.r_pp2_mult_i\[1\]\[8\],35.59µm
net3942,35.59µm
_11966_,35.58µm
_09859_,35.565µm
u_fft_core.u_buffer_parallel2serial.mem_im\[27\]\[2\],35.54µm
u_fft_core.u_fft8_mdc2.u_mdc8p_stage1.ds_switch_stage1.o_valid,35.54µm
u_fft_core.u_fft8_mdc0.u_mdc8p_stage2.r_data1_i\[4\],35.53µm
u_fft_core.u_fft8_mdc1.u_mdc8p_stage1.ds_switch_stage1.i_data_1i\[1\],35.53µm
_16117_,35.525µm
u_fft_core.u_fft8_mdc3.u_mdc8p_stage2.r_data1_r\[5\],35.525µm
_05597_,35.52µm
u_fft_core.shift_r2_ff1_data1_re\[1\],35.52µm
_15826_,35.49µm
net3533,35.48µm
_09398_,35.475µm
_10903_,35.47µm
net3216,35.45µm
_07724_,35.435µm
_10010_,35.435µm
u_fft_core.u_fft8_mdc1.u_mdc8p_stage2.r_data0_r\[9\],35.435µm
_09425_,35.425µm
_14983_,35.425µm
u_fft_core.shift_r2_ff1_data0_im\[4\],35.425µm
_16391_,35.415µm
_05573_,35.41µm
u_fft_core.shift_r2_ff0_data1_re\[3\],35.41µm
_05035_,35.4µm
_06411_,35.385µm
_14288_,35.37µm
net3443,35.345µm
_11390_,35.34µm
_14576_,35.34µm
u_fft_core.u_fft8_mdc1.u_mdc8p_stage1.xfft_cell_route1.r_pp2_mult_r\[0\]\[1\],35.34µm
clknet_6_36_0_i_clk,35.34µm
_13135_,35.32µm
u_fft_core.u_fft8_mdc1.u_mdc8p_stage1.xfft_cell_route1.w_mult_r\[1\]\[0\],35.31µm
u_fft_core.u_buffer_parallel2serial.mem_re\[3\]\[7\],35.305µm
net3998,35.305µm
u_fft_core.u_fft8_mdc2.u_mdc8p_stage1.u_btfly2.o_data0_i\[3\],35.3µm
_03591_,35.29µm
_04953_,35.29µm
u_fft_core.u_fft4.s2_x0_im\[8\],35.29µm
net3273,35.27µm
_05522_,35.265µm
_16809_,35.265µm
_17071_,35.265µm
u_fft_core.fft4_data0_im\[6\],35.255µm
_08604_,35.23µm
u_fft_core.u_buffer_parallel2serial.mem_re\[4\]\[7\],35.23µm
_06871_,35.225µm
_06880_,35.22µm
u_fft_core.u_buffer_parallel2serial.mem_re\[1\]\[3\],35.22µm
clknet_6_45_0_i_clk,35.22µm
_06313_,35.205µm
_08543_,35.185µm
u_fft_core.u_fft4.s2_x1_re\[2\],35.17µm
u_fft_core.u_fft8_mdc0.u_mdc8p_stage1.xfft_cell_route1.r_pp2_mult_i\[0\]\[17\],35.17µm
u_fft_core.u_shift_r4.data_im_q\[9\],35.17µm
_05072_,35.16µm
_13288_,35.16µm
_14092_,35.16µm
_14308_,35.16µm
net3996,35.155µm
_12806_,35.12µm
_14083_,35.11µm
_16236_,35.11µm
u_fft_core.u_fft8_mdc2.u_mdc8p_stage3.next_data1_i\[5\],35.11µm
u_fft_core.u_fft8_mdc3.u_mdc8p_stage2.ds_switch_stage1.i_data_1r\[5\],35.11µm
_00564_,35.1µm
_10165_,35.1µm
u_fft_core.u_fft8_mdc1.u_mdc8p_stage1.xfft_cell_route1.w_mult_i\[1\]\[18\],35.1µm
_10219_,35.09µm
_08804_,35.085µm
_17486_,35.06µm
clknet_6_17_0_i_clk,35.06µm
_09111_,35.055µm
_09314_,35.04µm
u_debug_sys.u_debug_unit.cnt_inputs_sync\[3\],35.04µm
u_fft_core.u_fft8_mdc2.u_mdc8p_stage3.next_data1_i\[7\],35.04µm
net3762,35.04µm
net3206,35.03µm
_16341_,35.005µm
u_fft_core.u_shift_r4.data_im_q\[78\],35µm
net2784,35µm
_15938_,34.98µm
u_fft_core.u_fft8_mdc3.u_mdc8p_stage1.ds_switch_stage1.w_data_1r\[0\],34.98µm
_09426_,34.96µm
u_fft_core.u_buffer_parallel2serial.mem_re\[4\]\[1\],34.955µm
_12426_,34.95µm
u_fft_core.u_shift_r4.data_im_q\[15\],34.94µm
_02236_,34.935µm
u_fft_core.u_fft8_mdc0.u_mdc8p_stage1.ds_switch_stage1.i_data_0i\[2\],34.93µm
net3101,34.93µm
u_fft_core.u_fft8_mdc1.u_mdc8p_stage1.r_data0_r\[1\],34.925µm
_02264_,34.9µm
_07702_,34.89µm
net3233,34.875µm
_13766_,34.87µm
_09364_,34.855µm
_12862_,34.855µm
_06037_,34.845µm
_08494_,34.83µm
_04110_,34.82µm
_06030_,34.81µm
_09521_,34.81µm
u_fft_core.u_fft8_mdc1.u_mdc8p_stage1.ds_switch_stage1.o_data_1r\[4\],34.81µm
u_fft_core.u_fft8_mdc2.u_mdc8p_stage1.ds_switch_stage1.o_data_1r\[1\],34.81µm
u_fft_core.u_fft8_mdc2.u_mdc8p_stage1.xfft_cell_route1.r_pp2_mult_i\[0\]\[13\],34.81µm
u_fft_core.u_fft8_mdc0.u_mdc8p_stage1.ds_switch_stage1.o_data_1i\[4\],34.8µm
u_fft_core.u_buffer_parallel2serial.mem_re\[16\]\[3\],34.795µm
u_fft_core.u_fft8_mdc3.u_mdc8p_stage1.ds_switch_stage1.r_idata_r\[1\]\[1\],34.785µm
u_fft_core.u_fft8_mdc2.u_mdc8p_stage1.xfft_cell_route1.w_mult_i\[0\]\[0\],34.77µm
u_fft_core.u_fft8_mdc0.u_mdc8p_stage1.r_count\[0\],34.76µm
_11410_,34.755µm
_03475_,34.74µm
_05757_,34.74µm
_16237_,34.74µm
u_fft_core.u_fft8_mdc2.u_mdc8p_stage1.r_data0_r\[6\],34.74µm
_03592_,34.735µm
_11172_,34.69µm
_03792_,34.68µm
_11412_,34.675µm
_12726_,34.67µm
u_fft_core.shift_r2_ff3_data1_re\[3\],34.665µm
_16187_,34.66µm
_08150_,34.63µm
_05334_,34.62µm
u_fft_core.u_fft8_mdc0.u_mdc8p_stage1.ds_switch_stage1.i_data_1i\[3\],34.62µm
clknet_6_23_0_i_clk,34.62µm
_03518_,34.615µm
_07908_,34.605µm
_08610_,34.59µm
_14059_,34.58µm
_13016_,34.575µm
u_debug_sys.u_spi_slave.bit_cnt\[0\],34.565µm
_01494_,34.56µm
_15646_,34.56µm
net3939,34.56µm
_09555_,34.555µm
clknet_leaf_438_i_clk,34.53µm
net3516,34.525µm
net3977,34.525µm
_05466_,34.52µm
_14259_,34.52µm
u_fft_core.u_buffer_parallel2serial.mem_re\[20\]\[3\],34.52µm
u_tx.current_cnt\[0\],34.52µm
_15809_,34.515µm
_10555_,34.505µm
_02141_,34.5µm
_16851_,34.495µm
u_fft_core.u_shift_r4.data_re_q\[54\],34.495µm
net3280,34.475µm
_05405_,34.46µm
_14215_,34.46µm
clknet_6_14_0_i_clk,34.45µm
_13906_,34.44µm
_12419_,34.435µm
_05772_,34.42µm
_13131_,34.415µm
u_fft_core.u_fft4.s2_x0_im\[7\],34.415µm
_10285_,34.4µm
u_fft_core.u_fft8_mdc2.u_mdc8p_stage2.r_data1_i\[2\],34.395µm
_14745_,34.39µm
net3270,34.39µm
_02567_,34.38µm
net3738,34.37µm
u_fft_core.u_fft8_mdc2.u_mdc8p_stage2.ds_switch_stage1.o_valid,34.345µm
_11761_,34.335µm
_13956_,34.33µm
_06578_,34.315µm
u_fft_core.u_fft8_mdc2.u_mdc8p_stage2.r_data1_r\[6\],34.3µm
_02548_,34.285µm
_14101_,34.28µm
_16830_,34.28µm
u_fft_core.shift_r4_data0_im\[1\],34.28µm
_01997_,34.26µm
u_fft_core.u_buffer_parallel2serial.mem_re\[20\]\[7\],34.255µm
u_fft_core.u_fft8_mdc1.u_mdc8p_stage2.ds_switch_stage1.o_data_0i\[9\],34.255µm
net3633,34.23µm
_16376_,34.22µm
u_fft_core.shift_r4_data1_re\[0\],34.215µm
_08552_,34.205µm
_04010_,34.2µm
_08188_,34.2µm
clknet_6_40_0_i_clk,34.2µm
_12256_,34.185µm
_06155_,34.15µm
_03305_,34.14µm
clknet_6_8_0_i_clk,34.11µm
_02289_,34.105µm
_02229_,34.09µm
_04009_,34.09µm
_07748_,34.09µm
_14379_,34.09µm
net3402,34.09µm
net28,34.09µm
_14391_,34.08µm
u_fft_core.u_fft8_mdc0.u_mdc8p_stage2.r_data0_r\[4\],34.08µm
_06868_,34.07µm
_07252_,34.05µm
_17466_,34.02µm
_12763_,34.005µm
_16128_,33.99µm
net3709,33.97µm
clknet_6_11_0_i_clk,33.97µm
_17580_,33.95µm
_12066_,33.945µm
_18070_,33.94µm
net3572,33.94µm
_08622_,33.935µm
u_fft_core.u_fft8_mdc0.u_mdc8p_stage2.r_data0_r\[5\],33.93µm
_16405_,33.905µm
net3271,33.895µm
_10318_,33.885µm
_10132_,33.87µm
_10577_,33.87µm
_06167_,33.86µm
_13245_,33.86µm
_15726_,33.85µm
u_fft_core.twiddle_data0_im\[5\],33.85µm
_13954_,33.835µm
u_fft_core.shift_r2_ff0_data1_re\[4\],33.83µm
_12718_,33.82µm
u_fft_core.u_fft4.r_x0_re\[7\],33.82µm
_17076_,33.8µm
u_fft_core.u_buffer_parallel2serial.mem_im\[10\]\[1\],33.8µm
_06318_,33.79µm
_13636_,33.79µm
u_fft_core.u_shift_r2_fft1.data_im_q\[17\],33.79µm
_01995_,33.78µm
net3605,33.78µm
u_fft_core.u_fft8_mdc0.u_mdc8p_stage1.r_data0_r\[0\],33.765µm
_16761_,33.755µm
u_debug_sys.u_spi_slave.next_rx\[6\],33.74µm
_06261_,33.72µm
u_debug_sys.u_debug_unit.last_out_im_sync\[4\],33.715µm
_06044_,33.71µm
_08062_,33.71µm
u_fft_core.u_fft8_mdc3.u_mdc8p_stage2.r_data1_i\[1\],33.71µm
_02749_,33.705µm
u_fft_core.u_shift_r2_fft0.data_re_q\[26\],33.685µm
net3739,33.68µm
u_fft_core.shift_r2_ff1_data1_im\[0\],33.67µm
u_fft_core.u_fft8_mdc1.u_mdc8p_stage1.ds_switch_stage1.r_idata_r\[0\]\[4\],33.67µm
net2885,33.67µm
_09689_,33.66µm
u_fft_core.u_buffer_parallel2serial.mem_re\[14\]\[0\],33.66µm
_08703_,33.655µm
u_fft_core.u_fft8_mdc0.u_mdc8p_stage1.xfft_cell_route1.r_pp2_mult_r\[1\]\[13\],33.655µm
net3641,33.655µm
net3507,33.635µm
_03171_,33.63µm
u_fft_core.u_fft8_mdc2.u_mdc8p_stage2.ds_switch_stage1.o_data_0r\[4\],33.625µm
_07380_,33.61µm
u_fft_core.u_shift_r4.data_im_q\[10\],33.61µm
u_fft_core.u_fft8_mdc2.u_mdc8p_stage1.r_data1_i\[2\],33.6µm
_08618_,33.58µm
_08668_,33.56µm
_18072_,33.56µm
_05817_,33.535µm
_11384_,33.53µm
_14524_,33.53µm
_08116_,33.525µm
_14063_,33.525µm
u_fft_core.u_fft8_mdc0.u_mdc8p_stage1.r_data1_r\[0\],33.515µm
_08125_,33.51µm
u_fft_core.shift_r2_ff2_data1_im\[0\],33.51µm
_09726_,33.5µm
_05395_,33.495µm
_17726_,33.49µm
_17833_,33.49µm
clknet_6_4_0_i_clk,33.49µm
u_fft_core.u_fft8_mdc0.u_mdc8p_stage2.r_data1_r\[3\],33.48µm
_07323_,33.465µm
_11551_,33.45µm
_16158_,33.43µm
u_fft_core.u_buffer_parallel2serial.mem_im\[25\]\[2\],33.43µm
net3616,33.42µm
u_fft_core.u_fft4.r_x0_re\[4\],33.4µm
_04740_,33.38µm
u_fft_core.u_fft8_mdc2.u_mdc8p_stage1.xfft_cell_route1.w_mult_r\[0\]\[7\],33.38µm
clknet_6_58_0_i_clk,33.38µm
_16725_,33.37µm
_17507_,33.37µm
u_fft_core.fft4_data0_re\[1\],33.37µm
clknet_6_13_0_i_clk,33.37µm
_10602_,33.345µm
_07199_,33.34µm
_05586_,33.33µm
_12757_,33.33µm
_02565_,33.32µm
_05585_,33.32µm
net3400,33.31µm
u_fft_core.shift_r4_data0_re\[0\],33.295µm
_14310_,33.27µm
_07080_,33.26µm
_12239_,33.26µm
u_fft_core.u_buffer_parallel2serial.mem_re\[18\]\[4\],33.26µm
clknet_6_61_0_i_clk,33.26µm
_04218_,33.25µm
_09578_,33.25µm
net3904,33.25µm
clknet_6_16_0_i_clk,33.25µm
_07764_,33.24µm
_11133_,33.24µm
_14525_,33.24µm
_06544_,33.235µm
_07151_,33.205µm
_11375_,33.175µm
_11250_,33.15µm
_09064_,33.145µm
u_fft_core.u_buffer_parallel2serial.mem_re\[1\]\[7\],33.145µm
_16611_,33.13µm
_11519_,33.12µm
u_fft_core.u_buffer_parallel2serial.mem_im\[23\]\[7\],33.12µm
u_fft_core.u_shift_r4.data_re_q\[167\],33.12µm
net2826,33.12µm
net4015,33.12µm
_09946_,33.115µm
u_fft_core.u_shift_r4.data_re_q\[122\],33.11µm
u_fft_core.u_buffer_parallel2serial.mem_re\[30\]\[0\],33.085µm
_03039_,33.07µm
_11087_,33.07µm
_13069_,33.07µm
_02601_,33.065µm
_09363_,33.065µm
_03865_,33.06µm
_11891_,33.06µm
_04646_,33.03µm
u_fft_core.u_fft8_mdc0.u_mdc8p_stage2.ds_switch_stage1.w_data_1i\[8\],33.01µm
u_fft_core.u_shift_r4.data_re_q\[34\],33.01µm
net3684,33.01µm
clknet_6_32_0_i_clk,33.01µm
_05420_,33.005µm
net3610,33.005µm
_15279_,33µm
u_fft_core.u_fft8_mdc3.u_mdc8p_stage1.ds_switch_stage1.o_data_1i\[0\],33µm
_02277_,32.995µm
_16898_,32.995µm
clknet_6_12_0_i_clk,32.995µm
_04937_,32.99µm
_02470_,32.95µm
u_fft_core.u_fft8_mdc2.u_mdc8p_stage1.ds_switch_stage1.o_data_1r\[3\],32.95µm
_16465_,32.94µm
_06111_,32.935µm
net4041,32.935µm
u_debug_sys.u_spi_slave.next_rx\[14\],32.915µm
_08741_,32.91µm
_14631_,32.905µm
_06856_,32.9µm
u_fft_core.u_fft8_mdc3.u_mdc8p_stage1.xfft_cell_route1.w_mult_i\[1\]\[6\],32.9µm
_03071_,32.895µm
_12034_,32.89µm
u_fft_core.shift_r2_ff3_data1_re\[5\],32.885µm
_12115_,32.88µm
_17470_,32.88µm
_12422_,32.87µm
_03149_,32.85µm
net3574,32.84µm
_16511_,32.83µm
u_fft_core.u_fft8_mdc1.u_mdc8p_stage1.xfft_cell_route1.w_mult_i\[0\]\[14\],32.83µm
u_fft_core.u_fft8_mdc0.u_mdc8p_stage1.xfft_cell_route1.r_pp2_mult_i\[1\]\[1\],32.825µm
_11818_,32.82µm
u_fft_core.u_fft8_mdc2.u_mdc8p_stage1.xfft_cell_route1.w_mult_r\[1\]\[0\],32.82µm
_10929_,32.81µm
net3635,32.805µm
u_fft_core.u_fft8_mdc0.u_mdc8p_stage2.r_data0_r\[2\],32.8µm
u_fft_core.u_fft8_mdc2.u_mdc8p_stage1.xfft_cell_route1.r_pp2_mult_r\[0\]\[3\],32.785µm
_15839_,32.78µm
_13353_,32.77µm
u_fft_core.u_fft4.s1_od_sum_re\[6\],32.77µm
_02727_,32.76µm
_14211_,32.76µm
u_fft_core.u_fft8_mdc1.u_mdc8p_stage3.next_data0_i\[5\],32.76µm
_13500_,32.745µm
clknet_leaf_11_i_clk,32.72µm
clknet_6_29_0_i_clk,32.72µm
_04335_,32.71µm
_06400_,32.71µm
_11043_,32.705µm
_02334_,32.7µm
_08933_,32.7µm
_02925_,32.67µm
_04767_,32.66µm
_05242_,32.65µm
_07383_,32.645µm
_10938_,32.64µm
_12280_,32.615µm
_16441_,32.605µm
_06265_,32.58µm
_13151_,32.58µm
_13681_,32.58µm
u_fft_core.u_fft8_mdc1.u_mdc8p_stage2.ds_switch_stage1.i_data_1r\[3\],32.57µm
net3277,32.57µm
_12689_,32.56µm
u_fft_core.u_buffer_parallel2serial.mem_im\[2\]\[7\],32.545µm
_16843_,32.54µm
_10606_,32.535µm
_17127_,32.53µm
u_fft_core.u_fft8_mdc2.u_mdc8p_stage1.xfft_cell_route1.r_pp2_mult_r\[0\]\[0\],32.53µm
_13876_,32.52µm
u_fft_core.u_fft8_mdc0.u_mdc8p_stage1.xfft_cell_route1.w_mult_r\[0\]\[2\],32.52µm
_13751_,32.515µm
u_fft_core.u_fft8_mdc0.u_mdc8p_stage2.ds_switch_stage1.o_data_0r\[10\],32.515µm
u_fft_core.u_fft8_mdc2.u_mdc8p_stage1.r_count\[1\],32.51µm
_13238_,32.475µm
_17804_,32.47µm
_15456_,32.455µm
_08486_,32.445µm
net3267,32.425µm
_03256_,32.41µm
net4075,32.41µm
_15436_,32.405µm
_02360_,32.4µm
_05926_,32.395µm
_14989_,32.37µm
_16428_,32.36µm
clknet_6_25_0_i_clk,32.36µm
_09109_,32.355µm
_03008_,32.35µm
clknet_6_3_0_i_clk,32.35µm
_11932_,32.34µm
u_fft_core.u_fft8_mdc1.u_mdc8p_stage1.ds_switch_stage1.i_data_0r\[7\],32.34µm
net3504,32.34µm
_16231_,32.32µm
_09349_,32.315µm
net4002,32.31µm
_16962_,32.3µm
u_fft_core.u_fft8_mdc0.u_mdc8p_stage2.ds_switch_stage1.i_valid,32.3µm
net3462,32.29µm
_04762_,32.28µm
u_fft_core.u_fft8_mdc3.u_mdc8p_stage2.ds_switch_stage1.r_idata_i\[0\]\[2\],32.28µm
_02779_,32.275µm
_04501_,32.275µm
net3511,32.27µm
_16806_,32.26µm
u_rx.current_cnt\[1\],32.255µm
_06214_,32.25µm
u_fft_core.u_shift_r2_fft3.data_re_q\[19\],32.245µm
u_fft_core.u_fft4.s1_ev_sum_im\[1\],32.24µm
u_fft_core.u_shift_r4.data_im_q\[120\],32.215µm
_02359_,32.205µm
_08880_,32.205µm
_09345_,32.19µm
_08319_,32.185µm
_02178_,32.18µm
net3272,32.18µm
_07860_,32.175µm
_15989_,32.17µm
fft_out_re\[6\],32.17µm
net3104,32.17µm
u_fft_core.u_fft8_mdc3.u_mdc8p_stage1.xfft_cell_route1.w_mult_i\[1\]\[7\],32.16µm
_16126_,32.15µm
_05671_,32.12µm
_16956_,32.12µm
_17045_,32.12µm
u_fft_core.u_buffer_parallel2serial.mem_im\[2\]\[3\],32.12µm
_08383_,32.11µm
_10002_,32.11µm
net2903,32.09µm
_11356_,32.075µm
_13406_,32.07µm
_18148_,32.07µm
u_fft_core.u_buffer_parallel2serial.mem_re\[10\]\[7\],32.07µm
_05431_,32.06µm
net3542,32.06µm
_06535_,32.05µm
_02724_,32.04µm
net3618,32.01µm
u_fft_core.shift_r4_data0_re\[1\],32µm
_14975_,31.99µm
u_fft_core.u_fft4.s2_x1_im\[7\],31.99µm
u_fft_core.u_fft8_mdc0.u_mdc8p_stage1.xfft_cell_route1.w_mult_i\[1\]\[18\],31.99µm
_06812_,31.985µm
u_fft_core.u_fft8_mdc1.u_mdc8p_stage1.r_data1_r\[1\],31.965µm
net4066,31.955µm
clknet_leaf_120_i_clk,31.955µm
_10122_,31.945µm
u_fft_core.u_fft8_mdc0.u_mdc8p_stage1.ds_switch_stage1.i_data_0r\[5\],31.94µm
u_fft_core.u_fft8_mdc1.u_mdc8p_stage2.ds_switch_stage1.w_data_1r\[0\],31.94µm
net3916,31.935µm
clknet_6_22_0_i_clk,31.93µm
_03056_,31.92µm
_08241_,31.92µm
_11440_,31.915µm
u_fft_core.u_buffer_parallel2serial.mem_re\[9\]\[4\],31.915µm
_15077_,31.89µm
clknet_6_56_0_i_clk,31.89µm
u_fft_core.shift_r4_data2_im\[1\],31.88µm
_10042_,31.875µm
_10383_,31.875µm
_10798_,31.875µm
u_fft_core.u_shift_r4.data_re_q\[43\],31.875µm
u_fft_core.u_fft8_mdc0.u_mdc8p_stage1.xfft_cell_route1.w_mult_i\[0\]\[2\],31.87µm
clknet_6_46_0_i_clk,31.87µm
clknet_6_21_0_i_clk,31.86µm
_08481_,31.84µm
i_spi_sclk,31.82µm
u_debug_sys.u_debug_unit.last_out_im_sync\[1\],31.82µm
_03213_,31.81µm
_14859_,31.81µm
u_fft_core.u_buffer_parallel2serial.mem_im\[23\]\[4\],31.81µm
u_fft_core.u_fft8_mdc0.u_mdc8p_stage1.xfft_cell_route1.r_pp2_mult_r\[1\]\[10\],31.81µm
_05411_,31.8µm
_06255_,31.8µm
_07692_,31.795µm
_05538_,31.78µm
_11850_,31.775µm
clknet_6_0_0_i_clk,31.77µm
net3594,31.755µm
_04388_,31.75µm
u_fft_core.twiddle_data0_im\[7\],31.75µm
_02584_,31.74µm
_05578_,31.74µm
_08654_,31.74µm
_17140_,31.74µm
_15598_,31.73µm
net3125,31.73µm
_11860_,31.71µm
_06373_,31.7µm
u_fft_core.u_fft8_mdc2.u_mdc8p_stage1.xfft_cell_route1.r_pp2_mult_i\[1\]\[15\],31.7µm
u_fft_core.u_fft8_mdc1.u_mdc8p_stage1.xfft_cell_route1.r_pp2_mult_i\[1\]\[13\],31.695µm
_13093_,31.685µm
_13254_,31.675µm
_07834_,31.665µm
u_fft_core.u_buffer_parallel2serial.mem_re\[9\]\[6\],31.66µm
net2764,31.645µm
_13515_,31.64µm
_17623_,31.64µm
u_fft_core.u_fft8_mdc2.u_mdc8p_stage1.ds_switch_stage1.i_data_0r\[8\],31.63µm
_16358_,31.605µm
u_fft_core.u_fft8_mdc1.u_mdc8p_stage1.r_data1_i\[7\],31.6µm
_07955_,31.595µm
net3299,31.59µm
net3993,31.59µm
clknet_6_57_0_i_clk,31.59µm
_01999_,31.58µm
net15,31.58µm
clknet_leaf_83_i_clk,31.57µm
_05355_,31.56µm
_07650_,31.56µm
u_fft_core.u_fft8_mdc2.u_mdc8p_stage3.next_data1_r\[1\],31.56µm
u_fft_core.u_fft8_mdc3.u_mdc8p_stage1.r_data1_r\[1\],31.56µm
u_fft_core.u_twiddle_interface.mult2_re\[4\],31.56µm
_12416_,31.545µm
_08584_,31.52µm
clknet_6_6_0_i_clk,31.52µm
u_fft_core.u_fft8_mdc0.u_mdc8p_stage1.xfft_cell_route1.r_pp2_mult_i\[1\]\[11\],31.51µm
_16870_,31.5µm
u_fft_core.u_fft8_mdc3.u_mdc8p_stage1.xfft_cell_route1.r_pp2_mult_r\[1\]\[3\],31.5µm
_02736_,31.495µm
last_out_re\[7\],31.49µm
u_debug_sys.u_debug_unit.cnt_outputs_sync\[3\],31.485µm
u_fft_core.u_fft8_mdc2.u_mdc8p_stage1.r_data1_i\[7\],31.48µm
_09478_,31.465µm
u_fft_core.u_buffer_parallel2serial.mem_im\[15\]\[2\],31.46µm
_05010_,31.455µm
_06798_,31.455µm
_04642_,31.45µm
_11115_,31.45µm
_13435_,31.45µm
_16470_,31.45µm
u_fft_core.u_buffer_parallel2serial.mem_re\[11\]\[2\],31.45µm
net3483,31.45µm
_02684_,31.44µm
_09858_,31.44µm
_06665_,31.435µm
_14073_,31.435µm
u_fft_core.twiddle_data0_im\[6\],31.425µm
u_fft_core.u_fft8_mdc0.u_mdc8p_stage1.xfft_cell_route1.w_mult_r\[1\]\[7\],31.425µm
u_fft_core.u_shift_r2_fft1.data_im_q\[28\],31.4µm
_00016_,31.39µm
u_fft_core.u_shift_r4.data_re_q\[20\],31.39µm
u_fft_core.fft4_data3_re\[4\],31.38µm
u_fft_core.u_fft8_mdc2.u_mdc8p_stage1.ds_switch_stage1.r_idata_i\[1\]\[3\],31.38µm
_15369_,31.375µm
_15885_,31.375µm
u_fft_core.u_fft4.r_x0_re\[0\],31.365µm
_08521_,31.36µm
u_fft_core.shift_r2_ff3_data0_im\[0\],31.345µm
_07001_,31.33µm
_09497_,31.33µm
_11466_,31.33µm
_14612_,31.33µm
u_fft_core.u_fft8_mdc0.u_mdc8p_stage1.xfft_cell_route1.r_pp2_mult_i\[1\]\[18\],31.33µm
_16372_,31.32µm
u_fft_core.u_fft4.s2_x2_re\[1\],31.315µm
_08931_,31.305µm
_13270_,31.305µm
u_fft_core.shift_r2_ff0_data1_re\[5\],31.3µm
_14076_,31.29µm
_15803_,31.28µm
u_fft_core.u_buffer_parallel2serial.mem_re\[3\]\[0\],31.28µm
_09408_,31.27µm
u_fft_core.u_buffer_parallel2serial.mem_re\[15\]\[6\],31.27µm
u_fft_core.u_fft8_mdc0.u_mdc8p_stage2.ds_switch_stage1.i_data_1r\[10\],31.27µm
u_fft_core.twiddle_data0_im\[3\],31.26µm
u_fft_core.u_fft8_mdc3.u_mdc8p_stage1.u_btfly2.o_data1_r\[2\],31.26µm
u_fft_core.u_fft8_mdc3.u_mdc8p_stage2.ds_switch_stage1.i_data_1i\[4\],31.26µm
net3587,31.26µm
u_fft_core.u_fft8_mdc1.u_mdc8p_stage1.xfft_cell_route1.r_pp2_mult_i\[0\]\[14\],31.255µm
_04361_,31.23µm
u_fft_core.u_buffer_parallel2serial.mem_re\[4\]\[5\],31.225µm
u_fft_core.u_fft8_mdc3.u_mdc8p_stage2.r_data0_r\[5\],31.225µm
u_fft_core.u_fft8_mdc0.u_mdc8p_stage1.xfft_cell_route1.r_pp2_mult_r\[1\]\[16\],31.22µm
_06344_,31.215µm
_10304_,31.21µm
net3933,31.21µm
_16420_,31.205µm
_04827_,31.2µm
_13927_,31.2µm
_14194_,31.195µm
_07811_,31.17µm
_09784_,31.16µm
u_fft_core.u_fft8_mdc0.u_mdc8p_stage1.xfft_cell_route1.r_pp1_data_r\[3\],31.16µm
_16476_,31.155µm
_16448_,31.15µm
u_fft_core.u_buffer_parallel2serial.mem_re\[23\]\[1\],31.15µm
_06417_,31.14µm
_09301_,31.14µm
u_fft_core.u_fft8_mdc3.u_mdc8p_stage1.r_data0_r\[7\],31.14µm
_03321_,31.13µm
_01391_,31.115µm
_13371_,31.11µm
_09713_,31.1µm
_09729_,31.1µm
u_fft_core.u_shift_r4.data_re_q\[57\],31.095µm
_14121_,31.065µm
_13284_,31.05µm
_14565_,31.03µm
_04962_,31.025µm
_15829_,31.02µm
u_fft_core.u_fft8_mdc3.u_mdc8p_stage2.r_data1_r\[4\],31.02µm
u_fft_core.u_buffer_parallel2serial.mem_im\[10\]\[3\],31.015µm
u_fft_core.u_fft8_mdc2.u_mdc8p_stage2.r_data1_i\[8\],31.015µm
u_fft_core.u_fft8_mdc1.u_mdc8p_stage2.r_data1_i\[2\],31.01µm
_08710_,30.99µm
_10564_,30.99µm
u_fft_core.shift_r2_ff1_data1_re\[7\],30.99µm
u_fft_core.u_fft8_mdc0.u_mdc8p_stage1.xfft_cell_route1.r_pp2_mult_i\[1\]\[0\],30.98µm
net3086,30.98µm
_16937_,30.97µm
u_fft_core.u_fft4.s2_x2_im\[7\],30.96µm
_12955_,30.955µm
net3093,30.955µm
_14875_,30.94µm
_06889_,30.92µm
_05254_,30.915µm
_05262_,30.915µm
_08960_,30.915µm
_14531_,30.91µm
u_fft_core.u_fft8_mdc0.u_mdc8p_stage1.xfft_cell_route1.w_mult_i\[0\]\[13\],30.91µm
u_fft_core.u_shift_r2_fft2.data_re_q\[18\],30.91µm
_13466_,30.9µm
_17485_,30.895µm
_11506_,30.88µm
net2806,30.87µm
_11692_,30.86µm
_14640_,30.86µm
_06101_,30.85µm
_12993_,30.85µm
_14280_,30.85µm
u_fft_core.u_shift_r2_fft0.data_re_q\[8\],30.85µm
u_fft_core.u_shift_r2_fft2.data_re_q\[28\],30.85µm
_12451_,30.825µm
u_fft_core.u_buffer_parallel2serial.mem_re\[13\]\[4\],30.825µm
_08261_,30.81µm
_15472_,30.805µm
_03487_,30.79µm
_08198_,30.78µm
_10491_,30.78µm
_08497_,30.775µm
_12101_,30.765µm
_11387_,30.74µm
_17349_,30.74µm
_04507_,30.73µm
rx_data_im\[1\],30.73µm
u_fft_core.u_fft4.s2_x0_re\[4\],30.73µm
u_fft_core.u_fft8_mdc1.u_mdc8p_stage1.ds_switch_stage1.o_data_1i\[6\],30.73µm
u_fft_core.u_fft8_mdc1.u_mdc8p_stage1.r_bt0_i\[0\]\[3\],30.73µm
_02507_,30.72µm
_03569_,30.72µm
_15642_,30.72µm
net3328,30.72µm
net3875,30.72µm
_09832_,30.705µm
net3906,30.7µm
_16213_,30.685µm
u_fft_core.u_fft8_mdc2.u_mdc8p_stage1.ds_switch_stage1.o_data_1r\[7\],30.67µm
_07156_,30.645µm
_10291_,30.645µm
_10600_,30.645µm
clknet_leaf_151_i_clk,30.63µm
_06855_,30.625µm
i_spi_ss_n,30.62µm
u_fft_core.u_fft8_mdc1.u_mdc8p_stage1.ds_switch_stage1.o_data_1r\[0\],30.62µm
clknet_leaf_187_i_clk,30.62µm
_03599_,30.61µm
_05867_,30.6µm
u_fft_core.u_fft4.s2_x0_re\[8\],30.6µm
u_fft_core.u_fft8_mdc0.u_mdc8p_stage1.ds_switch_stage1.o_data_1i\[5\],30.6µm
_16616_,30.595µm
u_fft_core.u_shift_r4.data_im_q\[43\],30.595µm
_12225_,30.575µm
_10281_,30.53µm
u_fft_core.u_twiddle_interface.data0_im_q\[5\],30.525µm
_07313_,30.51µm
_11889_,30.51µm
clknet_6_35_0_i_clk,30.505µm
_17230_,30.5µm
_10707_,30.49µm
_16370_,30.49µm
u_fft_core.u_buffer_parallel2serial.mem_im\[10\]\[6\],30.49µm
u_fft_core.u_buffer_parallel2serial.mem_re\[3\]\[4\],30.49µm
u_fft_core.u_fft8_mdc2.u_mdc8p_stage3.next_data1_r\[7\],30.49µm
u_fft_core.u_fft8_mdc3.u_mdc8p_stage1.ds_switch_stage1.i_data_0i\[2\],30.49µm
net4074,30.48µm
_06117_,30.43µm
_17786_,30.43µm
u_fft_core.u_fft8_mdc1.u_mdc8p_stage1.xfft_cell_route1.w_mult_r\[0\]\[6\],30.43µm
u_fft_core.u_fft8_mdc3.u_mdc8p_stage1.xfft_cell_route1.r_pp2_mult_i\[0\]\[7\],30.43µm
clknet_6_20_0_i_clk,30.43µm
_17208_,30.41µm
u_debug_sys.u_spi_slave.next_rx\[4\],30.41µm
u_fft_core.u_fft8_mdc1.u_mdc8p_stage1.xfft_cell_route1.r_pp2_mult_i\[1\]\[17\],30.41µm
net3994,30.405µm
net3471,30.4µm
_12131_,30.385µm
u_fft_core.u_fft4.s2_x2_re\[7\],30.38µm
_08459_,30.37µm
_17509_,30.37µm
u_fft_core.u_fft8_mdc0.u_mdc8p_stage3.next_data0_i\[2\],30.37µm
clknet_6_50_0_i_clk,30.37µm
_10519_,30.365µm
_10930_,30.365µm
_12749_,30.325µm
_05544_,30.32µm
_10552_,30.32µm
u_fft_core.u_buffer_parallel2serial.mem_im\[2\]\[4\],30.32µm
net3461,30.32µm
_02716_,30.31µm
_12669_,30.305µm
_16244_,30.3µm
_12353_,30.275µm
u_fft_core.u_buffer_parallel2serial.mem_im\[5\]\[3\],30.265µm
u_fft_core.u_fft8_mdc0.u_mdc8p_stage1.r_data1_i\[5\],30.265µm
_12455_,30.26µm
u_fft_core.u_fft8_mdc1.u_mdc8p_stage2.ds_switch_stage1.i_data_1r\[2\],30.25µm
u_fft_core.u_fft8_mdc1.u_mdc8p_stage2.ds_switch_stage1.i_valid,30.25µm
clknet_leaf_316_i_clk,30.25µm
_05354_,30.245µm
_03448_,30.24µm
u_fft_core.fft4_data3_re\[5\],30.24µm
_14030_,30.2µm
_14112_,30.2µm
_08959_,30.19µm
_16041_,30.19µm
_07451_,30.185µm
_03105_,30.18µm
u_debug_sys.u_debug_unit.last_out_re_sync\[1\],30.165µm
u_fft_core.u_fft8_mdc2.u_mdc8p_stage1.ds_switch_stage1.valid_count\[0\],30.15µm
_06291_,30.14µm
_14884_,30.13µm
clknet_leaf_92_i_clk,30.13µm
u_fft_core.u_fft8_mdc1.u_mdc8p_stage2.r_data1_i\[7\],30.11µm
_15844_,30.105µm
net3545,30.08µm
_04152_,30.07µm
u_fft_core.u_fft4.s2_x3_im\[5\],30.07µm
u_fft_core.u_fft8_mdc0.u_mdc8p_stage2.ds_switch_stage1.o_data_0r\[6\],30.07µm
u_fft_core.u_fft8_mdc0.u_mdc8p_stage1.ds_switch_stage1.i_data_0i\[0\],30.06µm
clknet_6_39_0_i_clk,30.06µm
_14903_,30.04µm
_12394_,30.02µm
clknet_6_54_0_i_clk,30.02µm
_02549_,30.01µm
u_fft_core.u_buffer_parallel2serial.mem_im\[22\]\[5\],30.01µm
_09769_,30.005µm
u_fft_core.shift_r4_data0_re\[2\],30.005µm
_07794_,30µm
_12135_,30µm
_16056_,30µm
_04374_,29.995µm
_10733_,29.995µm
u_fft_core.u_buffer_parallel2serial.mem_im\[31\]\[4\],29.995µm
_17039_,29.98µm
_09419_,29.96µm
clknet_6_55_0_i_clk,29.96µm
_08113_,29.95µm
u_fft_core.u_fft8_mdc0.u_mdc8p_stage1.ds_switch_stage1.i_data_0r\[0\],29.95µm
u_fft_core.u_shift_r4.data_re_q\[165\],29.95µm
_15811_,29.945µm
_03846_,29.94µm
u_fft_core.u_buffer_parallel2serial.mem_im\[17\]\[2\],29.935µm
_07656_,29.925µm
u_fft_core.u_buffer_parallel2serial.mem_re\[6\]\[3\],29.91µm
u_fft_core.u_shift_r2_fft1.data_im_q\[27\],29.905µm
_04917_,29.89µm
_06888_,29.89µm
_14911_,29.89µm
u_fft_core.u_fft8_mdc0.u_mdc8p_stage1.ds_switch_stage1.i_data_0i\[8\],29.89µm
u_fft_core.u_fft8_mdc3.u_mdc8p_stage1.ds_switch_stage1.o_data_1r\[2\],29.89µm
net3567,29.89µm
_05284_,29.885µm
_15114_,29.88µm
u_fft_core.u_fft8_mdc2.u_mdc8p_stage2.r_data0_i\[2\],29.88µm
_06065_,29.855µm
net4000,29.855µm
u_debug_sys.u_debug_unit.cnt_outputs_sync\[1\],29.85µm
u_fft_core.u_shift_r2_fft3.data_im_q\[31\],29.84µm
_11355_,29.835µm
_14869_,29.83µm
_15431_,29.83µm
u_fft_core.u_shift_r2_fft0.data_re_q\[22\],29.83µm
u_fft_core.u_shift_r4.data_re_q\[156\],29.83µm
u_fft_core.u_fft8_mdc0.u_mdc8p_stage1.r_count\[1\],29.825µm
u_fft_core.u_fft8_mdc1.u_mdc8p_stage1.xfft_cell_route1.r_pp2_mult_r\[0\]\[2\],29.82µm
_16787_,29.815µm
_13307_,29.805µm
u_fft_core.u_fft4.s1_od_sum_re\[2\],29.795µm
_04128_,29.785µm
u_fft_core.u_fft8_mdc0.u_mdc8p_stage1.ds_switch_stage1.r_idata_i\[1\]\[0\],29.785µm
_17596_,29.78µm
_04157_,29.77µm
_14374_,29.77µm
u_fft_core.u_fft8_mdc0.u_mdc8p_stage2.r_data0_i\[2\],29.765µm
_10518_,29.755µm
_04414_,29.73µm
u_fft_core.u_shift_r4.data_re_q\[161\],29.73µm
_12260_,29.71µm
u_fft_core.u_fft8_mdc2.u_mdc8p_stage3.next_data1_i\[3\],29.71µm
_06268_,29.7µm
_17740_,29.7µm
rx_data_re\[3\],29.695µm
u_fft_core.u_fft8_mdc2.u_mdc8p_stage2.r_data0_i\[5\],29.67µm
_04376_,29.66µm
_07542_,29.66µm
u_fft_core.u_fft8_mdc2.u_mdc8p_stage1.ds_switch_stage1.i_data_1i\[5\],29.65µm
_12331_,29.645µm
_17321_,29.645µm
_06059_,29.64µm
_11510_,29.64µm
u_debug_sys.addr_out\[0\],29.635µm
u_fft_core.u_buffer_parallel2serial.batch_count\[1\],29.635µm
clknet_6_24_0_i_clk,29.6µm
_17703_,29.59µm
_06353_,29.58µm
_17848_,29.56µm
_16366_,29.55µm
_04733_,29.53µm
_11360_,29.525µm
_07017_,29.52µm
_05197_,29.515µm
_09693_,29.515µm
_03950_,29.51µm
u_fft_core.u_fft8_mdc0.u_mdc8p_stage1.r_data1_i\[3\],29.495µm
u_fft_core.u_buffer_parallel2serial.mem_re\[19\]\[7\],29.48µm
u_fft_core.u_fft8_mdc2.u_mdc8p_stage1.xfft_cell_route1.r_pp2_mult_i\[1\]\[16\],29.465µm
_06074_,29.46µm
_14883_,29.46µm
u_fft_core.u_buffer_parallel2serial.mem_re\[19\]\[6\],29.455µm
u_fft_core.fft4_data1_im\[4\],29.445µm
_00584_,29.42µm
_02265_,29.42µm
_09870_,29.42µm
net3956,29.42µm
_05319_,29.41µm
u_fft_core.u_buffer_parallel2serial.mem_re\[27\]\[5\],29.41µm
u_fft_core.u_shift_r4.data_re_q\[9\],29.41µm
net4079,29.41µm
_08877_,29.4µm
_17248_,29.4µm
u_fft_core.u_shift_r2_fft1.data_re_q\[30\],29.4µm
u_fft_core.u_fft8_mdc0.u_mdc8p_stage1.xfft_cell_route1.r_pp2_mult_i\[0\]\[14\],29.39µm
_09696_,29.36µm
u_fft_core.fft4_data3_re\[6\],29.36µm
_08631_,29.35µm
u_fft_core.u_buffer_parallel2serial.mem_re\[18\]\[6\],29.35µm
u_fft_core.u_fft8_mdc3.u_mdc8p_stage1.xfft_cell_route1.w_mult_r\[0\]\[18\],29.35µm
_07386_,29.34µm
u_fft_core.u_buffer_parallel2serial.mem_re\[18\]\[5\],29.34µm
u_fft_core.u_shift_r4.data_im_q\[136\],29.34µm
u_fft_core.shift_r4_data1_im\[0\],29.335µm
_04742_,29.325µm
_02561_,29.315µm
clknet_leaf_18_i_clk,29.315µm
_11444_,29.29µm
_17744_,29.29µm
u_fft_core.twiddle_data3_re\[5\],29.29µm
_13373_,29.28µm
_13518_,29.28µm
u_fft_core.u_buffer_parallel2serial.mem_re\[20\]\[1\],29.27µm
_13485_,29.265µm
net3389,29.26µm
_16951_,29.255µm
_07765_,29.24µm
_13247_,29.23µm
u_fft_core.twiddle_data2_im\[5\],29.23µm
_04930_,29.22µm
_06709_,29.2µm
u_fft_core.u_fft8_mdc1.u_mdc8p_stage1.xfft_cell_route1.r_pp2_mult_i\[1\]\[18\],29.195µm
net3612,29.19µm
_03515_,29.18µm
_16443_,29.17µm
_18194_,29.17µm
u_fft_core.u_buffer_parallel2serial.mem_im\[2\]\[2\],29.17µm
_11905_,29.165µm
_15760_,29.16µm
_11219_,29.155µm
_12747_,29.155µm
u_fft_core.u_buffer_parallel2serial.mem_re\[13\]\[3\],29.155µm
u_fft_core.u_fft8_mdc0.u_mdc8p_stage1.xfft_cell_route1.r_pp2_mult_r\[1\]\[6\],29.155µm
_09361_,29.15µm
_02951_,29.125µm
u_fft_core.u_buffer_parallel2serial.mem_im\[19\]\[2\],29.11µm
_04527_,29.095µm
net4069,29.095µm
_17927_,29.085µm
net3017,29.085µm
_03272_,29.075µm
_08952_,29.07µm
_12043_,29.05µm
u_fft_core.twiddle_data0_im\[4\],29.05µm
u_fft_core.u_fft8_mdc1.u_mdc8p_stage1.ds_switch_stage1.o_data_1i\[4\],29.05µm
u_fft_core.u_fft8_mdc3.u_mdc8p_stage2.ds_switch_stage1.valid_count\[0\],29.05µm
_08881_,29.04µm
_15908_,29.04µm
u_fft_core.u_fft8_mdc0.u_mdc8p_stage1.xfft_cell_route1.r_pp2_mult_i\[0\]\[1\],29.04µm
u_fft_core.u_fft8_mdc0.u_mdc8p_stage3.next_data1_r\[3\],29.04µm
_16167_,29.015µm
_05477_,29.01µm
u_fft_core.u_buffer_parallel2serial.mem_re\[15\]\[3\],29µm
u_fft_core.u_buffer_parallel2serial.mem_re\[16\]\[4\],28.99µm
_11890_,28.985µm
_12700_,28.98µm
u_fft_core.u_fft8_mdc0.u_mdc8p_stage1.ds_switch_stage1.o_data_1r\[2\],28.98µm
u_tx.current_cnt\[2\],28.98µm
_09711_,28.97µm
_14726_,28.955µm
_05373_,28.93µm
_10016_,28.93µm
u_fft_core.u_fft8_mdc1.u_mdc8p_stage1.r_data1_i\[4\],28.93µm
u_fft_core.u_fft8_mdc2.u_mdc8p_stage2.r_data1_i\[3\],28.93µm
_13522_,28.92µm
u_fft_core.shift_r2_ff1_data1_im\[1\],28.92µm
u_fft_core.u_fft8_mdc1.u_mdc8p_stage1.xfft_cell_route1.r_pp2_mult_i\[0\]\[15\],28.92µm
u_fft_core.u_shift_r4.data_re_q\[13\],28.92µm
u_fft_core.u_twiddle_interface.mult2_re\[0\],28.92µm
_12965_,28.915µm
_09362_,28.895µm
net3457,28.895µm
_05004_,28.88µm
_03737_,28.87µm
u_fft_core.u_fft8_mdc0.u_mdc8p_stage2.r_data0_r\[7\],28.87µm
_07818_,28.855µm
u_fft_core.u_buffer_parallel2serial.mem_im\[15\]\[1\],28.825µm
u_fft_core.u_buffer_parallel2serial.mem_im\[21\]\[0\],28.825µm
u_fft_core.u_buffer_parallel2serial.mem_re\[27\]\[3\],28.825µm
_12347_,28.815µm
u_fft_core.twiddle_data1_re\[1\],28.81µm
net3958,28.81µm
_07896_,28.8µm
clknet_6_2_0_i_clk,28.775µm
u_fft_core.u_fft8_mdc3.u_mdc8p_stage1.ds_switch_stage1.i_data_0i\[8\],28.77µm
u_fft_core.u_fft4.s1_od_sum_re\[7\],28.76µm
u_fft_core.u_shift_r4.data_im_q\[50\],28.76µm
_12606_,28.755µm
last_out_im\[2\],28.74µm
u_fft_core.u_fft8_mdc0.u_mdc8p_stage1.xfft_cell_route1.w_mult_r\[0\]\[1\],28.74µm
_06994_,28.715µm
clknet_6_52_0_i_clk,28.715µm
_18113_,28.71µm
u_fft_core.u_shift_r2_fft0.valid_q\[0\],28.705µm
_05486_,28.7µm
_07937_,28.7µm
_12312_,28.7µm
u_fft_core.shift_r2_ff3_data0_im\[5\],28.7µm
u_fft_core.u_fft8_mdc0.u_mdc8p_stage1.ds_switch_stage1.o_data_1r\[3\],28.69µm
_03250_,28.68µm
_17157_,28.68µm
u_fft_core.u_fft8_mdc0.u_mdc8p_stage1.ds_switch_stage1.i_data_0i\[3\],28.68µm
u_fft_core.u_buffer_parallel2serial.mem_re\[9\]\[5\],28.665µm
_08685_,28.65µm
_02662_,28.63µm
_14080_,28.63µm
_18044_,28.63µm
u_fft_core.twiddle_data2_im\[2\],28.62µm
net2766,28.62µm
_08541_,28.61µm
net4073,28.61µm
_11229_,28.59µm
net3786,28.59µm
_10061_,28.58µm
_09046_,28.57µm
u_fft_core.fft4_data2_im\[4\],28.57µm
net3946,28.57µm
_02839_,28.56µm
_05863_,28.56µm
_16980_,28.555µm
u_fft_core.u_shift_r2_fft1.data_re_q\[9\],28.555µm
_16612_,28.545µm
u_fft_core.u_fft8_mdc1.u_mdc8p_stage2.ds_switch_stage1.valid_count\[1\],28.545µm
_07870_,28.53µm
_07881_,28.53µm
_07379_,28.51µm
_08152_,28.51µm
_13477_,28.51µm
net3839,28.51µm
_06993_,28.5µm
_12834_,28.5µm
u_fft_core.u_fft8_mdc0.u_mdc8p_stage1.ds_switch_stage1.o_data_1i\[6\],28.5µm
u_fft_core.u_twiddle_interface.mult3_im\[2\],28.5µm
_04908_,28.495µm
net3586,28.495µm
u_fft_core.u_fft4.r_x0_im\[0\],28.49µm
_08485_,28.485µm
_13240_,28.48µm
_13120_,28.47µm
_05076_,28.465µm
_17260_,28.465µm
u_fft_core.u_shift_r4.data_re_q\[96\],28.465µm
_13878_,28.46µm
_09108_,28.45µm
_10598_,28.44µm
u_fft_core.u_shift_r4.data_im_q\[115\],28.405µm
_04038_,28.4µm
_05861_,28.39µm
_16098_,28.39µm
u_fft_core.u_shift_r4.data_re_q\[174\],28.39µm
_07786_,28.385µm
_12915_,28.38µm
u_fft_core.u_fft8_mdc0.u_mdc8p_stage2.r_data0_i\[5\],28.375µm
_03349_,28.37µm
_08493_,28.37µm
u_fft_core.u_fft4.s2_x2_re\[2\],28.365µm
_17924_,28.355µm
_02048_,28.34µm
_09557_,28.34µm
u_fft_core.u_fft8_mdc2.u_mdc8p_stage2.r_data0_i\[4\],28.34µm
u_fft_core.u_buffer_parallel2serial.mem_re\[12\]\[0\],28.33µm
_05312_,28.32µm
_13686_,28.32µm
_09034_,28.315µm
u_fft_core.u_fft8_mdc3.u_mdc8p_stage2.r_data0_r\[6\],28.315µm
_10760_,28.305µm
cnt_outputs\[3\],28.295µm
_15548_,28.29µm
u_fft_core.u_fft8_mdc1.u_mdc8p_stage2.r_data1_r\[3\],28.29µm
u_fft_core.u_fft8_mdc2.u_mdc8p_stage1.r_data0_i\[6\],28.285µm
_16824_,28.28µm
_18037_,28.28µm
_15491_,28.27µm
u_fft_core.u_fft8_mdc2.u_mdc8p_stage1.u_btfly2.o_data0_r\[5\],28.27µm
u_fft_core.u_fft8_mdc3.u_mdc8p_stage1.xfft_cell_route1.w_mult_i\[0\]\[1\],28.27µm
_06126_,28.26µm
_11199_,28.255µm
u_fft_core.u_fft4.s2_x1_re\[1\],28.255µm
_12756_,28.235µm
_11431_,28.23µm
_08605_,28.215µm
u_fft_core.u_fft8_mdc1.u_mdc8p_stage2.ds_switch_stage1.valid_count\[0\],28.21µm
u_fft_core.u_fft8_mdc1.u_mdc8p_stage2.r_data0_r\[6\],28.195µm
_02239_,28.185µm
_12418_,28.185µm
_07829_,28.18µm
u_fft_core.u_buffer_parallel2serial.mem_re\[15\]\[7\],28.155µm
_15542_,28.15µm
_16478_,28.15µm
u_fft_core.u_fft8_mdc3.u_mdc8p_stage1.ds_switch_stage1.o_data_1r\[7\],28.15µm
u_fft_core.u_shift_r2_fft3.data_re_q\[29\],28.15µm
_16753_,28.145µm
_16846_,28.14µm
u_fft_core.u_fft4.s1_od_sub_im\[8\],28.13µm
_16155_,28.125µm
_17002_,28.12µm
_03309_,28.115µm
net3478,28.105µm
_14522_,28.1µm
_16233_,28.09µm
_17367_,28.09µm
u_fft_core.u_fft8_mdc3.u_mdc8p_stage1.xfft_cell_route1.w_mult_i\[0\]\[2\],28.09µm
u_fft_core.u_shift_r2_fft0.valid_q\[1\],28.09µm
_02033_,28.08µm
_02992_,28.08µm
_14540_,28.08µm
u_fft_core.u_buffer_parallel2serial.mem_re\[12\]\[7\],28.08µm
u_fft_core.u_twiddle_interface.mult2_re\[6\],28.08µm
u_fft_core.u_twiddle_interface.mult3_im\[3\],28.08µm
_04453_,28.075µm
_06421_,28.075µm
_18106_,28.075µm
u_fft_core.u_buffer_parallel2serial.mem_im\[30\]\[0\],28.075µm
u_fft_core.u_buffer_parallel2serial.mem_re\[5\]\[3\],28.03µm
u_fft_core.u_fft8_mdc2.u_mdc8p_stage3.next_data1_i\[4\],28.03µm
clknet_6_51_0_i_clk,28.03µm
_15862_,28.025µm
_17008_,28.02µm
_10964_,28.01µm
net3500,28µm
_02686_,27.99µm
_16363_,27.99µm
_10129_,27.985µm
u_fft_core.u_buffer_parallel2serial.mem_im\[27\]\[3\],27.985µm
u_fft_core.u_fft8_mdc2.u_mdc8p_stage2.ds_switch_stage1.valid_count\[0\],27.98µm
clknet_leaf_109_i_clk,27.98µm
_14570_,27.97µm
u_fft_core.u_buffer_parallel2serial.mem_re\[24\]\[0\],27.97µm
u_fft_core.u_shift_r4.data_re_q\[107\],27.97µm
_03872_,27.96µm
u_fft_core.u_fft8_mdc1.u_mdc8p_stage1.xfft_cell_route1.w_mult_r\[0\]\[2\],27.96µm
net3279,27.96µm
_09530_,27.93µm
_10352_,27.93µm
_09281_,27.925µm
_05421_,27.92µm
_12878_,27.92µm
u_fft_core.u_fft8_mdc2.u_mdc8p_stage1.r_data1_i\[1\],27.92µm
u_debug_sys.u_debug_unit.last_out_re_sync\[2\],27.915µm
_17993_,27.91µm
_16473_,27.905µm
_09721_,27.9µm
u_fft_core.u_fft8_mdc0.u_mdc8p_stage1.ds_switch_stage1.o_data_1r\[8\],27.9µm
u_fft_core.u_fft8_mdc2.u_mdc8p_stage1.u_btfly2.o_data0_r\[1\],27.9µm
net3964,27.875µm
u_fft_core.u_buffer_parallel2serial.mem_re\[12\]\[3\],27.865µm
_06189_,27.86µm
_12901_,27.86µm
u_fft_core.twiddle_data3_re\[0\],27.86µm
u_fft_core.u_buffer_parallel2serial.mem_re\[13\]\[5\],27.86µm
_15889_,27.85µm
u_fft_core.u_shift_r4.data_re_q\[100\],27.85µm
_14538_,27.845µm
_03304_,27.84µm
_09372_,27.84µm
_13408_,27.84µm
_16144_,27.84µm
u_fft_core.shift_r2_ff0_data1_re\[2\],27.835µm
_15748_,27.83µm
u_fft_core.u_shift_r4.data_re_q\[169\],27.81µm
_10411_,27.78µm
u_fft_core.u_fft8_mdc2.u_mdc8p_stage2.r_data0_r\[8\],27.78µm
_16711_,27.765µm
u_fft_core.u_fft8_mdc2.u_mdc8p_stage1.ds_switch_stage1.i_data_0i\[5\],27.765µm
_08128_,27.755µm
u_fft_core.u_shift_r2_fft0.data_im_q\[9\],27.745µm
_07058_,27.74µm
_16888_,27.74µm
_17415_,27.74µm
u_fft_core.u_shift_r4.data_re_q\[126\],27.74µm
u_fft_core.u_fft8_mdc3.u_mdc8p_stage1.xfft_cell_route1.w_mult_i\[1\]\[8\],27.73µm
u_fft_core.u_shift_r4.data_im_q\[147\],27.73µm
net3411,27.72µm
u_fft_core.u_fft8_mdc2.u_mdc8p_stage1.xfft_cell_route1.w_mult_i\[0\]\[10\],27.715µm
_16153_,27.71µm
_07716_,27.685µm
_11874_,27.68µm
_11082_,27.675µm
_07270_,27.67µm
_15799_,27.67µm
_03832_,27.66µm
_06958_,27.66µm
_12585_,27.66µm
_11851_,27.65µm
_04985_,27.645µm
_15084_,27.63µm
u_fft_core.fft4_data2_re\[1\],27.63µm
u_fft_core.u_shift_r4.data_im_q\[58\],27.62µm
u_fft_core.u_fft8_mdc1.u_mdc8p_stage2.ds_switch_stage1.r_idata_i\[0\]\[3\],27.615µm
_03322_,27.61µm
_10131_,27.61µm
_10136_,27.61µm
_11959_,27.61µm
_17441_,27.61µm
u_fft_core.u_fft8_mdc2.u_mdc8p_stage1.ds_switch_stage1.valid_count\[1\],27.61µm
_07446_,27.6µm
_16270_,27.6µm
u_fft_core.u_fft8_mdc1.u_mdc8p_stage1.ds_switch_stage1.r_idata_r\[1\]\[2\],27.6µm
u_fft_core.u_shift_r2_fft3.data_im_q\[8\],27.6µm
_11205_,27.595µm
u_fft_core.u_buffer_parallel2serial.mem_re\[19\]\[5\],27.595µm
_06919_,27.59µm
_07790_,27.585µm
_14549_,27.585µm
_08164_,27.565µm
u_rx.current_shift\[10\],27.56µm
_03403_,27.55µm
_05388_,27.55µm
_11688_,27.55µm
_12067_,27.55µm
u_fft_core.u_buffer_parallel2serial.mem_re\[1\]\[6\],27.55µm
u_fft_core.u_fft8_mdc0.u_mdc8p_stage2.r_data0_r\[8\],27.55µm
u_fft_core.u_fft8_mdc2.u_mdc8p_stage1.ds_switch_stage1.w_data_1i\[6\],27.55µm
u_fft_core.u_buffer_parallel2serial.mem_im\[30\]\[7\],27.545µm
_06549_,27.54µm
_10245_,27.54µm
_16106_,27.54µm
_16050_,27.535µm
net3247,27.525µm
u_fft_core.u_buffer_parallel2serial.mem_re\[14\]\[6\],27.515µm
net4078,27.515µm
clknet_6_9_0_i_clk,27.51µm
_13688_,27.5µm
u_fft_core.u_shift_r4.data_re_q\[182\],27.5µm
_11545_,27.49µm
u_fft_core.u_fft4.s2_x1_im\[3\],27.49µm
u_fft_core.u_shift_r4.data_im_q\[169\],27.49µm
u_fft_core.u_shift_r4.data_re_q\[189\],27.49µm
_03270_,27.48µm
_03359_,27.48µm
_14281_,27.48µm
u_fft_core.u_shift_r2_fft0.data_im_q\[29\],27.48µm
u_fft_core.shift_r2_ff0_data1_im\[7\],27.445µm
u_fft_core.u_buffer_parallel2serial.mem_im\[29\]\[6\],27.445µm
u_fft_core.u_fft8_mdc2.u_mdc8p_stage1.ds_switch_stage1.o_data_1r\[6\],27.43µm
_08838_,27.42µm
_08522_,27.415µm
u_fft_core.u_shift_r4.valid_q\[19\],27.415µm
_04568_,27.395µm
_02356_,27.385µm
u_fft_core.u_buffer_parallel2serial.mem_re\[12\]\[5\],27.385µm
u_fft_core.u_buffer_parallel2serial.mem_im\[5\]\[4\],27.38µm
_06928_,27.36µm
_10512_,27.36µm
_16150_,27.36µm
u_fft_core.u_buffer_parallel2serial.mem_re\[29\]\[0\],27.355µm
_17065_,27.34µm
u_fft_core.fft4_data0_re\[0\],27.32µm
_13913_,27.315µm
_16799_,27.315µm
_03119_,27.31µm
u_fft_core.u_buffer_parallel2serial.mem_im\[16\]\[2\],27.31µm
_10850_,27.305µm
_06347_,27.3µm
u_fft_core.u_fft8_mdc2.u_mdc8p_stage2.r_data1_r\[3\],27.295µm
_10551_,27.28µm
_03360_,27.27µm
u_fft_core.u_shift_r4.data_im_q\[189\],27.265µm
_15166_,27.26µm
u_fft_core.u_shift_r4.data_im_q\[177\],27.26µm
net2809,27.26µm
u_fft_core.u_fft8_mdc0.u_mdc8p_stage2.ds_switch_stage1.o_data_0r\[7\],27.25µm
clknet_6_7_0_i_clk,27.25µm
_07324_,27.24µm
_09459_,27.24µm
_11469_,27.235µm
_14497_,27.21µm
u_fft_core.u_buffer_parallel2serial.mem_im\[6\]\[5\],27.19µm
u_fft_core.u_buffer_parallel2serial.mem_re\[30\]\[2\],27.19µm
u_fft_core.u_fft4.s2_x0_im\[2\],27.19µm
u_fft_core.u_fft8_mdc3.u_mdc8p_stage1.xfft_cell_route1.r_pp2_mult_r\[0\]\[11\],27.19µm
_02313_,27.18µm
_06076_,27.175µm
_08424_,27.175µm
_13915_,27.175µm
u_fft_core.u_fft4.s2_x3_re\[2\],27.175µm
net3413,27.16µm
u_fft_core.u_buffer_parallel2serial.mem_im\[27\]\[6\],27.145µm
_07567_,27.14µm
_12241_,27.14µm
u_fft_core.u_shift_r4.data_im_q\[12\],27.14µm
_17206_,27.135µm
_04751_,27.13µm
_17890_,27.13µm
u_fft_core.u_fft4.r_x0_re\[6\],27.13µm
u_fft_core.u_fft8_mdc0.u_mdc8p_stage1.ds_switch_stage1.w_data_1r\[8\],27.13µm
u_fft_core.u_fft8_mdc0.u_mdc8p_stage1.r_bt0_r\[0\]\[1\],27.13µm
_06106_,27.12µm
_07468_,27.12µm
_09781_,27.12µm
_13511_,27.12µm
_13898_,27.12µm
_17350_,27.12µm
u_fft_core.u_buffer_parallel2serial.mem_im\[21\]\[1\],27.12µm
u_fft_core.u_fft8_mdc0.u_mdc8p_stage1.ds_switch_stage1.i_data_1r\[4\],27.12µm
u_fft_core.u_shift_r4.data_re_q\[187\],27.12µm
clknet_leaf_115_i_clk,27.11µm
_16982_,27.105µm
u_fft_core.u_buffer_parallel2serial.mem_re\[19\]\[1\],27.09µm
u_fft_core.u_buffer_parallel2serial.mem_im\[19\]\[5\],27.085µm
clknet_6_59_0_i_clk,27.085µm
_11047_,27.08µm
_04257_,27.07µm
_10612_,27.07µm
_14889_,27.07µm
_11894_,27.065µm
_06768_,27.06µm
_06828_,27.06µm
u_fft_core.u_fft8_mdc1.u_mdc8p_stage1.xfft_cell_route1.r_pp2_mult_r\[0\]\[18\],27.055µm
_06965_,27.025µm
net3997,27.015µm
_15231_,27.01µm
u_fft_core.shift_r2_ff2_data0_im\[7\],27.01µm
clknet_6_44_0_i_clk,27.01µm
_02991_,27µm
u_fft_core.u_fft8_mdc2.u_mdc8p_stage1.r_data1_r\[5\],27µm
u_fft_core.u_fft8_mdc3.u_mdc8p_stage1.xfft_cell_route1.w_mult_r\[0\]\[15\],27µm
_08127_,26.99µm
u_fft_core.u_shift_r4.data_re_q\[18\],26.965µm
u_fft_core.u_fft8_mdc1.u_mdc8p_stage2.ds_switch_stage1.o_data_0r\[10\],26.96µm
_04897_,26.94µm
_11680_,26.935µm
_14026_,26.935µm
_07265_,26.93µm
_06108_,26.925µm
_06094_,26.91µm
_03651_,26.9µm
net38,26.9µm
clknet_6_41_0_i_clk,26.9µm
_13794_,26.89µm
_02034_,26.88µm
_05854_,26.88µm
_07405_,26.865µm
_03668_,26.85µm
_18066_,26.85µm
u_fft_core.twiddle_data1_im\[5\],26.85µm
_06396_,26.83µm
_13981_,26.83µm
_04331_,26.82µm
_06104_,26.82µm
_08042_,26.82µm
_16916_,26.82µm
u_fft_core.u_buffer_parallel2serial.mem_im\[30\]\[1\],26.82µm
net3537,26.82µm
_10280_,26.815µm
u_fft_core.u_fft8_mdc1.u_mdc8p_stage1.xfft_cell_route1.r_pp2_mult_r\[1\]\[15\],26.81µm
u_fft_core.u_buffer_parallel2serial.mem_im\[24\]\[4\],26.795µm
_05465_,26.79µm
_16251_,26.79µm
_07770_,26.78µm
u_fft_core.u_fft8_mdc2.u_mdc8p_stage1.r_data1_i\[0\],26.78µm
net4082,26.78µm
_15990_,26.775µm
_07510_,26.77µm
_09118_,26.765µm
_04812_,26.76µm
_06565_,26.76µm
cnt_outputs\[1\],26.76µm
_10763_,26.755µm
_17061_,26.755µm
fft_out_re\[4\],26.755µm
_11008_,26.74µm
_08990_,26.73µm
u_fft_core.u_fft8_mdc1.u_mdc8p_stage1.ds_switch_stage1.i_data_0i\[4\],26.73µm
_03606_,26.715µm
_02810_,26.71µm
u_fft_core.u_fft8_mdc0.u_mdc8p_stage2.ds_switch_stage1.r_idata_i\[0\]\[9\],26.71µm
u_fft_core.u_shift_r4.data_re_q\[144\],26.71µm
_12200_,26.7µm
_16394_,26.7µm
u_fft_core.u_fft8_mdc0.u_mdc8p_stage1.xfft_cell_route1.w_mult_r\[0\]\[6\],26.7µm
_06046_,26.695µm
_15407_,26.695µm
u_fft_core.u_buffer_parallel2serial.mem_im\[14\]\[7\],26.69µm
_14785_,26.685µm
net3766,26.67µm
_04973_,26.66µm
_10572_,26.66µm
_12674_,26.66µm
u_fft_core.u_buffer_parallel2serial.mem_re\[25\]\[7\],26.66µm
_09062_,26.655µm
_16756_,26.65µm
u_fft_core.u_buffer_parallel2serial.mem_im\[9\]\[4\],26.65µm
u_fft_core.u_shift_r4.data_re_q\[79\],26.65µm
net3530,26.65µm
clknet_leaf_309_i_clk,26.65µm
_03465_,26.64µm
_13315_,26.64µm
_14376_,26.64µm
_15794_,26.64µm
_16554_,26.64µm
_16599_,26.64µm
u_fft_core.fft4_data0_re\[2\],26.64µm
u_fft_core.u_fft8_mdc1.u_mdc8p_stage1.ds_switch_stage1.o_data_1i\[5\],26.64µm
u_fft_core.u_shift_r2_fft2.data_im_q\[31\],26.64µm
_05501_,26.635µm
_07441_,26.635µm
u_fft_core.u_shift_r2_fft2.data_re_q\[24\],26.635µm
u_fft_core.u_fft8_mdc1.u_mdc8p_stage1.ds_switch_stage1.i_data_0r\[8\],26.625µm
_08793_,26.62µm
u_fft_core.u_buffer_parallel2serial.mem_im\[9\]\[2\],26.61µm
u_fft_core.u_buffer_parallel2serial.mem_im\[14\]\[2\],26.605µm
u_fft_core.u_buffer_parallel2serial.mem_re\[29\]\[7\],26.605µm
u_fft_core.u_shift_r2_fft0.data_re_q\[19\],26.6µm
_12746_,26.595µm
_11931_,26.59µm
_15901_,26.59µm
_07226_,26.58µm
_09239_,26.58µm
_16238_,26.58µm
u_fft_core.u_fft8_mdc3.u_mdc8p_stage1.xfft_cell_route1.w_mult_r\[0\]\[2\],26.58µm
_14332_,26.565µm
_06547_,26.555µm
_07659_,26.555µm
u_fft_core.u_fft8_mdc1.u_mdc8p_stage2.ds_switch_stage1.o_data_0i\[8\],26.55µm
_06120_,26.54µm
u_fft_core.shift_r2_ff0_data1_re\[6\],26.535µm
_02873_,26.53µm
_11370_,26.53µm
u_fft_core.u_buffer_parallel2serial.mem_im\[11\]\[3\],26.53µm
u_fft_core.u_buffer_parallel2serial.mem_im\[11\]\[7\],26.53µm
u_fft_core.u_shift_r2_fft0.data_im_q\[30\],26.53µm
u_fft_core.u_shift_r4.data_re_q\[179\],26.53µm
_13871_,26.52µm
_15905_,26.52µm
_16122_,26.515µm
_18183_,26.505µm
_13950_,26.5µm
net3631,26.495µm
u_fft_core.u_buffer_parallel2serial.mem_im\[27\]\[7\],26.485µm
u_fft_core.u_shift_r4.data_re_q\[59\],26.485µm
u_fft_core.u_fft8_mdc1.u_mdc8p_stage1.xfft_cell_route1.r_pp2_mult_i\[0\]\[9\],26.47µm
_10258_,26.46µm
_10753_,26.46µm
_12485_,26.46µm
u_fft_core.u_fft4.r_x3_re\[2\],26.46µm
_04271_,26.455µm
_09611_,26.455µm
_08372_,26.445µm
cnt_inputs\[5\],26.44µm
_07820_,26.43µm
_11571_,26.43µm
u_fft_core.u_buffer_parallel2serial.mem_im\[28\]\[0\],26.425µm
_11759_,26.42µm
_13764_,26.42µm
clknet_6_19_0_i_clk,26.42µm
_08021_,26.41µm
_09223_,26.41µm
_12278_,26.41µm
_13253_,26.41µm
_14584_,26.41µm
u_fft_core.u_shift_r4.data_im_q\[142\],26.41µm
_03589_,26.4µm
_06472_,26.4µm
_12540_,26.4µm
u_fft_core.u_fft8_mdc3.u_mdc8p_stage3.next_data1_i\[4\],26.4µm
_03001_,26.395µm
_09492_,26.395µm
_16133_,26.39µm
_08542_,26.385µm
_10601_,26.385µm
net3120,26.38µm
net4081,26.375µm
_14433_,26.37µm
_12541_,26.36µm
_13028_,26.355µm
_02952_,26.35µm
_03559_,26.35µm
_16507_,26.35µm
_17471_,26.35µm
_16146_,26.34µm
u_fft_core.u_fft8_mdc0.u_mdc8p_stage1.xfft_cell_route1.r_pp2_mult_i\[0\]\[16\],26.34µm
_09392_,26.33µm
_09279_,26.325µm
_10769_,26.325µm
_05781_,26.31µm
_17871_,26.31µm
_02150_,26.305µm
_06273_,26.3µm
u_fft_core.u_fft4.s1_od_sub_im\[1\],26.3µm
u_fft_core.u_shift_r4.data_im_q\[87\],26.3µm
net3406,26.3µm
_07978_,26.295µm
_06352_,26.29µm
_12319_,26.29µm
u_fft_core.u_buffer_parallel2serial.mem_im\[15\]\[0\],26.29µm
u_fft_core.u_shift_r2_fft1.data_re_q\[16\],26.29µm
u_fft_core.u_shift_r4.data_re_q\[72\],26.29µm
_09306_,26.285µm
_03037_,26.28µm
_13215_,26.28µm
_08682_,26.275µm
fft_enable,26.275µm
_15668_,26.26µm
clknet_leaf_148_i_clk,26.24µm
_10288_,26.235µm
_05521_,26.23µm
_06212_,26.22µm
_07795_,26.215µm
_09848_,26.215µm
net3202,26.215µm
_15561_,26.205µm
u_fft_core.u_fft4.s1_ev_sub_im\[6\],26.2µm
net3520,26.195µm
_03132_,26.19µm
_08514_,26.185µm
u_fft_core.shift_r2_ff0_data1_im\[6\],26.185µm
_14114_,26.18µm
u_fft_core.u_fft8_mdc1.u_mdc8p_stage3.next_data1_r\[1\],26.18µm
_04561_,26.17µm
_08194_,26.17µm
u_fft_core.u_buffer_parallel2serial.mem_re\[5\]\[6\],26.17µm
u_fft_core.u_fft4.s2_x2_im\[3\],26.17µm
u_fft_core.u_fft8_mdc2.u_mdc8p_stage1.ds_switch_stage1.i_data_1i\[7\],26.17µm
u_fft_core.u_fft8_mdc1.u_mdc8p_stage1.ds_switch_stage1.o_valid,26.165µm
_04090_,26.16µm
_04774_,26.16µm
_06206_,26.16µm
_11097_,26.16µm
_08516_,26.155µm
_11592_,26.155µm
_15780_,26.14µm
u_fft_core.u_buffer_parallel2serial.mem_re\[29\]\[6\],26.135µm
u_fft_core.u_buffer_parallel2serial.mem_im\[22\]\[6\],26.13µm
_02059_,26.125µm
u_fft_core.u_shift_r4.data_re_q\[149\],26.125µm
_13672_,26.12µm
u_fft_core.u_shift_r4.data_re_q\[176\],26.11µm
_04390_,26.1µm
_05518_,26.1µm
_17298_,26.1µm
u_fft_core.u_fft8_mdc0.u_mdc8p_stage1.ds_switch_stage1.r_idata_r\[0\]\[2\],26.1µm
_14848_,26.085µm
_16833_,26.075µm
_17306_,26.07µm
u_fft_core.u_shift_r2_fft2.data_im_q\[26\],26.065µm
_05469_,26.06µm
u_fft_core.u_fft8_mdc3.u_mdc8p_stage1.xfft_cell_route1.r_pp2_mult_i\[0\]\[6\],26.06µm
_06084_,26.05µm
_06718_,26.05µm
u_fft_core.u_buffer_parallel2serial.mem_im\[12\]\[1\],26.05µm
u_fft_core.u_fft4.s2_x0_re\[5\],26.05µm
u_fft_core.u_fft8_mdc2.u_mdc8p_stage1.xfft_cell_route1.r_pp2_mult_i\[0\]\[1\],26.05µm
_02004_,26.045µm
_16356_,26.045µm
u_fft_core.u_fft4.r_x3_im\[7\],26.045µm
_06833_,26.04µm
_10975_,26.04µm
u_fft_core.u_fft8_mdc0.u_mdc8p_stage2.r_data0_i\[0\],26.04µm
_04922_,26.035µm
u_fft_core.shift_r2_ff1_data1_im\[3\],26.015µm
_07389_,26µm
_15801_,26µm
_08284_,25.995µm
_15371_,25.995µm
_04339_,25.99µm
_18116_,25.99µm
_18169_,25.99µm
u_fft_core.shift_r2_ff3_data0_re\[2\],25.99µm
_16172_,25.98µm
u_fft_core.u_fft8_mdc1.u_mdc8p_stage2.ds_switch_stage1.o_data_0i\[5\],25.98µm
_03061_,25.975µm
_15294_,25.975µm
_09323_,25.96µm
_15597_,25.95µm
_06145_,25.945µm
_02811_,25.94µm
_03200_,25.935µm
_06780_,25.93µm
_11207_,25.925µm
_04380_,25.92µm
u_fft_core.u_fft8_mdc0.u_mdc8p_stage1.r_data0_i\[1\],25.92µm
u_fft_core.u_fft8_mdc0.u_mdc8p_stage3.next_data0_r\[7\],25.92µm
_16614_,25.915µm
u_fft_core.u_fft8_mdc2.u_mdc8p_stage2.ds_switch_stage1.r_idata_r\[0\]\[10\],25.915µm
net3459,25.915µm
_16837_,25.875µm
_04446_,25.87µm
_11504_,25.87µm
_12254_,25.87µm
_13747_,25.87µm
_06365_,25.86µm
_11084_,25.86µm
_17922_,25.86µm
u_fft_core.shift_r2_ff1_data1_im\[2\],25.86µm
net3513,25.86µm
_08953_,25.855µm
_11388_,25.85µm
_05587_,25.845µm
u_fft_core.u_fft8_mdc2.u_mdc8p_stage3.next_data0_i\[7\],25.845µm
_03560_,25.84µm
_16471_,25.83µm
net4008,25.83µm
_11509_,25.81µm
_12392_,25.81µm
_16988_,25.81µm
_17778_,25.81µm
u_fft_core.u_fft8_mdc3.u_mdc8p_stage3.next_data0_i\[4\],25.81µm
u_fft_core.u_shift_r4.data_im_q\[13\],25.81µm
_03028_,25.805µm
_06062_,25.805µm
_13044_,25.805µm
_13670_,25.8µm
_11009_,25.79µm
u_fft_core.u_fft4.r_x1_re\[4\],25.77µm
_11062_,25.76µm
_11626_,25.76µm
_15480_,25.75µm
u_debug_sys.u_debug_unit.cnt_inputs_sync\[1\],25.75µm
u_fft_core.shift_r2_ff2_data0_im\[6\],25.75µm
u_fft_core.u_buffer_parallel2serial.mem_re\[9\]\[2\],25.75µm
_16173_,25.745µm
u_fft_core.u_fft8_mdc1.u_mdc8p_stage2.ds_switch_stage1.r_idata_r\[0\]\[9\],25.745µm
_10134_,25.74µm
_14610_,25.74µm
_16940_,25.74µm
_07924_,25.735µm
_09772_,25.735µm
_13241_,25.735µm
_10947_,25.72µm
_09749_,25.715µm
_05471_,25.705µm
_09026_,25.7µm
_12762_,25.7µm
_15821_,25.7µm
u_fft_core.u_buffer_parallel2serial.mem_re\[10\]\[6\],25.7µm
_06095_,25.695µm
_02959_,25.69µm
_04350_,25.69µm
_14503_,25.69µm
u_fft_core.u_shift_r2_fft1.data_re_q\[20\],25.69µm
u_fft_core.u_shift_r4.data_re_q\[92\],25.69µm
_04544_,25.68µm
_06237_,25.68µm
_13320_,25.68µm
_13784_,25.68µm
u_fft_core.u_shift_r4.data_im_q\[175\],25.68µm
_12952_,25.675µm
_14466_,25.675µm
_06057_,25.66µm
u_fft_core.u_fft8_mdc1.u_mdc8p_stage1.r_data0_i\[0\],25.65µm
u_fft_core.u_buffer_parallel2serial.mem_re\[21\]\[7\],25.645µm
u_fft_core.u_buffer_parallel2serial.mem_im\[8\]\[0\],25.64µm
u_fft_core.u_buffer_parallel2serial.mem_im\[8\]\[2\],25.64µm
u_fft_core.u_fft8_mdc2.u_mdc8p_stage1.ds_switch_stage1.r_odata_i\[0\]\[4\],25.64µm
_16513_,25.635µm
_05433_,25.63µm
_09139_,25.63µm
_09902_,25.63µm
_12205_,25.63µm
u_fft_core.u_buffer_parallel2serial.mem_re\[16\]\[7\],25.625µm
_12716_,25.62µm
u_fft_core.shift_r2_ff0_data0_im\[2\],25.62µm
_03100_,25.6µm
_12486_,25.585µm
_05432_,25.58µm
i_rst_n,25.58µm
clknet_6_31_0_i_clk,25.58µm
_05927_,25.575µm
_08466_,25.575µm
_17464_,25.57µm
u_fft_core.shift_r2_ff0_data1_re\[1\],25.565µm
_09429_,25.56µm
_13512_,25.56µm
u_fft_core.u_fft8_mdc1.u_mdc8p_stage1.xfft_cell_route1.w_mult_r\[0\]\[8\],25.56µm
_17113_,25.555µm
_18171_,25.555µm
net3278,25.545µm
cnt_outputs\[4\],25.535µm
_10759_,25.53µm
clknet_6_5_0_i_clk,25.52µm
_08765_,25.51µm
_11078_,25.51µm
u_fft_core.u_buffer_parallel2serial.mem_re\[0\]\[4\],25.51µm
u_fft_core.u_buffer_parallel2serial.mem_re\[29\]\[4\],25.51µm
_02999_,25.505µm
u_fft_core.u_fft8_mdc3.u_mdc8p_stage1.xfft_cell_route1.r_pp1_data_i\[2\],25.5µm
net3066,25.49µm
u_fft_core.u_fft8_mdc1.u_mdc8p_stage2.r_data1_i\[0\],25.47µm
u_fft_core.shift_r2_ff0_valid,25.465µm
_02206_,25.46µm
_02663_,25.46µm
_16263_,25.46µm
u_fft_core.u_buffer_parallel2serial.mem_re\[10\]\[3\],25.46µm
u_fft_core.u_buffer_parallel2serial.mem_re\[12\]\[1\],25.46µm
u_fft_core.u_fft8_mdc0.u_mdc8p_stage1.xfft_cell_route1.r_pp2_mult_i\[0\]\[11\],25.46µm
u_fft_core.u_shift_r4.data_re_q\[178\],25.46µm
_17344_,25.455µm
u_fft_core.shift_r2_ff2_data0_re\[4\],25.45µm
u_fft_core.u_buffer_parallel2serial.mem_re\[15\]\[5\],25.45µm
net3456,25.45µm
u_fft_core.u_fft8_mdc3.u_mdc8p_stage2.r_data1_r\[8\],25.42µm
u_fft_core.u_buffer_parallel2serial.mem_im\[13\]\[0\],25.41µm
u_fft_core.u_buffer_parallel2serial.mem_re\[22\]\[2\],25.4µm
_16175_,25.395µm
_14366_,25.39µm
u_fft_core.u_fft8_mdc1.u_mdc8p_stage1.ds_switch_stage1.i_data_0i\[6\],25.39µm
u_fft_core.u_fft8_mdc1.u_mdc8p_stage1.xfft_cell_route1.w_mult_i\[0\]\[13\],25.39µm
u_fft_core.u_buffer_parallel2serial.mem_im\[16\]\[4\],25.365µm
_05762_,25.35µm
_06966_,25.35µm
clknet_6_42_0_i_clk,25.34µm
_03258_,25.33µm
u_debug_sys.u_debug_unit.cnt_inputs_sync\[6\],25.33µm
_04207_,25.32µm
_11499_,25.32µm
u_fft_core.u_fft4.r_x0_im\[4\],25.32µm
u_fft_core.u_fft8_mdc0.u_mdc8p_stage1.xfft_cell_route1.w_mult_i\[0\]\[4\],25.32µm
u_rx.current_cnt\[4\],25.315µm
_04662_,25.3µm
u_fft_core.u_shift_r4.data_re_q\[117\],25.3µm
_12081_,25.295µm
_17845_,25.29µm
u_fft_core.u_fft4.s2_x3_im\[7\],25.285µm
_12143_,25.28µm
_17630_,25.27µm
u_fft_core.u_fft8_mdc1.u_mdc8p_stage1.r_data1_r\[5\],25.26µm
_06053_,25.255µm
u_fft_core.u_fft8_mdc2.u_mdc8p_stage2.ds_switch_stage1.o_data_0i\[0\],25.255µm
_12754_,25.245µm
_10877_,25.235µm
_15310_,25.235µm
_14402_,25.225µm
u_fft_core.u_buffer_parallel2serial.mem_re\[16\]\[1\],25.225µm
_08667_,25.22µm
_16260_,25.215µm
_06299_,25.21µm
_08930_,25.21µm
u_fft_core.u_fft8_mdc3.u_mdc8p_stage1.xfft_cell_route1.r_pp2_mult_i\[0\]\[18\],25.21µm
u_fft_core.u_shift_r2_fft3.data_im_q\[25\],25.21µm
cnt_outputs\[6\],25.205µm
_03791_,25.2µm
_05419_,25.2µm
_14867_,25.2µm
_18065_,25.2µm
_11861_,25.195µm
_14146_,25.195µm
u_fft_core.u_fft8_mdc3.u_mdc8p_stage2.r_data1_r\[1\],25.195µm
u_fft_core.u_twiddle_interface.data0_im_q\[4\],25.195µm
u_fft_core.u_fft8_mdc1.u_mdc8p_stage1.xfft_cell_route1.r_pp2_mult_i\[0\]\[11\],25.185µm
_14481_,25.17µm
u_fft_core.u_buffer_parallel2serial.mem_im\[4\]\[6\],25.165µm
_11538_,25.155µm
_02140_,25.15µm
_13943_,25.15µm
u_fft_core.u_fft8_mdc2.u_mdc8p_stage1.xfft_cell_route1.w_mult_r\[0\]\[6\],25.15µm
_13251_,25.14µm
_15651_,25.125µm
_15670_,25.12µm
_08112_,25.105µm
_11588_,25.105µm
_16974_,25.09µm
u_fft_core.u_fft8_mdc0.u_mdc8p_stage1.u_btfly2.o_data1_i\[2\],25.09µm
_07949_,25.08µm
_15743_,25.08µm
_16739_,25.065µm
_07715_,25.06µm
_15531_,25.06µm
_14516_,25.05µm
u_fft_core.u_shift_r4.data_re_q\[106\],25.05µm
u_fft_core.u_buffer_parallel2serial.mem_im\[25\]\[1\],25.045µm
u_fft_core.u_buffer_parallel2serial.mem_re\[1\]\[0\],25.045µm
u_fft_core.u_shift_r4.data_re_q\[91\],25.045µm
net4077,25.045µm
_17211_,25.04µm
u_fft_core.u_shift_r2_fft3.data_im_q\[24\],25.035µm
_16781_,25.03µm
_17609_,25.03µm
u_fft_core.shift_r4_data0_im\[2\],25.025µm
_14180_,25.02µm
_14789_,25.02µm
u_fft_core.u_fft8_mdc0.u_mdc8p_stage1.u_btfly2.o_data0_r\[2\],25.02µm
_05933_,25.015µm
u_fft_core.u_shift_r4.data_re_q\[160\],25.015µm
_08575_,25.005µm
_06379_,25µm
u_fft_core.u_fft8_mdc2.u_mdc8p_stage2.ds_switch_stage1.o_data_0i\[8\],24.99µm
_17576_,24.985µm
_02858_,24.98µm
_06885_,24.975µm
_16525_,24.97µm
_17212_,24.97µm
_05380_,24.965µm
_10324_,24.965µm
_02827_,24.96µm
_03244_,24.96µm
net3057,24.96µm
_08861_,24.955µm
u_fft_core.u_twiddle_interface.data0_im_q\[3\],24.955µm
_02219_,24.94µm
u_fft_core.u_fft8_mdc0.u_mdc8p_stage2.ds_switch_stage1.r_idata_i\[0\]\[3\],24.93µm
u_fft_core.u_fft8_mdc3.u_mdc8p_stage1.ds_switch_stage1.valid_count\[0\],24.92µm
_08545_,24.915µm
u_fft_core.u_fft8_mdc0.u_mdc8p_stage1.r_data0_i\[5\],24.915µm
_06182_,24.91µm
u_fft_core.u_shift_r4.data_re_q\[171\],24.91µm
_12383_,24.9µm
_15212_,24.9µm
u_fft_core.u_fft8_mdc1.u_mdc8p_stage1.ds_switch_stage1.r_idata_r\[1\]\[6\],24.9µm
u_fft_core.u_shift_r2_fft3.data_im_q\[10\],24.9µm
u_fft_core.u_twiddle_interface.u_mult_1.u_clip.o_data_im\[7\],24.9µm
_10525_,24.885µm
_03085_,24.87µm
_10289_,24.87µm
_13490_,24.865µm
u_fft_core.u_fft8_mdc0.u_mdc8p_stage2.ds_switch_stage1.valid_count\[0\],24.86µm
u_fft_core.u_shift_r2_fft3.data_im_q\[29\],24.86µm
clknet_6_26_0_i_clk,24.86µm
_10992_,24.855µm
_12424_,24.855µm
_14719_,24.855µm
_01052_,24.85µm
u_fft_core.u_fft8_mdc3.u_mdc8p_stage1.xfft_cell_route1.r_pp2_mult_i\[1\]\[1\],24.85µm
_04103_,24.84µm
u_fft_core.u_buffer_parallel2serial.mem_re\[28\]\[5\],24.84µm
_08615_,24.83µm
_07374_,24.825µm
_12462_,24.825µm
_03860_,24.82µm
_04647_,24.82µm
_02362_,24.805µm
_01220_,24.79µm
_15040_,24.79µm
_16060_,24.79µm
rx_data_re\[5\],24.79µm
u_fft_core.u_buffer_parallel2serial.mem_re\[22\]\[4\],24.79µm
u_fft_core.u_buffer_parallel2serial.mem_re\[26\]\[3\],24.785µm
_03443_,24.78µm
_11903_,24.78µm
_17426_,24.78µm
u_fft_core.u_fft8_mdc0.u_mdc8p_stage1.xfft_cell_route1.w_mult_r\[0\]\[8\],24.78µm
_14489_,24.775µm
u_fft_core.u_buffer_parallel2serial.mem_im\[16\]\[0\],24.775µm
u_fft_core.u_fft4.s1_ev_sub_im\[8\],24.76µm
u_fft_core.u_fft8_mdc2.u_mdc8p_stage1.ds_switch_stage1.i_data_0i\[8\],24.76µm
u_fft_core.u_buffer_parallel2serial.mem_im\[21\]\[7\],24.755µm
_11268_,24.75µm
_13242_,24.75µm
clknet_leaf_330_i_clk,24.75µm
_06524_,24.745µm
u_fft_core.u_fft8_mdc3.u_mdc8p_stage1.xfft_cell_route1.r_pp2_mult_i\[0\]\[5\],24.735µm
_05527_,24.73µm
_10483_,24.73µm
_10673_,24.73µm
u_debug_sys.u_debug_unit.cnt_inputs_sync\[0\],24.725µm
_04539_,24.72µm
u_fft_core.u_buffer_parallel2serial.mem_im\[13\]\[1\],24.72µm
_10083_,24.715µm
_10781_,24.715µm
u_fft_core.u_buffer_parallel2serial.mem_re\[6\]\[4\],24.715µm
_15540_,24.71µm
_14260_,24.7µm
_15991_,24.7µm
_06864_,24.69µm
u_fft_core.u_buffer_parallel2serial.mem_re\[13\]\[2\],24.685µm
_17148_,24.68µm
u_fft_core.u_fft8_mdc2.u_mdc8p_stage3.next_data0_i\[4\],24.68µm
u_tx.current_cnt\[1\],24.68µm
_02423_,24.67µm
_08204_,24.67µm
_11091_,24.67µm
u_fft_core.u_fft8_mdc0.u_mdc8p_stage2.ds_switch_stage1.r_idata_r\[0\]\[4\],24.67µm
u_fft_core.u_fft8_mdc3.u_mdc8p_stage1.r_data0_r\[1\],24.67µm
_03761_,24.66µm
_15309_,24.655µm
_15555_,24.65µm
_04569_,24.64µm
u_fft_core.u_twiddle_interface.u_mult_2.u_clip.o_data_re\[7\],24.64µm
_10976_,24.635µm
_09562_,24.63µm
_04176_,24.625µm
_16415_,24.625µm
u_debug_sys.u_spi_slave.bit_cnt\[1\],24.625µm
_12365_,24.61µm
_12615_,24.61µm
_17476_,24.61µm
u_fft_core.u_buffer_parallel2serial.mem_re\[15\]\[1\],24.61µm
u_fft_core.u_fft8_mdc0.u_mdc8p_stage1.xfft_cell_route1.r_pp2_mult_i\[0\]\[13\],24.605µm
_03987_,24.6µm
_07184_,24.6µm
_11152_,24.6µm
u_fft_core.u_fft8_mdc0.u_mdc8p_stage1.xfft_cell_route1.r_pp2_mult_r\[1\]\[15\],24.6µm
u_fft_core.u_fft8_mdc1.u_mdc8p_stage1.xfft_cell_route1.w_mult_r\[0\]\[3\],24.6µm
_03710_,24.57µm
u_fft_core.u_buffer_parallel2serial.mem_im\[25\]\[4\],24.57µm
u_fft_core.u_fft8_mdc2.u_mdc8p_stage1.ds_switch_stage1.r_idata_r\[1\]\[7\],24.57µm
_11149_,24.565µm
u_fft_core.u_fft4.s1_od_sub_im\[3\],24.565µm
_08573_,24.56µm
u_fft_core.u_fft8_mdc0.u_mdc8p_stage1.r_data1_r\[5\],24.56µm
_03091_,24.55µm
_11150_,24.55µm
u_fft_core.u_buffer_parallel2serial.mem_im\[21\]\[6\],24.55µm
u_fft_core.u_shift_r2_fft0.data_re_q\[30\],24.55µm
_05203_,24.525µm
_06204_,24.52µm
_07689_,24.52µm
_10345_,24.51µm
_12629_,24.505µm
_08181_,24.5µm
u_fft_core.u_fft8_mdc3.u_mdc8p_stage2.ds_switch_stage1.r_idata_i\[0\]\[9\],24.5µm
_17563_,24.495µm
_06764_,24.49µm
_07596_,24.49µm
_11184_,24.49µm
_14721_,24.49µm
u_fft_core.shift_r4_data1_re\[6\],24.49µm
u_fft_core.u_buffer_parallel2serial.mem_re\[20\]\[0\],24.49µm
_15788_,24.485µm
_06040_,24.48µm
_16697_,24.48µm
_17222_,24.48µm
u_fft_core.u_shift_r4.data_re_q\[180\],24.48µm
_03684_,24.465µm
u_fft_core.u_buffer_parallel2serial.mem_im\[13\]\[6\],24.46µm
_09932_,24.455µm
_01363_,24.43µm
_09788_,24.425µm
_04500_,24.42µm
_16852_,24.395µm
u_fft_core.u_fft4.s1_od_sub_im\[4\],24.39µm
_17042_,24.385µm
u_fft_core.u_shift_r4.data_im_q\[168\],24.385µm
_09746_,24.38µm
_12553_,24.38µm
u_rx.current_shift\[6\],24.38µm
_02266_,24.37µm
_07391_,24.37µm
_07682_,24.37µm
u_fft_core.u_buffer_parallel2serial.mem_im\[30\]\[4\],24.37µm
u_fft_core.u_buffer_parallel2serial.mem_re\[11\]\[6\],24.37µm
u_fft_core.u_fft4.s1_ev_sum_re\[7\],24.37µm
u_fft_core.u_fft8_mdc2.u_mdc8p_stage1.xfft_cell_route1.w_mult_r\[0\]\[2\],24.37µm
_14443_,24.36µm
_08599_,24.355µm
_10948_,24.355µm
u_fft_core.u_buffer_parallel2serial.mem_im\[23\]\[6\],24.355µm
u_fft_core.u_fft8_mdc2.u_mdc8p_stage2.ds_switch_stage1.o_data_0r\[3\],24.355µm
_09499_,24.34µm
_10481_,24.34µm
_15616_,24.33µm
u_fft_core.u_buffer_parallel2serial.mem_im\[11\]\[4\],24.33µm
u_fft_core.u_fft8_mdc2.u_mdc8p_stage1.xfft_cell_route1.w_mult_i\[1\]\[2\],24.33µm
_02428_,24.325µm
_12983_,24.325µm
_08585_,24.31µm
_10242_,24.31µm
u_fft_core.u_buffer_parallel2serial.mem_re\[3\]\[2\],24.31µm
u_fft_core.u_shift_r4.data_im_q\[60\],24.31µm
_04724_,24.3µm
_04928_,24.3µm
_05862_,24.3µm
_05986_,24.3µm
_08913_,24.3µm
_13745_,24.3µm
u_fft_core.u_fft8_mdc1.u_mdc8p_stage1.xfft_cell_route1.w_mult_i\[0\]\[10\],24.3µm
u_fft_core.u_fft8_mdc2.u_mdc8p_stage3.next_data0_i\[5\],24.3µm
_02585_,24.295µm
u_fft_core.u_buffer_parallel2serial.mem_im\[18\]\[2\],24.295µm
_15926_,24.285µm
_02848_,24.28µm
u_fft_core.u_fft8_mdc3.u_mdc8p_stage1.r_data1_i\[5\],24.28µm
_05641_,24.27µm
_10008_,24.265µm
_13524_,24.26µm
_16878_,24.26µm
u_fft_core.u_fft8_mdc2.u_mdc8p_stage1.xfft_cell_route1.r_pp2_mult_i\[1\]\[13\],24.26µm
u_fft_core.u_fft8_mdc2.u_mdc8p_stage2.ds_switch_stage1.i_data_1r\[7\],24.26µm
_11733_,24.25µm
_16758_,24.25µm
u_fft_core.shift_r2_ff1_data0_re\[4\],24.25µm
u_fft_core.twiddle_data1_re\[3\],24.25µm
u_fft_core.u_buffer_parallel2serial.mem_im\[19\]\[7\],24.25µm
u_fft_core.u_buffer_parallel2serial.mem_im\[25\]\[6\],24.25µm
u_fft_core.u_buffer_parallel2serial.mem_re\[17\]\[5\],24.25µm
u_fft_core.u_fft4.r_x2_re\[5\],24.25µm
u_fft_core.u_fft8_mdc0.u_mdc8p_stage1.ds_switch_stage1.o_data_1i\[3\],24.25µm
u_fft_core.u_fft8_mdc2.u_mdc8p_stage3.next_data0_i\[0\],24.25µm
u_fft_core.u_shift_r4.data_re_q\[8\],24.25µm
_05179_,24.24µm
_07283_,24.24µm
_12584_,24.24µm
_14450_,24.24µm
_15787_,24.24µm
u_fft_core.u_fft8_mdc0.u_mdc8p_stage1.xfft_cell_route1.r_pp2_mult_i\[1\]\[6\],24.24µm
u_fft_core.u_fft8_mdc0.u_mdc8p_stage2.ds_switch_stage1.i_data_1r\[1\],24.24µm
u_fft_core.u_fft8_mdc0.u_mdc8p_stage3.next_data1_i\[1\],24.24µm
u_fft_core.u_fft8_mdc2.u_mdc8p_stage1.r_data1_r\[6\],24.24µm
clknet_leaf_194_i_clk,24.24µm
_04270_,24.235µm
_04629_,24.235µm
u_fft_core.u_shift_r2_fft3.data_im_q\[26\],24.235µm
_09365_,24.23µm
_08460_,24.22µm
_16748_,24.215µm
_11760_,24.205µm
net3554,24.205µm
u_fft_core.u_fft8_mdc2.u_mdc8p_stage1.ds_switch_stage1.o_data_0i\[2\],24.2µm
_06835_,24.19µm
u_fft_core.u_fft4.s2_x2_re\[4\],24.19µm
u_fft_core.u_fft8_mdc0.u_mdc8p_stage1.ds_switch_stage1.i_data_0r\[6\],24.19µm
u_fft_core.u_shift_r4.data_re_q\[188\],24.19µm
u_fft_core.u_fft8_mdc0.u_mdc8p_stage1.u_btfly2.o_data0_i\[8\],24.18µm
_02049_,24.175µm
_02602_,24.175µm
_05532_,24.175µm
_10934_,24.175µm
_07082_,24.15µm
_11240_,24.15µm
u_fft_core.u_buffer_parallel2serial.mem_re\[5\]\[7\],24.15µm
_05483_,24.145µm
_11022_,24.145µm
u_fft_core.fft4_data1_re\[5\],24.14µm
u_fft_core.u_fft8_mdc2.u_mdc8p_stage1.xfft_cell_route1.r_pp2_mult_i\[0\]\[4\],24.14µm
u_fft_core.u_fft8_mdc3.u_mdc8p_stage1.r_count\[0\],24.14µm
_06639_,24.13µm
_15806_,24.13µm
_16124_,24.13µm
u_fft_core.u_fft8_mdc0.u_mdc8p_stage2.r_data0_i\[3\],24.13µm
_04623_,24.12µm
_04993_,24.12µm
_18056_,24.12µm
u_fft_core.u_shift_r4.data_im_q\[108\],24.12µm
_12632_,24.095µm
u_fft_core.u_shift_r4.valid_q\[1\],24.09µm
u_fft_core.u_shift_r4.data_re_q\[172\],24.085µm
_07816_,24.08µm
_11021_,24.08µm
_15867_,24.08µm
u_fft_core.u_shift_r4.data_im_q\[138\],24.075µm
_13081_,24.07µm
_15201_,24.07µm
_16751_,24.07µm
u_fft_core.u_fft8_mdc1.u_mdc8p_stage2.ds_switch_stage1.i_data_1r\[1\],24.07µm
u_fft_core.u_fft8_mdc3.u_mdc8p_stage1.r_count\[1\],24.07µm
u_fft_core.u_shift_r4.data_re_q\[155\],24.07µm
u_fft_core.u_shift_r4.valid_q\[18\],24.07µm
_16745_,24.065µm
_02351_,24.06µm
_03572_,24.055µm
net3803,24.04µm
_10183_,24.03µm
_10963_,24.03µm
_07666_,24.025µm
_10607_,24.02µm
_14767_,24.02µm
u_fft_core.u_buffer_parallel2serial.mem_re\[10\]\[4\],24.02µm
u_fft_core.u_fft4.s2_x2_im\[8\],24.02µm
clknet_leaf_431_i_clk,24.02µm
_16387_,24.015µm
_07409_,24.01µm
u_fft_core.u_shift_r4.data_re_q\[137\],24.01µm
clknet_6_15_0_i_clk,24.01µm
u_fft_core.u_fft8_mdc0.u_mdc8p_stage1.ds_switch_stage1.w_data_1i\[6\],24µm
last_out_im\[5\],23.985µm
_17086_,23.98µm
u_fft_core.u_shift_r4.valid_q\[10\],23.975µm
_03104_,23.95µm
_09031_,23.95µm
u_fft_core.u_buffer_parallel2serial.mem_im\[29\]\[0\],23.95µm
_05524_,23.94µm
_10379_,23.94µm
_05599_,23.935µm
_02583_,23.92µm
_12869_,23.91µm
_07668_,23.9µm
_17618_,23.9µm
net3007,23.9µm
_08929_,23.895µm
_04323_,23.89µm
_07634_,23.89µm
u_fft_core.u_fft8_mdc1.u_mdc8p_stage1.ds_switch_stage1.o_data_0i\[3\],23.89µm
net3627,23.89µm
_03755_,23.88µm
_07527_,23.88µm
_15297_,23.88µm
u_fft_core.u_fft8_mdc0.u_mdc8p_stage3.next_data1_i\[3\],23.88µm
u_fft_core.u_fft8_mdc2.u_mdc8p_stage1.r_data1_r\[3\],23.88µm
_04079_,23.86µm
_09518_,23.86µm
_03187_,23.85µm
_14004_,23.85µm
u_fft_core.u_fft8_mdc3.u_mdc8p_stage1.xfft_cell_route1.r_pp2_mult_i\[1\]\[15\],23.84µm
_11210_,23.835µm
_04213_,23.83µm
_16324_,23.83µm
u_fft_core.u_fft8_mdc2.u_mdc8p_stage1.ds_switch_stage1.w_data_1i\[7\],23.83µm
u_fft_core.u_shift_r2_fft1.data_im_q\[8\],23.83µm
_14104_,23.825µm
_04562_,23.82µm
_09039_,23.82µm
_09296_,23.82µm
_14718_,23.82µm
u_fft_core.twiddle_data1_im\[7\],23.82µm
u_fft_core.u_fft8_mdc0.u_mdc8p_stage2.r_data1_i\[8\],23.82µm
u_fft_core.u_fft8_mdc1.u_mdc8p_stage1.u_btfly2.o_data1_r\[7\],23.82µm
u_fft_core.u_fft8_mdc3.u_mdc8p_stage1.r_data0_r\[4\],23.82µm
u_fft_core.u_buffer_parallel2serial.mem_im\[21\]\[2\],23.815µm
u_fft_core.u_buffer_parallel2serial.mem_im\[29\]\[2\],23.815µm
u_fft_core.u_buffer_parallel2serial.mem_im\[30\]\[6\],23.815µm
_04447_,23.81µm
_04847_,23.78µm
u_fft_core.u_buffer_parallel2serial.mem_im\[27\]\[0\],23.78µm
u_fft_core.u_fft8_mdc1.u_mdc8p_stage1.xfft_cell_route1.w_mult_i\[0\]\[11\],23.78µm
_08462_,23.775µm
_10897_,23.77µm
_11962_,23.77µm
_12481_,23.77µm
_15151_,23.77µm
u_fft_core.u_buffer_parallel2serial.mem_im\[15\]\[7\],23.77µm
u_fft_core.u_fft8_mdc3.u_mdc8p_stage1.ds_switch_stage1.o_data_1r\[5\],23.77µm
_04069_,23.76µm
_13014_,23.76µm
_13145_,23.76µm
_16671_,23.76µm
u_fft_core.u_fft8_mdc1.u_mdc8p_stage1.r_bt0_r\[0\]\[4\],23.76µm
u_fft_core.u_fft8_mdc1.u_mdc8p_stage3.next_data0_i\[7\],23.76µm
_16706_,23.755µm
u_fft_core.u_shift_r4.data_im_q\[159\],23.755µm
_10674_,23.745µm
fft_out_im\[6\],23.73µm
u_fft_core.u_buffer_parallel2serial.mem_im\[27\]\[1\],23.725µm
u_fft_core.u_buffer_parallel2serial.mem_re\[31\]\[5\],23.725µm
u_fft_core.u_shift_r4.data_im_q\[16\],23.725µm
u_fft_core.u_shift_r4.data_im_q\[38\],23.71µm
_05704_,23.705µm
_07360_,23.705µm
_16378_,23.705µm
_04818_,23.695µm
u_fft_core.u_fft8_mdc1.u_mdc8p_stage1.xfft_cell_route1.r_pp1_data_r\[8\],23.695µm
u_fft_core.u_shift_r4.data_im_q\[55\],23.695µm
u_fft_core.u_fft4.r_x2_re\[3\],23.69µm
_02620_,23.685µm
_03220_,23.685µm
u_fft_core.u_buffer_parallel2serial.mem_im\[18\]\[3\],23.685µm
u_fft_core.u_fft8_mdc2.u_mdc8p_stage2.r_data0_i\[0\],23.685µm
_02666_,23.68µm
_03442_,23.67µm
_11408_,23.67µm
_05080_,23.665µm
_10456_,23.665µm
_11433_,23.665µm
u_fft_core.u_buffer_parallel2serial.mem_re\[26\]\[1\],23.665µm
_14412_,23.66µm
_02488_,23.655µm
_07721_,23.655µm
_08285_,23.65µm
_08612_,23.65µm
u_fft_core.u_buffer_parallel2serial.mem_re\[8\]\[5\],23.65µm
u_fft_core.u_fft8_mdc3.u_mdc8p_stage1.ds_switch_stage1.i_data_1r\[2\],23.65µm
_12244_,23.645µm
u_fft_core.u_fft8_mdc0.u_mdc8p_stage1.ds_switch_stage1.i_data_1i\[6\],23.64µm
_10286_,23.625µm
_03363_,23.62µm
clknet_leaf_380_i_clk,23.6µm
u_fft_core.u_fft4.valid_q,23.595µm
_10956_,23.59µm
_14363_,23.59µm
u_fft_core.u_shift_r2_fft3.data_re_q\[20\],23.59µm
_17131_,23.585µm
_02281_,23.58µm
_06279_,23.575µm
_11016_,23.56µm
u_fft_core.u_fft8_mdc0.u_mdc8p_stage2.r_data0_r\[1\],23.555µm
_11010_,23.55µm
_16253_,23.55µm
u_fft_core.u_fft4.s2_x1_im\[8\],23.55µm
u_fft_core.u_fft8_mdc0.u_mdc8p_stage1.xfft_cell_route1.r_pp2_mult_i\[0\]\[3\],23.55µm
u_fft_core.u_buffer_parallel2serial.mem_re\[12\]\[6\],23.54µm
u_fft_core.u_twiddle_interface.data0_im_q\[0\],23.54µm
u_fft_core.u_shift_r4.data_im_q\[166\],23.53µm
u_fft_core.u_shift_r4.data_im_q\[28\],23.53µm
clknet_6_37_0_i_clk,23.53µm
_08064_,23.52µm
u_fft_core.u_fft8_mdc0.u_mdc8p_stage1.ds_switch_stage1.w_data_1r\[0\],23.52µm
u_fft_core.u_shift_r4.data_im_q\[17\],23.52µm
u_fft_core.u_fft8_mdc3.u_mdc8p_stage1.xfft_cell_route1.w_mult_r\[1\]\[17\],23.5µm
u_fft_core.u_buffer_parallel2serial.mem_im\[12\]\[6\],23.485µm
_14178_,23.48µm
_02269_,23.475µm
_03801_,23.475µm
_03584_,23.47µm
_08702_,23.47µm
_12986_,23.47µm
_02896_,23.465µm
_16985_,23.465µm
u_fft_core.u_buffer_parallel2serial.mem_im\[15\]\[3\],23.465µm
_16360_,23.46µm
u_fft_core.u_buffer_parallel2serial.mem_im\[6\]\[3\],23.46µm
u_fft_core.u_buffer_parallel2serial.mem_re\[25\]\[2\],23.455µm
_08349_,23.45µm
_11212_,23.435µm
_08579_,23.43µm
_11897_,23.43µm
_14441_,23.425µm
u_fft_core.u_shift_r4.data_im_q\[80\],23.425µm
_02697_,23.42µm
_06903_,23.42µm
_15324_,23.42µm
_12796_,23.415µm
_12233_,23.41µm
u_fft_core.u_buffer_parallel2serial.mem_im\[6\]\[6\],23.41µm
u_fft_core.u_buffer_parallel2serial.mem_re\[9\]\[1\],23.41µm
u_fft_core.u_fft8_mdc0.u_mdc8p_stage2.ds_switch_stage1.r_idata_r\[0\]\[9\],23.41µm
_05220_,23.405µm
_01289_,23.4µm
_16102_,23.39µm
_15994_,23.38µm
u_fft_core.u_fft4.r_x3_re\[1\],23.38µm
u_fft_core.u_shift_r4.data_re_q\[15\],23.38µm
_08998_,23.375µm
u_fft_core.u_buffer_parallel2serial.mem_im\[21\]\[3\],23.375µm
u_fft_core.u_buffer_parallel2serial.mem_im\[30\]\[3\],23.365µm
u_fft_core.u_buffer_parallel2serial.mem_im\[5\]\[2\],23.365µm
_08068_,23.355µm
_00320_,23.35µm
_08648_,23.35µm
u_fft_core.u_buffer_parallel2serial.mem_re\[23\]\[7\],23.35µm
u_fft_core.u_shift_r4.data_im_q\[49\],23.35µm
_06116_,23.34µm
_08490_,23.34µm
_14221_,23.34µm
u_fft_core.u_buffer_parallel2serial.mem_re\[23\]\[3\],23.34µm
u_fft_core.u_fft8_mdc3.u_mdc8p_stage3.next_data0_i\[3\],23.34µm
_03072_,23.335µm
u_fft_core.u_buffer_parallel2serial.mem_im\[27\]\[4\],23.335µm
_16204_,23.325µm
_18195_,23.325µm
u_fft_core.u_fft4.s1_od_sum_re\[5\],23.325µm
_16743_,23.32µm
_08121_,23.315µm
_17402_,23.31µm
u_fft_core.u_shift_r4.data_re_q\[38\],23.31µm
_07403_,23.305µm
u_fft_core.u_fft8_mdc1.u_mdc8p_stage2.ds_switch_stage1.w_data_1r\[10\],23.3µm
_06325_,23.29µm
u_fft_core.u_buffer_parallel2serial.mem_im\[0\]\[1\],23.29µm
u_fft_core.u_shift_r4.data_re_q\[27\],23.29µm
u_fft_core.u_fft8_mdc3.u_mdc8p_stage2.r_data1_i\[7\],23.285µm
_03820_,23.28µm
_12871_,23.28µm
_14817_,23.28µm
_16010_,23.28µm
u_fft_core.u_fft8_mdc0.u_mdc8p_stage1.r_bt0_i\[0\]\[1\],23.28µm
u_fft_core.u_fft8_mdc0.u_mdc8p_stage2.r_data0_i\[1\],23.28µm
u_fft_core.u_fft8_mdc1.u_mdc8p_stage1.ds_switch_stage1.i_data_1r\[3\],23.28µm
u_fft_core.u_fft8_mdc3.u_mdc8p_stage1.xfft_cell_route1.w_mult_i\[0\]\[8\],23.28µm
net3153,23.28µm
_02851_,23.275µm
_17665_,23.275µm
_02894_,23.27µm
u_fft_core.u_buffer_parallel2serial.mem_re\[21\]\[2\],23.27µm
u_fft_core.u_buffer_parallel2serial.mem_im\[30\]\[5\],23.245µm
u_fft_core.u_buffer_parallel2serial.mem_im\[26\]\[0\],23.24µm
u_fft_core.u_buffer_parallel2serial.mem_re\[6\]\[7\],23.24µm
u_fft_core.u_shift_r4.data_re_q\[42\],23.24µm
clknet_6_53_0_i_clk,23.24µm
_16867_,23.235µm
_04049_,23.23µm
u_fft_core.u_buffer_parallel2serial.mem_im\[14\]\[5\],23.23µm
u_fft_core.u_fft8_mdc3.u_mdc8p_stage1.xfft_cell_route1.w_mult_r\[0\]\[14\],23.23µm
_02304_,23.22µm
_13616_,23.22µm
_14618_,23.22µm
_16729_,23.22µm
u_debug_sys.u_spi_slave.tx_active,23.22µm
u_fft_core.u_fft8_mdc2.u_mdc8p_stage1.u_btfly2.o_data1_i\[5\],23.22µm
u_fft_core.u_fft8_mdc2.u_mdc8p_stage1.u_btfly2.o_data1_r\[3\],23.22µm
_10574_,23.21µm
_06392_,23.195µm
_09991_,23.195µm
_09572_,23.19µm
_06973_,23.185µm
u_fft_core.shift_r2_ff2_data0_im\[5\],23.185µm
_03629_,23.18µm
_13206_,23.18µm
_14161_,23.17µm
_16990_,23.17µm
_17760_,23.17µm
u_fft_core.u_buffer_parallel2serial.mem_im\[10\]\[5\],23.17µm
u_fft_core.u_buffer_parallel2serial.mem_re\[26\]\[2\],23.17µm
u_fft_core.u_fft4.s2_x3_re\[6\],23.17µm
_16619_,23.165µm
_05150_,23.16µm
_11471_,23.16µm
u_fft_core.u_buffer_parallel2serial.mem_re\[7\]\[0\],23.16µm
u_fft_core.u_fft8_mdc1.u_mdc8p_stage2.r_data0_i\[6\],23.16µm
u_fft_core.u_fft8_mdc2.u_mdc8p_stage1.ds_switch_stage1.o_data_1i\[8\],23.16µm
u_tx.current_state\[0\],23.15µm
_11629_,23.13µm
_07031_,23.12µm
_16543_,23.12µm
u_fft_core.u_fft8_mdc0.u_mdc8p_stage1.xfft_cell_route1.r_pp2_mult_i\[1\]\[2\],23.12µm
_05233_,23.115µm
_04803_,23.11µm
_14976_,23.11µm
_17329_,23.11µm
_18152_,23.11µm
u_fft_core.u_fft8_mdc1.u_mdc8p_stage1.xfft_cell_route1.r_pp2_mult_i\[0\]\[5\],23.11µm
u_fft_core.u_fft8_mdc3.u_mdc8p_stage1.r_data1_i\[1\],23.11µm
net2899,23.11µm
u_fft_core.u_fft8_mdc1.u_mdc8p_stage1.ds_switch_stage1.o_data_1i\[0\],23.1µm
u_fft_core.u_fft8_mdc2.u_mdc8p_stage1.ds_switch_stage1.i_data_1r\[9\],23.1µm
u_rx.current_shift\[4\],23.1µm
_02998_,23.095µm
_06402_,23.09µm
net3584,23.09µm
_09110_,23.075µm
_02557_,23.07µm
_05731_,23.07µm
_10585_,23.07µm
_11887_,23.07µm
_03143_,23.065µm
_09033_,23.065µm
_15105_,23.065µm
_16970_,23.065µm
_04307_,23.06µm
_12672_,23.06µm
u_fft_core.shift_r2_ff0_data0_re\[0\],23.06µm
u_fft_core.u_fft8_mdc3.u_mdc8p_stage2.r_data1_i\[2\],23.06µm
u_fft_core.u_shift_r4.data_im_q\[77\],23.06µm
u_fft_core.u_buffer_parallel2serial.mem_re\[6\]\[1\],23.055µm
_16928_,23.05µm
u_fft_core.u_shift_r4.data_im_q\[152\],23.05µm
u_fft_core.u_shift_r4.data_im_q\[75\],23.05µm
_12354_,23.045µm
_09618_,23.04µm
_10356_,23.025µm
u_fft_core.u_shift_r2_fft0.data_re_q\[12\],23.025µm
net3219,23.025µm
_11389_,23.02µm
u_fft_core.u_fft8_mdc1.u_mdc8p_stage2.ds_switch_stage1.r_idata_i\[0\]\[10\],23.015µm
_03328_,23.01µm
_10102_,22.99µm
_10735_,22.99µm
_13210_,22.99µm
u_fft_core.u_twiddle_interface.mult2_re\[2\],22.99µm
u_fft_core.u_shift_r2_fft2.data_re_q\[31\],22.98µm
_09286_,22.965µm
_11826_,22.965µm
_16433_,22.965µm
_08984_,22.96µm
_17575_,22.955µm
_04942_,22.95µm
u_fft_core.u_buffer_parallel2serial.mem_re\[16\]\[2\],22.95µm
_07353_,22.945µm
_12723_,22.935µm
_12173_,22.93µm
u_debug_sys.u_debug_unit.status_flags_sync\[0\],22.93µm
u_fft_core.u_buffer_parallel2serial.mem_im\[14\]\[4\],22.93µm
u_fft_core.u_buffer_parallel2serial.mem_im\[17\]\[0\],22.93µm
u_fft_core.u_fft8_mdc2.u_mdc8p_stage1.xfft_cell_route1.w_mult_r\[0\]\[9\],22.93µm
u_fft_core.u_shift_r4.data_im_q\[164\],22.93µm
_14148_,22.925µm
_15610_,22.925µm
u_fft_core.shift_r2_ff1_data0_im\[5\],22.925µm
_00728_,22.92µm
u_fft_core.u_fft8_mdc1.u_mdc8p_stage2.ds_switch_stage1.i_data_1i\[2\],22.92µm
_11630_,22.915µm
u_fft_core.u_buffer_parallel2serial.mem_re\[2\]\[6\],22.915µm
u_fft_core.u_buffer_parallel2serial.mem_re\[6\]\[6\],22.915µm
_13450_,22.905µm
u_fft_core.u_buffer_parallel2serial.mem_im\[9\]\[6\],22.905µm
_02740_,22.88µm
u_fft_core.u_shift_r4.data_re_q\[157\],22.88µm
_05917_,22.87µm
_09559_,22.87µm
_16022_,22.87µm
u_fft_core.u_buffer_parallel2serial.mem_im\[20\]\[5\],22.87µm
_07519_,22.86µm
_12234_,22.86µm
_14047_,22.86µm
_14359_,22.86µm
u_fft_core.u_fft8_mdc0.u_mdc8p_stage1.u_btfly2.o_data1_i\[4\],22.86µm
u_fft_core.u_fft8_mdc2.u_mdc8p_stage1.xfft_cell_route1.w_mult_r\[0\]\[4\],22.86µm
_06659_,22.855µm
_07880_,22.855µm
u_fft_core.u_fft8_mdc3.u_mdc8p_stage2.r_data1_i\[8\],22.855µm
u_fft_core.u_fft8_mdc0.u_mdc8p_stage1.ds_switch_stage1.i_data_0r\[4\],22.85µm
u_fft_core.u_fft8_mdc0.u_mdc8p_stage3.next_data1_i\[7\],22.845µm
_17109_,22.84µm
_16381_,22.82µm
u_fft_core.u_buffer_parallel2serial.mem_im\[18\]\[0\],22.82µm
u_fft_core.u_buffer_parallel2serial.mem_re\[18\]\[1\],22.82µm
_08885_,22.81µm
_14386_,22.81µm
u_fft_core.shift_r2_ff3_data0_re\[3\],22.81µm
u_fft_core.u_buffer_parallel2serial.mem_im\[0\]\[3\],22.81µm
u_fft_core.u_buffer_parallel2serial.mem_re\[26\]\[0\],22.81µm
u_fft_core.u_shift_r2_fft1.data_re_q\[22\],22.81µm
u_fft_core.u_shift_r2_fft3.data_re_q\[21\],22.81µm
u_fft_core.u_shift_r4.data_re_q\[48\],22.81µm
_08712_,22.805µm
_01888_,22.8µm
_02213_,22.8µm
_03103_,22.8µm
_03519_,22.8µm
_05038_,22.8µm
_11777_,22.8µm
_12478_,22.8µm
_14880_,22.8µm
_17105_,22.8µm
_17217_,22.8µm
_06085_,22.795µm
u_debug_sys.u_debug_unit.mid_data_re_sync\[5\],22.795µm
u_fft_core.u_fft4.s1_od_sum_im\[2\],22.795µm
net3116,22.775µm
u_fft_core.u_buffer_parallel2serial.mem_im\[2\]\[6\],22.765µm
u_fft_core.u_buffer_parallel2serial.mem_re\[31\]\[2\],22.765µm
u_fft_core.u_shift_r4.data_re_q\[175\],22.765µm
_09483_,22.76µm
u_fft_core.u_buffer_parallel2serial.mem_re\[2\]\[0\],22.76µm
u_rx.current_shift\[14\],22.76µm
net3792,22.76µm
_03265_,22.755µm
_02681_,22.75µm
_12592_,22.75µm
_16569_,22.75µm
_08126_,22.745µm
_02891_,22.74µm
_13474_,22.74µm
u_fft_core.u_buffer_parallel2serial.mem_im\[4\]\[7\],22.74µm
_06460_,22.715µm
u_fft_core.u_shift_r4.valid_q\[2\],22.71µm
_09665_,22.7µm
_13443_,22.7µm
_16134_,22.7µm
_14511_,22.695µm
_10309_,22.69µm
_13916_,22.69µm
_15983_,22.69µm
_16361_,22.69µm
u_fft_core.u_buffer_parallel2serial.mem_re\[24\]\[5\],22.69µm
u_fft_core.u_shift_r2_fft3.data_im_q\[21\],22.69µm
_07823_,22.685µm
_01385_,22.68µm
_08006_,22.68µm
_17494_,22.68µm
u_fft_core.u_fft8_mdc3.u_mdc8p_stage1.xfft_cell_route1.w_mult_r\[1\]\[16\],22.68µm
_06908_,22.675µm
_06735_,22.665µm
_08079_,22.665µm
_16510_,22.665µm
_17669_,22.665µm
_09821_,22.65µm
u_fft_core.u_buffer_parallel2serial.mem_im\[4\]\[3\],22.65µm
u_fft_core.u_fft8_mdc3.u_mdc8p_stage1.xfft_cell_route1.r_pp2_mult_r\[0\]\[12\],22.65µm
_15592_,22.645µm
u_fft_core.u_buffer_parallel2serial.mem_im\[9\]\[3\],22.645µm
u_fft_core.u_fft8_mdc3.u_mdc8p_stage1.r_data1_r\[4\],22.645µm
_08683_,22.64µm
_08763_,22.635µm
_15556_,22.63µm
u_fft_core.u_fft8_mdc2.u_mdc8p_stage1.xfft_cell_route1.w_mult_i\[1\]\[4\],22.63µm
_06026_,22.62µm
_07449_,22.62µm
_11179_,22.62µm
u_fft_core.shift_r2_ff1_data1_im\[4\],22.615µm
u_fft_core.u_shift_r4.data_re_q\[168\],22.615µm
_13488_,22.605µm
net3510,22.6µm
_08205_,22.585µm
_04533_,22.58µm
_06763_,22.58µm
_06922_,22.58µm
_02546_,22.575µm
_18009_,22.575µm
_05654_,22.57µm
_07885_,22.57µm
_08977_,22.57µm
_14805_,22.57µm
u_fft_core.u_buffer_parallel2serial.mem_im\[23\]\[0\],22.57µm
u_fft_core.u_fft8_mdc1.u_mdc8p_stage2.ds_switch_stage1.w_data_1i\[2\],22.57µm
u_fft_core.u_fft8_mdc2.u_mdc8p_stage1.xfft_cell_route1.w_mult_r\[0\]\[5\],22.57µm
u_fft_core.u_shift_r2_fft2.data_re_q\[26\],22.57µm
_09344_,22.565µm
_06813_,22.56µm
_10275_,22.56µm
u_fft_core.u_buffer_parallel2serial.mem_im\[11\]\[0\],22.56µm
_12315_,22.555µm
u_fft_core.u_buffer_parallel2serial.mem_re\[27\]\[6\],22.545µm
_11476_,22.535µm
_17883_,22.53µm
_09725_,22.525µm
_10246_,22.525µm
_02566_,22.515µm
_13702_,22.51µm
u_fft_core.shift_r4_data0_re\[6\],22.51µm
u_fft_core.u_buffer_parallel2serial.mem_im\[28\]\[5\],22.51µm
net3393,22.51µm
_09710_,22.5µm
u_fft_core.u_buffer_parallel2serial.mem_im\[28\]\[7\],22.5µm
net3130,22.5µm
_02196_,22.495µm
_09151_,22.495µm
u_fft_core.u_shift_r4.data_re_q\[30\],22.49µm
_08518_,22.485µm
_15572_,22.485µm
clknet_leaf_114_i_clk,22.475µm
u_fft_core.u_fft4.r_x3_re\[5\],22.47µm
u_fft_core.u_buffer_parallel2serial.mem_im\[4\]\[2\],22.465µm
_10347_,22.46µm
_09467_,22.455µm
_10662_,22.45µm
_11315_,22.45µm
_13022_,22.45µm
u_fft_core.u_fft8_mdc0.u_mdc8p_stage1.xfft_cell_route1.w_mult_i\[0\]\[3\],22.45µm
u_fft_core.u_fft8_mdc2.u_mdc8p_stage1.ds_switch_stage1.i_data_0i\[7\],22.45µm
u_fft_core.u_fft8_mdc2.u_mdc8p_stage1.ds_switch_stage1.r_idata_i\[0\]\[0\],22.45µm
_12386_,22.445µm
_03033_,22.44µm
_16116_,22.44µm
net3281,22.44µm
net3999,22.44µm
u_fft_core.u_fft8_mdc1.u_mdc8p_stage3.next_data1_r\[4\],22.435µm
u_fft_core.u_shift_r4.data_im_q\[54\],22.435µm
_13619_,22.43µm
_09855_,22.42µm
_10274_,22.42µm
_12677_,22.41µm
_09182_,22.4µm
_16864_,22.395µm
_17122_,22.395µm
_06805_,22.39µm
_08600_,22.39µm
u_fft_core.shift_r2_ff2_data0_re\[5\],22.39µm
u_fft_core.u_buffer_parallel2serial.mem_im\[19\]\[0\],22.39µm
_03829_,22.38µm
_03925_,22.38µm
_06151_,22.38µm
_13271_,22.38µm
u_fft_core.u_buffer_parallel2serial.mem_im\[19\]\[1\],22.38µm
u_fft_core.u_fft8_mdc2.u_mdc8p_stage1.xfft_cell_route1.r_pp2_mult_r\[0\]\[18\],22.38µm
u_fft_core.u_buffer_parallel2serial.mem_im\[31\]\[3\],22.375µm
u_fft_core.u_fft4.s2_x0_re\[2\],22.375µm
u_fft_core.u_fft8_mdc1.u_mdc8p_stage2.r_data1_r\[1\],22.375µm
u_fft_core.u_fft8_mdc3.u_mdc8p_stage2.r_data0_i\[0\],22.375µm
_11625_,22.365µm
_15940_,22.36µm
_04846_,22.345µm
_04402_,22.34µm
_05995_,22.33µm
_12379_,22.33µm
_12676_,22.33µm
rx_data_re\[1\],22.33µm
u_fft_core.u_fft8_mdc0.u_mdc8p_stage3.next_data0_r\[6\],22.33µm
u_fft_core.u_shift_r4.data_re_q\[58\],22.33µm
_12994_,22.325µm
_06200_,22.32µm
_12128_,22.32µm
_14066_,22.32µm
_17229_,22.32µm
_17733_,22.32µm
u_fft_core.u_fft8_mdc2.u_mdc8p_stage1.ds_switch_stage1.r_idata_r\[1\]\[6\],22.32µm
_05329_,22.315µm
_16732_,22.3µm
_12310_,22.29µm
u_fft_core.u_buffer_parallel2serial.mem_re\[21\]\[6\],22.285µm
u_fft_core.u_buffer_parallel2serial.mem_re\[27\]\[1\],22.28µm
clknet_6_38_0_i_clk,22.28µm
u_fft_core.u_fft8_mdc0.u_mdc8p_stage1.xfft_cell_route1.r_pp2_mult_r\[0\]\[5\],22.275µm
_01373_,22.27µm
_02459_,22.27µm
_09748_,22.27µm
_10287_,22.27µm
rx_data_im\[2\],22.27µm
u_fft_core.u_fft8_mdc1.u_mdc8p_stage1.ds_switch_stage1.i_data_0i\[0\],22.27µm
u_fft_core.u_shift_r4.data_re_q\[80\],22.27µm
_04384_,22.265µm
_12141_,22.26µm
_08821_,22.255µm
_10684_,22.255µm
_16141_,22.24µm
net4013,22.24µm
_08032_,22.225µm
_08607_,22.225µm
u_fft_core.u_buffer_parallel2serial.mem_im\[1\]\[7\],22.225µm
_11768_,22.22µm
i_spi_mosi,22.22µm
u_fft_core.u_shift_r2_fft0.data_im_q\[24\],22.22µm
_12625_,22.215µm
clknet_6_43_0_i_clk,22.215µm
_05493_,22.21µm
_05694_,22.21µm
_06990_,22.21µm
_13234_,22.21µm
_16764_,22.21µm
u_fft_core.u_buffer_parallel2serial.mem_im\[8\]\[3\],22.21µm
u_fft_core.u_buffer_parallel2serial.mem_re\[21\]\[4\],22.21µm
u_fft_core.u_shift_r4.data_re_q\[103\],22.21µm
_16186_,22.205µm
_10182_,22.2µm
_15613_,22.2µm
u_fft_core.u_fft8_mdc2.u_mdc8p_stage1.xfft_cell_route1.r_pp2_mult_r\[0\]\[5\],22.2µm
_09334_,22.195µm
_17285_,22.18µm
_12490_,22.175µm
_06806_,22.17µm
u_fft_core.u_fft8_mdc3.u_mdc8p_stage1.xfft_cell_route1.r_pp2_mult_i\[1\]\[4\],22.17µm
_06492_,22.16µm
_14153_,22.16µm
u_fft_core.fft4_data0_re\[5\],22.16µm
u_fft_core.u_shift_r2_fft1.data_re_q\[26\],22.16µm
_04193_,22.15µm
u_fft_core.u_shift_r4.data_re_q\[12\],22.15µm
_02241_,22.14µm
_12136_,22.14µm
u_fft_core.u_fft8_mdc1.u_mdc8p_stage1.ds_switch_stage1.valid_count\[1\],22.14µm
u_fft_core.u_shift_r4.data_im_q\[162\],22.14µm
_02903_,22.135µm
_10637_,22.12µm
_11177_,22.12µm
_06357_,22.11µm
u_fft_core.u_shift_r4.valid_q\[7\],22.11µm
_14908_,22.105µm
u_fft_core.u_shift_r2_fft1.data_re_q\[8\],22.105µm
u_fft_core.u_shift_r4.valid_q\[17\],22.105µm
_07000_,22.1µm
_07637_,22.1µm
_15124_,22.1µm
_17745_,22.1µm
net4007,22.1µm
_05417_,22.09µm
_17639_,22.09µm
u_fft_core.u_buffer_parallel2serial.mem_re\[31\]\[0\],22.09µm
u_fft_core.u_fft8_mdc3.u_mdc8p_stage2.ds_switch_stage1.i_data_1i\[8\],22.09µm
net4012,22.09µm
_16407_,22.085µm
_12769_,22.08µm
u_fft_core.u_buffer_parallel2serial.mem_im\[15\]\[4\],22.08µm
u_fft_core.u_fft8_mdc1.u_mdc8p_stage1.r_count\[1\],22.06µm
_06375_,22.05µm
_14354_,22.045µm
_13316_,22.04µm
_09338_,22.03µm
u_fft_core.shift_r4_data0_re\[5\],22.03µm
u_fft_core.u_fft8_mdc0.u_mdc8p_stage1.u_btfly2.o_data0_r\[7\],22.03µm
clknet_leaf_133_i_clk,22.03µm
_02872_,22.02µm
_06125_,22.02µm
_10495_,22.02µm
_15716_,22.02µm
i_serial_rx,22.02µm
u_fft_core.u_fft8_mdc0.u_mdc8p_stage2.ds_switch_stage1.i_data_1i\[2\],22.02µm
u_fft_core.u_fft8_mdc1.u_mdc8p_stage1.xfft_cell_route1.w_mult_r\[0\]\[1\],22.02µm
u_fft_core.u_shift_r2_fft3.data_im_q\[19\],22.02µm
_08281_,22.015µm
net3217,22.015µm
u_fft_core.u_fft8_mdc1.u_mdc8p_stage2.r_data1_i\[5\],22µm
clknet_leaf_81_i_clk,21.995µm
_10648_,21.985µm
u_fft_core.shift_r2_ff2_data0_re\[6\],21.985µm
_10955_,21.975µm
_17772_,21.975µm
_03562_,21.97µm
_10801_,21.97µm
u_fft_core.u_buffer_parallel2serial.mem_im\[7\]\[1\],21.97µm
u_fft_core.u_buffer_parallel2serial.mem_re\[25\]\[5\],21.97µm
u_fft_core.u_shift_r2_fft2.data_re_q\[20\],21.97µm
_02254_,21.96µm
_08673_,21.96µm
_13354_,21.96µm
_15037_,21.96µm
_17147_,21.955µm
u_fft_core.u_buffer_parallel2serial.mem_im\[23\]\[2\],21.955µm
_09438_,21.94µm
rx_data_re\[6\],21.925µm
_15398_,21.92µm
u_fft_core.u_shift_r4.data_re_q\[19\],21.92µm
_17983_,21.915µm
_01681_,21.91µm
_07150_,21.91µm
last_out_re\[3\],21.91µm
u_fft_core.u_shift_r4.data_re_q\[24\],21.91µm
net3580,21.905µm
_13755_,21.9µm
_14941_,21.9µm
_17862_,21.9µm
u_fft_core.u_shift_r2_fft1.data_im_q\[30\],21.9µm
u_fft_core.u_shift_r2_fft2.data_re_q\[25\],21.9µm
_07205_,21.895µm
_09019_,21.895µm
_18168_,21.895µm
u_fft_core.u_buffer_parallel2serial.mem_re\[24\]\[4\],21.895µm
u_fft_core.u_shift_r4.data_im_q\[113\],21.895µm
u_fft_core.u_shift_r4.data_re_q\[29\],21.87µm
_07521_,21.865µm
_08419_,21.865µm
u_fft_core.u_buffer_parallel2serial.mem_re\[30\]\[4\],21.865µm
u_fft_core.u_buffer_parallel2serial.mem_re\[6\]\[2\],21.865µm
_03118_,21.85µm
_10135_,21.85µm
_13695_,21.85µm
_16549_,21.85µm
u_fft_core.u_fft8_mdc1.u_mdc8p_stage3.next_data0_r\[5\],21.85µm
u_fft_core.u_fft8_mdc3.u_mdc8p_stage1.xfft_cell_route1.r_pp2_mult_i\[0\]\[13\],21.85µm
u_fft_core.u_twiddle_interface.data0_re_2q\[2\],21.85µm
u_fft_core.u_shift_r4.valid_q\[22\],21.84µm
_05460_,21.835µm
_08458_,21.835µm
_08517_,21.835µm
u_fft_core.u_fft4.s1_od_sub_re\[2\],21.835µm
u_fft_core.u_buffer_parallel2serial.mem_im\[7\]\[2\],21.805µm
u_fft_core.u_buffer_parallel2serial.mem_re\[2\]\[4\],21.805µm
_03991_,21.8µm
_09032_,21.8µm
_11799_,21.8µm
u_fft_core.u_fft8_mdc2.u_mdc8p_stage1.ds_switch_stage1.r_idata_i\[1\]\[9\],21.8µm
u_fft_core.u_shift_r4.data_re_q\[17\],21.8µm
_01783_,21.79µm
_02134_,21.79µm
_15224_,21.79µm
_16542_,21.79µm
_17190_,21.79µm
u_debug_sys.u_debug_unit.status_flags_sync\[2\],21.79µm
u_fft_core.u_fft8_mdc2.u_mdc8p_stage1.r_data0_i\[0\],21.79µm
_04784_,21.78µm
_09015_,21.775µm
_17919_,21.775µm
_15728_,21.77µm
_14387_,21.765µm
_07350_,21.75µm
u_fft_core.u_buffer_parallel2serial.mem_re\[9\]\[3\],21.75µm
u_tx.current_state\[1\],21.75µm
_03283_,21.745µm
_13720_,21.745µm
u_fft_core.u_buffer_parallel2serial.mem_re\[2\]\[3\],21.745µm
_02270_,21.74µm
_03079_,21.74µm
_14165_,21.74µm
_16191_,21.74µm
u_fft_core.u_buffer_parallel2serial.mem_re\[4\]\[4\],21.74µm
u_fft_core.u_shift_r4.data_im_q\[8\],21.74µm
_02908_,21.73µm
_04709_,21.73µm
_15138_,21.73µm
u_fft_core.u_fft8_mdc0.u_mdc8p_stage1.r_data1_i\[7\],21.73µm
u_fft_core.u_fft8_mdc3.u_mdc8p_stage1.ds_switch_stage1.i_data_0i\[1\],21.73µm
u_fft_core.u_shift_r4.data_im_q\[34\],21.73µm
_08602_,21.725µm
u_fft_core.u_fft8_mdc1.u_mdc8p_stage2.r_data1_i\[8\],21.725µm
_03015_,21.72µm
_11376_,21.72µm
_15567_,21.72µm
u_fft_core.u_buffer_parallel2serial.mem_im\[3\]\[0\],21.72µm
u_fft_core.u_fft8_mdc3.u_mdc8p_stage2.r_data1_i\[4\],21.705µm
_12032_,21.695µm
_16459_,21.685µm
_16893_,21.685µm
u_fft_core.shift_r2_ff2_data0_im\[1\],21.685µm
_03716_,21.68µm
_13128_,21.68µm
_12569_,21.675µm
u_fft_core.u_fft8_mdc0.u_mdc8p_stage1.xfft_cell_route1.r_pp2_mult_i\[1\]\[13\],21.675µm
_04007_,21.67µm
_17591_,21.67µm
u_debug_sys.addr_out\[6\],21.67µm
u_fft_core.u_fft8_mdc0.u_mdc8p_stage1.r_data0_i\[4\],21.67µm
u_fft_core.u_fft8_mdc3.u_mdc8p_stage1.r_data1_i\[0\],21.665µm
_10453_,21.66µm
_17355_,21.66µm
u_fft_core.u_fft8_mdc0.u_mdc8p_stage1.ds_switch_stage1.i_data_1r\[3\],21.66µm
_06562_,21.655µm
_10611_,21.655µm
_07126_,21.65µm
_05291_,21.645µm
_05565_,21.645µm
u_fft_core.u_shift_r2_fft3.data_re_q\[11\],21.645µm
u_fft_core.u_fft8_mdc1.u_mdc8p_stage2.ds_switch_stage1.o_data_0r\[7\],21.64µm
_06198_,21.635µm
u_fft_core.u_shift_r2_fft3.data_re_q\[16\],21.635µm
u_fft_core.u_buffer_parallel2serial.mem_im\[3\]\[4\],21.63µm
u_fft_core.u_shift_r2_fft2.data_im_q\[12\],21.63µm
u_fft_core.u_shift_r4.data_im_q\[114\],21.63µm
_06862_,21.625µm
_12458_,21.625µm
u_fft_core.u_buffer_parallel2serial.mem_im\[0\]\[6\],21.625µm
_08805_,21.62µm
_14555_,21.62µm
_05827_,21.615µm
u_debug_sys.u_spi_slave.tx_shift\[11\],21.61µm
u_fft_core.u_shift_r4.data_re_q\[110\],21.61µm
_05489_,21.6µm
_14344_,21.6µm
u_fft_core.u_shift_r2_fft2.data_im_q\[27\],21.6µm
_13808_,21.585µm
_06377_,21.57µm
_10081_,21.55µm
_10133_,21.55µm
_13883_,21.55µm
u_fft_core.u_buffer_parallel2serial.mem_re\[14\]\[4\],21.55µm
u_fft_core.u_buffer_parallel2serial.mem_re\[18\]\[7\],21.55µm
_10342_,21.54µm
u_debug_sys.u_debug_unit.last_out_im_sync\[3\],21.54µm
u_fft_core.u_buffer_parallel2serial.mem_im\[24\]\[7\],21.525µm
u_fft_core.u_shift_r2_fft2.data_re_q\[17\],21.525µm
_07798_,21.52µm
_09199_,21.52µm
_10138_,21.51µm
_04055_,21.505µm
_07781_,21.505µm
_17519_,21.505µm
u_fft_core.u_buffer_parallel2serial.mem_im\[20\]\[7\],21.505µm
_07889_,21.5µm
_12633_,21.5µm
_03432_,21.495µm
_06925_,21.49µm
_09822_,21.49µm
_11374_,21.49µm
_13337_,21.49µm
u_fft_core.u_fft8_mdc1.u_mdc8p_stage2.ds_switch_stage1.w_data_1r\[1\],21.49µm
u_fft_core.u_fft8_mdc2.u_mdc8p_stage1.ds_switch_stage1.r_idata_r\[0\]\[1\],21.49µm
u_fft_core.u_fft8_mdc3.u_mdc8p_stage1.xfft_cell_route1.r_pp2_mult_r\[0\]\[10\],21.49µm
_03231_,21.48µm
_03767_,21.48µm
_04545_,21.48µm
_04763_,21.48µm
_07088_,21.48µm
_17372_,21.48µm
u_debug_sys.u_spi_slave.tx_cnt\[2\],21.48µm
u_fft_core.u_fft8_mdc0.u_mdc8p_stage2.ds_switch_stage1.o_data_0i\[2\],21.48µm
u_fft_core.u_fft8_mdc0.u_mdc8p_stage2.ds_switch_stage1.w_data_1i\[6\],21.48µm
_04630_,21.475µm
_10663_,21.475µm
u_fft_core.u_fft8_mdc1.u_mdc8p_stage2.ds_switch_stage1.o_valid,21.475µm
_10527_,21.46µm
u_fft_core.u_fft4.s1_ev_sub_im\[7\],21.46µm
_15312_,21.44µm
u_fft_core.shift_r2_ff0_data0_re\[4\],21.44µm
u_fft_core.u_buffer_parallel2serial.mem_im\[26\]\[6\],21.44µm
u_fft_core.u_shift_r4.data_re_q\[31\],21.44µm
clknet_6_30_0_i_clk,21.44µm
_02399_,21.43µm
last_out_re\[2\],21.43µm
u_fft_core.u_fft8_mdc3.u_mdc8p_stage1.ds_switch_stage1.r_idata_r\[1\]\[3\],21.43µm
u_fft_core.u_shift_r4.data_im_q\[167\],21.43µm
u_fft_core.u_shift_r4.data_re_q\[112\],21.43µm
u_fft_core.u_shift_r4.data_re_q\[163\],21.43µm
_02193_,21.42µm
_03323_,21.42µm
_09322_,21.42µm
_09581_,21.42µm
_11238_,21.42µm
_13090_,21.42µm
_13646_,21.42µm
_13707_,21.42µm
_17722_,21.42µm
u_fft_core.u_fft8_mdc0.u_mdc8p_stage2.ds_switch_stage1.i_data_1r\[3\],21.42µm
_11488_,21.415µm
u_fft_core.u_buffer_parallel2serial.mem_re\[27\]\[7\],21.415µm
u_fft_core.u_shift_r4.data_im_q\[96\],21.415µm
_14043_,21.405µm
_07083_,21.4µm
_06171_,21.39µm
_17054_,21.39µm
_16674_,21.385µm
_09744_,21.38µm
u_fft_core.u_buffer_parallel2serial.mem_im\[6\]\[4\],21.38µm
u_fft_core.u_fft8_mdc0.u_mdc8p_stage1.xfft_cell_route1.w_mult_i\[0\]\[11\],21.38µm
u_fft_core.u_fft8_mdc2.u_mdc8p_stage2.ds_switch_stage1.w_data_1r\[5\],21.38µm
_09776_,21.37µm
_10278_,21.37µm
_11083_,21.37µm
_16284_,21.37µm
u_fft_core.shift_r4_data0_im\[3\],21.37µm
u_fft_core.u_buffer_parallel2serial.mem_im\[18\]\[5\],21.37µm
u_fft_core.u_buffer_parallel2serial.mem_im\[23\]\[3\],21.37µm
u_fft_core.u_buffer_parallel2serial.mem_re\[3\]\[1\],21.37µm
u_fft_core.u_fft8_mdc0.u_mdc8p_stage3.next_data1_r\[2\],21.37µm
u_fft_core.u_fft8_mdc2.u_mdc8p_stage2.ds_switch_stage1.r_idata_r\[0\]\[9\],21.37µm
net4003,21.37µm
_04164_,21.36µm
_05160_,21.36µm
_11092_,21.36µm
u_debug_sys.u_debug_unit.cnt_inputs_sync\[7\],21.355µm
u_fft_core.twiddle_data1_re\[7\],21.355µm
u_fft_core.u_shift_r4.data_re_q\[145\],21.355µm
_06851_,21.35µm
u_fft_core.u_fft8_mdc3.u_mdc8p_stage1.xfft_cell_route1.r_pp2_mult_r\[0\]\[1\],21.345µm
_11828_,21.33µm
_15884_,21.33µm
o_serial_tx,21.33µm
_04153_,21.32µm
_08904_,21.32µm
_14724_,21.32µm
u_fft_core.u_buffer_parallel2serial.mem_im\[28\]\[6\],21.32µm
u_fft_core.u_buffer_parallel2serial.mem_re\[18\]\[3\],21.32µm
clknet_6_28_0_i_clk,21.32µm
_09038_,21.315µm
_03148_,21.31µm
u_fft_core.u_buffer_parallel2serial.mem_re\[7\]\[6\],21.31µm
u_fft_core.u_fft8_mdc2.u_mdc8p_stage1.ds_switch_stage1.i_data_1i\[2\],21.31µm
u_fft_core.u_shift_r4.data_re_q\[153\],21.31µm
u_fft_core.u_buffer_parallel2serial.mem_im\[31\]\[2\],21.305µm
u_fft_core.u_fft8_mdc0.u_mdc8p_stage2.ds_switch_stage1.r_idata_r\[0\]\[6\],21.305µm
_02439_,21.3µm
_05267_,21.3µm
_06456_,21.3µm
_06629_,21.3µm
_10874_,21.3µm
_14905_,21.3µm
u_fft_core.u_fft8_mdc2.u_mdc8p_stage1.xfft_cell_route1.r_pp2_mult_i\[1\]\[10\],21.3µm
_07322_,21.295µm
_16103_,21.295µm
_12697_,21.27µm
_17201_,21.27µm
_10613_,21.265µm
u_fft_core.u_fft8_mdc2.u_mdc8p_stage1.ds_switch_stage1.r_idata_r\[1\]\[4\],21.265µm
_02474_,21.26µm
_02777_,21.26µm
_06455_,21.26µm
_06854_,21.26µm
_09610_,21.26µm
_12303_,21.26µm
fft_out_im\[4\],21.26µm
u_fft_core.u_shift_r2_fft3.data_im_q\[14\],21.26µm
_06276_,21.255µm
u_fft_core.u_buffer_parallel2serial.mem_re\[0\]\[6\],21.255µm
_01212_,21.25µm
_01732_,21.25µm
_02006_,21.25µm
_05070_,21.25µm
_06865_,21.25µm
_06960_,21.25µm
_09727_,21.25µm
_14149_,21.25µm
u_fft_core.u_buffer_parallel2serial.mem_im\[24\]\[6\],21.25µm
_04754_,21.24µm
_07640_,21.24µm
_13845_,21.24µm
u_fft_core.shift_r2_ff3_data0_im\[7\],21.235µm
_08507_,21.225µm
u_fft_core.u_shift_r4.data_im_q\[33\],21.225µm
_17794_,21.215µm
u_fft_core.u_shift_r4.data_re_q\[46\],21.21µm
net3429,21.205µm
_07229_,21.2µm
_09774_,21.2µm
u_fft_core.u_buffer_parallel2serial.mem_im\[1\]\[4\],21.2µm
_12940_,21.195µm
_05281_,21.19µm
_10712_,21.19µm
_12336_,21.19µm
_06184_,21.18µm
_09043_,21.18µm
_14969_,21.18µm
_09830_,21.165µm
_10569_,21.165µm
_04281_,21.15µm
u_fft_core.u_buffer_parallel2serial.mem_im\[11\]\[6\],21.15µm
_16952_,21.145µm
u_fft_core.u_shift_r2_fft0.data_im_q\[31\],21.145µm
u_fft_core.fft4_data2_re\[2\],21.14µm
u_fft_core.u_buffer_parallel2serial.mem_re\[11\]\[0\],21.14µm
_09423_,21.135µm
_01414_,21.13µm
_01665_,21.13µm
u_fft_core.shift_r2_ff0_data0_re\[3\],21.13µm
u_fft_core.u_buffer_parallel2serial.mem_re\[3\]\[6\],21.13µm
u_fft_core.u_shift_r2_fft3.data_re_q\[18\],21.13µm
net4001,21.13µm
_02917_,21.125µm
_02898_,21.12µm
_05101_,21.12µm
_03416_,21.115µm
u_tx.current_shift\[2\],21.115µm
_08187_,21.105µm
_09328_,21.105µm
_17152_,21.1µm
u_fft_core.u_buffer_parallel2serial.mem_im\[19\]\[6\],21.09µm
_05725_,21.085µm
_06655_,21.085µm
_15514_,21.08µm
u_fft_core.fft4_data1_re\[3\],21.08µm
u_fft_core.u_buffer_parallel2serial.mem_im\[18\]\[7\],21.08µm
u_fft_core.u_fft8_mdc1.u_mdc8p_stage1.ds_switch_stage1.i_data_0r\[0\],21.08µm
_11464_,21.07µm
_12446_,21.07µm
_16446_,21.07µm
u_fft_core.u_buffer_parallel2serial.mem_re\[2\]\[1\],21.07µm
_03097_,21.06µm
_04108_,21.06µm
_09810_,21.06µm
u_fft_core.u_fft8_mdc1.u_mdc8p_stage1.ds_switch_stage1.i_data_0r\[6\],21.06µm
_04815_,21.055µm
_13083_,21.055µm
_13104_,21.055µm
u_fft_core.u_buffer_parallel2serial.mem_re\[11\]\[5\],21.055µm
u_fft_core.u_buffer_parallel2serial.mem_re\[24\]\[2\],21.055µm
_04598_,21.045µm
_10168_,21.045µm
_04665_,21.035µm
_13997_,21.035µm
u_fft_core.u_shift_r4.data_im_q\[45\],21.03µm
_10273_,21.025µm
_13480_,21.02µm
_15933_,21.02µm
_00552_,21.01µm
_12602_,21.01µm
_13682_,21.01µm
u_fft_core.u_shift_r4.valid_q\[13\],21.01µm
_07246_,21µm
_07863_,21µm
_09115_,21µm
_09849_,21µm
_13007_,21µm
_14647_,21µm
_15208_,21µm
_15861_,21µm
_16677_,21µm
u_fft_core.u_buffer_parallel2serial.mem_re\[11\]\[4\],21µm
u_fft_core.u_fft8_mdc2.u_mdc8p_stage1.u_btfly2.o_data0_i\[6\],21µm
u_fft_core.u_shift_r2_fft2.data_re_q\[22\],21µm
u_fft_core.u_shift_r4.data_im_q\[105\],21µm
_11461_,20.995µm
u_fft_core.u_buffer_parallel2serial.mem_im\[22\]\[2\],20.995µm
u_fft_core.u_buffer_parallel2serial.mem_re\[21\]\[1\],20.98µm
_08921_,20.965µm
_13952_,20.96µm
_15478_,20.96µm
_16086_,20.96µm
_17135_,20.96µm
_00455_,20.95µm
_05119_,20.95µm
_06584_,20.95µm
_13070_,20.95µm
_15993_,20.95µm
u_fft_core.u_buffer_parallel2serial.mem_re\[23\]\[2\],20.95µm
u_fft_core.u_fft8_mdc0.u_mdc8p_stage1.ds_switch_stage1.w_data_1r\[1\],20.95µm
u_fft_core.u_fft8_mdc2.u_mdc8p_stage1.xfft_cell_route1.r_pp2_mult_r\[1\]\[1\],20.95µm
_02796_,20.94µm
_13806_,20.94µm
_15271_,20.94µm
_17561_,20.94µm
u_fft_core.u_fft8_mdc0.u_mdc8p_stage1.ds_switch_stage1.o_data_1r\[0\],20.94µm
u_fft_core.u_fft8_mdc0.u_mdc8p_stage1.xfft_cell_route1.r_pp2_mult_i\[1\]\[5\],20.94µm
u_fft_core.u_fft8_mdc2.u_mdc8p_stage1.r_data0_i\[7\],20.94µm
_08662_,20.935µm
u_fft_core.u_buffer_parallel2serial.mem_re\[7\]\[7\],20.935µm
u_fft_core.u_fft8_mdc0.u_mdc8p_stage2.ds_switch_stage1.r_idata_i\[0\]\[5\],20.935µm
_02729_,20.925µm
_06050_,20.92µm
_02253_,20.915µm
_06507_,20.91µm
u_fft_core.u_shift_r4.valid_q\[20\],20.91µm
_08012_,20.9µm
_11126_,20.9µm
_12978_,20.9µm
_13105_,20.9µm
u_fft_core.shift_r2_ff2_data0_re\[0\],20.9µm
u_fft_core.u_buffer_parallel2serial.mem_re\[15\]\[2\],20.9µm
u_fft_core.u_shift_r2_fft2.data_re_q\[15\],20.9µm
u_fft_core.u_fft8_mdc3.u_mdc8p_stage1.ds_switch_stage1.i_data_0i\[5\],20.895µm
_01912_,20.89µm
_09972_,20.89µm
_10279_,20.89µm
_10339_,20.89µm
u_fft_core.u_buffer_parallel2serial.mem_re\[21\]\[0\],20.89µm
u_fft_core.u_fft8_mdc0.u_mdc8p_stage1.xfft_cell_route1.r_pp2_mult_i\[0\]\[7\],20.89µm
u_fft_core.u_shift_r2_fft0.data_im_q\[28\],20.89µm
net3466,20.89µm
_09795_,20.885µm
_03640_,20.88µm
_03992_,20.88µm
_15992_,20.88µm
_16839_,20.88µm
_16905_,20.88µm
net438,20.88µm
clknet_leaf_411_i_clk,20.88µm
_11108_,20.875µm
u_fft_core.u_buffer_parallel2serial.mem_re\[22\]\[3\],20.875µm
u_fft_core.u_shift_r2_fft1.data_im_q\[9\],20.875µm
_06830_,20.865µm
_09028_,20.865µm
_16741_,20.865µm
u_fft_core.u_fft8_mdc3.u_mdc8p_stage2.r_data1_r\[9\],20.865µm
u_fft_core.u_shift_r2_fft2.data_re_q\[29\],20.845µm
u_fft_core.u_shift_r2_fft3.data_re_q\[14\],20.845µm
_03923_,20.84µm
_05028_,20.84µm
_09579_,20.84µm
_10986_,20.84µm
_15604_,20.84µm
_10472_,20.83µm
_18073_,20.83µm
_03863_,20.82µm
_08893_,20.82µm
_11459_,20.82µm
_17005_,20.82µm
_06038_,20.815µm
_17261_,20.8µm
u_fft_core.u_fft8_mdc0.u_mdc8p_stage2.ds_switch_stage1.o_data_0i\[4\],20.79µm
u_fft_core.u_fft8_mdc1.u_mdc8p_stage1.ds_switch_stage1.i_data_1i\[8\],20.79µm
_14385_,20.785µm
u_fft_core.u_fft8_mdc3.u_mdc8p_stage1.xfft_cell_route1.r_pp2_mult_i\[1\]\[7\],20.785µm
_08778_,20.78µm
u_fft_core.shift_r2_ff3_data0_im\[2\],20.78µm
clknet_leaf_509_i_clk,20.78µm
_05885_,20.775µm
_01004_,20.77µm
_05407_,20.77µm
_12396_,20.77µm
_15498_,20.77µm
_16292_,20.77µm
u_fft_core.fft4_data0_re\[4\],20.77µm
u_fft_core.u_fft8_mdc3.u_mdc8p_stage2.ds_switch_stage1.o_data_0r\[6\],20.77µm
u_fft_core.u_shift_r4.data_im_q\[97\],20.77µm
_16093_,20.765µm
_02906_,20.76µm
_06422_,20.76µm
_16683_,20.76µm
u_fft_core.u_fft8_mdc0.u_mdc8p_stage2.r_data1_i\[7\],20.76µm
_16281_,20.755µm
_13991_,20.75µm
_08399_,20.735µm
_15222_,20.73µm
_05539_,20.72µm
_12751_,20.715µm
_11514_,20.71µm
_12702_,20.71µm
_12874_,20.71µm
_14536_,20.7µm
u_fft_core.u_fft8_mdc1.u_mdc8p_stage1.xfft_cell_route1.r_pp2_mult_r\[0\]\[6\],20.7µm
_09580_,20.695µm
net3944,20.695µm
u_fft_core.u_shift_r4.data_re_q\[94\],20.685µm
_06288_,20.68µm
_06311_,20.68µm
_12373_,20.67µm
u_fft_core.u_buffer_parallel2serial.mem_im\[0\]\[2\],20.67µm
u_fft_core.u_fft4.s1_od_sub_re\[4\],20.67µm
u_fft_core.u_shift_r2_fft0.data_re_q\[24\],20.67µm
u_fft_core.u_shift_r2_fft1.data_re_q\[29\],20.67µm
u_fft_core.u_shift_r4.data_im_q\[151\],20.67µm
_05479_,20.66µm
_10632_,20.66µm
_11407_,20.66µm
u_fft_core.u_shift_r4.data_re_q\[36\],20.66µm
u_fft_core.u_fft8_mdc0.u_mdc8p_stage1.r_data1_i\[1\],20.655µm
_01864_,20.65µm
_11763_,20.65µm
_14518_,20.65µm
u_fft_core.u_shift_r4.data_im_q\[178\],20.65µm
u_fft_core.u_shift_r4.data_re_q\[119\],20.65µm
_15850_,20.645µm
net4110,20.645µm
_14990_,20.62µm
u_fft_core.u_shift_r2_fft3.data_im_q\[30\],20.615µm
u_fft_core.u_buffer_parallel2serial.mem_im\[16\]\[3\],20.605µm
_10467_,20.6µm
_14593_,20.6µm
_09638_,20.595µm
_07755_,20.59µm
_10634_,20.59µm
_10739_,20.59µm
u_fft_core.u_buffer_parallel2serial.mem_im\[3\]\[6\],20.59µm
u_fft_core.u_fft8_mdc2.u_mdc8p_stage1.ds_switch_stage1.w_data_1r\[9\],20.59µm
u_fft_core.u_fft8_mdc2.u_mdc8p_stage1.xfft_cell_route1.r_pp2_mult_i\[0\]\[0\],20.59µm
u_fft_core.u_fft8_mdc2.u_mdc8p_stage1.xfft_cell_route1.r_pp2_mult_r\[1\]\[4\],20.59µm
_06042_,20.58µm
_07806_,20.58µm
_14206_,20.58µm
_16200_,20.58µm
u_fft_core.u_buffer_parallel2serial.mem_im\[22\]\[1\],20.58µm
u_fft_core.u_fft8_mdc1.u_mdc8p_stage2.r_data1_i\[6\],20.58µm
_15739_,20.575µm
u_fft_core.u_buffer_parallel2serial.mem_im\[16\]\[6\],20.575µm
_16179_,20.565µm
_06424_,20.56µm
u_fft_core.u_fft8_mdc0.u_mdc8p_stage1.r_data0_i\[2\],20.56µm
_12431_,20.555µm
u_fft_core.u_fft8_mdc2.u_mdc8p_stage1.ds_switch_stage1.r_idata_r\[1\]\[8\],20.555µm
_11144_,20.55µm
_14476_,20.55µm
_07639_,20.545µm
_08700_,20.545µm
_11381_,20.545µm
_10734_,20.54µm
_10985_,20.54µm
_13361_,20.54µm
_15162_,20.54µm
u_fft_core.u_shift_r4.data_im_q\[153\],20.54µm
_15913_,20.535µm
_07236_,20.53µm
_07302_,20.53µm
_07761_,20.53µm
u_fft_core.u_fft8_mdc2.u_mdc8p_stage1.ds_switch_stage1.r_idata_r\[0\]\[8\],20.53µm
u_fft_core.u_shift_r4.data_im_q\[163\],20.53µm
_07506_,20.525µm
_03726_,20.52µm
_05865_,20.52µm
_08938_,20.52µm
_15372_,20.52µm
_16115_,20.52µm
_06269_,20.515µm
_12660_,20.515µm
_16883_,20.515µm
u_fft_core.u_shift_r4.valid_q\[16\],20.515µm
_06363_,20.51µm
_11913_,20.505µm
u_fft_core.u_fft8_mdc3.u_mdc8p_stage1.xfft_cell_route1.w_mult_r\[1\]\[4\],20.505µm
_05495_,20.5µm
_17153_,20.5µm
_05305_,20.47µm
_06443_,20.47µm
_07931_,20.47µm
_14947_,20.47µm
_15401_,20.47µm
u_fft_core.u_fft8_mdc3.u_mdc8p_stage1.xfft_cell_route1.w_mult_r\[1\]\[14\],20.47µm
u_rx.current_state\[1\],20.47µm
_02212_,20.46µm
_06810_,20.46µm
_08182_,20.46µm
_09169_,20.46µm
_14458_,20.46µm
u_fft_core.u_fft8_mdc0.u_mdc8p_stage1.u_btfly2.o_data0_i\[6\],20.46µm
_06098_,20.455µm
_11619_,20.455µm
u_fft_core.twiddle_data2_im\[3\],20.455µm
u_fft_core.twiddle_data3_re\[6\],20.455µm
u_fft_core.u_buffer_parallel2serial.mem_re\[27\]\[4\],20.455µm
u_fft_core.u_fft8_mdc1.u_mdc8p_stage2.r_data1_r\[5\],20.455µm
u_fft_core.u_shift_r4.data_im_q\[19\],20.455µm
u_fft_core.twiddle_data1_re\[6\],20.445µm
u_fft_core.u_shift_r4.data_re_q\[61\],20.445µm
_12318_,20.44µm
_12420_,20.43µm
_08499_,20.425µm
_02910_,20.42µm
_11013_,20.42µm
u_fft_core.u_buffer_parallel2serial.mem_im\[26\]\[7\],20.42µm
u_fft_core.u_fft8_mdc1.u_mdc8p_stage3.next_data0_i\[1\],20.42µm
u_fft_core.u_shift_r4.data_re_q\[136\],20.415µm
_04899_,20.41µm
_05751_,20.41µm
_06706_,20.41µm
_12113_,20.41µm
u_fft_core.u_fft4.s2_x2_re\[6\],20.41µm
u_fft_core.u_fft8_mdc0.u_mdc8p_stage1.ds_switch_stage1.o_data_1i\[0\],20.41µm
_02338_,20.405µm
_06675_,20.4µm
clknet_leaf_72_i_clk,20.4µm
_02965_,20.395µm
_07635_,20.385µm
_09293_,20.385µm
_15106_,20.375µm
u_fft_core.u_shift_r2_fft0.data_re_q\[27\],20.375µm
_10597_,20.37µm
_11432_,20.37µm
u_fft_core.u_buffer_parallel2serial.mem_re\[31\]\[1\],20.365µm
u_fft_core.u_shift_r4.data_re_q\[99\],20.365µm
_14701_,20.36µm
u_fft_core.u_fft4.s1_ev_sum_re\[6\],20.36µm
_06089_,20.35µm
_10492_,20.35µm
_13773_,20.35µm
u_fft_core.u_buffer_parallel2serial.mem_im\[11\]\[5\],20.35µm
u_fft_core.u_buffer_parallel2serial.mem_re\[21\]\[5\],20.35µm
u_fft_core.u_fft8_mdc0.u_mdc8p_stage2.ds_switch_stage1.i_data_1r\[8\],20.35µm
_02385_,20.34µm
_05504_,20.34µm
_12960_,20.34µm
_15375_,20.34µm
_15824_,20.34µm
u_fft_core.u_fft8_mdc2.u_mdc8p_stage1.u_btfly2.o_data1_i\[6\],20.34µm
u_fft_core.u_fft8_mdc0.u_mdc8p_stage1.r_data0_r\[6\],20.32µm
u_rx.current_shift\[5\],20.315µm
_10891_,20.305µm
_03202_,20.3µm
_08801_,20.3µm
_09176_,20.3µm
_12638_,20.3µm
u_fft_core.shift_r4_data0_re\[7\],20.3µm
u_fft_core.u_buffer_parallel2serial.mem_im\[22\]\[3\],20.3µm
u_fft_core.u_buffer_parallel2serial.mem_im\[7\]\[4\],20.3µm
_08723_,20.295µm
_01782_,20.29µm
_04697_,20.29µm
_05665_,20.29µm
_12701_,20.29µm
_16174_,20.29µm
u_fft_core.shift_r2_ff3_data0_im\[6\],20.29µm
u_fft_core.u_buffer_parallel2serial.mem_re\[8\]\[6\],20.29µm
u_fft_core.u_fft8_mdc0.u_mdc8p_stage2.r_data0_i\[4\],20.29µm
clknet_6_62_0_i_clk,20.29µm
_05983_,20.28µm
_06441_,20.28µm
_06722_,20.28µm
_09546_,20.28µm
net1741,20.28µm
u_fft_core.u_fft8_mdc0.u_mdc8p_stage1.ds_switch_stage1.i_data_0r\[8\],20.28µm
u_fft_core.u_fft8_mdc1.u_mdc8p_stage2.ds_switch_stage1.i_data_1i\[8\],20.28µm
_03142_,20.275µm
_03609_,20.275µm
_14571_,20.275µm
u_fft_core.u_fft8_mdc1.u_mdc8p_stage1.xfft_cell_route1.r_pp2_mult_i\[0\]\[7\],20.27µm
_09434_,20.265µm
u_fft_core.u_fft8_mdc0.u_mdc8p_stage2.ds_switch_stage1.i_data_1r\[5\],20.265µm
_17210_,20.255µm
_02370_,20.25µm
_01381_,20.245µm
u_fft_core.u_buffer_parallel2serial.mem_re\[5\]\[0\],20.245µm
_12932_,20.24µm
u_fft_core.u_buffer_parallel2serial.mem_im\[8\]\[1\],20.24µm
u_fft_core.u_buffer_parallel2serial.mem_im\[8\]\[6\],20.24µm
_08613_,20.23µm
u_debug_sys.u_spi_slave.next_rx\[7\],20.23µm
_04056_,20.225µm
_16463_,20.225µm
_03065_,20.22µm
_05614_,20.22µm
u_fft_core.u_shift_r4.data_re_q\[89\],20.22µm
u_fft_core.u_buffer_parallel2serial.mem_re\[5\]\[5\],20.21µm
u_fft_core.u_buffer_parallel2serial.mem_im\[24\]\[0\],20.205µm
u_fft_core.u_fft8_mdc2.u_mdc8p_stage1.u_btfly2.o_data0_i\[1\],20.205µm
u_fft_core.u_buffer_parallel2serial.mem_re\[28\]\[2\],20.195µm
u_fft_core.fft4_data1_re\[6\],20.19µm
_09982_,20.185µm
_11500_,20.185µm
_17264_,20.185µm
u_fft_core.u_buffer_parallel2serial.mem_re\[4\]\[3\],20.185µm
_10343_,20.18µm
_13274_,20.18µm
u_fft_core.u_fft8_mdc0.u_mdc8p_stage1.ds_switch_stage1.o_valid,20.18µm
_00702_,20.17µm
_02403_,20.17µm
_03288_,20.17µm
_04963_,20.17µm
_11875_,20.17µm
_09337_,20.165µm
_06843_,20.16µm
_07861_,20.16µm
u_fft_core.u_fft8_mdc2.u_mdc8p_stage1.xfft_cell_route1.r_pp2_mult_r\[1\]\[2\],20.16µm
u_fft_core.u_buffer_parallel2serial.mem_re\[23\]\[6\],20.155µm
_11591_,20.15µm
u_fft_core.u_fft8_mdc0.u_mdc8p_stage1.r_data0_i\[7\],20.145µm
_06341_,20.13µm
u_fft_core.u_buffer_parallel2serial.mem_re\[29\]\[5\],20.12µm
u_fft_core.u_shift_r4.data_re_q\[32\],20.12µm
_15766_,20.11µm
_17451_,20.11µm
u_fft_core.u_shift_r4.data_im_q\[179\],20.11µm
_09992_,20.105µm
net3960,20.105µm
_04518_,20.1µm
_05760_,20.1µm
_07602_,20.1µm
u_fft_core.u_buffer_parallel2serial.mem_im\[11\]\[1\],20.1µm
_11186_,20.095µm
_13879_,20.085µm
_16094_,20.085µm
net3593,20.075µm
_02103_,20.07µm
fft_out_re\[0\],20.065µm
_02152_,20.06µm
_12022_,20.06µm
u_fft_core.u_fft8_mdc1.u_mdc8p_stage1.ds_switch_stage1.r_idata_r\[1\]\[8\],20.06µm
net2853,20.06µm
_11463_,20.05µm
u_fft_core.u_buffer_parallel2serial.mem_im\[5\]\[5\],20.05µm
u_fft_core.u_buffer_parallel2serial.mem_im\[5\]\[6\],20.05µm
u_fft_core.u_fft8_mdc0.u_mdc8p_stage1.r_bt0_r\[0\]\[5\],20.05µm
_07079_,20.045µm
u_fft_core.shift_r2_ff3_data0_re\[6\],20.045µm
_07951_,20.04µm
_08098_,20.04µm
_13220_,20.04µm
_13267_,20.04µm
u_fft_core.u_fft8_mdc0.u_mdc8p_stage1.xfft_cell_route1.w_mult_i\[0\]\[9\],20.04µm
u_fft_core.u_fft8_mdc1.u_mdc8p_stage1.ds_switch_stage1.i_data_1r\[9\],20.04µm
u_fft_core.u_fft8_mdc1.u_mdc8p_stage2.ds_switch_stage1.r_idata_i\[0\]\[6\],20.04µm
u_fft_core.u_fft8_mdc3.u_mdc8p_stage1.ds_switch_stage1.i_data_1i\[8\],20.04µm
u_fft_core.u_buffer_parallel2serial.mem_im\[13\]\[2\],20.035µm
u_fft_core.u_buffer_parallel2serial.mem_im\[25\]\[7\],20.035µm
u_fft_core.u_buffer_parallel2serial.mem_re\[10\]\[5\],20.035µm
u_fft_core.u_fft8_mdc0.u_mdc8p_stage1.xfft_cell_route1.w_mult_r\[1\]\[5\],20.035µm
_05443_,20.03µm
_17523_,20.025µm
u_fft_core.u_buffer_parallel2serial.mem_im\[7\]\[5\],20.025µm
u_fft_core.u_shift_r4.data_im_q\[106\],20.025µm
_03736_,20.02µm
_10713_,20.02µm
u_fft_core.u_fft8_mdc3.u_mdc8p_stage2.ds_switch_stage1.o_data_0r\[8\],20.02µm
_16104_,20.015µm
_06638_,20.01µm
_07802_,20.005µm
_04089_,20µm
_14034_,20µm
u_fft_core.u_buffer_parallel2serial.mem_re\[18\]\[2\],20µm
u_fft_core.u_buffer_parallel2serial.mem_re\[25\]\[1\],20µm
_04856_,19.99µm
_07581_,19.99µm
_09042_,19.99µm
_11883_,19.99µm
_13106_,19.99µm
_14048_,19.99µm
_17295_,19.99µm
cnt_inputs\[6\],19.99µm
u_fft_core.u_fft8_mdc0.u_mdc8p_stage1.ds_switch_stage1.o_data_0r\[5\],19.99µm
u_fft_core.u_shift_r4.data_re_q\[143\],19.99µm
_01477_,19.98µm
_06767_,19.98µm
_10355_,19.98µm
_12510_,19.98µm
_13214_,19.98µm
_16382_,19.98µm
u_fft_core.u_fft8_mdc0.u_mdc8p_stage1.u_btfly2.o_data1_r\[7\],19.98µm
u_fft_core.u_fft8_mdc3.u_mdc8p_stage1.ds_switch_stage1.r_idata_i\[1\]\[2\],19.98µm
_06676_,19.975µm
_14913_,19.975µm
u_fft_core.u_buffer_parallel2serial.mem_re\[29\]\[3\],19.975µm
u_fft_core.u_shift_r4.data_im_q\[25\],19.975µm
u_fft_core.u_shift_r4.valid_q\[6\],19.975µm
_02787_,19.965µm
_02604_,19.955µm
u_fft_core.shift_r2_ff2_data0_im\[0\],19.955µm
net3556,19.955µm
u_fft_core.u_fft8_mdc1.u_mdc8p_stage1.r_data1_i\[3\],19.945µm
_08118_,19.94µm
_09754_,19.94µm
u_fft_core.u_buffer_parallel2serial.mem_re\[21\]\[3\],19.94µm
u_fft_core.u_buffer_parallel2serial.mem_re\[8\]\[7\],19.94µm
u_fft_core.u_twiddle_interface.u_mult_2.u_clip.o_data_im\[2\],19.94µm
clknet_6_60_0_i_clk,19.94µm
_05676_,19.935µm
_17671_,19.935µm
_02788_,19.93µm
_05620_,19.93µm
_05913_,19.93µm
_11595_,19.93µm
_14513_,19.93µm
_14635_,19.93µm
_16670_,19.93µm
_17897_,19.93µm
net1705,19.93µm
u_fft_core.twiddle_data1_im\[2\],19.93µm
u_fft_core.u_shift_r2_fft2.data_im_q\[29\],19.93µm
u_fft_core.u_shift_r4.data_re_q\[49\],19.93µm
_02202_,19.92µm
_11448_,19.92µm
_14120_,19.92µm
_14477_,19.92µm
u_fft_core.u_buffer_parallel2serial.mem_re\[20\]\[2\],19.92µm
_08561_,19.915µm
u_fft_core.shift_r2_ff2_data0_im\[4\],19.915µm
u_fft_core.u_shift_r4.data_re_q\[84\],19.915µm
_17966_,19.905µm
_05627_,19.89µm
_07148_,19.89µm
last_out_im\[6\],19.89µm
net3231,19.89µm
_10615_,19.885µm
_16886_,19.88µm
_17689_,19.88µm
_17891_,19.88µm
u_fft_core.u_shift_r4.data_im_q\[144\],19.88µm
clknet_6_33_0_i_clk,19.88µm
_03401_,19.87µm
_06371_,19.87µm
_06604_,19.87µm
_15362_,19.87µm
u_debug_sys.u_spi_slave.rd_toggle_q,19.87µm
u_debug_sys.u_spi_slave.tx_shift\[10\],19.87µm
u_fft_core.u_buffer_parallel2serial.mem_re\[4\]\[2\],19.87µm
u_fft_core.u_buffer_parallel2serial.mem_re\[7\]\[5\],19.87µm
u_fft_core.u_fft8_mdc2.u_mdc8p_stage2.ds_switch_stage1.i_data_1r\[9\],19.87µm
_16722_,19.865µm
_06293_,19.86µm
_17915_,19.86µm
u_fft_core.u_buffer_parallel2serial.mem_re\[14\]\[2\],19.855µm
_07669_,19.85µm
u_fft_core.u_buffer_parallel2serial.mem_re\[13\]\[0\],19.835µm
_05381_,19.83µm
_06956_,19.83µm
_08744_,19.83µm
_10244_,19.825µm
u_fft_core.shift_r2_ff3_data0_re\[1\],19.825µm
u_fft_core.u_buffer_parallel2serial.mem_re\[17\]\[4\],19.825µm
u_fft_core.u_shift_r2_fft1.data_im_q\[18\],19.825µm
u_fft_core.u_shift_r2_fft2.data_im_q\[20\],19.825µm
_08709_,19.82µm
_12636_,19.82µm
u_fft_core.u_fft8_mdc2.u_mdc8p_stage2.ds_switch_stage1.o_data_0i\[7\],19.82µm
u_fft_core.u_fft8_mdc2.u_mdc8p_stage2.r_data0_i\[8\],19.82µm
u_fft_core.u_fft8_mdc3.u_mdc8p_stage1.r_data0_r\[0\],19.82µm
u_fft_core.u_fft8_mdc3.u_mdc8p_stage2.ds_switch_stage1.o_valid,19.82µm
clknet_leaf_385_i_clk,19.82µm
_16811_,19.815µm
_13064_,19.81µm
u_fft_core.fft4_data1_im\[5\],19.81µm
u_fft_core.u_buffer_parallel2serial.mem_im\[15\]\[5\],19.81µm
u_fft_core.u_buffer_parallel2serial.mem_re\[24\]\[7\],19.81µm
u_fft_core.u_fft4.s2_x1_re\[4\],19.81µm
_03537_,19.805µm
_06821_,19.805µm
u_fft_core.shift_r2_ff0_data0_im\[7\],19.805µm
_02595_,19.8µm
_17759_,19.8µm
_09646_,19.795µm
_09823_,19.795µm
u_fft_core.u_shift_r2_fft3.data_re_q\[22\],19.795µm
u_fft_core.u_shift_r4.data_im_q\[122\],19.79µm
_06560_,19.785µm
u_fft_core.u_fft8_mdc2.u_mdc8p_stage1.xfft_cell_route1.w_mult_i\[1\]\[13\],19.785µm
u_fft_core.u_fft8_mdc2.u_mdc8p_stage2.ds_switch_stage1.r_idata_r\[0\]\[6\],19.785µm
_12417_,19.77µm
u_fft_core.u_buffer_parallel2serial.mem_re\[7\]\[2\],19.77µm
u_fft_core.u_shift_r4.data_im_q\[89\],19.77µm
_08165_,19.76µm
_05427_,19.75µm
_11065_,19.75µm
_15430_,19.745µm
_06107_,19.74µm
cnt_inputs\[1\],19.74µm
u_fft_core.u_buffer_parallel2serial.mem_im\[17\]\[6\],19.74µm
_03135_,19.73µm
_11980_,19.725µm
_15240_,19.725µm
_16059_,19.725µm
_16250_,19.725µm
u_fft_core.u_shift_r2_fft3.data_im_q\[28\],19.725µm
_07026_,19.71µm
_07703_,19.71µm
_10196_,19.71µm
_17896_,19.71µm
u_fft_core.shift_r2_ff0_data0_re\[7\],19.71µm
u_fft_core.u_buffer_parallel2serial.mem_im\[1\]\[6\],19.71µm
u_fft_core.u_buffer_parallel2serial.mem_re\[12\]\[2\],19.71µm
u_fft_core.u_shift_r4.data_re_q\[138\],19.705µm
_06740_,19.7µm
_08027_,19.7µm
_10124_,19.7µm
_11396_,19.7µm
_11447_,19.7µm
_08065_,19.695µm
_14018_,19.695µm
_02149_,19.69µm
_09017_,19.69µm
_09833_,19.69µm
_13457_,19.69µm
_13759_,19.69µm
_16066_,19.69µm
u_fft_core.u_buffer_parallel2serial.mem_im\[20\]\[3\],19.69µm
_06677_,19.685µm
_05024_,19.68µm
_05359_,19.68µm
_05782_,19.68µm
u_fft_core.u_twiddle_interface.mult1_re\[7\],19.68µm
_03985_,19.675µm
_08957_,19.675µm
u_fft_core.u_shift_r4.valid_q\[14\],19.675µm
_03811_,19.67µm
u_fft_core.u_buffer_parallel2serial.mem_re\[29\]\[2\],19.665µm
_15440_,19.66µm
_10630_,19.655µm
_05934_,19.64µm
_10462_,19.64µm
_14131_,19.64µm
u_fft_core.u_shift_r4.data_re_q\[146\],19.64µm
_03896_,19.635µm
_16914_,19.63µm
u_fft_core.u_buffer_parallel2serial.mem_im\[10\]\[0\],19.63µm
u_fft_core.u_buffer_parallel2serial.mem_re\[11\]\[3\],19.63µm
_16578_,19.625µm
_03855_,19.62µm
_10444_,19.62µm
u_fft_core.u_fft8_mdc0.u_mdc8p_stage1.xfft_cell_route1.r_pp2_mult_r\[1\]\[1\],19.62µm
u_fft_core.u_fft8_mdc2.u_mdc8p_stage1.r_bt0_r\[0\]\[7\],19.62µm
u_fft_core.u_fft8_mdc2.u_mdc8p_stage2.ds_switch_stage1.valid_count\[1\],19.62µm
_06414_,19.615µm
_16621_,19.615µm
_08964_,19.61µm
_10604_,19.605µm
_12570_,19.605µm
_06577_,19.6µm
_12344_,19.6µm
_12423_,19.6µm
u_fft_core.u_fft8_mdc0.u_mdc8p_stage1.r_data1_r\[7\],19.6µm
_06575_,19.59µm
_13473_,19.59µm
u_fft_core.u_fft8_mdc3.u_mdc8p_stage2.r_data1_i\[6\],19.585µm
_07606_,19.58µm
_10946_,19.58µm
_14186_,19.575µm
_02142_,19.57µm
_11105_,19.57µm
_13146_,19.57µm
_14926_,19.57µm
_16047_,19.57µm
_16568_,19.57µm
rx_data_im\[0\],19.57µm
u_fft_core.shift_r2_ff0_data0_re\[1\],19.57µm
u_fft_core.u_buffer_parallel2serial.mem_im\[24\]\[2\],19.57µm
_18182_,19.565µm
_02157_,19.56µm
_02205_,19.56µm
_04936_,19.56µm
_08764_,19.56µm
_09319_,19.56µm
_12523_,19.56µm
_12849_,19.56µm
_13862_,19.56µm
_17672_,19.56µm
u_fft_core.u_fft8_mdc0.u_mdc8p_stage1.ds_switch_stage1.i_data_0r\[3\],19.56µm
u_fft_core.u_fft8_mdc2.u_mdc8p_stage1.r_data0_i\[4\],19.56µm
u_fft_core.u_fft8_mdc2.u_mdc8p_stage1.xfft_cell_route1.r_pp2_mult_r\[0\]\[7\],19.56µm
_05540_,19.555µm
_16931_,19.555µm
u_fft_core.shift_r4_data0_re\[3\],19.555µm
u_fft_core.u_buffer_parallel2serial.mem_im\[27\]\[5\],19.555µm
u_fft_core.u_fft8_mdc0.u_mdc8p_stage1.xfft_cell_route1.r_pp2_mult_i\[0\]\[2\],19.55µm
_04947_,19.545µm
u_fft_core.u_buffer_parallel2serial.mem_im\[9\]\[7\],19.54µm
_11691_,19.535µm
_08371_,19.53µm
_17813_,19.525µm
_01553_,19.51µm
_01577_,19.51µm
_06096_,19.51µm
_09374_,19.51µm
_10163_,19.51µm
_11323_,19.51µm
_17493_,19.51µm
u_fft_core.u_buffer_parallel2serial.mem_re\[17\]\[2\],19.51µm
u_fft_core.u_shift_r4.data_im_q\[72\],19.51µm
_16560_,19.505µm
_03914_,19.5µm
_04063_,19.5µm
_04680_,19.5µm
_08966_,19.5µm
_11204_,19.5µm
u_fft_core.u_shift_r2_fft0.valid_q\[3\],19.5µm
net4067,19.5µm
u_fft_core.u_buffer_parallel2serial.mem_im\[20\]\[1\],19.495µm
net4080,19.495µm
_12168_,19.49µm
_15581_,19.49µm
cnt_inputs\[2\],19.49µm
_03952_,19.48µm
_10311_,19.47µm
u_fft_core.u_buffer_parallel2serial.mem_im\[17\]\[1\],19.46µm
u_fft_core.u_shift_r2_fft3.data_re_q\[28\],19.46µm
u_fft_core.u_shift_r4.data_re_q\[93\],19.46µm
_02793_,19.45µm
_06382_,19.45µm
_10754_,19.45µm
_15157_,19.45µm
u_fft_core.shift_r2_ff0_data0_im\[5\],19.45µm
u_fft_core.u_buffer_parallel2serial.mem_re\[5\]\[1\],19.45µm
u_fft_core.u_shift_r2_fft0.data_im_q\[27\],19.45µm
u_fft_core.u_shift_r4.data_im_q\[22\],19.45µm
u_fft_core.u_shift_r4.data_re_q\[158\],19.45µm
_04540_,19.445µm
u_fft_core.twiddle_data0_im\[2\],19.445µm
u_fft_core.twiddle_data2_im\[4\],19.445µm
u_fft_core.u_buffer_parallel2serial.mem_im\[13\]\[4\],19.445µm
u_fft_core.u_buffer_parallel2serial.mem_re\[13\]\[7\],19.445µm
u_fft_core.u_fft8_mdc2.u_mdc8p_stage1.ds_switch_stage1.r_idata_r\[1\]\[3\],19.445µm
_06437_,19.44µm
_11965_,19.44µm
u_fft_core.u_fft8_mdc1.u_mdc8p_stage1.ds_switch_stage1.i_data_0r\[5\],19.44µm
u_fft_core.u_buffer_parallel2serial.mem_re\[9\]\[7\],19.435µm
_02413_,19.43µm
_05720_,19.43µm
_05537_,19.42µm
_02947_,19.41µm
u_fft_core.u_buffer_parallel2serial.mem_re\[24\]\[3\],19.405µm
u_fft_core.u_fft8_mdc3.u_mdc8p_stage2.r_data1_r\[3\],19.405µm
_17272_,19.4µm
_17340_,19.4µm
u_fft_core.u_fft8_mdc3.u_mdc8p_stage1.xfft_cell_route1.r_pp2_mult_r\[0\]\[16\],19.4µm
u_fft_core.u_shift_r4.data_re_q\[90\],19.4µm
_05039_,19.39µm
_09589_,19.39µm
_13305_,19.39µm
u_fft_core.u_buffer_parallel2serial.mem_im\[18\]\[4\],19.39µm
u_fft_core.u_buffer_parallel2serial.mem_re\[11\]\[1\],19.39µm
u_fft_core.u_fft8_mdc3.u_mdc8p_stage1.xfft_cell_route1.w_mult_i\[0\]\[7\],19.39µm
_04363_,19.385µm
_05756_,19.385µm
_09225_,19.385µm
_07201_,19.38µm
_09971_,19.38µm
_10885_,19.38µm
_13130_,19.38µm
_18188_,19.38µm
u_fft_core.u_fft8_mdc3.u_mdc8p_stage2.ds_switch_stage1.o_data_0r\[9\],19.375µm
_16272_,19.37µm
_14232_,19.365µm
_15316_,19.365µm
_08488_,19.355µm
_08531_,19.355µm
_05196_,19.35µm
_12296_,19.35µm
u_fft_core.u_shift_r2_fft1.data_re_q\[23\],19.35µm
_14039_,19.345µm
u_fft_core.u_buffer_parallel2serial.mem_im\[20\]\[2\],19.345µm
u_fft_core.u_fft8_mdc1.u_mdc8p_stage2.r_data0_i\[0\],19.345µm
u_fft_core.u_shift_r2_fft1.data_re_q\[21\],19.345µm
_03340_,19.34µm
_04385_,19.34µm
_07411_,19.34µm
u_fft_core.u_buffer_parallel2serial.mem_im\[16\]\[7\],19.34µm
u_fft_core.u_shift_r2_fft0.data_im_q\[8\],19.34µm
_00204_,19.33µm
_05224_,19.33µm
_10587_,19.33µm
_14723_,19.33µm
_15252_,19.33µm
_17336_,19.33µm
u_fft_core.u_shift_r4.data_im_q\[36\],19.33µm
_10762_,19.32µm
_17314_,19.32µm
_17325_,19.32µm
u_fft_core.u_fft8_mdc1.u_mdc8p_stage3.next_data1_i\[5\],19.32µm
_02361_,19.315µm
_08342_,19.315µm
_16339_,19.315µm
u_fft_core.u_fft8_mdc2.u_mdc8p_stage2.r_data0_i\[1\],19.315µm
u_fft_core.u_fft8_mdc3.u_mdc8p_stage2.r_data1_i\[3\],19.315µm
_11025_,19.31µm
_12861_,19.3µm
_15051_,19.3µm
u_fft_core.u_shift_r2_fft1.data_im_q\[24\],19.29µm
u_fft_core.u_shift_r2_fft3.data_im_q\[22\],19.29µm
_11843_,19.285µm
u_fft_core.u_shift_r4.data_re_q\[85\],19.275µm
_08954_,19.27µm
_15579_,19.27µm
_17546_,19.27µm
u_fft_core.u_fft8_mdc3.u_mdc8p_stage1.xfft_cell_route1.r_pp2_mult_i\[0\]\[15\],19.27µm
_12292_,19.26µm
_12477_,19.26µm
u_fft_core.u_shift_r4.data_im_q\[35\],19.25µm
_02038_,19.23µm
_11297_,19.23µm
_15509_,19.23µm
u_fft_core.u_shift_r2_fft3.data_im_q\[9\],19.23µm
u_fft_core.u_shift_r4.data_im_q\[116\],19.225µm
_08131_,19.22µm
_10553_,19.22µm
_16994_,19.22µm
_00237_,19.21µm
_06608_,19.21µm
_07633_,19.21µm
_15420_,19.21µm
u_fft_core.u_fft8_mdc1.u_mdc8p_stage3.next_data0_r\[4\],19.21µm
u_fft_core.u_fft8_mdc3.u_mdc8p_stage1.xfft_cell_route1.r_pp2_mult_i\[0\]\[0\],19.21µm
u_fft_core.u_shift_r4.data_re_q\[148\],19.21µm
_07228_,19.205µm
_12880_,19.205µm
_03488_,19.2µm
_09329_,19.2µm
_10547_,19.2µm
_15960_,19.2µm
_08114_,19.185µm
u_fft_core.u_shift_r2_fft3.data_re_q\[26\],19.175µm
_02087_,19.17µm
_11786_,19.16µm
_16210_,19.16µm
u_debug_sys.u_spi_slave.tx_cnt\[1\],19.16µm
_03447_,19.155µm
_11762_,19.155µm
_05019_,19.15µm
_07887_,19.15µm
_08247_,19.15µm
u_fft_core.u_buffer_parallel2serial.mem_re\[6\]\[0\],19.15µm
u_fft_core.u_fft8_mdc1.u_mdc8p_stage1.xfft_cell_route1.w_mult_r\[1\]\[7\],19.15µm
u_fft_core.u_fft8_mdc3.u_mdc8p_stage1.xfft_cell_route1.r_pp2_mult_r\[1\]\[5\],19.15µm
net3747,19.15µm
u_fft_core.u_shift_r4.valid_q\[5\],19.145µm
_06988_,19.14µm
_09416_,19.14µm
_16840_,19.14µm
u_fft_core.u_fft8_mdc0.u_mdc8p_stage1.u_btfly2.o_data0_r\[1\],19.14µm
u_fft_core.u_fft8_mdc1.u_mdc8p_stage1.r_data0_r\[7\],19.14µm
u_fft_core.u_shift_r4.data_re_q\[105\],19.135µm
_08163_,19.125µm
_07390_,19.12µm
_14604_,19.115µm
u_rx.current_cnt\[2\],19.115µm
_05264_,19.11µm
_04343_,19.105µm
_08961_,19.1µm
_10984_,19.1µm
u_fft_core.twiddle_data3_re\[3\],19.1µm
u_fft_core.u_buffer_parallel2serial.mem_im\[28\]\[1\],19.1µm
_04735_,19.09µm
_10679_,19.09µm
_11939_,19.09µm
net4396,19.09µm
u_fft_core.shift_r2_ff1_data0_im\[0\],19.09µm
u_fft_core.u_fft8_mdc0.u_mdc8p_stage1.ds_switch_stage1.r_odata_r\[0\]\[4\],19.09µm
u_fft_core.u_shift_r2_fft2.data_im_q\[18\],19.09µm
u_fft_core.u_shift_r4.data_re_q\[82\],19.09µm
_09759_,19.085µm
_02412_,19.08µm
_03935_,19.08µm
_05008_,19.08µm
_06630_,19.08µm
_12815_,19.08µm
_17984_,19.08µm
u_fft_core.u_shift_r4.data_im_q\[88\],19.08µm
_06320_,19.075µm
_07470_,19.075µm
_10573_,19.075µm
_14007_,19.075µm
u_fft_core.u_fft8_mdc2.u_mdc8p_stage2.ds_switch_stage1.r_idata_r\[0\]\[1\],19.075µm
u_fft_core.u_shift_r2_fft0.data_re_q\[28\],19.075µm
u_fft_core.u_shift_r4.valid_q\[3\],19.075µm
_02790_,19.065µm
_10425_,19.06µm
_14068_,19.055µm
_07757_,19.05µm
u_fft_core.u_shift_r2_fft3.data_re_q\[9\],19.05µm
_07419_,19.04µm
_18030_,19.04µm
u_fft_core.u_shift_r2_fft3.data_re_q\[24\],19.04µm
u_fft_core.u_shift_r4.data_re_q\[41\],19.04µm
_05900_,19.03µm
_08445_,19.03µm
_17003_,19.03µm
_17277_,19.03µm
u_fft_core.shift_r2_ff2_data0_im\[3\],19.03µm
u_fft_core.u_buffer_parallel2serial.mem_im\[13\]\[5\],19.03µm
u_fft_core.u_buffer_parallel2serial.mem_im\[6\]\[1\],19.03µm
u_fft_core.u_fft8_mdc1.u_mdc8p_stage1.xfft_cell_route1.r_pp2_mult_i\[0\]\[10\],19.03µm
u_fft_core.u_shift_r2_fft2.data_im_q\[21\],19.03µm
u_fft_core.u_twiddle_interface.data0_re_q\[2\],19.03µm
_06729_,19.02µm
_06744_,19.02µm
_11944_,19.02µm
_13704_,19.02µm
_13711_,19.02µm
_14208_,19.02µm
_17296_,19.02µm
_04230_,19.015µm
u_fft_core.u_buffer_parallel2serial.mem_im\[11\]\[2\],19.015µm
u_fft_core.u_buffer_parallel2serial.mem_re\[22\]\[7\],19.015µm
_17769_,19.01µm
_02411_,19.005µm
_07680_,19.005µm
_12108_,19.005µm
_07969_,19µm
_08156_,19µm
_08351_,18.99µm
u_fft_core.u_buffer_parallel2serial.mem_im\[17\]\[3\],18.985µm
u_fft_core.u_buffer_parallel2serial.mem_re\[2\]\[2\],18.985µm
_07927_,18.98µm
_09343_,18.98µm
_09528_,18.98µm
_11597_,18.98µm
_12098_,18.98µm
_14567_,18.98µm
u_fft_core.u_fft8_mdc0.u_mdc8p_stage1.r_data0_r\[7\],18.98µm
_01759_,18.97µm
_02201_,18.97µm
_02912_,18.97µm
_03162_,18.97µm
_04946_,18.97µm
_06750_,18.97µm
_09215_,18.97µm
_09698_,18.97µm
_12670_,18.97µm
u_fft_core.u_buffer_parallel2serial.mem_re\[20\]\[5\],18.97µm
u_fft_core.u_fft8_mdc1.u_mdc8p_stage1.ds_switch_stage1.o_data_1i\[2\],18.97µm
_04538_,18.965µm
u_fft_core.shift_r2_ff0_data0_im\[4\],18.965µm
u_fft_core.u_buffer_parallel2serial.mem_re\[24\]\[1\],18.965µm
u_fft_core.u_fft8_mdc1.u_mdc8p_stage1.r_data1_r\[2\],18.965µm
_01087_,18.96µm
_04492_,18.96µm
_05526_,18.96µm
_05767_,18.96µm
_10550_,18.96µm
_10875_,18.96µm
_11405_,18.96µm
_11819_,18.96µm
_14319_,18.96µm
_16577_,18.96µm
u_fft_core.u_fft8_mdc0.u_mdc8p_stage1.xfft_cell_route1.r_pp2_mult_r\[1\]\[8\],18.96µm
u_fft_core.u_twiddle_interface.u_mult_3.u_clip.o_data_im\[1\],18.96µm
_04984_,18.955µm
u_fft_core.u_shift_r4.data_im_q\[102\],18.955µm
_15378_,18.95µm
_12777_,18.945µm
u_fft_core.u_fft8_mdc2.u_mdc8p_stage1.r_data0_i\[2\],18.945µm
u_fft_core.u_fft8_mdc2.u_mdc8p_stage1.r_data1_r\[7\],18.935µm
_06692_,18.93µm
_09593_,18.93µm
_14144_,18.93µm
u_fft_core.shift_r2_ff0_data0_im\[6\],18.93µm
u_fft_core.u_buffer_parallel2serial.mem_im\[2\]\[0\],18.93µm
_06682_,18.925µm
_09884_,18.925µm
_16679_,18.925µm
_16239_,18.92µm
_17379_,18.92µm
u_fft_core.u_shift_r4.data_re_q\[114\],18.92µm
u_rx.current_shift\[12\],18.92µm
u_fft_core.u_buffer_parallel2serial.mem_re\[25\]\[6\],18.915µm
_10787_,18.91µm
u_debug_sys.u_debug_unit.status_flags_sync\[1\],18.91µm
_02899_,18.9µm
_04957_,18.9µm
_07576_,18.9µm
_08283_,18.9µm
_13060_,18.9µm
_14864_,18.9µm
_15602_,18.9µm
_05246_,18.895µm
_07016_,18.895µm
u_fft_core.u_fft8_mdc3.u_mdc8p_stage1.xfft_cell_route1.r_pp2_mult_r\[0\]\[15\],18.895µm
net3003,18.895µm
_12045_,18.885µm
_11237_,18.87µm
_05121_,18.865µm
u_fft_core.u_buffer_parallel2serial.mem_im\[8\]\[7\],18.865µm
_05771_,18.86µm
_12833_,18.86µm
u_fft_core.twiddle_data1_im\[1\],18.86µm
u_fft_core.u_buffer_parallel2serial.mem_im\[4\]\[5\],18.86µm
u_fft_core.u_fft8_mdc0.u_mdc8p_stage2.r_data1_r\[2\],18.86µm
_15907_,18.855µm
_06649_,18.85µm
_10127_,18.85µm
_16110_,18.85µm
_16130_,18.85µm
_17182_,18.85µm
net2529,18.85µm
u_fft_core.u_buffer_parallel2serial.mem_re\[8\]\[1\],18.85µm
_01015_,18.84µm
_05548_,18.84µm
_11446_,18.8µm
_12288_,18.8µm
_16492_,18.8µm
u_fft_core.u_fft8_mdc0.u_mdc8p_stage1.r_data1_r\[2\],18.795µm
_02822_,18.79µm
_14182_,18.79µm
u_fft_core.twiddle_data1_re\[2\],18.79µm
u_fft_core.u_fft8_mdc1.u_mdc8p_stage1.u_btfly2.o_data0_r\[1\],18.79µm
net3522,18.785µm
_12363_,18.78µm
u_fft_core.u_buffer_parallel2serial.mem_re\[31\]\[3\],18.775µm
_16501_,18.77µm
u_fft_core.u_buffer_parallel2serial.mem_im\[9\]\[5\],18.765µm
_07677_,18.75µm
_16793_,18.75µm
u_fft_core.u_shift_r2_fft3.data_im_q\[23\],18.75µm
_02580_,18.745µm
_11058_,18.745µm
_02472_,18.74µm
_06228_,18.74µm
u_fft_core.fft4_data2_im\[2\],18.74µm
u_fft_core.u_fft8_mdc2.u_mdc8p_stage2.ds_switch_stage1.r_idata_i\[0\]\[3\],18.74µm
u_fft_core.u_fft8_mdc3.u_mdc8p_stage2.ds_switch_stage1.o_data_0r\[7\],18.74µm
u_fft_core.u_shift_r4.data_re_q\[35\],18.74µm
_16216_,18.735µm
net3563,18.735µm
_02492_,18.73µm
_05943_,18.73µm
_06307_,18.73µm
_07718_,18.73µm
_14174_,18.73µm
_15659_,18.73µm
u_fft_core.u_buffer_parallel2serial.mem_re\[15\]\[4\],18.73µm
u_fft_core.u_shift_r4.data_im_q\[24\],18.73µm
u_fft_core.u_shift_r4.data_im_q\[56\],18.73µm
_06468_,18.725µm
_11409_,18.725µm
u_fft_core.u_fft8_mdc1.u_mdc8p_stage1.r_data1_i\[1\],18.725µm
_07707_,18.72µm
_11303_,18.72µm
_16719_,18.72µm
net1106,18.72µm
u_fft_core.u_fft8_mdc0.u_mdc8p_stage2.ds_switch_stage1.r_idata_r\[0\]\[8\],18.72µm
u_fft_core.u_shift_r2_fft1.data_re_q\[18\],18.715µm
_15253_,18.71µm
_06786_,18.705µm
_09743_,18.685µm
_11081_,18.685µm
u_fft_core.u_shift_r2_fft0.data_re_q\[25\],18.685µm
_05632_,18.68µm
_13433_,18.68µm
_01155_,18.67µm
_02618_,18.67µm
_07244_,18.67µm
_16964_,18.67µm
u_fft_core.u_buffer_parallel2serial.mem_im\[6\]\[0\],18.67µm
u_fft_core.u_fft8_mdc1.u_mdc8p_stage1.u_btfly2.o_data0_r\[8\],18.67µm
u_fft_core.u_fft8_mdc1.u_mdc8p_stage2.ds_switch_stage1.o_data_0i\[6\],18.67µm
u_fft_core.u_fft8_mdc1.u_mdc8p_stage3.next_data0_i\[0\],18.67µm
_04987_,18.665µm
u_fft_core.u_fft8_mdc3.u_mdc8p_stage1.r_data0_i\[1\],18.665µm
_07087_,18.66µm
_12159_,18.66µm
_14118_,18.66µm
_14392_,18.66µm
u_fft_core.u_fft8_mdc3.u_mdc8p_stage1.xfft_cell_route1.r_pp2_mult_r\[1\]\[7\],18.66µm
_08884_,18.655µm
_11178_,18.655µm
_16702_,18.655µm
u_fft_core.u_shift_r2_fft3.data_im_q\[18\],18.655µm
u_fft_core.u_shift_r4.data_im_q\[11\],18.655µm
u_fft_core.u_shift_r4.data_im_q\[181\],18.655µm
u_fft_core.u_shift_r4.data_im_q\[32\],18.655µm
u_fft_core.u_shift_r4.data_re_q\[10\],18.655µm
_17346_,18.645µm
_05777_,18.64µm
_15069_,18.64µm
_13968_,18.63µm
_10655_,18.625µm
_15784_,18.625µm
_05061_,18.62µm
_06570_,18.62µm
_09135_,18.62µm
_15158_,18.62µm
u_fft_core.shift_r2_ff3_data0_im\[3\],18.62µm
_02995_,18.61µm
_03424_,18.61µm
_04944_,18.61µm
_05572_,18.61µm
_06731_,18.61µm
_13992_,18.61µm
_14339_,18.61µm
_14914_,18.61µm
_17895_,18.61µm
u_fft_core.u_buffer_parallel2serial.mem_im\[31\]\[7\],18.61µm
u_fft_core.u_buffer_parallel2serial.mem_im\[7\]\[7\],18.61µm
u_fft_core.u_buffer_parallel2serial.mem_re\[10\]\[1\],18.61µm
u_fft_core.u_shift_r2_fft2.data_im_q\[9\],18.61µm
u_fft_core.u_shift_r4.data_re_q\[108\],18.61µm
_07940_,18.605µm
_00542_,18.6µm
_03517_,18.6µm
_04496_,18.6µm
_04710_,18.6µm
_05840_,18.6µm
_09340_,18.6µm
_09792_,18.6µm
_14171_,18.6µm
_14666_,18.6µm
_14791_,18.6µm
_17892_,18.6µm
u_fft_core.u_fft8_mdc2.u_mdc8p_stage2.ds_switch_stage1.w_data_1r\[9\],18.6µm
_05951_,18.595µm
_11437_,18.595µm
_12494_,18.595µm
u_fft_core.u_fft8_mdc1.u_mdc8p_stage1.xfft_cell_route1.w_mult_i\[1\]\[1\],18.595µm
_08004_,18.585µm
u_fft_core.u_fft8_mdc1.u_mdc8p_stage2.ds_switch_stage1.r_idata_r\[0\]\[1\],18.585µm
_03018_,18.58µm
_09008_,18.58µm
u_fft_core.u_fft8_mdc1.u_mdc8p_stage1.xfft_cell_route1.w_mult_i\[1\]\[5\],18.57µm
_07749_,18.565µm
_03909_,18.56µm
_04650_,18.56µm
u_fft_core.shift_r2_ff0_data0_im\[3\],18.56µm
u_fft_core.u_shift_r2_fft2.data_im_q\[28\],18.56µm
u_fft_core.u_fft8_mdc0.u_mdc8p_stage2.ds_switch_stage1.o_data_0r\[9\],18.555µm
_01863_,18.55µm
_06141_,18.55µm
cnt_inputs\[7\],18.55µm
u_fft_core.shift_r2_ff1_data0_im\[2\],18.55µm
u_fft_core.u_buffer_parallel2serial.mem_im\[10\]\[4\],18.55µm
u_fft_core.u_buffer_parallel2serial.mem_im\[26\]\[1\],18.55µm
u_fft_core.u_buffer_parallel2serial.mem_im\[29\]\[5\],18.55µm
u_fft_core.u_buffer_parallel2serial.mem_re\[10\]\[2\],18.55µm
u_fft_core.u_buffer_parallel2serial.mem_re\[20\]\[6\],18.55µm
_14411_,18.545µm
_03226_,18.54µm
_05073_,18.54µm
_07780_,18.54µm
_15299_,18.54µm
u_fft_core.u_fft8_mdc2.u_mdc8p_stage1.u_btfly2.o_data0_r\[2\],18.54µm
u_fft_core.u_fft8_mdc3.u_mdc8p_stage1.r_bt0_i\[0\]\[4\],18.54µm
_06625_,18.535µm
_09380_,18.535µm
_16249_,18.535µm
_02850_,18.525µm
_16337_,18.525µm
u_fft_core.u_shift_r4.data_re_q\[140\],18.525µm
u_fft_core.u_shift_r4.data_re_q\[154\],18.525µm
_05802_,18.505µm
_06619_,18.5µm
_07385_,18.5µm
_16775_,18.5µm
_17454_,18.5µm
u_fft_core.u_buffer_parallel2serial.mem_im\[19\]\[3\],18.5µm
u_fft_core.u_buffer_parallel2serial.mem_re\[0\]\[7\],18.5µm
_07321_,18.495µm
_04926_,18.49µm
_08255_,18.49µm
_09564_,18.49µm
_15115_,18.49µm
_16946_,18.49µm
u_fft_core.u_fft8_mdc0.u_mdc8p_stage1.xfft_cell_route1.w_mult_i\[0\]\[16\],18.49µm
u_fft_core.u_buffer_parallel2serial.mem_im\[12\]\[5\],18.485µm
_03915_,18.48µm
net911,18.48µm
u_rx.current_cnt\[3\],18.48µm
_06875_,18.475µm
_07498_,18.475µm
_11468_,18.475µm
u_fft_core.u_fft8_mdc2.u_mdc8p_stage1.xfft_cell_route1.r_pp2_mult_r\[0\]\[17\],18.475µm
_08341_,18.47µm
_10796_,18.47µm
u_fft_core.u_buffer_parallel2serial.mem_re\[23\]\[4\],18.45µm
_07503_,18.445µm
u_fft_core.u_buffer_parallel2serial.mem_im\[12\]\[4\],18.445µm
u_fft_core.u_shift_r4.data_im_q\[185\],18.445µm
_07948_,18.44µm
_03002_,18.43µm
_11971_,18.43µm
_12163_,18.43µm
net4011,18.43µm
_03264_,18.42µm
_09258_,18.42µm
_12004_,18.42µm
_12587_,18.42µm
_17718_,18.42µm
u_fft_core.u_fft8_mdc2.u_mdc8p_stage2.ds_switch_stage1.r_idata_i\[0\]\[10\],18.42µm
_01379_,18.415µm
_13149_,18.39µm
u_debug_sys.u_spi_slave.tx_shift\[14\],18.385µm
u_fft_core.u_fft4.s2_x1_im\[1\],18.385µm
u_fft_core.u_fft8_mdc3.u_mdc8p_stage2.r_data0_i\[8\],18.385µm
u_fft_core.u_shift_r4.data_re_q\[101\],18.385µm
_02473_,18.38µm
_02806_,18.38µm
_06794_,18.38µm
_08413_,18.38µm
_16534_,18.38µm
u_fft_core.u_buffer_parallel2serial.mem_re\[27\]\[0\],18.38µm
u_fft_core.u_buffer_parallel2serial.mem_re\[28\]\[4\],18.38µm
u_fft_core.u_fft8_mdc0.u_mdc8p_stage1.r_data0_i\[6\],18.38µm
u_fft_core.u_fft8_mdc1.u_mdc8p_stage1.ds_switch_stage1.r_idata_r\[1\]\[3\],18.38µm
net3491,18.38µm
_01130_,18.37µm
_02865_,18.37µm
_08232_,18.37µm
_14342_,18.37µm
_15733_,18.37µm
_17388_,18.37µm
_18013_,18.37µm
_18118_,18.37µm
u_fft_core.u_fft8_mdc2.u_mdc8p_stage1.xfft_cell_route1.r_pp2_mult_i\[1\]\[17\],18.37µm
u_fft_core.u_fft8_mdc2.u_mdc8p_stage2.r_data0_i\[6\],18.37µm
u_fft_core.u_shift_r4.data_im_q\[119\],18.37µm
_07754_,18.365µm
u_fft_core.u_shift_r2_fft1.data_re_q\[28\],18.365µm
_05218_,18.36µm
_09712_,18.36µm
_14951_,18.36µm
_16352_,18.36µm
_17483_,18.36µm
u_fft_core.u_fft8_mdc1.u_mdc8p_stage2.ds_switch_stage1.o_data_0r\[8\],18.36µm
_06714_,18.345µm
u_fft_core.u_buffer_parallel2serial.mem_im\[22\]\[0\],18.345µm
u_tx.current_shift\[11\],18.34µm
u_fft_core.u_fft8_mdc0.u_mdc8p_stage2.ds_switch_stage1.o_data_0i\[9\],18.33µm
_06426_,18.32µm
_07814_,18.32µm
u_fft_core.u_fft8_mdc1.u_mdc8p_stage1.r_data1_i\[6\],18.32µm
_17479_,18.315µm
u_fft_core.u_fft4.s2_x1_re\[7\],18.315µm
_05908_,18.31µm
_07965_,18.31µm
_08492_,18.31µm
_12996_,18.31µm
_17184_,18.31µm
u_fft_core.shift_r2_ff1_data0_re\[3\],18.31µm
u_fft_core.u_fft8_mdc1.u_mdc8p_stage2.r_data0_i\[1\],18.31µm
_06716_,18.3µm
_06746_,18.3µm
_11358_,18.285µm
_17889_,18.285µm
_04429_,18.275µm
_08345_,18.275µm
_16968_,18.275µm
u_fft_core.u_fft8_mdc3.u_mdc8p_stage1.r_data0_i\[2\],18.275µm
u_fft_core.u_buffer_parallel2serial.mem_re\[23\]\[0\],18.27µm
_08790_,18.265µm
clknet_leaf_209_i_clk,18.265µm
_02944_,18.26µm
_04948_,18.26µm
_08979_,18.26µm
_09308_,18.25µm
_15870_,18.25µm
_18092_,18.25µm
u_fft_core.u_buffer_parallel2serial.mem_re\[13\]\[1\],18.25µm
_15792_,18.245µm
_10766_,18.24µm
_15258_,18.24µm
_17552_,18.24µm
u_fft_core.u_fft8_mdc2.u_mdc8p_stage1.ds_switch_stage1.i_data_1i\[0\],18.24µm
_10840_,18.235µm
u_fft_core.u_buffer_parallel2serial.mem_re\[14\]\[1\],18.235µm
u_fft_core.u_buffer_parallel2serial.mem_re\[20\]\[4\],18.235µm
u_fft_core.u_buffer_parallel2serial.mem_re\[30\]\[3\],18.235µm
_07145_,18.23µm
_02687_,18.21µm
u_fft_core.u_buffer_parallel2serial.mem_im\[24\]\[3\],18.205µm
_03430_,18.2µm
_04555_,18.2µm
_06635_,18.2µm
_08282_,18.195µm
_08871_,18.19µm
_15740_,18.19µm
u_fft_core.u_buffer_parallel2serial.mem_re\[22\]\[1\],18.19µm
u_fft_core.u_shift_r2_fft1.data_im_q\[20\],18.19µm
u_fft_core.u_shift_r4.data_im_q\[137\],18.19µm
u_fft_core.u_shift_r4.valid_q\[0\],18.19µm
_02967_,18.18µm
_10060_,18.18µm
_10436_,18.18µm
u_fft_core.u_fft8_mdc0.u_mdc8p_stage2.ds_switch_stage1.o_data_0i\[0\],18.18µm
_05576_,18.16µm
_09336_,18.155µm
_04375_,18.145µm
_16524_,18.145µm
_13937_,18.14µm
u_fft_core.u_buffer_parallel2serial.mem_im\[28\]\[2\],18.14µm
u_fft_core.u_fft8_mdc1.u_mdc8p_stage1.r_data0_i\[5\],18.14µm
u_fft_core.u_fft8_mdc1.u_mdc8p_stage2.r_data1_r\[4\],18.14µm
_02833_,18.135µm
_08368_,18.135µm
net3408,18.135µm
_03181_,18.13µm
_08088_,18.13µm
_12498_,18.13µm
_16624_,18.13µm
net939,18.13µm
u_fft_core.u_fft4.r_x3_im\[3\],18.13µm
u_fft_core.u_fft8_mdc0.u_mdc8p_stage2.ds_switch_stage1.r_idata_i\[0\]\[10\],18.13µm
u_fft_core.u_fft8_mdc3.u_mdc8p_stage3.next_data0_i\[7\],18.13µm
_04443_,18.12µm
_04490_,18.12µm
_04556_,18.12µm
_05595_,18.12µm
_06892_,18.12µm
_09094_,18.12µm
_17029_,18.115µm
_11722_,18.105µm
_15815_,18.095µm
_08754_,18.09µm
_15731_,18.09µm
_08699_,18.085µm
_10024_,18.085µm
_10247_,18.08µm
_18185_,18.08µm
u_fft_core.u_buffer_parallel2serial.mem_im\[14\]\[0\],18.08µm
u_fft_core.u_buffer_parallel2serial.mem_im\[16\]\[1\],18.08µm
u_fft_core.u_buffer_parallel2serial.mem_re\[30\]\[6\],18.08µm
_02255_,18.07µm
_05640_,18.07µm
_08061_,18.07µm
_13630_,18.07µm
_10643_,18.065µm
_16798_,18.065µm
_03853_,18.06µm
_03932_,18.06µm
_05673_,18.06µm
_06039_,18.06µm
_13008_,18.06µm
_13409_,18.06µm
_14229_,18.06µm
u_fft_core.u_buffer_parallel2serial.mem_im\[1\]\[0\],18.06µm
u_fft_core.u_shift_r4.data_im_q\[30\],18.06µm
u_fft_core.u_shift_r4.data_re_q\[37\],18.06µm
_02626_,18.055µm
_15177_,18.05µm
u_fft_core.u_fft8_mdc2.u_mdc8p_stage2.ds_switch_stage1.o_data_0r\[8\],18.05µm
_03383_,18.04µm
_17820_,18.04µm
u_fft_core.u_buffer_parallel2serial.mem_re\[25\]\[3\],18.03µm
_03099_,18.025µm
_06020_,18.025µm
u_fft_core.u_buffer_parallel2serial.mem_re\[30\]\[1\],18.025µm
_02902_,18.02µm
_03027_,18.02µm
_03762_,18.02µm
_04263_,18.02µm
_06556_,18.02µm
_08167_,18.02µm
u_fft_core.u_buffer_parallel2serial.mem_im\[3\]\[7\],18.02µm
u_fft_core.u_fft8_mdc1.u_mdc8p_stage2.ds_switch_stage1.w_data_1i\[3\],18.02µm
u_fft_core.u_fft8_mdc2.u_mdc8p_stage1.ds_switch_stage1.i_data_1i\[6\],18.02µm
u_tx.current_cnt\[4\],18.02µm
_04228_,18.01µm
_06158_,18.01µm
_06614_,18.01µm
_08681_,18.01µm
_15962_,18.01µm
_16266_,18.01µm
_16906_,18.01µm
_17634_,18.01µm
u_debug_sys.u_spi_slave.tx_shift\[9\],18.01µm
u_fft_core.shift_r2_ff2_data0_re\[1\],18.01µm
u_fft_core.u_buffer_parallel2serial.mem_im\[20\]\[6\],18.01µm
u_fft_core.u_buffer_parallel2serial.mem_im\[22\]\[7\],18.01µm
u_fft_core.u_fft8_mdc0.u_mdc8p_stage3.next_data0_i\[5\],18.01µm
u_fft_core.u_fft8_mdc2.u_mdc8p_stage1.xfft_cell_route1.r_pp2_mult_i\[0\]\[15\],18.01µm
u_fft_core.u_shift_r4.data_im_q\[123\],18.01µm
_02114_,18µm
_07550_,18µm
_07585_,18µm
_07691_,18µm
_10130_,18µm
_12251_,18µm
u_fft_core.u_fft8_mdc0.u_mdc8p_stage1.xfft_cell_route1.w_mult_r\[0\]\[7\],18µm
clknet_leaf_59_i_clk,18µm
_05924_,17.995µm
_09864_,17.995µm
_11662_,17.995µm
fft_out_im\[5\],17.995µm
_03290_,17.985µm
_16555_,17.98µm
_12870_,17.97µm
u_fft_core.u_buffer_parallel2serial.mem_im\[3\]\[3\],17.97µm
u_fft_core.u_fft4.s1_ev_sub_im\[5\],17.97µm
_06643_,17.965µm
_13031_,17.965µm
u_fft_core.u_shift_r4.valid_q\[4\],17.965µm
_03170_,17.96µm
_03647_,17.96µm
_13243_,17.96µm
_15228_,17.96µm
_16214_,17.96µm
_02587_,17.955µm
_08775_,17.955µm
_05162_,17.95µm
_05719_,17.95µm
_05901_,17.95µm
_08160_,17.95µm
u_fft_core.u_fft8_mdc2.u_mdc8p_stage1.ds_switch_stage1.i_data_0r\[6\],17.95µm
u_fft_core.u_fft8_mdc2.u_mdc8p_stage1.u_btfly2.o_data1_r\[6\],17.95µm
u_fft_core.u_fft8_mdc2.u_mdc8p_stage1.xfft_cell_route1.r_pp2_mult_i\[0\]\[17\],17.95µm
_15793_,17.945µm
_02028_,17.94µm
_05424_,17.94µm
_11026_,17.94µm
_12844_,17.94µm
net3686,17.94µm
_17159_,17.935µm
u_fft_core.u_fft8_mdc1.u_mdc8p_stage1.r_data1_r\[3\],17.935µm
_04161_,17.93µm
_02551_,17.925µm
net3989,17.925µm
_08942_,17.92µm
u_fft_core.u_fft8_mdc0.u_mdc8p_stage1.xfft_cell_route1.r_pp2_mult_r\[0\]\[15\],17.92µm
_03032_,17.915µm
_03210_,17.915µm
_09207_,17.91µm
_17492_,17.91µm
u_fft_core.u_shift_r2_fft0.data_re_q\[11\],17.905µm
_02859_,17.9µm
_05774_,17.9µm
_15028_,17.9µm
_15532_,17.9µm
_03138_,17.895µm
_15525_,17.895µm
u_fft_core.u_fft8_mdc3.u_mdc8p_stage1.xfft_cell_route1.r_pp2_mult_i\[1\]\[13\],17.895µm
_01492_,17.89µm
_01845_,17.89µm
_06294_,17.89µm
_06360_,17.89µm
_07348_,17.89µm
_08110_,17.89µm
_11265_,17.89µm
_16021_,17.89µm
u_fft_core.u_fft8_mdc2.u_mdc8p_stage1.r_data0_r\[2\],17.89µm
u_fft_core.u_shift_r4.data_im_q\[139\],17.89µm
_08529_,17.885µm
_11239_,17.885µm
u_fft_core.u_fft8_mdc2.u_mdc8p_stage1.r_data1_r\[4\],17.885µm
_03617_,17.88µm
_04887_,17.88µm
_06613_,17.88µm
_08020_,17.88µm
_11906_,17.88µm
u_fft_core.u_buffer_parallel2serial.mem_im\[3\]\[5\],17.88µm
u_fft_core.u_fft8_mdc1.u_mdc8p_stage1.xfft_cell_route1.r_pp1_data_i\[2\],17.875µm
u_tx.current_cnt\[3\],17.865µm
_03841_,17.86µm
_14321_,17.86µm
_09274_,17.85µm
_05490_,17.84µm
_06027_,17.84µm
_06672_,17.84µm
_07188_,17.84µm
_09484_,17.84µm
u_fft_core.u_fft8_mdc2.u_mdc8p_stage1.xfft_cell_route1.r_pp2_mult_i\[0\]\[7\],17.84µm
_02612_,17.83µm
_08690_,17.83µm
_12414_,17.83µm
_04631_,17.82µm
_06920_,17.82µm
_08308_,17.82µm
_09353_,17.82µm
_09608_,17.82µm
_11589_,17.82µm
_07760_,17.815µm
_11101_,17.805µm
_17119_,17.805µm
u_fft_core.u_fft8_mdc1.u_mdc8p_stage1.xfft_cell_route1.r_pp2_mult_r\[1\]\[11\],17.805µm
_08503_,17.8µm
_18187_,17.8µm
_13132_,17.795µm
_15818_,17.795µm
_10981_,17.79µm
u_fft_core.u_shift_r2_fft0.data_im_q\[10\],17.79µm
u_fft_core.u_shift_r2_fft1.data_re_q\[19\],17.79µm
_02054_,17.785µm
_08508_,17.785µm
u_fft_core.twiddle_data1_im\[0\],17.785µm
_04717_,17.78µm
_08774_,17.78µm
_12007_,17.78µm
_17053_,17.78µm
u_fft_core.u_fft8_mdc2.u_mdc8p_stage2.ds_switch_stage1.o_data_0r\[7\],17.78µm
_06431_,17.775µm
_01342_,17.77µm
_01486_,17.77µm
_02732_,17.77µm
_02764_,17.77µm
_04159_,17.77µm
_05876_,17.77µm
_09700_,17.77µm
_13436_,17.77µm
_14069_,17.77µm
_17427_,17.77µm
u_fft_core.u_fft8_mdc3.u_mdc8p_stage2.ds_switch_stage1.i_data_1i\[9\],17.77µm
_04772_,17.76µm
_10800_,17.76µm
_12152_,17.76µm
_12766_,17.76µm
net1302,17.76µm
fft_out_im\[1\],17.76µm
u_fft_core.u_fft8_mdc1.u_mdc8p_stage2.ds_switch_stage1.r_idata_i\[0\]\[5\],17.76µm
u_fft_core.u_shift_r4.data_re_q\[74\],17.76µm
net3473,17.76µm
u_fft_core.u_buffer_parallel2serial.mem_im\[14\]\[1\],17.755µm
u_fft_core.u_buffer_parallel2serial.mem_im\[26\]\[4\],17.755µm
u_fft_core.u_buffer_parallel2serial.mem_im\[30\]\[2\],17.755µm
u_fft_core.u_buffer_parallel2serial.mem_re\[14\]\[7\],17.755µm
u_fft_core.u_fft8_mdc2.u_mdc8p_stage1.ds_switch_stage1.r_idata_r\[1\]\[1\],17.755µm
u_fft_core.u_shift_r2_fft2.data_im_q\[19\],17.755µm
u_fft_core.u_shift_r4.data_im_q\[79\],17.755µm
u_fft_core.u_shift_r4.valid_q\[12\],17.755µm
_16749_,17.75µm
_06753_,17.745µm
_09305_,17.745µm
_09802_,17.735µm
_03637_,17.72µm
_10683_,17.72µm
_11157_,17.72µm
_12270_,17.72µm
_03436_,17.71µm
_13096_,17.71µm
_02130_,17.7µm
_04450_,17.7µm
_11649_,17.7µm
_16475_,17.7µm
_16827_,17.7µm
u_fft_core.u_buffer_parallel2serial.mem_im\[31\]\[0\],17.7µm
_07116_,17.695µm
_07910_,17.695µm
_11057_,17.695µm
u_fft_core.u_buffer_parallel2serial.mem_im\[10\]\[7\],17.695µm
_11211_,17.69µm
_07734_,17.685µm
_15687_,17.685µm
u_fft_core.shift_r2_ff1_data0_im\[6\],17.685µm
_04287_,17.68µm
_07224_,17.68µm
_16770_,17.68µm
u_fft_core.u_fft8_mdc2.u_mdc8p_stage2.r_data1_i\[0\],17.68µm
net3986,17.68µm
_15860_,17.67µm
_16792_,17.665µm
_06285_,17.66µm
_17601_,17.66µm
u_fft_core.u_buffer_parallel2serial.mem_im\[13\]\[7\],17.66µm
u_fft_core.u_shift_r2_fft1.data_re_q\[14\],17.66µm
_02737_,17.65µm
_04471_,17.65µm
_05520_,17.65µm
_06394_,17.65µm
_07271_,17.65µm
_15156_,17.65µm
u_fft_core.u_fft4.s2_x3_im\[2\],17.65µm
u_fft_core.u_fft8_mdc2.u_mdc8p_stage1.r_data0_i\[5\],17.65µm
u_fft_core.u_fft8_mdc2.u_mdc8p_stage2.ds_switch_stage1.i_data_1i\[10\],17.65µm
_09829_,17.645µm
_14023_,17.645µm
_02861_,17.64µm
_03053_,17.64µm
_05869_,17.64µm
_06571_,17.64µm
_10971_,17.64µm
u_fft_core.shift_r2_ff2_data0_im\[2\],17.64µm
_04322_,17.635µm
_07686_,17.635µm
_11216_,17.635µm
u_fft_core.u_buffer_parallel2serial.mem_im\[6\]\[7\],17.635µm
u_fft_core.u_fft8_mdc2.u_mdc8p_stage1.ds_switch_stage1.i_data_1r\[0\],17.635µm
_04661_,17.62µm
_15221_,17.62µm
_16149_,17.62µm
u_fft_core.u_buffer_parallel2serial.mem_re\[12\]\[4\],17.62µm
_07737_,17.61µm
_09720_,17.605µm
u_fft_core.u_buffer_parallel2serial.mem_re\[1\]\[2\],17.605µm
u_fft_core.shift_r2_ff1_data0_re\[5\],17.6µm
u_fft_core.u_buffer_parallel2serial.mem_im\[8\]\[5\],17.6µm
u_fft_core.u_buffer_parallel2serial.mem_re\[26\]\[4\],17.6µm
_10676_,17.595µm
u_fft_core.u_buffer_parallel2serial.mem_re\[31\]\[7\],17.595µm
_00066_,17.59µm
_01239_,17.59µm
_01612_,17.59µm
_02798_,17.59µm
_03956_,17.59µm
_11772_,17.59µm
_12314_,17.59µm
_17262_,17.59µm
_18059_,17.59µm
_01537_,17.58µm
_03876_,17.58µm
_06149_,17.58µm
_12621_,17.58µm
_17087_,17.58µm
u_fft_core.u_fft8_mdc0.u_mdc8p_stage2.ds_switch_stage1.i_data_1i\[3\],17.58µm
_03281_,17.575µm
_05957_,17.575µm
u_fft_core.u_fft4.s1_ev_sub_im\[3\],17.575µm
_07676_,17.57µm
_09728_,17.57µm
u_fft_core.u_buffer_parallel2serial.mem_re\[22\]\[0\],17.57µm
_17292_,17.55µm
_02425_,17.54µm
_03221_,17.54µm
_04392_,17.54µm
_04854_,17.54µm
_05394_,17.54µm
_17452_,17.54µm
u_fft_core.u_fft8_mdc0.u_mdc8p_stage1.ds_switch_stage1.i_data_0r\[7\],17.54µm
_12291_,17.535µm
_00021_,17.53µm
_01095_,17.53µm
_04566_,17.53µm
_06945_,17.53µm
_07687_,17.53µm
_11187_,17.53µm
_13147_,17.53µm
u_fft_core.u_fft8_mdc1.u_mdc8p_stage1.xfft_cell_route1.r_pp1_tw_r\[1\],17.53µm
_00574_,17.52µm
_02893_,17.52µm
_03539_,17.52µm
_06517_,17.52µm
_13092_,17.52µm
_13786_,17.52µm
_15823_,17.52µm
_15985_,17.52µm
u_fft_core.u_fft8_mdc1.u_mdc8p_stage1.u_btfly2.o_data1_i\[8\],17.52µm
u_fft_core.u_shift_r2_fft0.data_im_q\[19\],17.52µm
_04459_,17.515µm
_10454_,17.515µm
_11716_,17.515µm
_15950_,17.515µm
_02807_,17.5µm
_08733_,17.49µm
_12530_,17.49µm
_17592_,17.49µm
_14601_,17.485µm
_03888_,17.48µm
_04417_,17.48µm
_11373_,17.48µm
_13144_,17.48µm
_16558_,17.475µm
_03298_,17.47µm
_12389_,17.47µm
_16162_,17.47µm
u_fft_core.u_fft8_mdc2.u_mdc8p_stage1.ds_switch_stage1.w_data_1i\[5\],17.47µm
u_fft_core.u_fft8_mdc3.u_mdc8p_stage1.xfft_cell_route1.r_pp2_mult_i\[1\]\[2\],17.47µm
_03919_,17.46µm
_06393_,17.46µm
_06867_,17.46µm
_12876_,17.46µm
_14468_,17.46µm
_15879_,17.46µm
_16646_,17.46µm
_17357_,17.46µm
_07803_,17.455µm
_02610_,17.445µm
_03114_,17.44µm
_03787_,17.425µm
u_fft_core.u_fft4.s2_x1_im\[5\],17.425µm
u_fft_core.u_shift_r4.data_re_q\[152\],17.425µm
_02139_,17.42µm
_02427_,17.42µm
_05806_,17.42µm
_06967_,17.42µm
_09287_,17.42µm
_11361_,17.42µm
_12742_,17.42µm
_14135_,17.42µm
u_fft_core.shift_r2_ff3_data0_re\[7\],17.42µm
_16256_,17.415µm
_18017_,17.415µm
_00324_,17.41µm
_01247_,17.41µm
_03705_,17.41µm
_04691_,17.41µm
_09701_,17.41µm
_10795_,17.41µm
_10820_,17.41µm
_11352_,17.41µm
_12838_,17.41µm
_13868_,17.41µm
_15146_,17.41µm
_16890_,17.41µm
u_fft_core.u_buffer_parallel2serial.mem_im\[14\]\[3\],17.41µm
_00726_,17.4µm
_09191_,17.4µm
net1072,17.4µm
u_fft_core.u_fft8_mdc0.u_mdc8p_stage2.ds_switch_stage1.o_data_0r\[8\],17.4µm
_12545_,17.395µm
_02273_,17.385µm
_06642_,17.38µm
_14228_,17.38µm
u_fft_core.u_shift_r2_fft3.data_im_q\[20\],17.375µm
_03833_,17.37µm
u_fft_core.u_fft8_mdc0.u_mdc8p_stage1.ds_switch_stage1.r_idata_i\[1\]\[8\],17.37µm
_04504_,17.36µm
_12231_,17.36µm
_17678_,17.36µm
u_fft_core.u_fft8_mdc2.u_mdc8p_stage1.xfft_cell_route1.r_pp2_mult_i\[1\]\[7\],17.36µm
_00488_,17.35µm
_13075_,17.35µm
u_fft_core.u_shift_r2_fft2.data_im_q\[30\],17.35µm
_09238_,17.345µm
_17055_,17.345µm
_03000_,17.34µm
_15301_,17.34µm
u_fft_core.twiddle_data1_re\[4\],17.34µm
_13395_,17.335µm
_17743_,17.325µm
net4175,17.325µm
u_fft_core.u_buffer_parallel2serial.mem_im\[1\]\[5\],17.325µm
u_fft_core.u_fft8_mdc0.u_mdc8p_stage1.ds_switch_stage1.r_idata_i\[1\]\[4\],17.325µm
u_fft_core.u_shift_r4.data_re_q\[22\],17.325µm
_05543_,17.31µm
_08981_,17.31µm
u_fft_core.u_buffer_parallel2serial.mem_im\[7\]\[0\],17.31µm
u_fft_core.u_fft4.s2_x3_re\[5\],17.305µm
_04462_,17.3µm
_07111_,17.3µm
_10410_,17.3µm
_00238_,17.29µm
_01928_,17.29µm
_02129_,17.29µm
_03059_,17.29µm
u_fft_core.u_fft8_mdc2.u_mdc8p_stage1.ds_switch_stage1.o_data_1r\[0\],17.29µm
_06829_,17.28µm
_06853_,17.28µm
_10884_,17.28µm
u_fft_core.u_buffer_parallel2serial.mem_re\[28\]\[3\],17.28µm
u_fft_core.u_fft8_mdc0.u_mdc8p_stage1.xfft_cell_route1.r_pp2_mult_i\[0\]\[8\],17.28µm
u_fft_core.u_fft8_mdc3.u_mdc8p_stage1.r_data1_r\[0\],17.28µm
u_fft_core.u_shift_r4.data_re_q\[26\],17.28µm
_17905_,17.27µm
_06802_,17.25µm
_06795_,17.245µm
_02975_,17.24µm
_15594_,17.235µm
_01159_,17.23µm
_01256_,17.23µm
_01670_,17.23µm
_03066_,17.23µm
_06262_,17.23µm
_06771_,17.23µm
_11652_,17.23µm
_14828_,17.23µm
_17728_,17.23µm
u_fft_core.twiddle_data3_re\[7\],17.23µm
u_fft_core.u_buffer_parallel2serial.mem_im\[25\]\[3\],17.23µm
_04675_,17.22µm
_06115_,17.22µm
_07720_,17.22µm
_07847_,17.22µm
_09166_,17.22µm
_10162_,17.22µm
_14627_,17.22µm
_15296_,17.22µm
_16699_,17.22µm
u_fft_core.u_fft8_mdc2.u_mdc8p_stage1.r_data1_r\[0\],17.22µm
_08322_,17.215µm
_09375_,17.21µm
_08405_,17.205µm
_08876_,17.205µm
_09435_,17.19µm
_12920_,17.19µm
_17154_,17.19µm
_02597_,17.185µm
_06917_,17.185µm
_02849_,17.18µm
u_fft_core.u_shift_r2_fft2.data_re_q\[9\],17.18µm
_07212_,17.175µm
_14700_,17.17µm
u_fft_core.u_buffer_parallel2serial.mem_re\[26\]\[5\],17.17µm
_02712_,17.16µm
_06280_,17.16µm
_06632_,17.16µm
_07440_,17.16µm
_10605_,17.16µm
net2262,17.16µm
u_fft_core.shift_r2_ff0_data0_re\[2\],17.16µm
_03441_,17.155µm
_04004_,17.155µm
_16285_,17.155µm
u_fft_core.u_fft8_mdc3.u_mdc8p_stage2.r_data0_r\[2\],17.15µm
_15496_,17.145µm
_13280_,17.14µm
_15585_,17.14µm
_15334_,17.135µm
u_fft_core.u_fft8_mdc1.u_mdc8p_stage1.r_data0_i\[4\],17.135µm
_02462_,17.125µm
_05884_,17.12µm
u_fft_core.u_shift_r4.data_im_q\[40\],17.12µm
u_fft_core.u_shift_r4.data_im_q\[46\],17.12µm
_01109_,17.11µm
_03485_,17.11µm
_04300_,17.11µm
_04950_,17.11µm
_06634_,17.11µm
_08870_,17.11µm
_14762_,17.11µm
_17309_,17.11µm
_18057_,17.11µm
u_fft_core.shift_r2_ff1_data0_re\[2\],17.11µm
u_fft_core.u_fft8_mdc3.u_mdc8p_stage1.ds_switch_stage1.r_idata_r\[1\]\[4\],17.11µm
u_fft_core.u_shift_r2_fft3.data_im_q\[13\],17.11µm
u_fft_core.u_shift_r4.data_im_q\[156\],17.11µm
u_fft_core.u_shift_r4.data_re_q\[40\],17.11µm
_06447_,17.105µm
_02113_,17.1µm
_03400_,17.1µm
_05850_,17.1µm
_12600_,17.1µm
_14738_,17.1µm
u_fft_core.u_fft8_mdc0.u_mdc8p_stage1.xfft_cell_route1.r_pp2_mult_r\[0\]\[7\],17.1µm
u_fft_core.u_fft8_mdc0.u_mdc8p_stage1.xfft_cell_route1.w_mult_i\[1\]\[3\],17.1µm
u_fft_core.u_fft8_mdc0.u_mdc8p_stage2.ds_switch_stage1.w_data_1i\[1\],17.1µm
_04943_,17.095µm
_12778_,17.095µm
_12039_,17.09µm
_04852_,17.085µm
_06574_,17.085µm
_07661_,17.085µm
u_fft_core.u_fft8_mdc2.u_mdc8p_stage1.xfft_cell_route1.r_pp2_mult_i\[1\]\[8\],17.085µm
_14098_,17.07µm
_17121_,17.065µm
u_fft_core.u_buffer_parallel2serial.mem_re\[18\]\[0\],17.065µm
_08907_,17.06µm
_09627_,17.06µm
_10413_,17.06µm
_10818_,17.06µm
_11060_,17.06µm
_16615_,17.06µm
_16807_,17.06µm
_18139_,17.06µm
u_fft_core.u_fft8_mdc2.u_mdc8p_stage1.xfft_cell_route1.w_mult_i\[1\]\[15\],17.06µm
_12744_,17.055µm
_04564_,17.05µm
_05191_,17.05µm
_07195_,17.05µm
_11154_,17.05µm
_13456_,17.05µm
_13706_,17.05µm
_14632_,17.05µm
_15144_,17.05µm
_16051_,17.05µm
net4394,17.05µm
u_fft_core.u_buffer_parallel2serial.mem_im\[3\]\[2\],17.05µm
u_fft_core.u_fft4.r_x2_re\[2\],17.05µm
u_fft_core.u_fft8_mdc0.u_mdc8p_stage2.r_data1_r\[1\],17.05µm
u_fft_core.u_fft8_mdc3.u_mdc8p_stage1.u_btfly2.o_data1_r\[8\],17.05µm
u_fft_core.u_twiddle_interface.mult1_re\[4\],17.05µm
u_fft_core.shift_r2_ff0_data0_re\[5\],17.045µm
u_fft_core.shift_r2_ff2_data0_re\[3\],17.045µm
u_fft_core.u_fft4.s2_x0_re\[3\],17.045µm
_00798_,17.04µm
_05020_,17.04µm
_06281_,17.04µm
_06461_,17.04µm
_07418_,17.04µm
_11706_,17.04µm
_17269_,17.04µm
_17270_,17.04µm
_17932_,17.04µm
_18001_,17.04µm
net1265,17.04µm
net2071,17.04µm
u_fft_core.u_fft8_mdc0.u_mdc8p_stage1.u_btfly2.o_data0_r\[3\],17.04µm
u_fft_core.u_fft8_mdc1.u_mdc8p_stage2.ds_switch_stage1.w_data_1i\[5\],17.04µm
u_fft_core.u_fft8_mdc3.u_mdc8p_stage1.ds_switch_stage1.o_valid,17.035µm
_07598_,17.025µm
_11000_,17.02µm
u_fft_core.shift_r2_ff2_data0_re\[7\],17.015µm
u_fft_core.u_buffer_parallel2serial.mem_re\[7\]\[1\],17.015µm
_02655_,17.005µm
_09585_,17.005µm
_15688_,17.005µm
u_fft_core.u_buffer_parallel2serial.mem_im\[23\]\[5\],17.005µm
_10155_,17µm
_10811_,17µm
_17051_,16.995µm
_09898_,16.99µm
_12626_,16.99µm
u_fft_core.u_fft8_mdc3.u_mdc8p_stage2.ds_switch_stage1.r_idata_r\[0\]\[1\],16.99µm
u_fft_core.u_shift_r4.data_re_q\[76\],16.99µm
_04840_,16.985µm
_10581_,16.985µm
_17687_,16.985µm
_08365_,16.98µm
_08555_,16.98µm
_09865_,16.98µm
_10556_,16.98µm
_11839_,16.98µm
_16001_,16.98µm
u_fft_core.u_shift_r2_fft1.data_im_q\[21\],16.98µm
_06785_,16.975µm
u_fft_core.fft4_data0_re\[3\],16.975µm
_07223_,16.97µm
_06412_,16.965µm
_10076_,16.965µm
_14108_,16.965µm
u_fft_core.u_fft8_mdc3.u_mdc8p_stage1.r_data1_r\[5\],16.965µm
_13164_,16.955µm
_13074_,16.95µm
_17093_,16.95µm
_17227_,16.95µm
_17554_,16.95µm
u_fft_core.u_fft8_mdc3.u_mdc8p_stage2.ds_switch_stage1.r_idata_r\[0\]\[6\],16.95µm
_16540_,16.945µm
u_fft_core.u_buffer_parallel2serial.mem_re\[17\]\[6\],16.945µm
_05103_,16.94µm
_09890_,16.94µm
_17521_,16.94µm
u_fft_core.u_shift_r4.data_im_q\[63\],16.94µm
clknet_leaf_119_i_clk,16.94µm
_03367_,16.93µm
_05440_,16.93µm
_07793_,16.93µm
_08464_,16.93µm
_08910_,16.93µm
_12328_,16.93µm
_15107_,16.93µm
_16203_,16.93µm
u_fft_core.u_fft8_mdc2.u_mdc8p_stage1.r_data0_r\[3\],16.93µm
u_fft_core.u_shift_r4.data_re_q\[33\],16.93µm
_02247_,16.92µm
_07652_,16.92µm
_09800_,16.92µm
_14264_,16.92µm
_15893_,16.915µm
_10966_,16.91µm
_01023_,16.905µm
_02013_,16.9µm
_12255_,16.9µm
_04365_,16.89µm
_06520_,16.89µm
_08155_,16.89µm
_13115_,16.89µm
_16227_,16.89µm
u_fft_core.u_fft8_mdc2.u_mdc8p_stage1.r_data1_i\[3\],16.89µm
_13308_,16.885µm
u_fft_core.u_shift_r4.data_im_q\[145\],16.88µm
_05207_,16.87µm
_09133_,16.87µm
u_fft_core.u_fft8_mdc0.u_mdc8p_stage1.r_data0_i\[0\],16.87µm
u_fft_core.u_fft8_mdc2.u_mdc8p_stage2.ds_switch_stage1.w_data_1r\[7\],16.87µm
u_fft_core.u_fft8_mdc1.u_mdc8p_stage2.ds_switch_stage1.o_data_0r\[9\],16.865µm
_03489_,16.86µm
_04810_,16.86µm
_05175_,16.86µm
_06552_,16.86µm
_07660_,16.86µm
_09757_,16.86µm
_15819_,16.86µm
_17150_,16.86µm
_17351_,16.86µm
u_fft_core.fft4_data1_im\[6\],16.86µm
u_fft_core.u_fft8_mdc0.u_mdc8p_stage1.xfft_cell_route1.r_pp2_mult_r\[1\]\[7\],16.86µm
u_fft_core.u_fft8_mdc3.u_mdc8p_stage1.ds_switch_stage1.i_data_0r\[3\],16.86µm
_09724_,16.855µm
_14654_,16.855µm
_17088_,16.845µm
_04034_,16.835µm
_07923_,16.83µm
u_debug_sys.u_spi_slave.tx_shift\[13\],16.83µm
u_fft_core.u_buffer_parallel2serial.mem_re\[31\]\[4\],16.83µm
u_fft_core.u_fft8_mdc3.u_mdc8p_stage1.r_data1_i\[7\],16.83µm
u_fft_core.u_shift_r2_fft2.data_im_q\[15\],16.83µm
_06338_,16.825µm
_11285_,16.825µm
_17612_,16.825µm
_10249_,16.82µm
_16972_,16.82µm
_17341_,16.82µm
_01060_,16.81µm
_01814_,16.81µm
u_fft_core.u_fft8_mdc0.u_mdc8p_stage2.ds_switch_stage1.i_data_1r\[4\],16.81µm
u_fft_core.u_fft8_mdc2.u_mdc8p_stage2.r_data0_r\[9\],16.81µm
_13492_,16.805µm
_04517_,16.8µm
_06504_,16.8µm
_06951_,16.8µm
_09866_,16.8µm
_11056_,16.8µm
_12189_,16.8µm
_13970_,16.8µm
_15536_,16.8µm
_16779_,16.8µm
_18166_,16.8µm
u_fft_core.u_buffer_parallel2serial.mem_re\[0\]\[3\],16.8µm
u_fft_core.u_fft8_mdc1.u_mdc8p_stage1.ds_switch_stage1.i_data_1i\[6\],16.8µm
_06846_,16.795µm
_01582_,16.785µm
_17559_,16.785µm
_06759_,16.78µm
_02990_,16.77µm
_08920_,16.77µm
_05931_,16.755µm
_00495_,16.75µm
_00910_,16.75µm
_02138_,16.75µm
_03418_,16.75µm
_06906_,16.75µm
_08991_,16.75µm
_11063_,16.75µm
_14341_,16.75µm
_17939_,16.75µm
u_fft_core.u_buffer_parallel2serial.mem_im\[4\]\[0\],16.75µm
u_fft_core.u_fft8_mdc1.u_mdc8p_stage2.ds_switch_stage1.i_data_1r\[4\],16.75µm
u_fft_core.u_fft8_mdc2.u_mdc8p_stage1.ds_switch_stage1.w_data_1r\[4\],16.75µm
u_fft_core.u_shift_r4.data_im_q\[44\],16.75µm
u_fft_core.u_fft8_mdc2.u_mdc8p_stage2.ds_switch_stage1.r_idata_r\[0\]\[8\],16.745µm
_01099_,16.74µm
_01182_,16.74µm
_04472_,16.74µm
_05330_,16.74µm
_07982_,16.74µm
_17096_,16.74µm
_17713_,16.74µm
u_fft_core.u_fft8_mdc0.u_mdc8p_stage2.ds_switch_stage1.r_idata_i\[0\]\[2\],16.74µm
u_tx.current_shift\[14\],16.74µm
_02776_,16.735µm
_06859_,16.735µm
_16426_,16.735µm
_06699_,16.725µm
_06511_,16.72µm
_09926_,16.72µm
_12307_,16.72µm
_16672_,16.72µm
_05318_,16.71µm
_05857_,16.705µm
_16092_,16.7µm
_17069_,16.7µm
u_fft_core.shift_r2_ff1_data0_re\[6\],16.7µm
_12242_,16.695µm
_12322_,16.695µm
_02919_,16.69µm
_04684_,16.69µm
_06602_,16.69µm
_11364_,16.69µm
_13236_,16.69µm
_15118_,16.69µm
_17435_,16.69µm
u_fft_core.fft4_data1_im\[3\],16.69µm
u_fft_core.u_buffer_parallel2serial.mem_im\[0\]\[4\],16.69µm
u_fft_core.u_fft8_mdc0.u_mdc8p_stage1.ds_switch_stage1.w_data_1i\[9\],16.69µm
_04286_,16.68µm
_04413_,16.68µm
_05001_,16.68µm
_06703_,16.68µm
_11804_,16.68µm
_12786_,16.68µm
_13057_,16.68µm
_14849_,16.68µm
_16192_,16.68µm
_17117_,16.68µm
_17411_,16.68µm
_17585_,16.68µm
_07099_,16.675µm
_08951_,16.675µm
_13880_,16.675µm
u_fft_core.u_fft8_mdc3.u_mdc8p_stage1.r_data1_i\[3\],16.675µm
u_fft_core.u_shift_r2_fft3.data_re_q\[25\],16.675µm
_11465_,16.67µm
_10970_,16.665µm
_16735_,16.665µm
u_fft_core.u_fft8_mdc1.u_mdc8p_stage2.ds_switch_stage1.i_data_1i\[3\],16.665µm
_08432_,16.66µm
_14482_,16.66µm
_07027_,16.655µm
_10768_,16.64µm
_17750_,16.64µm
_01860_,16.63µm
_04819_,16.63µm
_09085_,16.63µm
_13032_,16.63µm
_07165_,16.625µm
_03393_,16.62µm
_04203_,16.62µm
_11702_,16.62µm
_15058_,16.62µm
_15327_,16.62µm
_17132_,16.62µm
u_fft_core.u_fft8_mdc0.u_mdc8p_stage2.ds_switch_stage1.o_data_0i\[5\],16.62µm
_04072_,16.615µm
_04787_,16.615µm
_07108_,16.615µm
u_fft_core.u_fft8_mdc2.u_mdc8p_stage1.xfft_cell_route1.r_pp2_mult_i\[0\]\[8\],16.615µm
net1910,16.605µm
_17123_,16.6µm
u_fft_core.u_shift_r4.data_im_q\[146\],16.595µm
_15315_,16.59µm
rx_data_im\[3\],16.59µm
u_fft_core.u_shift_r4.data_re_q\[87\],16.59µm
_13976_,16.585µm
_16925_,16.585µm
last_out_re\[6\],16.585µm
_03495_,16.58µm
_06451_,16.58µm
_14716_,16.58µm
_16484_,16.58µm
_15868_,16.575µm
_00825_,16.57µm
_00925_,16.57µm
_06737_,16.57µm
_07994_,16.57µm
_08471_,16.57µm
_12909_,16.57µm
_13626_,16.57µm
_14761_,16.57µm
_15387_,16.57µm
_15483_,16.57µm
u_fft_core.shift_r2_ff0_data0_im\[0\],16.57µm
u_fft_core.u_buffer_parallel2serial.mem_re\[25\]\[0\],16.57µm
u_fft_core.u_fft8_mdc3.u_mdc8p_stage1.ds_switch_stage1.o_data_1i\[3\],16.57µm
u_fft_core.u_fft8_mdc3.u_mdc8p_stage2.ds_switch_stage1.i_data_1r\[8\],16.57µm
u_fft_core.u_shift_r4.data_im_q\[101\],16.57µm
_02333_,16.565µm
_09404_,16.565µm
_01816_,16.56µm
_07917_,16.56µm
_07920_,16.56µm
_10936_,16.56µm
_16625_,16.56µm
u_fft_core.u_fft8_mdc2.u_mdc8p_stage2.ds_switch_stage1.w_data_1i\[8\],16.56µm
u_fft_core.u_shift_r2_fft0.data_im_q\[17\],16.56µm
u_fft_core.u_shift_r4.data_im_q\[14\],16.56µm
clknet_leaf_26_i_clk,16.56µm
_02701_,16.555µm
_04441_,16.555µm
_06537_,16.555µm
_11888_,16.555µm
u_fft_core.u_fft8_mdc1.u_mdc8p_stage2.r_data0_i\[9\],16.555µm
_00001_,16.545µm
_07867_,16.545µm
_11715_,16.545µm
_02860_,16.54µm
_11398_,16.54µm
_08967_,16.53µm
_17079_,16.53µm
u_fft_core.shift_r2_ff0_data0_re\[6\],16.53µm
u_fft_core.u_fft8_mdc2.u_mdc8p_stage1.ds_switch_stage1.r_idata_r\[1\]\[2\],16.53µm
_06534_,16.525µm
_08848_,16.525µm
_14368_,16.525µm
_16684_,16.525µm
u_fft_core.u_fft8_mdc2.u_mdc8p_stage1.xfft_cell_route1.r_pp2_mult_i\[1\]\[2\],16.525µm
u_fft_core.u_shift_r4.data_im_q\[186\],16.525µm
_10001_,16.52µm
_11477_,16.52µm
_13842_,16.52µm
_18018_,16.52µm
u_fft_core.u_fft8_mdc0.u_mdc8p_stage2.ds_switch_stage1.o_data_0r\[1\],16.52µm
u_fft_core.u_fft8_mdc3.u_mdc8p_stage2.r_data0_r\[4\],16.52µm
_03656_,16.51µm
_04875_,16.51µm
_13448_,16.51µm
_13815_,16.51µm
_15735_,16.51µm
_07427_,16.505µm
u_fft_core.u_shift_r4.data_im_q\[92\],16.5µm
_02024_,16.495µm
_06957_,16.495µm
_13528_,16.495µm
u_fft_core.u_shift_r4.data_im_q\[148\],16.495µm
_09381_,16.485µm
_10257_,16.485µm
_07437_,16.48µm
u_fft_core.u_buffer_parallel2serial.mem_im\[1\]\[3\],16.48µm
_03051_,16.47µm
_07751_,16.47µm
_03550_,16.465µm
_04461_,16.465µm
_09178_,16.465µm
_11789_,16.465µm
_04018_,16.46µm
_04702_,16.46µm
_05566_,16.46µm
_05686_,16.46µm
_05993_,16.46µm
_08214_,16.46µm
_08520_,16.46µm
_09513_,16.46µm
_10240_,16.46µm
_17279_,16.46µm
_17929_,16.46µm
u_fft_core.u_buffer_parallel2serial.mem_re\[7\]\[4\],16.46µm
_08598_,16.45µm
_09464_,16.45µm
_08153_,16.445µm
_10849_,16.445µm
u_fft_core.u_fft4.r_x2_re\[6\],16.445µm
_02105_,16.44µm
_12134_,16.44µm
_12648_,16.44µm
_16078_,16.44µm
_16682_,16.44µm
_17873_,16.44µm
u_fft_core.u_fft8_mdc3.u_mdc8p_stage1.ds_switch_stage1.i_data_0i\[4\],16.44µm
u_tx.current_shift\[15\],16.44µm
_02437_,16.435µm
net3440,16.42µm
_17775_,16.41µm
_10830_,16.4µm
_11746_,16.4µm
_14167_,16.4µm
_18177_,16.4µm
u_fft_core.twiddle_data3_im\[7\],16.4µm
u_fft_core.u_fft4.s2_x1_re\[5\],16.4µm
u_fft_core.u_fft8_mdc2.u_mdc8p_stage1.xfft_cell_route1.r_pp2_mult_r\[0\]\[16\],16.4µm
_07009_,16.395µm
_00496_,16.39µm
_08970_,16.39µm
_09854_,16.39µm
_15103_,16.39µm
_15639_,16.39µm
_15832_,16.39µm
u_fft_core.u_shift_r4.data_re_q\[123\],16.39µm
_11770_,16.385µm
net4071,16.385µm
_04524_,16.38µm
_06450_,16.38µm
_14239_,16.38µm
_06590_,16.365µm
_08806_,16.365µm
_10889_,16.365µm
_13073_,16.365µm
_06621_,16.36µm
_10426_,16.36µm
_06656_,16.355µm
_02405_,16.35µm
_04299_,16.35µm
_12249_,16.35µm
_12012_,16.345µm
u_fft_core.u_fft8_mdc3.u_mdc8p_stage1.r_data1_i\[6\],16.345µm
_09796_,16.34µm
_09874_,16.34µm
_11919_,16.34µm
_11926_,16.34µm
_15771_,16.34µm
_01832_,16.33µm
_04133_,16.33µm
_07344_,16.325µm
_09146_,16.325µm
_03732_,16.32µm
_04051_,16.32µm
_09180_,16.32µm
_10925_,16.32µm
_12987_,16.32µm
_13272_,16.32µm
_15062_,16.32µm
_18102_,16.32µm
_03198_,16.315µm
u_fft_core.u_shift_r4.data_re_q\[83\],16.315µm
_15845_,16.31µm
net4006,16.31µm
_09088_,16.305µm
_11904_,16.305µm
_14072_,16.305µm
_14224_,16.305µm
_16734_,16.305µm
_17526_,16.3µm
_02594_,16.295µm
_06646_,16.295µm
_13689_,16.295µm
_09245_,16.285µm
u_fft_core.u_fft8_mdc0.u_mdc8p_stage1.xfft_cell_route1.r_pp2_mult_i\[0\]\[5\],16.285µm
_00312_,16.27µm
_01702_,16.27µm
_07063_,16.27µm
_02852_,16.26µm
_03255_,16.26µm
_03368_,16.26µm
_04226_,16.26µm
_07821_,16.26µm
_11033_,16.26µm
_11201_,16.26µm
_11404_,16.26µm
_12910_,16.26µm
_17730_,16.26µm
_17836_,16.26µm
_17964_,16.26µm
_05958_,16.255µm
u_fft_core.u_buffer_parallel2serial.mem_re\[5\]\[2\],16.255µm
_04612_,16.25µm
_10993_,16.245µm
u_fft_core.u_fft8_mdc1.u_mdc8p_stage1.xfft_cell_route1.w_mult_i\[1\]\[14\],16.245µm
_06368_,16.24µm
_15627_,16.23µm
_11175_,16.225µm
u_fft_core.u_buffer_parallel2serial.mem_re\[8\]\[2\],16.22µm
u_fft_core.u_fft8_mdc3.u_mdc8p_stage2.r_data0_r\[9\],16.22µm
u_fft_core.u_shift_r4.data_re_q\[11\],16.22µm
_01586_,16.21µm
_05094_,16.21µm
_05820_,16.21µm
_07507_,16.21µm
_07974_,16.21µm
_08083_,16.21µm
_08559_,16.21µm
_09919_,16.21µm
_10627_,16.21µm
_12825_,16.21µm
_14991_,16.21µm
u_fft_core.u_fft8_mdc1.u_mdc8p_stage3.next_data0_r\[1\],16.21µm
_04033_,16.205µm
u_fft_core.u_shift_r4.data_re_q\[81\],16.205µm
_04868_,16.2µm
_04967_,16.2µm
_05217_,16.2µm
_05794_,16.2µm
_08057_,16.2µm
_12536_,16.2µm
_14151_,16.2µm
_17291_,16.2µm
_17505_,16.2µm
_17913_,16.2µm
net86,16.2µm
net373,16.2µm
u_fft_core.u_fft8_mdc2.u_mdc8p_stage1.r_data0_r\[4\],16.2µm
clknet_leaf_386_i_clk,16.2µm
_10234_,16.195µm
_15618_,16.195µm
_04768_,16.19µm
_02855_,16.18µm
_08540_,16.18µm
u_fft_core.u_fft8_mdc2.u_mdc8p_stage2.r_data0_r\[3\],16.18µm
_15442_,16.17µm
_07211_,16.165µm
_10259_,16.165µm
_15858_,16.16µm
u_fft_core.u_buffer_parallel2serial.mem_re\[0\]\[2\],16.16µm
u_fft_core.u_fft8_mdc0.u_mdc8p_stage1.xfft_cell_route1.r_pp2_mult_i\[0\]\[12\],16.16µm
u_fft_core.u_shift_r2_fft3.data_re_q\[13\],16.16µm
u_fft_core.u_shift_r4.data_re_q\[51\],16.16µm
u_fft_core.u_shift_r4.data_re_q\[170\],16.155µm
_00723_,16.15µm
_03316_,16.15µm
_03506_,16.15µm
_09753_,16.15µm
_10328_,16.15µm
_17682_,16.15µm
_17720_,16.15µm
u_fft_core.u_fft4.s1_ev_sub_im\[4\],16.15µm
u_fft_core.u_fft8_mdc0.u_mdc8p_stage2.ds_switch_stage1.valid_count\[1\],16.15µm
u_fft_core.u_fft8_mdc2.u_mdc8p_stage1.xfft_cell_route1.r_pp2_mult_i\[0\]\[2\],16.15µm
u_fft_core.u_fft8_mdc3.u_mdc8p_stage1.ds_switch_stage1.o_data_1i\[2\],16.15µm
u_fft_core.u_shift_r4.data_re_q\[124\],16.15µm
_07953_,16.145µm
_11441_,16.145µm
_11344_,16.14µm
_11411_,16.14µm
_12169_,16.14µm
_14041_,16.14µm
u_fft_core.u_fft8_mdc3.u_mdc8p_stage1.ds_switch_stage1.i_data_1r\[1\],16.14µm
u_fft_core.u_fft8_mdc3.u_mdc8p_stage1.u_btfly2.o_data0_i\[1\],16.14µm
u_fft_core.u_fft8_mdc3.u_mdc8p_stage2.r_data0_i\[4\],16.14µm
u_fft_core.u_shift_r4.data_im_q\[37\],16.14µm
_04341_,16.135µm
_04398_,16.135µm
_09549_,16.135µm
_10200_,16.135µm
_11017_,16.135µm
_12826_,16.135µm
_14078_,16.135µm
_15841_,16.135µm
_15467_,16.13µm
_08193_,16.115µm
_11070_,16.115µm
_03081_,16.11µm
_08077_,16.11µm
u_fft_core.u_fft8_mdc3.u_mdc8p_stage1.xfft_cell_route1.r_pp2_mult_r\[0\]\[14\],16.11µm
_02955_,16.105µm
_02331_,16.1µm
_10007_,16.1µm
_12103_,16.1µm
_16849_,16.1µm
u_fft_core.u_fft8_mdc3.u_mdc8p_stage1.xfft_cell_route1.r_pp2_mult_i\[0\]\[3\],16.1µm
_12311_,16.095µm
_12323_,16.095µm
u_fft_core.u_fft4.s2_x0_im\[6\],16.095µm
_02624_,16.09µm
_04584_,16.09µm
_04956_,16.09µm
_05800_,16.09µm
_06485_,16.09µm
_07115_,16.09µm
_07696_,16.09µm
_08995_,16.09µm
_10485_,16.09µm
_11173_,16.09µm
_11343_,16.09µm
_11650_,16.09µm
_11791_,16.09µm
_13076_,16.09µm
_13652_,16.09µm
_15462_,16.09µm
_17224_,16.09µm
_17522_,16.09µm
u_fft_core.u_buffer_parallel2serial.mem_im\[2\]\[5\],16.09µm
u_fft_core.u_fft8_mdc2.u_mdc8p_stage1.ds_switch_stage1.i_data_1r\[2\],16.09µm
u_fft_core.u_fft8_mdc2.u_mdc8p_stage1.ds_switch_stage1.r_idata_r\[0\]\[9\],16.09µm
u_fft_core.u_fft8_mdc3.u_mdc8p_stage1.ds_switch_stage1.o_data_1r\[9\],16.09µm
_01922_,16.08µm
_02871_,16.08µm
_04633_,16.08µm
_06488_,16.08µm
_06566_,16.08µm
_10790_,16.08µm
_11596_,16.08µm
u_fft_core.u_fft8_mdc0.u_mdc8p_stage1.xfft_cell_route1.w_mult_r\[0\]\[3\],16.08µm
_02918_,16.075µm
u_fft_core.u_fft8_mdc1.u_mdc8p_stage2.ds_switch_stage1.o_data_0i\[1\],16.075µm
_09150_,16.065µm
_15437_,16.065µm
_15996_,16.065µm
_17047_,16.06µm
_10299_,16.05µm
_15223_,16.05µm
u_fft_core.u_fft8_mdc1.u_mdc8p_stage1.r_data1_r\[4\],16.05µm
_09836_,16.045µm
_04591_,16.04µm
_04614_,16.04µm
_17858_,16.04µm
u_fft_core.u_shift_r2_fft1.data_im_q\[31\],16.04µm
u_fft_core.u_shift_r2_fft1.data_re_q\[24\],16.04µm
_08417_,16.035µm
u_fft_core.u_fft4.s1_od_sub_im\[5\],16.035µm
_03686_,16.03µm
_03745_,16.03µm
_07154_,16.03µm
_10829_,16.03µm
_15521_,16.03µm
_03110_,16.02µm
_08949_,16.02µm
_16892_,16.02µm
u_fft_core.u_shift_r4.data_re_q\[150\],16.02µm
net4062,16.02µm
_05698_,16.015µm
_14891_,16.015µm
_16474_,16.015µm
_03980_,16.01µm
_14680_,16.005µm
u_fft_core.shift_r2_ff3_data0_im\[1\],16.005µm
_03214_,16µm
_03654_,15.99µm
_02751_,15.985µm
_07172_,15.985µm
_11332_,15.985µm
_14915_,15.985µm
u_fft_core.fft4_data1_im\[0\],15.985µm
_08309_,15.98µm
_09818_,15.98µm
_10239_,15.98µm
_10677_,15.98µm
_11042_,15.98µm
_11998_,15.98µm
clknet_leaf_440_i_clk,15.98µm
_06617_,15.975µm
_14210_,15.975µm
_06546_,15.97µm
_07234_,15.97µm
_07619_,15.97µm
_08656_,15.97µm
_14492_,15.97µm
_15197_,15.97µm
_17257_,15.97µm
_17570_,15.97µm
net613,15.97µm
net1601,15.97µm
net4204,15.97µm
net4346,15.97µm
u_fft_core.u_fft4.r_x3_im\[4\],15.97µm
u_fft_core.u_fft8_mdc1.u_mdc8p_stage1.ds_switch_stage1.i_data_1r\[5\],15.97µm
u_fft_core.u_fft8_mdc1.u_mdc8p_stage2.ds_switch_stage1.o_data_0i\[4\],15.97µm
u_fft_core.u_shift_r4.data_re_q\[147\],15.97µm
_06669_,15.965µm
_05945_,15.96µm
_11489_,15.96µm
_11678_,15.96µm
_15934_,15.96µm
_03082_,15.955µm
_11737_,15.955µm
_02808_,15.945µm
u_fft_core.shift_r2_ff1_data0_re\[0\],15.945µm
u_fft_core.u_shift_r2_fft0.data_im_q\[23\],15.935µm
net3886,15.935µm
_07792_,15.93µm
_08418_,15.93µm
_03040_,15.925µm
_09449_,15.92µm
_10216_,15.92µm
_11415_,15.92µm
_12345_,15.92µm
_17187_,15.92µm
_17663_,15.92µm
_04292_,15.915µm
_02683_,15.91µm
_12003_,15.91µm
_15055_,15.91µm
_16000_,15.905µm
_00356_,15.9µm
_00357_,15.9µm
_01911_,15.9µm
_02646_,15.9µm
_05448_,15.9µm
_09224_,15.9µm
_11673_,15.9µm
_13999_,15.9µm
_15485_,15.9µm
_15632_,15.9µm
u_fft_core.u_fft8_mdc1.u_mdc8p_stage1.xfft_cell_route1.r_pp2_mult_r\[1\]\[1\],15.9µm
u_fft_core.u_fft8_mdc2.u_mdc8p_stage1.ds_switch_stage1.o_data_1i\[4\],15.9µm
_17633_,15.895µm
_08860_,15.89µm
_08911_,15.885µm
_06442_,15.88µm
u_fft_core.u_fft8_mdc1.u_mdc8p_stage1.ds_switch_stage1.valid_count\[0\],15.88µm
_10011_,15.875µm
clknet_leaf_87_i_clk,15.875µm
_02879_,15.87µm
_16374_,15.87µm
u_fft_core.u_fft4.r_x1_im\[5\],15.87µm
_05386_,15.865µm
_17468_,15.865µm
_04893_,15.86µm
_04986_,15.86µm
_09601_,15.86µm
_13264_,15.86µm
u_fft_core.u_fft8_mdc3.u_mdc8p_stage2.r_data0_i\[1\],15.855µm
_01932_,15.85µm
_02426_,15.85µm
_15968_,15.85µm
_05263_,15.84µm
_16506_,15.84µm
_17017_,15.84µm
_17410_,15.84µm
u_fft_core.shift_r2_ff1_data0_im\[1\],15.84µm
u_fft_core.shift_r2_ff2_data0_re\[2\],15.84µm
_03752_,15.825µm
_15402_,15.825µm
_09834_,15.81µm
_14008_,15.805µm
u_fft_core.u_fft8_mdc3.u_mdc8p_stage2.ds_switch_stage1.o_data_0r\[10\],15.8µm
_00912_,15.79µm
_01322_,15.79µm
_16842_,15.79µm
_17515_,15.79µm
u_fft_core.u_buffer_parallel2serial.mem_re\[28\]\[0\],15.79µm
u_fft_core.u_shift_r4.data_re_q\[173\],15.79µm
_16161_,15.785µm
_05558_,15.78µm
_08625_,15.78µm
_09882_,15.78µm
_10645_,15.78µm
_15295_,15.78µm
_15871_,15.78µm
_16220_,15.78µm
_16993_,15.78µm
u_fft_core.u_buffer_parallel2serial.mem_im\[12\]\[3\],15.78µm
u_fft_core.u_fft8_mdc3.u_mdc8p_stage1.ds_switch_stage1.o_data_1r\[4\],15.78µm
u_fft_core.u_fft8_mdc3.u_mdc8p_stage1.ds_switch_stage1.r_idata_i\[1\]\[0\],15.78µm
_08145_,15.775µm
_08525_,15.775µm
_09359_,15.775µm
_10392_,15.775µm
_15041_,15.775µm
_10030_,15.765µm
_05289_,15.76µm
_17734_,15.745µm
_17994_,15.745µm
u_fft_core.u_fft8_mdc0.u_mdc8p_stage1.xfft_cell_route1.r_pp2_mult_r\[0\]\[9\],15.745µm
_15502_,15.74µm
_17673_,15.74µm
cnt_outputs\[5\],15.74µm
u_fft_core.shift_r4_data0_im\[4\],15.74µm
u_fft_core.twiddle_data0_im\[0\],15.74µm
u_fft_core.u_buffer_parallel2serial.mem_im\[21\]\[4\],15.74µm
u_fft_core.u_shift_r2_fft3.data_im_q\[27\],15.74µm
_09378_,15.735µm
_01384_,15.73µm
_01431_,15.73µm
_04920_,15.73µm
_08346_,15.73µm
_11613_,15.73µm
_12304_,15.73µm
_14613_,15.73µm
_15120_,15.73µm
_17374_,15.73µm
_18080_,15.73µm
u_fft_core.u_fft8_mdc2.u_mdc8p_stage1.ds_switch_stage1.r_idata_i\[0\]\[9\],15.73µm
_05442_,15.72µm
_06756_,15.72µm
_07202_,15.72µm
_07210_,15.72µm
_09003_,15.72µm
_13417_,15.72µm
_14436_,15.72µm
_16308_,15.72µm
_16987_,15.72µm
_16996_,15.72µm
u_fft_core.u_fft8_mdc2.u_mdc8p_stage1.u_btfly2.o_data0_r\[4\],15.72µm
u_fft_core.u_fft8_mdc2.u_mdc8p_stage1.xfft_cell_route1.w_mult_r\[1\]\[2\],15.72µm
_07339_,15.715µm
_15969_,15.715µm
_14984_,15.71µm
_11478_,15.705µm
_11512_,15.705µm
_17985_,15.7µm
_02469_,15.69µm
_02981_,15.685µm
_07947_,15.68µm
_16109_,15.68µm
_16140_,15.68µm
u_fft_core.u_shift_r4.data_im_q\[176\],15.68µm
_07730_,15.675µm
_08303_,15.675µm
_00971_,15.67µm
_02845_,15.67µm
_03075_,15.67µm
_04100_,15.67µm
_06213_,15.67µm
_06946_,15.67µm
_10561_,15.67µm
_00984_,15.66µm
_05337_,15.66µm
_05449_,15.66µm
_14233_,15.66µm
_17780_,15.66µm
u_fft_core.u_shift_r2_fft2.data_re_q\[11\],15.66µm
_04482_,15.65µm
_12338_,15.65µm
_09719_,15.645µm
_17137_,15.645µm
u_fft_core.u_fft8_mdc1.u_mdc8p_stage1.r_data1_r\[0\],15.64µm
_04541_,15.635µm
_13169_,15.635µm
_02589_,15.63µm
_05798_,15.63µm
_11048_,15.63µm
u_fft_core.u_buffer_parallel2serial.mem_re\[13\]\[6\],15.63µm
_02514_,15.625µm
_07352_,15.625µm
u_fft_core.u_fft8_mdc3.u_mdc8p_stage1.xfft_cell_route1.r_pp2_mult_r\[0\]\[5\],15.625µm
_03009_,15.62µm
_03466_,15.62µm
_10507_,15.62µm
_11676_,15.62µm
_13501_,15.62µm
_16355_,15.62µm
u_fft_core.u_shift_r2_fft3.data_re_q\[8\],15.62µm
_02320_,15.61µm
_02680_,15.61µm
_04426_,15.61µm
_05030_,15.61µm
_05745_,15.61µm
_06727_,15.61µm
_09265_,15.61µm
_09401_,15.61µm
_11487_,15.61µm
_12063_,15.61µm
_12317_,15.61µm
_13791_,15.61µm
_15336_,15.61µm
_15999_,15.61µm
u_fft_core.u_fft4.s2_x1_re\[3\],15.61µm
u_fft_core.u_fft8_mdc1.u_mdc8p_stage1.ds_switch_stage1.o_data_1r\[9\],15.61µm
u_fft_core.u_shift_r2_fft1.data_im_q\[12\],15.61µm
_08968_,15.605µm
_02246_,15.6µm
_07812_,15.6µm
_09172_,15.6µm
_10375_,15.6µm
_10958_,15.6µm
_11028_,15.6µm
_15650_,15.6µm
_16036_,15.6µm
_16176_,15.6µm
net1134,15.6µm
u_fft_core.u_buffer_parallel2serial.mem_re\[8\]\[4\],15.6µm
u_fft_core.u_fft8_mdc3.u_mdc8p_stage3.next_data1_i\[7\],15.6µm
_02022_,15.595µm
_11077_,15.595µm
u_fft_core.u_fft8_mdc2.u_mdc8p_stage1.xfft_cell_route1.r_pp2_mult_i\[1\]\[3\],15.595µm
_04988_,15.585µm
_12190_,15.585µm
_10438_,15.58µm
u_fft_core.u_shift_r2_fft0.data_im_q\[18\],15.575µm
_08947_,15.57µm
u_fft_core.u_buffer_parallel2serial.mem_im\[8\]\[4\],15.57µm
u_fft_core.u_fft8_mdc1.u_mdc8p_stage2.ds_switch_stage1.r_idata_i\[0\]\[0\],15.57µm
_04560_,15.565µm
_07462_,15.56µm
_07787_,15.56µm
_11372_,15.56µm
u_fft_core.u_fft8_mdc2.u_mdc8p_stage1.r_data1_i\[5\],15.56µm
u_fft_core.u_shift_r4.data_re_q\[16\],15.56µm
_11054_,15.555µm
_11416_,15.555µm
_12457_,15.555µm
_16445_,15.555µm
_00729_,15.55µm
_03089_,15.55µm
_04209_,15.55µm
_06049_,15.55µm
_14471_,15.55µm
_15274_,15.55µm
_16737_,15.55µm
_17834_,15.55µm
_07759_,15.54µm
_07882_,15.54µm
_15400_,15.54µm
u_fft_core.u_fft8_mdc0.u_mdc8p_stage1.xfft_cell_route1.w_mult_i\[0\]\[15\],15.54µm
u_fft_core.u_fft8_mdc3.u_mdc8p_stage1.r_data0_r\[6\],15.54µm
_15020_,15.535µm
u_fft_core.twiddle_data1_re\[0\],15.535µm
_02962_,15.52µm
_13472_,15.515µm
u_fft_core.u_fft4.s1_ev_sum_im\[3\],15.515µm
_06751_,15.505µm
_09165_,15.505µm
_13432_,15.505µm
u_fft_core.u_buffer_parallel2serial.mem_im\[26\]\[2\],15.505µm
_03809_,15.5µm
_05693_,15.5µm
_06080_,15.5µm
_06093_,15.5µm
_06334_,15.5µm
_12951_,15.5µm
_14575_,15.5µm
_16235_,15.5µm
_17125_,15.5µm
u_fft_core.u_fft4.r_x3_im\[6\],15.5µm
u_fft_core.u_shift_r4.data_im_q\[170\],15.5µm
clknet_leaf_60_i_clk,15.5µm
_02963_,15.49µm
_03005_,15.49µm
_06823_,15.49µm
_06891_,15.49µm
_06923_,15.49µm
_07399_,15.49µm
_09947_,15.49µm
_13051_,15.49µm
_15954_,15.49µm
_16760_,15.49µm
net878,15.49µm
u_fft_core.u_buffer_parallel2serial.mem_im\[0\]\[7\],15.49µm
u_fft_core.u_shift_r2_fft2.data_im_q\[13\],15.49µm
_00497_,15.48µm
_03152_,15.48µm
_05899_,15.48µm
_05956_,15.48µm
_08948_,15.48µm
_09250_,15.48µm
_09465_,15.48µm
_09731_,15.48µm
_09824_,15.48µm
u_fft_core.u_buffer_parallel2serial.mem_im\[5\]\[1\],15.46µm
_07447_,15.455µm
u_fft_core.u_buffer_parallel2serial.mem_re\[14\]\[3\],15.455µm
u_fft_core.u_fft8_mdc0.u_mdc8p_stage2.ds_switch_stage1.o_data_0i\[1\],15.455µm
_05077_,15.45µm
_06997_,15.45µm
_09117_,15.45µm
_10996_,15.45µm
_16924_,15.45µm
u_fft_core.u_fft8_mdc1.u_mdc8p_stage1.r_data1_i\[0\],15.45µm
_02671_,15.445µm
_07176_,15.44µm
_08047_,15.44µm
_08369_,15.44µm
_11921_,15.44µm
_13176_,15.44µm
_03714_,15.435µm
_07298_,15.435µm
_07623_,15.435µm
_05823_,15.43µm
_08816_,15.43µm
_09733_,15.43µm
_09958_,15.43µm
_13680_,15.43µm
u_fft_core.u_buffer_parallel2serial.mem_re\[16\]\[5\],15.43µm
_04448_,15.42µm
_14936_,15.42µm
_16411_,15.42µm
_11952_,15.415µm
_14348_,15.415µm
u_fft_core.u_shift_r4.data_im_q\[126\],15.415µm
_04933_,15.41µm
_12764_,15.41µm
_13464_,15.405µm
_12807_,15.395µm
u_fft_core.u_buffer_parallel2serial.mem_im\[25\]\[0\],15.395µm
_12808_,15.39µm
_16685_,15.39µm
_07471_,15.385µm
_08259_,15.385µm
_02938_,15.38µm
_04057_,15.38µm
_04530_,15.38µm
_05331_,15.38µm
_05764_,15.38µm
_06844_,15.38µm
_09000_,15.38µm
_17553_,15.38µm
u_fft_core.u_fft8_mdc2.u_mdc8p_stage1.xfft_cell_route1.r_pp2_mult_r\[0\]\[11\],15.38µm
_03055_,15.375µm
_00724_,15.37µm
_01737_,15.37µm
_06541_,15.37µm
_06545_,15.37µm
_08992_,15.37µm
_11482_,15.37µm
_16538_,15.37µm
u_fft_core.u_fft8_mdc2.u_mdc8p_stage1.xfft_cell_route1.r_pp2_mult_i\[1\]\[6\],15.37µm
u_fft_core.u_shift_r2_fft1.data_im_q\[11\],15.37µm
_07706_,15.365µm
_00732_,15.36µm
_07093_,15.36µm
_08023_,15.36µm
_08094_,15.36µm
_10700_,15.36µm
_10705_,15.36µm
_11539_,15.36µm
_14689_,15.36µm
_16333_,15.36µm
_16564_,15.36µm
_17128_,15.36µm
_09520_,15.355µm
u_fft_core.u_fft8_mdc1.u_mdc8p_stage1.xfft_cell_route1.r_pp2_mult_i\[0\]\[2\],15.345µm
u_fft_core.u_fft4.s2_x1_im\[6\],15.34µm
u_fft_core.u_fft4.s2_x0_re\[1\],15.32µm
u_fft_core.u_shift_r4.data_im_q\[85\],15.32µm
_13167_,15.315µm
_00486_,15.31µm
_00661_,15.31µm
_00859_,15.31µm
_01215_,15.31µm
_03498_,15.31µm
_04552_,15.31µm
_07142_,15.31µm
_14125_,15.31µm
_15116_,15.31µm
_16386_,15.31µm
_17004_,15.31µm
_17904_,15.31µm
_06287_,15.305µm
_02391_,15.3µm
_03699_,15.3µm
_05602_,15.3µm
_06623_,15.3µm
_11563_,15.3µm
_12316_,15.3µm
_13110_,15.3µm
_13858_,15.3µm
_14152_,15.3µm
_14979_,15.3µm
u_fft_core.u_fft8_mdc0.u_mdc8p_stage1.ds_switch_stage1.o_data_1r\[5\],15.3µm
u_fft_core.u_fft8_mdc0.u_mdc8p_stage1.ds_switch_stage1.r_idata_r\[0\]\[0\],15.3µm
u_fft_core.u_shift_r2_fft0.data_re_q\[18\],15.3µm
u_fft_core.u_twiddle_interface.u_mult_3.u_clip.o_data_im\[2\],15.3µm
_04696_,15.295µm
_05387_,15.295µm
_11659_,15.295µm
_13053_,15.295µm
u_fft_core.u_fft4.s2_x0_im\[1\],15.295µm
_09659_,15.28µm
_09826_,15.27µm
_07400_,15.265µm
_09837_,15.26µm
_11806_,15.26µm
u_fft_core.shift_r2_ff3_data0_re\[0\],15.26µm
_05594_,15.255µm
_06403_,15.255µm
_02095_,15.25µm
_05006_,15.25µm
_07758_,15.25µm
_08210_,15.25µm
_10056_,15.25µm
_13418_,15.25µm
_14100_,15.25µm
_14429_,15.25µm
_16561_,15.25µm
u_fft_core.u_fft8_mdc3.u_mdc8p_stage2.ds_switch_stage1.o_data_0i\[8\],15.25µm
_00650_,15.24µm
_00725_,15.24µm
_03402_,15.24µm
_04061_,15.24µm
_04205_,15.24µm
_04438_,15.24µm
_11335_,15.24µm
_12568_,15.24µm
_13866_,15.24µm
_14123_,15.24µm
_15259_,15.24µm
_15424_,15.24µm
_16006_,15.24µm
net2070,15.24µm
u_fft_core.u_fft8_mdc0.u_mdc8p_stage1.u_btfly2.o_data0_i\[2\],15.24µm
u_fft_core.u_fft8_mdc0.u_mdc8p_stage3.next_data1_i\[2\],15.24µm
u_fft_core.u_fft8_mdc1.u_mdc8p_stage1.xfft_cell_route1.w_mult_r\[0\]\[9\],15.24µm
u_fft_core.u_fft8_mdc3.u_mdc8p_stage2.ds_switch_stage1.o_data_0i\[4\],15.24µm
_18024_,15.235µm
u_fft_core.u_fft8_mdc2.u_mdc8p_stage1.xfft_cell_route1.w_mult_i\[1\]\[5\],15.235µm
u_fft_core.u_fft8_mdc3.u_mdc8p_stage2.ds_switch_stage1.r_idata_i\[0\]\[8\],15.235µm
_08332_,15.23µm
_03735_,15.22µm
_05630_,15.22µm
_11598_,15.22µm
_13341_,15.22µm
_17438_,15.22µm
_02661_,15.21µm
_06986_,15.21µm
_10460_,15.21µm
net4016,15.21µm
_08652_,15.205µm
_02145_,15.2µm
_07672_,15.2µm
_08144_,15.2µm
u_fft_core.fft4_data0_re\[6\],15.2µm
u_fft_core.fft4_data3_im\[1\],15.2µm
_06247_,15.195µm
_14417_,15.195µm
_01020_,15.19µm
_01043_,15.19µm
_01168_,15.19µm
_01253_,15.19µm
_01635_,15.19µm
_01673_,15.19µm
_01718_,15.19µm
_01751_,15.19µm
_03381_,15.19µm
_06283_,15.19µm
_06803_,15.19µm
_12992_,15.19µm
_14158_,15.19µm
_15578_,15.19µm
_16812_,15.19µm
_17416_,15.19µm
u_fft_core.u_buffer_parallel2serial.mem_im\[12\]\[2\],15.19µm
u_fft_core.u_shift_r2_fft3.data_im_q\[16\],15.19µm
_13177_,15.185µm
_04497_,15.18µm
_07174_,15.18µm
_12326_,15.18µm
_16440_,15.18µm
u_fft_core.shift_r2_ff0_data0_im\[1\],15.18µm
u_fft_core.u_fft8_mdc0.u_mdc8p_stage2.ds_switch_stage1.w_data_1r\[0\],15.18µm
u_fft_core.u_fft8_mdc1.u_mdc8p_stage1.xfft_cell_route1.r_pp2_mult_i\[0\]\[4\],15.18µm
_04303_,15.175µm
_04337_,15.175µm
_13945_,15.175µm
_17508_,15.175µm
u_fft_core.u_fft8_mdc2.u_mdc8p_stage2.r_data0_r\[6\],15.17µm
_01035_,15.165µm
u_fft_core.u_shift_r2_fft1.data_re_q\[13\],15.155µm
_03905_,15.15µm
_04473_,15.15µm
_06992_,15.15µm
_12112_,15.15µm
_17880_,15.15µm
u_fft_core.u_buffer_parallel2serial.mem_im\[13\]\[3\],15.15µm
_04713_,15.145µm
_09735_,15.145µm
u_fft_core.u_buffer_parallel2serial.mem_im\[12\]\[7\],15.145µm
_02294_,15.14µm
_04842_,15.14µm
_07532_,15.14µm
_15011_,15.14µm
_17819_,15.14µm
u_fft_core.u_buffer_parallel2serial.mem_re\[14\]\[5\],15.14µm
u_fft_core.u_buffer_parallel2serial.mem_re\[16\]\[6\],15.14µm
u_fft_core.u_fft8_mdc0.u_mdc8p_stage1.xfft_cell_route1.w_mult_r\[1\]\[4\],15.14µm
u_fft_core.u_fft8_mdc3.u_mdc8p_stage2.r_data1_r\[2\],15.14µm
_01452_,15.13µm
_02792_,15.13µm
_03280_,15.13µm
_03904_,15.13µm
_04613_,15.13µm
_05018_,15.13µm
_06177_,15.13µm
_10421_,15.13µm
_11171_,15.13µm
_12196_,15.13µm
_13478_,15.13µm
_15916_,15.13µm
_16166_,15.13µm
_17404_,15.13µm
net446,15.13µm
net985,15.13µm
net1360,15.13µm
u_debug_sys.u_spi_slave.tx_shift\[8\],15.13µm
u_fft_core.u_fft4.r_x3_re\[6\],15.13µm
u_fft_core.u_fft4.s2_x1_im\[2\],15.13µm
u_fft_core.u_fft8_mdc1.u_mdc8p_stage2.ds_switch_stage1.w_data_1r\[3\],15.13µm
_10520_,15.125µm
u_fft_core.u_shift_r4.valid_q\[9\],15.125µm
_00406_,15.12µm
_02983_,15.12µm
_03191_,15.12µm
_04434_,15.12µm
_04789_,15.12µm
_04931_,15.12µm
_05729_,15.12µm
_08343_,15.12µm
_09592_,15.12µm
_12627_,15.12µm
_15958_,15.12µm
net1585,15.12µm
_02420_,15.115µm
_10862_,15.115µm
_11055_,15.115µm
_12016_,15.115µm
_17421_,15.115µm
_07717_,15.105µm
_08097_,15.105µm
_17652_,15.095µm
u_fft_core.u_fft8_mdc2.u_mdc8p_stage1.xfft_cell_route1.r_pp2_mult_r\[1\]\[11\],15.095µm
u_fft_core.shift_r2_ff1_data0_im\[3\],15.09µm
_13061_,15.085µm
_09399_,15.08µm
_09431_,15.08µm
u_fft_core.u_buffer_parallel2serial.mem_im\[31\]\[5\],15.08µm
u_fft_core.u_fft8_mdc0.u_mdc8p_stage1.r_data0_i\[3\],15.08µm
u_fft_core.u_fft8_mdc0.u_mdc8p_stage1.xfft_cell_route1.r_pp2_mult_r\[0\]\[4\],15.08µm
u_fft_core.u_fft8_mdc1.u_mdc8p_stage1.r_data0_i\[6\],15.08µm
u_fft_core.u_shift_r4.data_im_q\[140\],15.08µm
u_fft_core.u_shift_r4.data_re_q\[97\],15.08µm
_03292_,15.07µm
_04269_,15.07µm
_09138_,15.07µm
_09894_,15.07µm
_11637_,15.07µm
_02007_,15.06µm
_03472_,15.06µm
_05161_,15.06µm
_06554_,15.06µm
_08158_,15.06µm
_13001_,15.06µm
_13831_,15.06µm
u_fft_core.u_fft8_mdc0.u_mdc8p_stage1.xfft_cell_route1.w_mult_i\[0\]\[6\],15.06µm
u_fft_core.u_fft8_mdc3.u_mdc8p_stage1.xfft_cell_route1.w_mult_r\[0\]\[3\],15.06µm
_04112_,15.055µm
_05108_,15.055µm
_05332_,15.055µm
_05335_,15.055µm
_14580_,15.05µm
_10559_,15.04µm
_17514_,15.035µm
clknet_leaf_79_i_clk,15.035µm
_05714_,15.03µm
_06439_,15.03µm
_07319_,15.03µm
_07731_,15.03µm
_11066_,15.03µm
_16303_,15.03µm
_02085_,15.025µm
_02629_,15.025µm
_14337_,15.025µm
u_fft_core.u_buffer_parallel2serial.mem_im\[3\]\[1\],15.025µm
_02513_,15.02µm
_04639_,15.02µm
_07209_,15.02µm
_07713_,15.02µm
_11956_,15.02µm
_14177_,15.02µm
u_debug_sys.u_spi_slave.bit_cnt\[3\],15.02µm
_10027_,15.015µm
_02296_,15.01µm
_03036_,15.01µm
_04396_,15.01µm
_04913_,15.01µm
_04952_,15.01µm
_09899_,15.01µm
_10068_,15.01µm
_10153_,15.01µm
_12109_,15.01µm
_12549_,15.01µm
net2312,15.01µm
u_fft_core.u_buffer_parallel2serial.mem_re\[15\]\[0\],15.01µm
u_fft_core.u_fft8_mdc3.u_mdc8p_stage1.xfft_cell_route1.r_pp2_mult_i\[0\]\[2\],15.01µm
u_fft_core.u_shift_r2_fft0.data_re_q\[13\],15.01µm
u_fft_core.u_shift_r2_fft2.data_im_q\[8\],15.01µm
_12087_,15.005µm
_02271_,15µm
_03893_,15µm
_03945_,15µm
_06346_,15µm
_09970_,15µm
_12512_,15µm
_05187_,14.995µm
_01660_,14.985µm
_02363_,14.985µm
u_debug_sys.data_to_dut\[1\],14.985µm
u_fft_core.u_fft8_mdc1.u_mdc8p_stage1.ds_switch_stage1.o_data_1r\[7\],14.985µm
_14878_,14.98µm
_16349_,14.97µm
u_fft_core.u_fft8_mdc1.u_mdc8p_stage1.xfft_cell_route1.r_pp2_mult_i\[1\]\[11\],14.97µm
_10531_,14.965µm
_08891_,14.96µm
_09357_,14.96µm
_11472_,14.96µm
_04880_,14.95µm
_10886_,14.95µm
u_fft_core.u_fft8_mdc2.u_mdc8p_stage1.r_bt0_i\[0\]\[8\],14.95µm
u_fft_core.u_fft8_mdc2.u_mdc8p_stage1.r_data0_r\[0\],14.95µm
_04198_,14.945µm
u_fft_core.u_fft8_mdc0.u_mdc8p_stage1.r_data1_i\[0\],14.945µm
_07055_,14.94µm
_07100_,14.94µm
_07714_,14.94µm
_10211_,14.94µm
_11548_,14.94µm
_13865_,14.94µm
_14196_,14.94µm
_02972_,14.935µm
_07956_,14.935µm
_07975_,14.925µm
_13568_,14.925µm
_03248_,14.915µm
_07879_,14.915µm
_16421_,14.915µm
u_fft_core.u_fft8_mdc2.u_mdc8p_stage1.r_data0_r\[5\],14.91µm
_06016_,14.905µm
_12397_,14.905µm
_15497_,14.905µm
_03677_,14.9µm
_04660_,14.9µm
_13476_,14.9µm
_17236_,14.9µm
_17383_,14.9µm
_17572_,14.9µm
u_fft_core.u_fft8_mdc2.u_mdc8p_stage1.r_data1_r\[2\],14.9µm
u_fft_core.u_fft8_mdc3.u_mdc8p_stage2.ds_switch_stage1.o_data_0r\[4\],14.9µm
_05453_,14.895µm
_00365_,14.89µm
_00453_,14.89µm
_05849_,14.89µm
_08557_,14.89µm
_09120_,14.89µm
_09747_,14.89µm
_11915_,14.89µm
_13525_,14.89µm
_14247_,14.89µm
_17625_,14.89µm
u_fft_core.u_fft8_mdc3.u_mdc8p_stage1.xfft_cell_route1.r_pp2_mult_r\[1\]\[8\],14.89µm
_03431_,14.88µm
_03774_,14.88µm
_09058_,14.88µm
_10732_,14.88µm
_12130_,14.88µm
_12403_,14.88µm
_12450_,14.88µm
_14679_,14.88µm
_15765_,14.88µm
_16606_,14.88µm
net750,14.88µm
u_fft_core.u_fft8_mdc0.u_mdc8p_stage1.ds_switch_stage1.o_data_1r\[1\],14.88µm
_13486_,14.875µm
_11845_,14.865µm
_03565_,14.86µm
_10230_,14.85µm
_05581_,14.845µm
_03435_,14.84µm
_04800_,14.835µm
_13218_,14.835µm
_00423_,14.83µm
_00492_,14.83µm
_00721_,14.83µm
_01148_,14.83µm
_01883_,14.83µm
_02086_,14.83µm
_04835_,14.83µm
_06413_,14.83µm
_14542_,14.83µm
_15202_,14.83µm
_16999_,14.83µm
u_fft_core.u_fft8_mdc0.u_mdc8p_stage1.ds_switch_stage1.r_idata_i\[1\]\[1\],14.83µm
u_fft_core.u_fft8_mdc0.u_mdc8p_stage1.xfft_cell_route1.w_mult_r\[1\]\[2\],14.83µm
u_fft_core.u_fft8_mdc1.u_mdc8p_stage1.ds_switch_stage1.o_data_1i\[8\],14.83µm
u_fft_core.u_fft8_mdc3.u_mdc8p_stage1.ds_switch_stage1.i_data_0r\[2\],14.83µm
u_fft_core.u_shift_r4.data_re_q\[95\],14.83µm
_02540_,14.82µm
_04705_,14.82µm
_06303_,14.82µm
_10177_,14.82µm
_12929_,14.82µm
_14622_,14.82µm
_15576_,14.82µm
_17962_,14.82µm
_04855_,14.815µm
_07029_,14.815µm
_08728_,14.815µm
_10267_,14.815µm
_10847_,14.815µm
_10926_,14.815µm
_12814_,14.815µm
_16838_,14.815µm
_06696_,14.8µm
_12343_,14.795µm
_13244_,14.795µm
u_fft_core.u_buffer_parallel2serial.mem_im\[31\]\[6\],14.795µm
_02077_,14.79µm
_12064_,14.79µm
_05568_,14.785µm
_09651_,14.785µm
_13192_,14.785µm
_13484_,14.785µm
_13489_,14.785µm
u_fft_core.u_fft8_mdc2.u_mdc8p_stage1.ds_switch_stage1.flag\[0\],14.785µm
_14155_,14.78µm
u_fft_core.twiddle_data3_re\[1\],14.78µm
u_fft_core.u_fft8_mdc1.u_mdc8p_stage2.r_data1_r\[0\],14.78µm
u_fft_core.u_shift_r2_fft3.data_re_q\[27\],14.78µm
_03486_,14.77µm
_04093_,14.77µm
_05423_,14.77µm
_05982_,14.77µm
_06952_,14.77µm
_07478_,14.77µm
_07857_,14.77µm
_10256_,14.77µm
_14106_,14.77µm
_16211_,14.77µm
_17290_,14.77µm
_18071_,14.77µm
net2305,14.77µm
net4454,14.77µm
u_fft_core.u_buffer_parallel2serial.mem_im\[14\]\[6\],14.77µm
_02326_,14.76µm
_02380_,14.76µm
_05206_,14.76µm
_05227_,14.76µm
_07981_,14.76µm
_08053_,14.76µm
_08679_,14.76µm
_09750_,14.76µm
_09828_,14.76µm
_12694_,14.76µm
_13046_,14.76µm
_13563_,14.76µm
_15975_,14.76µm
_16530_,14.76µm
net1759,14.76µm
u_fft_core.fft4_data1_im\[1\],14.76µm
u_fft_core.u_fft8_mdc2.u_mdc8p_stage1.u_btfly2.o_data1_r\[4\],14.76µm
_04551_,14.755µm
_08415_,14.755µm
_11232_,14.755µm
_12221_,14.755µm
_12374_,14.755µm
_15770_,14.755µm
_16648_,14.755µm
u_fft_core.u_fft8_mdc0.u_mdc8p_stage2.ds_switch_stage1.r_idata_r\[0\]\[7\],14.755µm
u_fft_core.u_fft8_mdc0.u_mdc8p_stage2.r_data1_r\[0\],14.755µm
_02295_,14.745µm
_12342_,14.745µm
_14330_,14.745µm
_17619_,14.74µm
_08090_,14.73µm
_05515_,14.72µm
_07825_,14.72µm
_09494_,14.72µm
_10175_,14.72µm
_16468_,14.72µm
u_fft_core.u_fft8_mdc2.u_mdc8p_stage2.r_data0_r\[5\],14.72µm
u_fft_core.u_shift_r2_fft0.data_re_q\[20\],14.72µm
u_rx.current_shift\[15\],14.72µm
clknet_leaf_463_i_clk,14.72µm
_00619_,14.71µm
_01125_,14.71µm
_01246_,14.71µm
_02372_,14.71µm
_03579_,14.71µm
_05375_,14.71µm
_06616_,14.71µm
_07489_,14.71µm
_07509_,14.71µm
_11040_,14.71µm
_12724_,14.71µm
_12789_,14.71µm
_15289_,14.71µm
u_fft_core.u_fft8_mdc0.u_mdc8p_stage2.ds_switch_stage1.w_data_1r\[7\],14.71µm
u_fft_core.u_fft8_mdc1.u_mdc8p_stage2.ds_switch_stage1.o_data_0i\[0\],14.71µm
u_fft_core.u_shift_r2_fft0.data_re_q\[23\],14.71µm
u_fft_core.u_shift_r4.data_im_q\[127\],14.71µm
u_fft_core.u_shift_r2_fft1.data_im_q\[29\],14.705µm
u_fft_core.u_shift_r4.data_im_q\[154\],14.705µm
_00173_,14.7µm
_05615_,14.7µm
_05967_,14.7µm
_08797_,14.7µm
_12202_,14.7µm
_15827_,14.7µm
_16082_,14.7µm
u_fft_core.u_shift_r2_fft1.data_re_q\[17\],14.7µm
u_fft_core.u_shift_r4.valid_q\[11\],14.7µm
_06896_,14.695µm
_07586_,14.695µm
_09145_,14.695µm
_15710_,14.695µm
_15963_,14.695µm
_17717_,14.695µm
u_fft_core.u_fft8_mdc0.u_mdc8p_stage2.ds_switch_stage1.r_idata_r\[0\]\[3\],14.695µm
_17631_,14.685µm
u_fft_core.u_shift_r2_fft0.data_re_q\[21\],14.685µm
u_fft_core.u_buffer_parallel2serial.mem_im\[31\]\[1\],14.67µm
u_fft_core.u_shift_r2_fft0.data_re_q\[29\],14.67µm
net3449,14.67µm
u_fft_core.u_fft8_mdc1.u_mdc8p_stage1.xfft_cell_route1.r_pp2_mult_i\[1\]\[14\],14.665µm
u_fft_core.u_fft8_mdc2.u_mdc8p_stage1.ds_switch_stage1.i_data_0r\[3\],14.665µm
_00646_,14.66µm
_05011_,14.66µm
_07906_,14.66µm
_08882_,14.66µm
_16536_,14.66µm
_17302_,14.66µm
_17872_,14.66µm
fft_out_re\[7\],14.66µm
u_fft_core.u_fft8_mdc0.u_mdc8p_stage1.ds_switch_stage1.r_idata_i\[1\]\[2\],14.66µm
u_fft_core.u_fft8_mdc3.u_mdc8p_stage1.xfft_cell_route1.r_pp2_mult_i\[0\]\[11\],14.66µm
u_fft_core.u_shift_r4.data_re_q\[141\],14.66µm
_01320_,14.65µm
_03423_,14.65µm
_07078_,14.65µm
_08256_,14.65µm
_08878_,14.65µm
_10171_,14.65µm
_10376_,14.65µm
_10528_,14.65µm
_10728_,14.65µm
_11093_,14.65µm
_15438_,14.65µm
_15961_,14.65µm
_16254_,14.65µm
_16821_,14.65µm
_17118_,14.65µm
_17942_,14.65µm
u_fft_core.u_buffer_parallel2serial.mem_im\[20\]\[0\],14.65µm
u_fft_core.u_buffer_parallel2serial.mem_re\[22\]\[6\],14.65µm
u_fft_core.u_fft4.s2_x3_im\[8\],14.65µm
_00928_,14.64µm
_05436_,14.64µm
_06102_,14.64µm
_06290_,14.64µm
_08034_,14.64µm
_09477_,14.64µm
_12199_,14.64µm
_12675_,14.64µm
_13392_,14.64µm
_14659_,14.64µm
net128,14.64µm
net435,14.64µm
u_fft_core.u_fft8_mdc3.u_mdc8p_stage3.next_data1_r\[0\],14.64µm
_02633_,14.635µm
_05730_,14.635µm
_06597_,14.635µm
_16782_,14.635µm
u_fft_core.u_fft8_mdc0.u_mdc8p_stage1.ds_switch_stage1.flag\[1\],14.635µm
_08969_,14.63µm
_04290_,14.625µm
_11656_,14.615µm
_16437_,14.615µm
u_fft_core.twiddle_data3_im\[4\],14.615µm
_05459_,14.61µm
_05682_,14.61µm
_10987_,14.61µm
_17543_,14.61µm
u_fft_core.u_fft8_mdc3.u_mdc8p_stage2.ds_switch_stage1.o_data_0i\[1\],14.61µm
_04901_,14.6µm
_08388_,14.6µm
_11503_,14.6µm
_12009_,14.6µm
_17822_,14.6µm
_00929_,14.59µm
_01063_,14.59µm
_01214_,14.59µm
_01766_,14.59µm
_01921_,14.59µm
_01931_,14.59µm
_02122_,14.59µm
_04534_,14.59µm
_05177_,14.59µm
_09936_,14.59µm
_11272_,14.59µm
_17613_,14.59µm
_11001_,14.585µm
_06713_,14.58µm
_09997_,14.58µm
_10680_,14.58µm
_10715_,14.58µm
_15463_,14.58µm
_15693_,14.58µm
_17921_,14.58µm
_06510_,14.575µm
_07231_,14.575µm
_11218_,14.575µm
_11530_,14.575µm
_11807_,14.565µm
_14088_,14.565µm
_16317_,14.555µm
_12767_,14.55µm
_18104_,14.55µm
_10499_,14.545µm
_17965_,14.545µm
_09002_,14.54µm
_10489_,14.54µm
_10983_,14.54µm
_12495_,14.54µm
_13003_,14.54µm
_13493_,14.54µm
_15541_,14.54µm
_17156_,14.54µm
u_debug_sys.addr_out\[2\],14.54µm
u_fft_core.u_fft8_mdc1.u_mdc8p_stage1.xfft_cell_route1.r_pp2_mult_i\[0\]\[8\],14.54µm
u_fft_core.u_fft8_mdc2.u_mdc8p_stage2.ds_switch_stage1.o_data_0r\[0\],14.54µm
u_fft_core.u_shift_r4.data_im_q\[191\],14.54µm
u_fft_core.u_shift_r4.data_im_q\[53\],14.54µm
_02069_,14.53µm
_03293_,14.53µm
_03826_,14.53µm
_04550_,14.53µm
_04606_,14.53µm
_04895_,14.53µm
_05646_,14.53µm
_06297_,14.53µm
_06679_,14.53µm
_06841_,14.53µm
_08833_,14.53µm
_09911_,14.53µm
_12985_,14.53µm
_14011_,14.53µm
_15538_,14.53µm
_17981_,14.53µm
_18144_,14.53µm
net1349,14.53µm
net2261,14.53µm
net2517,14.53µm
net4345,14.53µm
u_fft_core.u_fft8_mdc1.u_mdc8p_stage2.ds_switch_stage1.r_idata_r\[0\]\[10\],14.53µm
u_fft_core.u_shift_r4.data_re_q\[21\],14.53µm
u_fft_core.u_fft8_mdc3.u_mdc8p_stage1.r_data1_i\[2\],14.525µm
_10382_,14.52µm
_17863_,14.52µm
_11449_,14.515µm
_12496_,14.515µm
_15435_,14.505µm
_07986_,14.49µm
_09089_,14.49µm
_12988_,14.49µm
_04272_,14.485µm
_02330_,14.48µm
_09764_,14.48µm
_14169_,14.48µm
_16736_,14.475µm
_00653_,14.47µm
_03688_,14.47µm
_17711_,14.47µm
_05895_,14.465µm
_12922_,14.465µm
_03399_,14.46µm
_03818_,14.46µm
_04189_,14.46µm
_09868_,14.46µm
_14050_,14.46µm
_16377_,14.46µm
_17642_,14.46µm
u_fft_core.u_fft8_mdc1.u_mdc8p_stage1.xfft_cell_route1.w_mult_r\[1\]\[18\],14.46µm
u_fft_core.u_fft8_mdc3.u_mdc8p_stage2.ds_switch_stage1.o_data_0r\[5\],14.46µm
net4227,14.445µm
_10642_,14.44µm
u_fft_core.u_fft8_mdc1.u_mdc8p_stage2.r_data0_i\[2\],14.44µm
_07448_,14.435µm
_08963_,14.435µm
_15104_,14.435µm
_15432_,14.435µm
_04475_,14.43µm
_09432_,14.43µm
_12514_,14.43µm
net3486,14.43µm
_17716_,14.425µm
u_fft_core.u_fft8_mdc0.u_mdc8p_stage2.r_data0_i\[7\],14.425µm
_05634_,14.42µm
_06816_,14.42µm
_07728_,14.42µm
_12947_,14.42µm
_00983_,14.41µm
_04008_,14.41µm
_05172_,14.41µm
_11426_,14.41µm
_12408_,14.41µm
_12899_,14.41µm
_12919_,14.41µm
_13824_,14.41µm
u_fft_core.u_twiddle_interface.mult2_re\[3\],14.41µm
_02394_,14.4µm
_04470_,14.4µm
_05399_,14.4µm
_05821_,14.4µm
_07065_,14.4µm
_08439_,14.4µm
_11132_,14.4µm
_14033_,14.4µm
_14485_,14.4µm
_15123_,14.4µm
u_fft_core.u_buffer_parallel2serial.mem_im\[21\]\[5\],14.395µm
_06181_,14.385µm
_06774_,14.385µm
_13812_,14.385µm
_15887_,14.385µm
u_fft_core.u_fft8_mdc1.u_mdc8p_stage2.ds_switch_stage1.o_data_0r\[6\],14.385µm
_02471_,14.37µm
_10591_,14.37µm
_08129_,14.365µm
_00095_,14.35µm
_01465_,14.35µm
_03455_,14.35µm
_06458_,14.35µm
_15566_,14.35µm
_17690_,14.35µm
u_fft_core.u_fft8_mdc0.u_mdc8p_stage1.xfft_cell_route1.w_mult_i\[0\]\[8\],14.35µm
u_fft_core.u_fft8_mdc3.u_mdc8p_stage1.ds_switch_stage1.o_data_1r\[3\],14.35µm
u_fft_core.u_shift_r2_fft0.data_im_q\[26\],14.35µm
u_fft_core.u_shift_r4.data_im_q\[61\],14.35µm
u_fft_core.shift_r2_ff1_data0_im\[7\],14.345µm
_02905_,14.34µm
_06090_,14.34µm
_06605_,14.34µm
_06624_,14.34µm
_08100_,14.34µm
_09907_,14.34µm
_12743_,14.34µm
_13669_,14.34µm
_14607_,14.34µm
_17590_,14.34µm
u_fft_core.u_shift_r4.data_re_q\[104\],14.34µm
_03970_,14.335µm
_11801_,14.335µm
_17266_,14.335µm
_12083_,14.325µm
_06370_,14.32µm
_09996_,14.32µm
_07296_,14.315µm
_08397_,14.31µm
_12139_,14.31µm
_14175_,14.31µm
_14216_,14.31µm
u_fft_core.u_fft8_mdc3.u_mdc8p_stage2.r_data1_i\[0\],14.31µm
_02780_,14.305µm
_02355_,14.3µm
u_fft_core.u_shift_r2_fft0.data_im_q\[16\],14.3µm
_04187_,14.29µm
_04853_,14.29µm
_06769_,14.29µm
_06789_,14.29µm
_08437_,14.29µm
_09160_,14.29µm
_10314_,14.29µm
_11295_,14.29µm
_13304_,14.29µm
_15198_,14.29µm
_15783_,14.29µm
_17168_,14.29µm
_17405_,14.29µm
_17948_,14.29µm
_17972_,14.29µm
net1176,14.29µm
net2705,14.29µm
u_fft_core.u_fft8_mdc3.u_mdc8p_stage1.ds_switch_stage1.r_idata_r\[1\]\[8\],14.29µm
u_fft_core.u_shift_r2_fft1.data_im_q\[26\],14.29µm
u_fft_core.u_shift_r4.data_im_q\[82\],14.29µm
_02493_,14.285µm
_12170_,14.285µm
_05650_,14.28µm
_05679_,14.28µm
_10075_,14.28µm
_10150_,14.28µm
_10295_,14.28µm
_11779_,14.28µm
_14388_,14.28µm
_15033_,14.28µm
_15663_,14.28µm
_16902_,14.28µm
_16998_,14.28µm
_17422_,14.28µm
u_fft_core.u_fft4.s2_x2_im\[4\],14.28µm
_03988_,14.275µm
_08548_,14.275µm
_11130_,14.275µm
_11430_,14.275µm
_13158_,14.275µm
_13678_,14.275µm
u_fft_core.u_fft8_mdc2.u_mdc8p_stage1.xfft_cell_route1.r_pp2_mult_r\[1\]\[3\],14.275µm
_14495_,14.27µm
_06434_,14.265µm
_11852_,14.265µm
_09812_,14.26µm
_11844_,14.26µm
u_fft_core.u_fft8_mdc2.u_mdc8p_stage2.r_data1_r\[5\],14.26µm
_06067_,14.25µm
_10523_,14.25µm
_12731_,14.25µm
_09732_,14.245µm
_04319_,14.24µm
_11923_,14.24µm
u_fft_core.u_shift_r2_fft0.data_re_q\[31\],14.24µm
u_fft_core.u_shift_r2_fft2.data_im_q\[23\],14.24µm
u_fft_core.u_buffer_parallel2serial.mem_re\[19\]\[4\],14.235µm
_00124_,14.23µm
_00153_,14.23µm
_00162_,14.23µm
_01032_,14.23µm
_01102_,14.23µm
_01287_,14.23µm
_01903_,14.23µm
_01925_,14.23µm
_03494_,14.23µm
_09292_,14.23µm
_09957_,14.23µm
_12813_,14.23µm
_15132_,14.23µm
_15692_,14.23µm
_18135_,14.23µm
u_fft_core.u_buffer_parallel2serial.mem_im\[16\]\[5\],14.23µm
u_fft_core.u_fft8_mdc1.u_mdc8p_stage2.r_data0_i\[8\],14.23µm
u_fft_core.u_fft8_mdc3.u_mdc8p_stage1.ds_switch_stage1.r_idata_i\[1\]\[3\],14.23µm
_09352_,14.225µm
_17527_,14.225µm
u_fft_core.u_shift_r4.data_re_q\[191\],14.225µm
_05765_,14.22µm
_08839_,14.22µm
_12888_,14.22µm
u_fft_core.u_buffer_parallel2serial.mem_im\[5\]\[0\],14.22µm
u_fft_core.u_fft8_mdc1.u_mdc8p_stage1.xfft_cell_route1.r_pp2_mult_r\[0\]\[4\],14.22µm
_01167_,14.215µm
_02051_,14.215µm
_02408_,14.215µm
_02984_,14.215µm
_04532_,14.215µm
_05649_,14.215µm
_07645_,14.215µm
_11007_,14.215µm
u_fft_core.u_fft8_mdc1.u_mdc8p_stage1.xfft_cell_route1.r_pp2_mult_r\[1\]\[4\],14.215µm
_07488_,14.21µm
_04515_,14.205µm
_07122_,14.205µm
_13975_,14.2µm
_02151_,14.19µm
_10254_,14.19µm
_12642_,14.19µm
_12817_,14.19µm
_02781_,14.185µm
_11949_,14.185µm
_00651_,14.18µm
_04481_,14.18µm
_13116_,14.18µm
_14024_,14.18µm
_14099_,14.18µm
_16823_,14.18µm
_17516_,14.18µm
_17926_,14.18µm
u_fft_core.u_fft8_mdc2.u_mdc8p_stage1.ds_switch_stage1.i_data_1r\[8\],14.18µm
u_fft_core.u_fft8_mdc3.u_mdc8p_stage1.u_btfly2.o_data1_i\[8\],14.18µm
_12770_,14.175µm
_00189_,14.17µm
_00194_,14.17µm
_00197_,14.17µm
_00229_,14.17µm
_00231_,14.17µm
_00235_,14.17µm
_00246_,14.17µm
_00316_,14.17µm
_00353_,14.17µm
_00360_,14.17µm
_00822_,14.17µm
_00917_,14.17µm
_00920_,14.17µm
_00933_,14.17µm
_00959_,14.17µm
_01044_,14.17µm
_01069_,14.17µm
_01091_,14.17µm
_01104_,14.17µm
_01163_,14.17µm
_01164_,14.17µm
_01175_,14.17µm
_01176_,14.17µm
_01190_,14.17µm
_01191_,14.17µm
_01192_,14.17µm
_01218_,14.17µm
_01230_,14.17µm
_01243_,14.17µm
_01257_,14.17µm
_01277_,14.17µm
_01300_,14.17µm
_01352_,14.17µm
_01354_,14.17µm
_01356_,14.17µm
_01357_,14.17µm
_01474_,14.17µm
_01502_,14.17µm
_01509_,14.17µm
_01585_,14.17µm
_01707_,14.17µm
_01730_,14.17µm
_01749_,14.17µm
_01770_,14.17µm
_01856_,14.17µm
_01857_,14.17µm
_01960_,14.17µm
_03216_,14.17µm
_03691_,14.17µm
_06302_,14.17µm
_08018_,14.17µm
_08973_,14.17µm
_11458_,14.17µm
_14628_,14.17µm
_14670_,14.17µm
_17893_,14.17µm
_18031_,14.17µm
net910,14.17µm
net2606,14.17µm
net2725,14.17µm
u_fft_core.shift_r2_ff3_data0_re\[4\],14.17µm
u_fft_core.u_buffer_parallel2serial.mem_re\[0\]\[0\],14.17µm
u_fft_core.u_fft8_mdc0.u_mdc8p_stage1.ds_switch_stage1.o_data_1i\[8\],14.17µm
u_fft_core.u_fft8_mdc0.u_mdc8p_stage1.xfft_cell_route1.r_pp2_mult_i\[0\]\[9\],14.17µm
u_fft_core.u_fft8_mdc0.u_mdc8p_stage1.xfft_cell_route1.w_mult_i\[0\]\[1\],14.17µm
u_fft_core.u_fft8_mdc1.u_mdc8p_stage2.ds_switch_stage1.w_data_1r\[8\],14.17µm
_08157_,14.165µm
_17473_,14.165µm
_00691_,14.16µm
_01920_,14.16µm
_02690_,14.16µm
_03608_,14.16µm
_05870_,14.16µm
_06819_,14.16µm
_07740_,14.16µm
_07831_,14.16µm
_08840_,14.16µm
_09673_,14.16µm
_10203_,14.16µm
_12441_,14.16µm
_14189_,14.16µm
_15374_,14.16µm
_17611_,14.16µm
_17839_,14.16µm
net426,14.16µm
net454,14.16µm
net1531,14.16µm
net1677,14.16µm
_07388_,14.155µm
_07477_,14.155µm
_12598_,14.155µm
u_fft_core.u_fft8_mdc3.u_mdc8p_stage2.ds_switch_stage1.o_data_0i\[6\],14.155µm
_11076_,14.145µm
_04487_,14.14µm
u_fft_core.u_shift_r2_fft3.data_re_q\[17\],14.135µm
_11855_,14.13µm
_06274_,14.125µm
_08001_,14.125µm
_14237_,14.12µm
u_fft_core.u_fft8_mdc3.u_mdc8p_stage2.ds_switch_stage1.r_idata_i\[0\]\[6\],14.12µm
u_fft_core.u_shift_r2_fft1.data_re_q\[27\],14.12µm
_09136_,14.115µm
_03355_,14.11µm
_05747_,14.11µm
_08447_,14.11µm
_10033_,14.11µm
_10880_,14.11µm
_17232_,14.11µm
u_fft_core.u_buffer_parallel2serial.mem_re\[11\]\[7\],14.11µm
u_fft_core.u_fft8_mdc1.u_mdc8p_stage1.xfft_cell_route1.r_pp2_mult_i\[1\]\[7\],14.11µm
u_fft_core.u_fft8_mdc3.u_mdc8p_stage2.r_data1_i\[5\],14.105µm
_03808_,14.1µm
_05700_,14.1µm
_08500_,14.1µm
_11110_,14.1µm
_17560_,14.1µm
_17882_,14.1µm
_18042_,14.095µm
_02996_,14.085µm
_16400_,14.085µm
_09351_,14.075µm
_04014_,14.07µm
_05231_,14.07µm
_06861_,14.07µm
_03680_,14.065µm
_05607_,14.065µm
_08646_,14.065µm
_09254_,14.065µm
_11707_,14.065µm
_17898_,14.065µm
_02352_,14.06µm
_06515_,14.06µm
_07469_,14.06µm
_08537_,14.06µm
_09347_,14.06µm
_10141_,14.06µm
_10758_,14.06µm
_11116_,14.06µm
_11353_,14.06µm
_11507_,14.06µm
_11821_,14.06µm
_12340_,14.06µm
_12460_,14.06µm
_14017_,14.06µm
_17035_,14.06µm
_17145_,14.06µm
_00271_,14.05µm
_01484_,14.05µm
_03163_,14.05µm
_04053_,14.05µm
_06666_,14.05µm
_09389_,14.05µm
_10212_,14.05µm
_11075_,14.05µm
_13336_,14.05µm
_15608_,14.05µm
_16598_,14.05µm
_17636_,14.05µm
_17907_,14.05µm
_18150_,14.05µm
net2694,14.05µm
net2735,14.05µm
u_fft_core.u_buffer_parallel2serial.mem_im\[12\]\[0\],14.05µm
u_fft_core.u_fft8_mdc1.u_mdc8p_stage2.ds_switch_stage1.o_data_0i\[7\],14.05µm
u_fft_core.u_fft8_mdc3.u_mdc8p_stage1.ds_switch_stage1.w_data_1i\[5\],14.05µm
u_fft_core.u_shift_r2_fft1.data_re_q\[25\],14.05µm
_10738_,14.045µm
u_fft_core.u_fft8_mdc1.u_mdc8p_stage2.r_data1_i\[4\],14.045µm
_12037_,14.04µm
_12277_,14.04µm
u_fft_core.u_fft8_mdc3.u_mdc8p_stage2.r_data0_i\[6\],14.04µm
u_fft_core.u_twiddle_interface.data3_im_q\[5\],14.04µm
_12802_,14.035µm
_13174_,14.03µm
_01094_,14.025µm
_06404_,14.025µm
_08029_,14.025µm
_08616_,14.025µm
_11853_,14.025µm
_15056_,14.01µm
_07117_,14µm
_09558_,14µm
_10384_,14µm
_16351_,14µm
_16403_,14µm
_17322_,14µm
_17361_,14µm
u_fft_core.u_fft8_mdc0.u_mdc8p_stage1.ds_switch_stage1.i_data_0i\[7\],14µm
u_fft_core.u_shift_r4.data_im_q\[100\],14µm
_11124_,13.995µm
_03989_,13.99µm
_08944_,13.99µm
_10624_,13.99µm
_14173_,13.99µm
_17736_,13.99µm
u_fft_core.u_fft8_mdc0.u_mdc8p_stage2.ds_switch_stage1.w_data_1r\[5\],13.99µm
u_fft_core.u_fft8_mdc2.u_mdc8p_stage1.ds_switch_stage1.o_data_0i\[6\],13.99µm
u_fft_core.u_shift_r4.data_re_q\[53\],13.99µm
_02568_,13.98µm
_11847_,13.98µm
_16197_,13.98µm
_17281_,13.98µm
u_fft_core.u_fft8_mdc3.u_mdc8p_stage1.u_btfly2.o_data1_r\[7\],13.98µm
_02598_,13.975µm
_09755_,13.975µm
u_fft_core.shift_r2_ff1_data0_re\[1\],13.97µm
_00720_,13.965µm
_16424_,13.965µm
_03773_,13.96µm
_07538_,13.96µm
_08917_,13.96µm
_03535_,13.955µm
_05988_,13.955µm
_07200_,13.955µm
_04781_,13.95µm
_09883_,13.95µm
_11533_,13.95µm
_04111_,13.945µm
_09892_,13.94µm
_10896_,13.94µm
_12157_,13.94µm
_14245_,13.94µm
_17327_,13.94µm
u_fft_core.u_fft8_mdc2.u_mdc8p_stage2.r_data1_r\[9\],13.94µm
u_fft_core.u_shift_r4.data_im_q\[143\],13.94µm
_05930_,13.935µm
_01562_,13.93µm
_03031_,13.93µm
_05689_,13.93µm
_07155_,13.93µm
_11103_,13.93µm
_11784_,13.93µm
_12284_,13.93µm
_14437_,13.93µm
_15385_,13.93µm
_15403_,13.93µm
_16401_,13.93µm
_17352_,13.93µm
u_fft_core.u_fft8_mdc1.u_mdc8p_stage1.u_btfly2.o_data0_r\[2\],13.93µm
u_fft_core.u_fft8_mdc3.u_mdc8p_stage1.xfft_cell_route1.w_mult_r\[1\]\[6\],13.93µm
_01389_,13.92µm
_02072_,13.92µm
_02985_,13.92µm
_06162_,13.92µm
_08742_,13.92µm
_10097_,13.92µm
_11788_,13.92µm
_12440_,13.92µm
_14242_,13.92µm
_14451_,13.92µm
_14820_,13.92µm
u_fft_core.u_fft8_mdc0.u_mdc8p_stage1.ds_switch_stage1.i_data_1r\[7\],13.92µm
u_fft_core.u_shift_r4.data_im_q\[48\],13.92µm
_05406_,13.915µm
u_fft_core.u_fft8_mdc1.u_mdc8p_stage2.r_data0_i\[3\],13.915µm
_06902_,13.91µm
u_fft_core.u_buffer_parallel2serial.mem_im\[6\]\[2\],13.91µm
_03644_,13.905µm
_10543_,13.905µm
_14942_,13.905µm
_18154_,13.905µm
u_fft_core.u_fft8_mdc0.u_mdc8p_stage1.ds_switch_stage1.r_idata_i\[1\]\[5\],13.905µm
_03279_,13.9µm
_05430_,13.885µm
_03268_,13.88µm
_03638_,13.88µm
u_fft_core.u_fft8_mdc0.u_mdc8p_stage1.xfft_cell_route1.r_pp2_mult_i\[1\]\[15\],13.88µm
_00093_,13.87µm
_00935_,13.87µm
_01146_,13.87µm
_01360_,13.87µm
_05987_,13.87µm
_13314_,13.87µm
_14110_,13.87µm
_14382_,13.87µm
_15170_,13.87µm
u_fft_core.u_fft8_mdc0.u_mdc8p_stage1.ds_switch_stage1.o_data_1i\[9\],13.87µm
_02581_,13.86µm
_03023_,13.86µm
_05145_,13.86µm
_06747_,13.86µm
_12351_,13.86µm
_14300_,13.86µm
_14357_,13.86µm
_16636_,13.86µm
u_fft_core.u_fft8_mdc2.u_mdc8p_stage2.ds_switch_stage1.w_data_1i\[3\],13.86µm
_09051_,13.855µm
u_fft_core.u_fft8_mdc1.u_mdc8p_stage1.r_data0_i\[2\],13.855µm
u_fft_core.u_shift_r2_fft2.data_re_q\[30\],13.855µm
_09767_,13.845µm
_10558_,13.845µm
_14361_,13.835µm
_02989_,13.83µm
_03126_,13.83µm
_06708_,13.83µm
_09263_,13.83µm
_09436_,13.83µm
_04682_,13.825µm
_12728_,13.825µm
_13497_,13.825µm
_06618_,13.82µm
_06658_,13.82µm
_10917_,13.82µm
_10965_,13.82µm
_13397_,13.82µm
_17866_,13.82µm
u_fft_core.u_buffer_parallel2serial.mem_re\[28\]\[7\],13.82µm
u_fft_core.u_shift_r4.data_re_q\[73\],13.82µm
_00727_,13.81µm
_03168_,13.81µm
_04694_,13.81µm
_05296_,13.81µm
_08103_,13.81µm
_10185_,13.81µm
_10658_,13.81µm
_11316_,13.81µm
_11970_,13.81µm
_12619_,13.81µm
_13012_,13.81µm
_14664_,13.81µm
_15662_,13.81µm
_17651_,13.81µm
_17702_,13.81µm
net2524,13.81µm
net2690,13.81µm
u_fft_core.u_fft4.s2_x1_im\[4\],13.81µm
u_fft_core.u_fft8_mdc1.u_mdc8p_stage1.ds_switch_stage1.r_idata_i\[1\]\[1\],13.81µm
u_fft_core.u_fft8_mdc3.u_mdc8p_stage1.xfft_cell_route1.r_pp2_mult_r\[1\]\[18\],13.81µm
_03206_,13.805µm
_09421_,13.805µm
_10217_,13.805µm
_05819_,13.8µm
_09565_,13.8µm
_10729_,13.8µm
_12816_,13.8µm
_12959_,13.8µm
_12989_,13.8µm
_16526_,13.8µm
_17517_,13.8µm
net2702,13.8µm
u_fft_core.u_fft8_mdc2.u_mdc8p_stage2.ds_switch_stage1.i_data_1i\[9\],13.8µm
_01970_,13.795µm
_06092_,13.795µm
_12036_,13.795µm
_12151_,13.795µm
_12509_,13.795µm
_13961_,13.795µm
_16957_,13.795µm
u_fft_core.u_shift_r4.data_im_q\[158\],13.795µm
_09339_,13.785µm
_02644_,13.78µm
_12546_,13.78µm
_17021_,13.78µm
_09838_,13.77µm
_12466_,13.77µm
net2758,13.77µm
_07268_,13.765µm
_09554_,13.765µm
_03804_,13.76µm
_07010_,13.76µm
_08217_,13.76µm
_13165_,13.76µm
u_fft_core.u_fft4.s2_x0_im\[3\],13.76µm
u_fft_core.u_shift_r2_fft1.data_re_q\[31\],13.76µm
u_fft_core.u_shift_r4.data_im_q\[174\],13.76µm
_00311_,13.75µm
_00967_,13.75µm
_01042_,13.75µm
_01124_,13.75µm
_01172_,13.75µm
_03044_,13.75µm
_08675_,13.75µm
_10510_,13.75µm
_10784_,13.75µm
_13851_,13.75µm
_15655_,13.75µm
_17237_,13.75µm
u_fft_core.u_fft8_mdc1.u_mdc8p_stage1.xfft_cell_route1.r_pp2_mult_i\[1\]\[12\],13.75µm
u_fft_core.u_fft8_mdc2.u_mdc8p_stage1.ds_switch_stage1.w_data_1r\[5\],13.75µm
_05368_,13.745µm
_03618_,13.74µm
_03634_,13.74µm
_04332_,13.74µm
_04667_,13.74µm
_06367_,13.74µm
_09001_,13.74µm
_09939_,13.74µm
_13372_,13.74µm
_03215_,13.735µm
_04726_,13.735µm
_08982_,13.735µm
_11318_,13.735µm
_17324_,13.735µm
_07609_,13.73µm
_10554_,13.73µm
_04801_,13.72µm
_07490_,13.715µm
u_fft_core.u_fft8_mdc2.u_mdc8p_stage2.ds_switch_stage1.o_data_0r\[1\],13.715µm
u_fft_core.shift_r2_ff3_data0_im\[4\],13.71µm
u_fft_core.u_fft8_mdc0.u_mdc8p_stage1.xfft_cell_route1.r_pp2_mult_i\[1\]\[3\],13.71µm
u_fft_core.u_shift_r4.data_re_q\[116\],13.71µm
_06858_,13.705µm
_11796_,13.705µm
_16243_,13.705µm
_03296_,13.7µm
_04516_,13.7µm
_04611_,13.7µm
_04649_,13.7µm
_08502_,13.7µm
_08633_,13.7µm
_11112_,13.7µm
_12001_,13.7µm
_12740_,13.7µm
_14111_,13.7µm
_14504_,13.7µm
_14605_,13.7µm
_17513_,13.7µm
u_fft_core.u_buffer_parallel2serial.mem_im\[0\]\[0\],13.7µm
_08666_,13.695µm
_15919_,13.695µm
_02668_,13.69µm
_02907_,13.69µm
_03384_,13.69µm
_03815_,13.69µm
_04364_,13.69µm
_08940_,13.69µm
_09173_,13.69µm
_11394_,13.69µm
_13154_,13.69µm
_13277_,13.69µm
_14558_,13.69µm
_15163_,13.69µm
_15876_,13.69µm
_16550_,13.69µm
_16863_,13.69µm
_17062_,13.69µm
_17779_,13.69µm
net1611,13.69µm
net2080,13.69µm
u_fft_core.fft4_data2_im\[0\],13.69µm
u_fft_core.u_fft8_mdc0.u_mdc8p_stage1.xfft_cell_route1.r_pp2_mult_r\[0\]\[12\],13.69µm
u_fft_core.u_fft8_mdc3.u_mdc8p_stage2.ds_switch_stage1.o_data_0i\[9\],13.69µm
u_fft_core.u_shift_r2_fft2.data_im_q\[14\],13.69µm
u_tx.current_shift\[1\],13.69µm
clknet_leaf_314_i_clk,13.69µm
_15328_,13.685µm
_02290_,13.68µm
_04002_,13.68µm
_04260_,13.68µm
_05792_,13.68µm
_07373_,13.68µm
_08316_,13.68µm
_09168_,13.68µm
_09385_,13.68µm
_10336_,13.68µm
_11553_,13.68µm
_11616_,13.68µm
_13889_,13.68µm
_14852_,13.68µm
_15345_,13.68µm
_15942_,13.68µm
_16539_,13.68µm
_17319_,13.68µm
_18049_,13.68µm
_18085_,13.68µm
net71,13.68µm
net2004,13.68µm
u_fft_core.u_fft8_mdc2.u_mdc8p_stage1.xfft_cell_route1.r_pp2_mult_i\[1\]\[4\],13.68µm
u_fft_core.u_shift_r2_fft3.data_im_q\[17\],13.68µm
_03975_,13.675µm
_04289_,13.675µm
_05358_,13.675µm
_06587_,13.675µm
_07019_,13.675µm
_17068_,13.675µm
u_fft_core.u_fft8_mdc1.u_mdc8p_stage1.xfft_cell_route1.r_pp2_mult_i\[1\]\[15\],13.675µm
_09861_,13.67µm
_08087_,13.665µm
_10638_,13.665µm
_10998_,13.665µm
net4031,13.665µm
_04389_,13.66µm
_16876_,13.655µm
u_fft_core.u_shift_r2_fft1.data_re_q\[10\],13.655µm
_02932_,13.65µm
_06503_,13.65µm
_11953_,13.65µm
_12193_,13.65µm
u_fft_core.u_shift_r4.data_re_q\[75\],13.65µm
_03926_,13.645µm
_16959_,13.645µm
_01387_,13.64µm
_02401_,13.64µm
_11247_,13.64µm
_14077_,13.64µm
_17731_,13.64µm
_09230_,13.635µm
_03153_,13.63µm
_07698_,13.63µm
_08305_,13.63µm
_10977_,13.63µm
_14866_,13.63µm
_15042_,13.63µm
_03738_,13.625µm
_03182_,13.62µm
_04024_,13.62µm
_07913_,13.62µm
_10990_,13.62µm
_15363_,13.62µm
_16926_,13.62µm
_17781_,13.62µm
u_fft_core.u_fft8_mdc0.u_mdc8p_stage1.r_data1_i\[4\],13.62µm
u_fft_core.u_fft8_mdc0.u_mdc8p_stage2.ds_switch_stage1.i_data_1i\[10\],13.62µm
_04121_,13.615µm
_06224_,13.615µm
_06980_,13.615µm
u_fft_core.u_fft8_mdc2.u_mdc8p_stage2.r_data1_r\[1\],13.615µm
_11170_,13.61µm
_17177_,13.61µm
_02526_,13.595µm
_11257_,13.595µm
u_fft_core.u_fft8_mdc3.u_mdc8p_stage2.r_data0_i\[9\],13.595µm
_07805_,13.59µm
_08291_,13.59µm
_11792_,13.59µm
_17661_,13.59µm
_11023_,13.585µm
u_debug_sys.u_debug_unit.status_flags_sync\[3\],13.585µm
u_fft_core.fft4_data1_re\[2\],13.585µm
u_fft_core.u_fft8_mdc1.u_mdc8p_stage1.r_data0_r\[3\],13.585µm
_04439_,13.58µm
_06787_,13.58µm
_07059_,13.58µm
_07281_,13.58µm
_10442_,13.58µm
_12273_,13.58µm
_15997_,13.58µm
_16528_,13.58µm
u_fft_core.u_fft8_mdc3.u_mdc8p_stage2.r_data0_i\[7\],13.58µm
_05703_,13.575µm
_16570_,13.575µm
u_fft_core.u_fft8_mdc1.u_mdc8p_stage2.ds_switch_stage1.r_idata_i\[0\]\[9\],13.575µm
_01547_,13.57µm
_03997_,13.57µm
_04126_,13.57µm
_05295_,13.57µm
_09441_,13.57µm
_09545_,13.57µm
_09990_,13.57µm
_11603_,13.57µm
_12755_,13.57µm
_13640_,13.57µm
_15882_,13.57µm
_17738_,13.57µm
net1893,13.57µm
net2038,13.57µm
net4362,13.57µm
net4539,13.57µm
u_fft_core.u_shift_r4.data_re_q\[162\],13.57µm
u_fft_core.u_twiddle_interface.u_mult_3.u_clip.o_data_im\[7\],13.57µm
_06779_,13.565µm
_08783_,13.565µm
_01627_,13.56µm
_06330_,13.56µm
_06582_,13.56µm
_06725_,13.56µm
_09068_,13.56µm
_10125_,13.56µm
_12282_,13.56µm
_13208_,13.56µm
_14501_,13.56µm
_16604_,13.56µm
_17155_,13.56µm
u_fft_core.u_fft8_mdc1.u_mdc8p_stage1.r_data0_i\[7\],13.56µm
_03986_,13.555µm
_05300_,13.555µm
_07657_,13.555µm
_07494_,13.55µm
_11836_,13.55µm
_07690_,13.545µm
_15786_,13.545µm
_06860_,13.54µm
_04240_,13.535µm
_03595_,13.52µm
_06055_,13.52µm
_09933_,13.52µm
_11750_,13.52µm
u_fft_core.u_buffer_parallel2serial.mem_re\[3\]\[3\],13.52µm
_00027_,13.51µm
_00036_,13.51µm
_04622_,13.51µm
_07912_,13.51µm
_08701_,13.51µm
_15848_,13.51µm
_15949_,13.51µm
_16160_,13.51µm
_17417_,13.51µm
u_fft_core.u_fft8_mdc2.u_mdc8p_stage1.xfft_cell_route1.r_pp2_mult_i\[0\]\[16\],13.51µm
u_fft_core.u_fft8_mdc2.u_mdc8p_stage1.xfft_cell_route1.w_mult_r\[1\]\[8\],13.51µm
_17586_,13.505µm
u_fft_core.u_fft8_mdc2.u_mdc8p_stage2.r_data0_r\[0\],13.505µm
u_fft_core.u_fft8_mdc3.u_mdc8p_stage1.r_data1_r\[7\],13.505µm
_01498_,13.5µm
_05016_,13.5µm
_09740_,13.5µm
_09741_,13.5µm
_12902_,13.5µm
_13041_,13.5µm
_15495_,13.5µm
_15734_,13.5µm
_15872_,13.5µm
_16154_,13.5µm
_06385_,13.495µm
_02835_,13.49µm
_02154_,13.485µm
net213,13.485µm
net1995,13.485µm
u_fft_core.u_fft8_mdc0.u_mdc8p_stage2.ds_switch_stage1.r_idata_i\[0\]\[1\],13.485µm
_10253_,13.48µm
_02117_,13.47µm
_07729_,13.47µm
_08841_,13.47µm
_11479_,13.47µm
_12333_,13.47µm
u_fft_core.u_fft4.r_x2_re\[4\],13.47µm
_05323_,13.465µm
_14107_,13.465µm
_11203_,13.46µm
_13006_,13.46µm
_17167_,13.46µm
_02104_,13.455µm
_09405_,13.455µm
_09790_,13.455µm
_00071_,13.45µm
_00736_,13.45µm
_01231_,13.45µm
_01734_,13.45µm
_02831_,13.45µm
_05391_,13.45µm
_07384_,13.45µm
_17732_,13.45µm
u_fft_core.u_fft8_mdc0.u_mdc8p_stage1.ds_switch_stage1.o_data_0i\[1\],13.45µm
u_fft_core.u_fft8_mdc1.u_mdc8p_stage2.ds_switch_stage1.o_data_0i\[10\],13.45µm
u_fft_core.u_shift_r4.data_im_q\[124\],13.45µm
_06376_,13.445µm
_02349_,13.44µm
_04857_,13.44µm
_05779_,13.44µm
_06717_,13.44µm
_10576_,13.44µm
_12177_,13.44µm
_13127_,13.44µm
_13753_,13.44µm
_15984_,13.44µm
_17046_,13.44µm
_17503_,13.44µm
_18093_,13.44µm
net324,13.44µm
u_fft_core.u_fft8_mdc0.u_mdc8p_stage1.ds_switch_stage1.w_data_1r\[7\],13.44µm
u_fft_core.u_shift_r2_fft3.data_re_q\[12\],13.44µm
_08147_,13.435µm
u_fft_core.u_fft8_mdc1.u_mdc8p_stage1.xfft_cell_route1.r_pp2_mult_i\[1\]\[4\],13.435µm
_04850_,13.425µm
_08426_,13.425µm
_10672_,13.425µm
_17463_,13.425µm
_12302_,13.42µm
_13248_,13.42µm
_10192_,13.415µm
_14192_,13.415µm
_17233_,13.415µm
_03678_,13.41µm
_05625_,13.41µm
_11856_,13.405µm
_02250_,13.395µm
_06912_,13.395µm
_11258_,13.395µm
_17867_,13.395µm
_01000_,13.39µm
_01024_,13.39µm
_01083_,13.39µm
_01115_,13.39µm
_01149_,13.39µm
_01341_,13.39µm
_01542_,13.39µm
_02444_,13.39µm
_02948_,13.39µm
_04336_,13.39µm
_07182_,13.39µm
_08791_,13.39µm
_11841_,13.39µm
_12171_,13.39µm
_13390_,13.39µm
_15812_,13.39µm
u_fft_core.u_shift_r2_fft2.data_re_q\[16\],13.39µm
_00084_,13.38µm
_03512_,13.38µm
_03999_,13.38µm
_05137_,13.38µm
_05645_,13.38µm
_06647_,13.38µm
_07335_,13.38µm
_08392_,13.38µm
_08403_,13.38µm
_08454_,13.38µm
_09216_,13.38µm
_09366_,13.38µm
_11012_,13.38µm
_11095_,13.38µm
_12290_,13.38µm
_12382_,13.38µm
_12560_,13.38µm
_12820_,13.38µm
_13303_,13.38µm
_15434_,13.38µm
_16067_,13.38µm
_16280_,13.38µm
_17276_,13.38µm
u_fft_core.u_fft8_mdc0.u_mdc8p_stage1.xfft_cell_route1.r_pp1_tw_i\[1\],13.38µm
u_fft_core.u_fft8_mdc1.u_mdc8p_stage2.r_data0_i\[4\],13.38µm
u_fft_core.u_twiddle_interface.mult1_re\[5\],13.38µm
_08572_,13.375µm
_09527_,13.375µm
_11838_,13.375µm
u_fft_core.u_shift_r4.data_re_q\[77\],13.375µm
_10957_,13.37µm
_05059_,13.365µm
_13326_,13.365µm
_17644_,13.365µm
u_fft_core.u_fft4.s2_x3_im\[6\],13.365µm
_11870_,13.36µm
_03102_,13.35µm
_02867_,13.345µm
_12893_,13.345µm
_17608_,13.345µm
_02248_,13.34µm
_02941_,13.34µm
_05372_,13.34µm
_12599_,13.34µm
_13942_,13.34µm
u_fft_core.u_shift_r4.data_im_q\[182\],13.34µm
_03080_,13.33µm
_03798_,13.33µm
_04554_,13.33µm
_04811_,13.33µm
_04989_,13.33µm
_05754_,13.33µm
_06490_,13.33µm
_07060_,13.33µm
_07343_,13.33µm
_07347_,13.33µm
_08416_,13.33µm
_08536_,13.33µm
_10206_,13.33µm
_10498_,13.33µm
_14551_,13.33µm
_14827_,13.33µm
_17434_,13.33µm
_17680_,13.33µm
_17953_,13.33µm
net167,13.33µm
net250,13.33µm
net1786,13.33µm
u_fft_core.u_fft8_mdc1.u_mdc8p_stage2.ds_switch_stage1.i_data_1i\[5\],13.33µm
_02622_,13.325µm
_11167_,13.325µm
u_fft_core.twiddle_data3_im\[6\],13.325µm
_06473_,13.32µm
_07600_,13.32µm
_07921_,13.32µm
_08976_,13.32µm
_09840_,13.32µm
_09945_,13.32µm
_10962_,13.32µm
_12435_,13.32µm
_12447_,13.32µm
_14420_,13.32µm
_17480_,13.32µm
net1537,13.32µm
_02011_,13.315µm
_02478_,13.315µm
_03624_,13.315µm
_12142_,13.315µm
_13173_,13.315µm
_01057_,13.31µm
u_fft_core.u_fft8_mdc2.u_mdc8p_stage1.xfft_cell_route1.r_pp2_mult_r\[0\]\[2\],13.305µm
_02785_,13.285µm
_12556_,13.285µm
u_fft_core.u_fft8_mdc1.u_mdc8p_stage2.r_data0_r\[7\],13.285µm
u_fft_core.u_shift_r2_fft2.data_im_q\[16\],13.285µm
_05829_,13.28µm
_10726_,13.28µm
_11808_,13.28µm
_16287_,13.28µm
_17318_,13.28µm
u_fft_core.u_shift_r4.data_re_q\[88\],13.28µm
_00200_,13.27µm
_00202_,13.27µm
_00314_,13.27µm
_00326_,13.27µm
_00609_,13.27µm
_01012_,13.27µm
_01156_,13.27µm
_01439_,13.27µm
_01631_,13.27µm
_01649_,13.27µm
_01939_,13.27µm
_03934_,13.27µm
_06800_,13.27µm
_09232_,13.27µm
_10402_,13.27µm
_11578_,13.27µm
_12704_,13.27µm
_15227_,13.27µm
u_fft_core.u_buffer_parallel2serial.mem_re\[10\]\[0\],13.27µm
_00630_,13.26µm
_01729_,13.26µm
_03641_,13.26µm
_05610_,13.26µm
_08678_,13.26µm
_11667_,13.26µm
_11865_,13.26µm
_12124_,13.26µm
_13850_,13.26µm
_15357_,13.26µm
u_fft_core.u_fft8_mdc1.u_mdc8p_stage1.xfft_cell_route1.r_pp2_mult_r\[0\]\[7\],13.26µm
_03324_,13.255µm
_05831_,13.255µm
_11798_,13.255µm
_14452_,13.255µm
_15196_,13.255µm
_17936_,13.255µm
u_fft_core.u_shift_r4.data_re_q\[115\],13.255µm
_05656_,13.25µm
_07632_,13.25µm
_02783_,13.245µm
_14287_,13.245µm
_03025_,13.24µm
_17284_,13.24µm
u_fft_core.u_fft8_mdc3.u_mdc8p_stage1.r_data0_i\[3\],13.24µm
u_fft_core.u_buffer_parallel2serial.mem_im\[7\]\[6\],13.235µm
_18088_,13.23µm
_03583_,13.225µm
_12483_,13.225µm
_13009_,13.225µm
u_fft_core.u_buffer_parallel2serial.mem_im\[25\]\[5\],13.225µm
_04165_,13.22µm
_09376_,13.22µm
_18006_,13.22µm
_14328_,13.215µm
_02909_,13.21µm
_03385_,13.21µm
_05328_,13.21µm
_07663_,13.21µm
_08339_,13.21µm
_10694_,13.21µm
_11278_,13.21µm
_11809_,13.21µm
_13570_,13.21µm
_13574_,13.21µm
_14589_,13.21µm
_14697_,13.21µm
_15266_,13.21µm
_16617_,13.21µm
_17462_,13.21µm
_17504_,13.21µm
net1419,13.21µm
net2034,13.21µm
u_fft_core.twiddle_data3_re\[2\],13.21µm
u_fft_core.u_buffer_parallel2serial.mem_im\[7\]\[3\],13.21µm
u_fft_core.u_buffer_parallel2serial.mem_re\[23\]\[5\],13.21µm
u_fft_core.u_fft4.s1_od_sub_im\[2\],13.21µm
u_fft_core.u_fft4.s1_od_sum_im\[7\],13.21µm
u_fft_core.u_fft8_mdc0.u_mdc8p_stage3.next_data1_r\[7\],13.21µm
u_fft_core.u_fft8_mdc1.u_mdc8p_stage1.ds_switch_stage1.o_data_1r\[6\],13.21µm
u_fft_core.u_fft8_mdc1.u_mdc8p_stage1.ds_switch_stage1.r_idata_r\[1\]\[5\],13.21µm
_04117_,13.205µm
_17025_,13.205µm
u_fft_core.u_fft8_mdc3.u_mdc8p_stage1.r_data1_r\[2\],13.205µm
_00193_,13.2µm
_00562_,13.2µm
_03376_,13.2µm
_03831_,13.2µm
_04003_,13.2µm
_06220_,13.2µm
_06521_,13.2µm
_07204_,13.2µm
_07332_,13.2µm
_08328_,13.2µm
_08562_,13.2µm
_09924_,13.2µm
_14459_,13.2µm
_14688_,13.2µm
_15370_,13.2µm
_17342_,13.2µm
_17377_,13.2µm
_17498_,13.2µm
net1314,13.2µm
net2238,13.2µm
u_debug_sys.data_to_dut\[0\],13.2µm
_06847_,13.195µm
_17049_,13.195µm
_06595_,13.185µm
_10313_,13.185µm
_11100_,13.185µm
_12077_,13.185µm
_15218_,13.185µm
_16432_,13.185µm
_08085_,13.18µm
_07216_,13.175µm
u_fft_core.u_shift_r4.valid_q\[8\],13.175µm
_01305_,13.17µm
_10475_,13.17µm
_12895_,13.17µm
_17407_,13.17µm
u_fft_core.u_shift_r2_fft0.data_im_q\[25\],13.17µm
u_fft_core.u_shift_r2_fft3.data_re_q\[10\],13.17µm
_05111_,13.165µm
_08725_,13.16µm
_12573_,13.16µm
_16342_,13.16µm
_16971_,13.16µm
fft_out_re\[1\],13.16µm
_05873_,13.155µm
_03390_,13.15µm
_03771_,13.15µm
_06528_,13.15µm
_12761_,13.15µm
_12946_,13.15µm
u_fft_core.u_fft8_mdc2.u_mdc8p_stage2.r_data0_r\[1\],13.15µm
u_fft_core.u_shift_r2_fft0.data_im_q\[12\],13.15µm
_02596_,13.14µm
_02631_,13.14µm
_04749_,13.14µm
_05204_,13.14µm
_06097_,13.14µm
_11038_,13.14µm
_17846_,13.14µm
_03580_,13.135µm
_17535_,13.135µm
u_fft_core.u_fft8_mdc2.u_mdc8p_stage2.r_data0_r\[2\],13.135µm
_03665_,13.12µm
_07203_,13.115µm
_03334_,13.11µm
_10387_,13.11µm
_12610_,13.11µm
_13042_,13.11µm
_04699_,13.105µm
_08111_,13.105µm
u_debug_sys.u_spi_slave.tx_shift\[15\],13.105µm
u_tx.current_shift\[10\],13.105µm
_05660_,13.1µm
_05759_,13.1µm
_08519_,13.1µm
_08965_,13.1µm
_11050_,13.1µm
_11618_,13.1µm
_12580_,13.1µm
_15161_,13.1µm
u_fft_core.u_buffer_parallel2serial.mem_re\[16\]\[0\],13.1µm
u_fft_core.u_fft8_mdc3.u_mdc8p_stage1.xfft_cell_route1.r_pp2_mult_i\[0\]\[14\],13.1µm
_08141_,13.095µm
_00245_,13.09µm
_03174_,13.09µm
_03727_,13.09µm
_04122_,13.09µm
_05530_,13.09µm
_05683_,13.09µm
_05736_,13.09µm
_05968_,13.09µm
_10894_,13.09µm
_11146_,13.09µm
_11981_,13.09µm
_13205_,13.09µm
_13420_,13.09µm
_13650_,13.09µm
_15522_,13.09µm
_16788_,13.09µm
_17704_,13.09µm
_18134_,13.09µm
net2703,13.09µm
u_fft_core.u_fft4.s2_x2_re\[8\],13.09µm
u_fft_core.u_fft8_mdc1.u_mdc8p_stage1.ds_switch_stage1.o_data_1i\[1\],13.09µm
u_fft_core.u_fft8_mdc1.u_mdc8p_stage1.ds_switch_stage1.r_idata_i\[1\]\[4\],13.09µm
u_fft_core.u_fft8_mdc1.u_mdc8p_stage1.ds_switch_stage1.w_data_1r\[7\],13.09µm
_17640_,13.085µm
_00020_,13.08µm
_01274_,13.08µm
_04874_,13.08µm
_08297_,13.08µm
_09252_,13.08µm
_10228_,13.08µm
_11006_,13.08µm
_11143_,13.08µm
_12330_,13.08µm
_17784_,13.075µm
_00094_,13.065µm
_15241_,13.065µm
_06897_,13.06µm
_02582_,13.055µm
_02261_,13.05µm
u_fft_core.u_fft8_mdc1.u_mdc8p_stage1.xfft_cell_route1.r_pp2_mult_r\[0\]\[8\],13.045µm
_03467_,13.035µm
_08208_,13.035µm
_03263_,13.03µm
_07414_,13.03µm
_08798_,13.03µm
_10095_,13.03µm
_10354_,13.03µm
_17246_,13.03µm
_17510_,13.03µm
u_fft_core.u_shift_r2_fft0.data_im_q\[21\],13.03µm
_02628_,13.025µm
_03172_,13.025µm
_11496_,13.025µm
_09272_,13.02µm
_13342_,13.02µm
_13419_,13.02µm
u_fft_core.u_fft8_mdc2.u_mdc8p_stage1.ds_switch_stage1.w_data_1r\[2\],13.02µm
_06591_,13.015µm
_05591_,13.01µm
_04620_,13.005µm
_09124_,13.005µm
_14241_,13µm
_02327_,12.995µm
_05644_,12.995µm
_02119_,12.99µm
_09791_,12.99µm
_13427_,12.99µm
_16976_,12.99µm
_02315_,12.985µm
_02700_,12.985µm
_10320_,12.98µm
_14157_,12.98µm
_18122_,12.98µm
u_fft_core.u_fft8_mdc0.u_mdc8p_stage2.ds_switch_stage1.o_data_0r\[2\],12.98µm
_10419_,12.975µm
_00489_,12.97µm
_00634_,12.97µm
_00637_,12.97µm
_01221_,12.97µm
_01293_,12.97µm
_01366_,12.97µm
_02802_,12.97µm
_08980_,12.97µm
_09928_,12.97µm
_10857_,12.97µm
_14396_,12.97µm
_15045_,12.97µm
_16230_,12.97µm
u_fft_core.u_fft8_mdc1.u_mdc8p_stage1.xfft_cell_route1.r_pp2_mult_i\[0\]\[0\],12.97µm
_17773_,12.965µm
_00025_,12.96µm
_02180_,12.96µm
_03195_,12.96µm
_03370_,12.96µm
_05906_,12.96µm
_06745_,12.96µm
_07136_,12.96µm
_07941_,12.96µm
_08596_,12.96µm
_08825_,12.96µm
_10014_,12.96µm
_12049_,12.96µm
_12782_,12.96µm
_12868_,12.96µm
_14582_,12.96µm
_15405_,12.96µm
_15873_,12.96µm
_15943_,12.96µm
_17006_,12.96µm
_17658_,12.96µm
net4267,12.96µm
u_fft_core.u_fft8_mdc0.u_mdc8p_stage1.ds_switch_stage1.r_idata_r\[0\]\[8\],12.96µm
_02017_,12.945µm
_03840_,12.945µm
_04171_,12.945µm
_06645_,12.945µm
_17205_,12.945µm
_05843_,12.93µm
_07957_,12.93µm
_13661_,12.93µm
u_fft_core.u_fft8_mdc1.u_mdc8p_stage1.xfft_cell_route1.r_pp2_mult_i\[1\]\[1\],12.93µm
_18133_,12.925µm
u_fft_core.u_buffer_parallel2serial.mem_re\[1\]\[5\],12.925µm
_02897_,12.92µm
_03730_,12.92µm
_17014_,12.92µm
_17647_,12.92µm
_00100_,12.91µm
_00243_,12.91µm
_01165_,12.91µm
_01184_,12.91µm
_01358_,12.91µm
_02496_,12.91µm
_04911_,12.91µm
_05283_,12.91µm
_06052_,12.91µm
_06446_,12.91µm
_06827_,12.91µm
_12011_,12.91µm
_14705_,12.91µm
_15571_,12.91µm
_16002_,12.91µm
u_fft_core.u_fft8_mdc2.u_mdc8p_stage1.ds_switch_stage1.o_data_1i\[7\],12.91µm
clknet_leaf_310_i_clk,12.91µm
_00375_,12.9µm
_00392_,12.9µm
_02066_,12.9µm
_04522_,12.9µm
_04891_,12.9µm
_07589_,12.9µm
_09307_,12.9µm
_09670_,12.9µm
_11805_,12.9µm
_12191_,12.9µm
_12267_,12.9µm
_14649_,12.9µm
_15219_,12.9µm
_16294_,12.9µm
_17059_,12.9µm
_17478_,12.9µm
_17906_,12.9µm
u_fft_core.u_buffer_parallel2serial.mem_re\[26\]\[6\],12.9µm
u_fft_core.u_fft8_mdc0.u_mdc8p_stage1.r_bt0_i\[0\]\[3\],12.9µm
u_fft_core.u_fft8_mdc1.u_mdc8p_stage1.ds_switch_stage1.r_odata_r\[0\]\[2\],12.9µm
u_fft_core.u_fft8_mdc2.u_mdc8p_stage1.xfft_cell_route1.r_pp2_mult_r\[1\]\[18\],12.9µm
_15674_,12.895µm
_18000_,12.895µm
u_fft_core.u_buffer_parallel2serial.mem_im\[18\]\[1\],12.895µm
_00832_,12.885µm
_09825_,12.88µm
_10761_,12.875µm
_02877_,12.865µm
_02976_,12.865µm
_04291_,12.865µm
_06348_,12.865µm
_10579_,12.865µm
_11741_,12.865µm
_02868_,12.86µm
_06814_,12.86µm
_07697_,12.86µm
u_fft_core.u_buffer_parallel2serial.mem_im\[26\]\[3\],12.86µm
u_fft_core.u_buffer_parallel2serial.mem_re\[6\]\[5\],12.86µm
u_fft_core.u_fft8_mdc0.u_mdc8p_stage1.ds_switch_stage1.i_data_0i\[6\],12.855µm
_00579_,12.85µm
_00831_,12.85µm
_02754_,12.85µm
_03021_,12.85µm
_04688_,12.85µm
_06045_,12.85µm
_06963_,12.85µm
_08423_,12.85µm
_09489_,12.85µm
_10631_,12.85µm
_10792_,12.85µm
_12059_,12.85µm
_12544_,12.85µm
_13355_,12.85µm
_13623_,12.85µm
_14184_,12.85µm
_14710_,12.85µm
_15915_,12.85µm
_16963_,12.85µm
_17799_,12.85µm
net728,12.85µm
net914,12.85µm
net1849,12.85µm
net4401,12.85µm
u_fft_core.u_fft8_mdc0.u_mdc8p_stage1.ds_switch_stage1.r_odata_i\[0\]\[1\],12.85µm
u_fft_core.u_fft8_mdc3.u_mdc8p_stage1.xfft_cell_route1.r_pp2_mult_r\[0\]\[9\],12.85µm
u_fft_core.u_shift_r2_fft1.data_im_q\[14\],12.85µm
_02446_,12.845µm
_02452_,12.84µm
_03687_,12.84µm
_04886_,12.84µm
_06607_,12.84µm
_07777_,12.84µm
_08030_,12.84µm
_13887_,12.84µm
_15813_,12.84µm
_16680_,12.84µm
_17852_,12.84µm
net2609,12.84µm
u_fft_core.u_fft8_mdc2.u_mdc8p_stage2.ds_switch_stage1.w_data_1i\[1\],12.84µm
_04838_,12.835µm
_12784_,12.835µm
_13035_,12.835µm
_17373_,12.835µm
u_fft_core.u_fft8_mdc3.u_mdc8p_stage1.ds_switch_stage1.r_idata_r\[1\]\[6\],12.835µm
_02586_,12.825µm
_13203_,12.825µm
_15376_,12.825µm
_07495_,12.82µm
_14634_,12.82µm
_09968_,12.815µm
_10205_,12.81µm
_07326_,12.805µm
_11547_,12.805µm
_09887_,12.8µm
_12911_,12.8µm
_16062_,12.8µm
u_fft_core.u_shift_r2_fft0.data_im_q\[20\],12.8µm
u_fft_core.u_shift_r2_fft2.data_im_q\[24\],12.8µm
_04514_,12.795µm
_00359_,12.79µm
_00398_,12.79µm
_00569_,12.79µm
_01233_,12.79µm
_01569_,12.79µm
_02615_,12.79µm
_04324_,12.79µm
_04557_,12.79µm
_06543_,12.79µm
_06839_,12.79µm
_09904_,12.79µm
_10533_,12.79µm
_11414_,12.79µm
_12308_,12.79µm
_15546_,12.79µm
_17888_,12.79µm
u_debug_sys.u_debug_unit.error_flags_sync\[0\],12.79µm
u_fft_core.u_shift_r2_fft1.data_re_q\[11\],12.79µm
u_fft_core.u_shift_r4.data_im_q\[112\],12.79µm
_05271_,12.785µm
_01181_,12.78µm
_01237_,12.78µm
_01686_,12.78µm
_03908_,12.78µm
_04101_,12.78µm
_05775_,12.78µm
_05902_,12.78µm
_07290_,12.78µm
_09964_,12.78µm
_10110_,12.78µm
_11254_,12.78µm
_13649_,12.78µm
_13955_,12.78µm
_14129_,12.78µm
_14345_,12.78µm
_14480_,12.78µm
_16977_,12.78µm
_18050_,12.78µm
u_fft_core.u_fft8_mdc0.u_mdc8p_stage1.u_btfly2.o_data1_r\[4\],12.78µm
u_fft_core.u_fft8_mdc3.u_mdc8p_stage1.ds_switch_stage1.r_idata_r\[0\]\[8\],12.78µm
_03117_,12.775µm
_04315_,12.775µm
_08253_,12.775µm
_09522_,12.775µm
_11693_,12.775µm
_14197_,12.775µm
_03158_,12.765µm
_08671_,12.765µm
_18143_,12.765µm
_04394_,12.76µm
_02890_,12.75µm
_08830_,12.75µm
u_fft_core.u_buffer_parallel2serial.mem_re\[4\]\[6\],12.75µm
_05903_,12.745µm
_13013_,12.745µm
_05165_,12.74µm
_06609_,12.74µm
_07110_,12.74µm
_08236_,12.74µm
_08429_,12.74µm
_09061_,12.74µm
_10570_,12.74µm
_10797_,12.74µm
_12188_,12.74µm
_13888_,12.74µm
_14225_,12.74µm
_14974_,12.74µm
_17850_,12.74µm
_02195_,12.735µm
_00811_,12.73µm
_01852_,12.73µm
_02037_,12.73µm
_02198_,12.73µm
_02223_,12.73µm
_02418_,12.73µm
_02875_,12.73µm
_03049_,12.73µm
_05710_,12.73µm
_05907_,12.73µm
_06435_,12.73µm
_07109_,12.73µm
_08546_,12.73µm
_10511_,12.73µm
_10534_,12.73µm
_13188_,12.73µm
_13279_,12.73µm
_13345_,12.73µm
_13590_,12.73µm
_14032_,12.73µm
_14256_,12.73µm
_16057_,12.73µm
_16713_,12.73µm
_17092_,12.73µm
_17901_,12.73µm
net792,12.73µm
net821,12.73µm
net1459,12.73µm
net2065,12.73µm
net2633,12.73µm
net4202,12.73µm
u_fft_core.u_fft8_mdc0.u_mdc8p_stage1.xfft_cell_route1.r_pp2_mult_i\[1\]\[16\],12.73µm
u_fft_core.u_fft8_mdc2.u_mdc8p_stage1.xfft_cell_route1.r_pp2_mult_i\[0\]\[3\],12.73µm
u_fft_core.u_fft8_mdc3.u_mdc8p_stage2.r_data1_i\[9\],12.73µm
_03867_,12.725µm
_00585_,12.72µm
_01134_,12.72µm
_04373_,12.72µm
_04932_,12.72µm
_05009_,12.72µm
_05888_,12.72µm
_06201_,12.72µm
_06615_,12.72µm
_07747_,12.72µm
_09007_,12.72µm
_10497_,12.72µm
_10628_,12.72µm
_10828_,12.72µm
_13909_,12.72µm
_15359_,12.72µm
_15795_,12.72µm
_16399_,12.72µm
_16967_,12.72µm
_17020_,12.72µm
_18163_,12.72µm
net302,12.72µm
net306,12.72µm
net782,12.72µm
net1387,12.72µm
net1666,12.72µm
net2068,12.72µm
net2706,12.72µm
u_fft_core.u_twiddle_interface.u_mult_1.u_clip.o_data_im\[4\],12.72µm
_04734_,12.715µm
_04918_,12.715µm
_08132_,12.715µm
_11294_,12.715µm
_12264_,12.715µm
u_fft_core.u_fft8_mdc2.u_mdc8p_stage2.ds_switch_stage1.o_data_0r\[5\],12.715µm
_07311_,12.71µm
_10100_,12.705µm
_12797_,12.705µm
u_fft_core.u_fft8_mdc3.u_mdc8p_stage1.ds_switch_stage1.flag\[1\],12.705µm
_02611_,12.695µm
_08099_,12.69µm
_11908_,12.69µm
_12337_,12.69µm
_03224_,12.685µm
_06513_,12.685µm
_09644_,12.685µm
u_fft_core.u_shift_r2_fft2.data_im_q\[11\],12.685µm
u_fft_core.u_shift_r4.data_re_q\[113\],12.685µm
_02424_,12.68µm
_04032_,12.68µm
_09112_,12.68µm
_11540_,12.68µm
_13287_,12.68µm
_14478_,12.68µm
_16551_,12.68µm
_17660_,12.68µm
_17923_,12.68µm
u_fft_core.u_fft8_mdc1.u_mdc8p_stage1.ds_switch_stage1.o_data_0r\[6\],12.68µm
_10468_,12.675µm
_00991_,12.67µm
_07475_,12.67µm
_08280_,12.67µm
_09596_,12.67µm
_13990_,12.67µm
_15665_,12.67µm
u_fft_core.u_fft8_mdc0.u_mdc8p_stage1.u_btfly2.o_data1_i\[7\],12.67µm
_04808_,12.665µm
_10595_,12.665µm
_02027_,12.66µm
_03115_,12.66µm
_03972_,12.66µm
_06989_,12.66µm
_10814_,12.66µm
_11958_,12.66µm
_13447_,12.66µm
_15530_,12.66µm
_18096_,12.66µm
u_fft_core.u_buffer_parallel2serial.mem_im\[4\]\[1\],12.66µm
u_fft_core.u_fft8_mdc0.u_mdc8p_stage1.u_btfly2.o_data0_i\[7\],12.66µm
u_fft_core.u_fft8_mdc0.u_mdc8p_stage3.next_data1_r\[4\],12.66µm
u_fft_core.u_fft8_mdc2.u_mdc8p_stage2.ds_switch_stage1.r_idata_i\[0\]\[4\],12.66µm
_03949_,12.655µm
_11736_,12.655µm
_13357_,12.655µm
_05737_,12.645µm
_08571_,12.645µm
_02156_,12.64µm
_02060_,12.63µm
_06316_,12.63µm
_06477_,12.63µm
_09020_,12.63µm
_02733_,12.625µm
_04274_,12.625µm
_13199_,12.625µm
u_fft_core.u_shift_r4.data_im_q\[95\],12.625µm
_02093_,12.62µm
_02218_,12.62µm
_02404_,12.62µm
_04011_,12.62µm
_04546_,12.62µm
_05146_,12.62µm
_06430_,12.62µm
_07536_,12.62µm
_08003_,12.62µm
_08275_,12.62µm
_10906_,12.62µm
_11277_,12.62µm
_11480_,12.62µm
_12601_,12.62µm
_13278_,12.62µm
_14326_,12.62µm
_15599_,12.62µm
_18090_,12.62µm
u_fft_core.u_fft8_mdc2.u_mdc8p_stage1.ds_switch_stage1.i_data_0i\[6\],12.62µm
_01174_,12.61µm
_01540_,12.61µm
_02161_,12.61µm
_02285_,12.61µm
_04599_,12.61µm
_08215_,12.61µm
_08826_,12.61µm
_08856_,12.61µm
_09256_,12.61µm
_09785_,12.61µm
_12948_,12.61µm
_12950_,12.61µm
_13453_,12.61µm
_16286_,12.61µm
_16383_,12.61µm
_16576_,12.61µm
_17544_,12.61µm
net665,12.61µm
net1268,12.61µm
net2225,12.61µm
u_fft_core.u_shift_r2_fft3.data_im_q\[15\],12.61µm
_00416_,12.6µm
_01189_,12.6µm
_02379_,12.6µm
_03228_,12.6µm
_03585_,12.6µm
_04528_,12.6µm
_05506_,12.6µm
_07421_,12.6µm
_07739_,12.6µm
_08235_,12.6µm
_08915_,12.6µm
_09078_,12.6µm
_10433_,12.6µm
_11756_,12.6µm
_16043_,12.6µm
_16329_,12.6µm
_17461_,12.6µm
_17990_,12.6µm
net945,12.6µm
u_fft_core.u_shift_r4.data_re_q\[23\],12.585µm
_02182_,12.58µm
_02931_,12.58µm
_11711_,12.575µm
_02942_,12.57µm
_08161_,12.57µm
_03310_,12.565µm
_10049_,12.565µm
_10146_,12.565µm
_16592_,12.565µm
_03479_,12.56µm
_05428_,12.56µm
_12867_,12.56µm
_04217_,12.555µm
u_fft_core.u_fft8_mdc0.u_mdc8p_stage2.ds_switch_stage1.r_idata_i\[0\]\[7\],12.555µm
u_fft_core.u_fft8_mdc2.u_mdc8p_stage2.r_data0_r\[7\],12.555µm
_02042_,12.55µm
_04580_,12.55µm
_05086_,12.55µm
_05536_,12.55µm
_05571_,12.55µm
_07970_,12.55µm
_10890_,12.55µm
_17762_,12.55µm
u_fft_core.u_fft8_mdc2.u_mdc8p_stage1.ds_switch_stage1.r_idata_r\[0\]\[5\],12.55µm
u_fft_core.u_fft8_mdc2.u_mdc8p_stage1.u_btfly2.o_data0_i\[2\],12.55µm
_02522_,12.54µm
_10213_,12.54µm
_15188_,12.54µm
_15505_,12.54µm
u_fft_core.u_fft8_mdc1.u_mdc8p_stage1.ds_switch_stage1.r_idata_i\[0\]\[3\],12.54µm
_10625_,12.535µm
_10892_,12.525µm
_17364_,12.525µm
net2214,12.525µm
_15761_,12.52µm
_03029_,12.51µm
_03646_,12.51µm
_08586_,12.51µm
_04105_,12.505µm
_03922_,12.5µm
_03966_,12.5µm
_08680_,12.5µm
_08729_,12.5µm
_11704_,12.5µm
u_fft_core.u_fft8_mdc3.u_mdc8p_stage1.r_data0_i\[0\],12.5µm
_09793_,12.495µm
_00749_,12.49µm
_02921_,12.49µm
_03382_,12.49µm
_04525_,12.49µm
_04896_,12.49µm
_09609_,12.49µm
_12058_,12.49µm
_14037_,12.49µm
_15353_,12.49µm
_16035_,12.49µm
_16865_,12.49µm
u_fft_core.u_buffer_parallel2serial.mem_re\[9\]\[0\],12.49µm
u_fft_core.u_fft8_mdc1.u_mdc8p_stage1.ds_switch_stage1.o_data_1r\[3\],12.49µm
u_fft_core.u_fft8_mdc1.u_mdc8p_stage1.xfft_cell_route1.w_mult_r\[1\]\[8\],12.49µm
u_fft_core.u_fft8_mdc1.u_mdc8p_stage2.ds_switch_stage1.w_data_1i\[8\],12.49µm
u_tx.current_shift\[8\],12.49µm
_02384_,12.48µm
_02818_,12.48µm
_03012_,12.48µm
_05783_,12.48µm
_06538_,12.48µm
_06559_,12.48µm
_06852_,12.48µm
_07222_,12.48µm
_07529_,12.48µm
_08176_,12.48µm
_08580_,12.48µm
_08857_,12.48µm
_09739_,12.48µm
_10351_,12.48µm
_11129_,12.48µm
_11279_,12.48µm
_11311_,12.48µm
_12391_,12.48µm
_12535_,12.48µm
_12696_,12.48µm
net917,12.48µm
net2069,12.48µm
u_fft_core.u_fft8_mdc2.u_mdc8p_stage2.ds_switch_stage1.r_idata_r\[0\]\[3\],12.48µm
u_fft_core.u_fft8_mdc3.u_mdc8p_stage1.ds_switch_stage1.i_data_1r\[8\],12.48µm
u_fft_core.u_shift_r2_fft1.data_im_q\[16\],12.48µm
u_fft_core.u_shift_r2_fft1.data_im_q\[19\],12.48µm
_06826_,12.475µm
net582,12.47µm
_06525_,12.465µm
_09241_,12.465µm
_18094_,12.465µm
_04736_,12.46µm
_11049_,12.455µm
u_fft_core.u_fft8_mdc0.u_mdc8p_stage1.xfft_cell_route1.r_pp2_mult_r\[0\]\[2\],12.455µm
_07191_,12.45µm
_03052_,12.44µm
_03380_,12.44µm
_00660_,12.43µm
_00870_,12.43µm
_00877_,12.43µm
_01157_,12.43µm
_01223_,12.43µm
_01455_,12.43µm
_01623_,12.43µm
_01866_,12.43µm
_06132_,12.43µm
_07120_,12.43µm
_08059_,12.43µm
_12091_,12.43µm
_14035_,12.43µm
_14298_,12.43µm
_15927_,12.43µm
_17795_,12.43µm
u_fft_core.u_buffer_parallel2serial.mem_im\[17\]\[4\],12.43µm
u_fft_core.u_fft8_mdc0.u_mdc8p_stage1.ds_switch_stage1.o_data_0r\[8\],12.43µm
u_fft_core.u_fft8_mdc0.u_mdc8p_stage1.ds_switch_stage1.valid_count\[1\],12.43µm
u_fft_core.u_fft8_mdc2.u_mdc8p_stage1.xfft_cell_route1.r_pp2_mult_r\[0\]\[6\],12.43µm
u_fft_core.u_shift_r4.data_re_q\[78\],12.43µm
_00342_,12.42µm
_01364_,12.42µm
_03770_,12.42µm
_03870_,12.42µm
_06364_,12.42µm
_06935_,12.42µm
_08475_,12.42µm
_09171_,12.42µm
_10819_,12.42µm
_11590_,12.42µm
_13971_,12.42µm
_14747_,12.42µm
_17757_,12.42µm
_17841_,12.42µm
u_debug_sys.u_spi_slave.rx_shift\[10\],12.42µm
u_fft_core.u_twiddle_interface.mult1_im\[5\],12.42µm
_06296_,12.415µm
_14028_,12.415µm
u_fft_core.u_fft8_mdc3.u_mdc8p_stage1.xfft_cell_route1.r_pp2_mult_i\[0\]\[8\],12.415µm
_03083_,12.41µm
_03312_,12.41µm
u_fft_core.u_fft8_mdc3.u_mdc8p_stage1.xfft_cell_route1.r_pp2_mult_r\[1\]\[16\],12.41µm
_02332_,12.405µm
_08823_,12.405µm
_07091_,12.4µm
_04589_,12.395µm
u_fft_core.u_fft8_mdc2.u_mdc8p_stage1.xfft_cell_route1.r_pp2_mult_r\[1\]\[13\],12.395µm
_03074_,12.385µm
_13037_,12.385µm
_14544_,12.385µm
u_fft_core.u_shift_r4.data_re_q\[164\],12.385µm
_02224_,12.38µm
_05555_,12.38µm
_09400_,12.38µm
_03273_,12.37µm
_05273_,12.37µm
_05786_,12.37µm
_06497_,12.37µm
_07926_,12.37µm
_08117_,12.37µm
_08234_,12.37µm
_08705_,12.37µm
_11457_,12.37µm
_11982_,12.37µm
_12572_,12.37µm
_13586_,12.37µm
_13620_,12.37µm
_14394_,12.37µm
_17525_,12.37µm
_18198_,12.37µm
net358,12.37µm
net799,12.37µm
net913,12.37µm
net969,12.37µm
net4229,12.37µm
u_debug_sys.u_spi_slave.rx_shift\[9\],12.37µm
u_fft_core.u_buffer_parallel2serial.mem_re\[1\]\[1\],12.37µm
u_fft_core.u_fft4.r_x3_im\[5\],12.37µm
u_fft_core.u_fft8_mdc3.u_mdc8p_stage1.ds_switch_stage1.r_idata_r\[0\]\[9\],12.37µm
u_fft_core.u_shift_r4.valid_q\[23\],12.37µm
_15591_,12.365µm
_02397_,12.36µm
_03526_,12.36µm
_05766_,12.36µm
_06704_,12.36µm
_07168_,12.36µm
_09244_,12.36µm
_09994_,12.36µm
_11972_,12.36µm
_12531_,12.36µm
_12925_,12.36µm
_15404_,12.36µm
_16037_,12.36µm
_16307_,12.36µm
_16354_,12.36µm
_16563_,12.36µm
_17343_,12.36µm
_17693_,12.36µm
net2486,12.36µm
net2573,12.36µm
cnt_outputs\[7\],12.36µm
u_fft_core.u_buffer_parallel2serial.mem_re\[7\]\[3\],12.36µm
u_fft_core.u_fft8_mdc0.u_mdc8p_stage1.ds_switch_stage1.r_idata_r\[0\]\[3\],12.36µm
u_fft_core.u_shift_r4.data_re_q\[28\],12.36µm
_03614_,12.355µm
_08072_,12.355µm
_08364_,12.355µm
last_out_re\[4\],12.355µm
u_fft_core.twiddle_data2_im\[1\],12.355µm
u_fft_core.u_buffer_parallel2serial.mem_im\[20\]\[4\],12.355µm
_09856_,12.34µm
_10725_,12.34µm
_13470_,12.34µm
u_fft_core.u_fft8_mdc2.u_mdc8p_stage1.xfft_cell_route1.r_pp2_mult_i\[0\]\[5\],12.34µm
u_fft_core.u_fft8_mdc3.u_mdc8p_stage1.r_data1_i\[4\],12.34µm
_09827_,12.335µm
_05221_,12.32µm
_08606_,12.32µm
_09730_,12.32µm
_10782_,12.32µm
_11895_,12.32µm
_11928_,12.32µm
_12787_,12.32µm
_13059_,12.32µm
_14993_,12.32µm
_16118_,12.32µm
_17684_,12.32µm
u_fft_core.u_buffer_parallel2serial.mem_im\[29\]\[3\],12.32µm
u_fft_core.u_fft4.s1_od_sub_re\[6\],12.32µm
u_fft_core.u_fft4.s2_x1_re\[6\],12.32µm
u_fft_core.u_fft8_mdc0.u_mdc8p_stage1.ds_switch_stage1.r_idata_i\[1\]\[3\],12.32µm
u_fft_core.u_fft8_mdc2.u_mdc8p_stage2.r_data0_r\[4\],12.32µm
u_fft_core.u_shift_r2_fft2.data_re_q\[14\],12.32µm
_17999_,12.315µm
_00206_,12.31µm
_00273_,12.31µm
_00327_,12.31µm
_01046_,12.31µm
_01068_,12.31µm
_01120_,12.31µm
_01180_,12.31µm
_01222_,12.31µm
_01791_,12.31µm
_02988_,12.31µm
_05107_,12.31µm
_05129_,12.31µm
_05803_,12.31µm
_06091_,12.31µm
_07070_,12.31µm
_10636_,12.31µm
_14003_,12.31µm
_17100_,12.31µm
_17275_,12.31µm
u_fft_core.u_fft8_mdc2.u_mdc8p_stage1.ds_switch_stage1.r_odata_i\[0\]\[0\],12.31µm
u_fft_core.u_fft8_mdc2.u_mdc8p_stage2.ds_switch_stage1.i_data_1i\[3\],12.31µm
_12957_,12.305µm
_00044_,12.3µm
_01050_,12.3µm
_03010_,12.3µm
_07429_,12.3µm
_07862_,12.3µm
_08290_,12.3µm
_08478_,12.3µm
_08566_,12.3µm
_10774_,12.3µm
_11386_,12.3µm
_11734_,12.3µm
_11898_,12.3µm
_14415_,12.3µm
_14825_,12.3µm
_16776_,12.3µm
_17725_,12.3µm
u_fft_core.u_fft8_mdc2.u_mdc8p_stage1.xfft_cell_route1.r_pp2_mult_r\[1\]\[17\],12.3µm
u_fft_core.u_fft8_mdc3.u_mdc8p_stage1.xfft_cell_route1.r_pp2_mult_r\[1\]\[4\],12.3µm
u_fft_core.u_fft8_mdc3.u_mdc8p_stage1.xfft_cell_route1.w_mult_r\[1\]\[18\],12.3µm
u_fft_core.u_shift_r4.data_im_q\[90\],12.3µm
_04223_,12.295µm
_05245_,12.295µm
_08722_,12.295µm
_16904_,12.295µm
_18083_,12.295µm
_18132_,12.295µm
u_fft_core.u_fft8_mdc2.u_mdc8p_stage1.xfft_cell_route1.r_pp2_mult_r\[0\]\[13\],12.295µm
u_fft_core.u_fft8_mdc3.u_mdc8p_stage2.ds_switch_stage1.r_idata_i\[0\]\[7\],12.295µm
_07621_,12.29µm
_12681_,12.285µm
_02809_,12.27µm
_11266_,12.27µm
_10901_,12.265µm
_11030_,12.265µm
_03454_,12.26µm
_03552_,12.26µm
_04672_,12.26µm
_06395_,12.26µm
_08831_,12.26µm
_09761_,12.26µm
_12275_,12.26µm
_14977_,12.26µm
_17332_,12.26µm
_00810_,12.25µm
_01377_,12.25µm
_02080_,12.25µm
_02805_,12.25µm
_03939_,12.25µm
_04489_,12.25µm
_06337_,12.25µm
_07004_,12.25µm
_07518_,12.25µm
_07679_,12.25µm
_08327_,12.25µm
_08676_,12.25µm
_08996_,12.25µm
_09294_,12.25µm
_09458_,12.25µm
_12663_,12.25µm
_12804_,12.25µm
_13455_,12.25µm
_14005_,12.25µm
_14404_,12.25µm
_15293_,12.25µm
_15449_,12.25µm
_16724_,12.25µm
_16897_,12.25µm
_17141_,12.25µm
_17534_,12.25µm
_17709_,12.25µm
_17767_,12.25µm
_18191_,12.25µm
_18193_,12.25µm
net378,12.25µm
net560,12.25µm
net1659,12.25µm
net1775,12.25µm
net1884,12.25µm
net2076,12.25µm
net4384,12.25µm
u_fft_core.u_fft4.s1_od_sub_im\[7\],12.25µm
u_fft_core.u_fft8_mdc1.u_mdc8p_stage1.xfft_cell_route1.r_pp2_mult_i\[1\]\[5\],12.25µm
u_fft_core.u_fft8_mdc2.u_mdc8p_stage2.ds_switch_stage1.r_idata_i\[0\]\[1\],12.25µm
u_fft_core.u_fft8_mdc3.u_mdc8p_stage1.xfft_cell_route1.r_pp1_data_i\[6\],12.25µm
_07700_,12.245µm
_00878_,12.24µm
_02310_,12.24µm
_02482_,12.24µm
_03137_,12.24µm
_04136_,12.24µm
_04241_,12.24µm
_05185_,12.24µm
_08924_,12.24µm
_09479_,12.24µm
_10139_,12.24µm
_10501_,12.24µm
_11473_,12.24µm
_11983_,12.24µm
_14526_,12.24µm
_14815_,12.24µm
_15373_,12.24µm
_16332_,12.24µm
net108,12.24µm
net287,12.24µm
net439,12.24µm
net569,12.24µm
net962,12.24µm
net1475,12.24µm
net1773,12.24µm
net1830,12.24µm
net1940,12.24µm
net2237,12.24µm
net2407,12.24µm
net2575,12.24µm
net2655,12.24µm
net4302,12.24µm
net4437,12.24µm
net4642,12.24µm
u_fft_core.u_buffer_parallel2serial.mem_re\[0\]\[1\],12.24µm
u_fft_core.u_fft8_mdc0.u_mdc8p_stage1.ds_switch_stage1.i_data_1i\[5\],12.24µm
u_fft_core.u_fft8_mdc1.u_mdc8p_stage1.ds_switch_stage1.i_data_1i\[3\],12.24µm
u_fft_core.u_fft8_mdc1.u_mdc8p_stage2.ds_switch_stage1.o_data_0r\[5\],12.24µm
u_fft_core.u_fft8_mdc2.u_mdc8p_stage1.xfft_cell_route1.r_pp2_mult_r\[1\]\[14\],12.24µm
u_fft_core.u_fft8_mdc2.u_mdc8p_stage2.r_data0_i\[9\],12.24µm
u_fft_core.u_fft8_mdc3.u_mdc8p_stage1.r_data0_i\[5\],12.24µm
u_fft_core.u_fft8_mdc3.u_mdc8p_stage1.xfft_cell_route1.r_pp2_mult_i\[0\]\[1\],12.24µm
u_fft_core.u_twiddle_interface.u_mult_1.u_clip.o_data_re\[6\],12.24µm
_07612_,12.235µm
_08166_,12.235µm
_09211_,12.235µm
_12208_,12.235µm
_12571_,12.235µm
u_fft_core.u_fft8_mdc2.u_mdc8p_stage2.ds_switch_stage1.r_idata_i\[0\]\[8\],12.235µm
_02856_,12.23µm
_00795_,12.225µm
_08684_,12.22µm
u_fft_core.u_fft8_mdc3.u_mdc8p_stage2.ds_switch_stage1.r_idata_r\[0\]\[10\],12.215µm
_06601_,12.21µm
u_fft_core.u_shift_r4.data_im_q\[74\],12.21µm
u_fft_core.u_shift_r4.data_re_q\[102\],12.21µm
_00072_,12.2µm
_04262_,12.2µm
_07153_,12.2µm
_09966_,12.2µm
_03623_,12.195µm
net50,12.19µm
_02133_,12.19µm
_06470_,12.19µm
_08761_,12.19µm
_11052_,12.19µm
_12576_,12.19µm
_14397_,12.19µm
_17971_,12.19µm
u_fft_core.u_fft8_mdc0.u_mdc8p_stage1.xfft_cell_route1.w_mult_i\[0\]\[7\],12.19µm
u_fft_core.u_fft8_mdc3.u_mdc8p_stage1.ds_switch_stage1.r_idata_i\[1\]\[1\],12.19µm
u_fft_core.u_fft8_mdc3.u_mdc8p_stage1.xfft_cell_route1.w_mult_i\[0\]\[16\],12.19µm
_04817_,12.185µm
_12593_,12.185µm
_17756_,12.185µm
_10202_,12.18µm
u_fft_core.u_shift_r2_fft0.data_re_q\[17\],12.18µm
_02447_,12.175µm
_04521_,12.175µm
_07139_,12.175µm
_07304_,12.175µm
_07555_,12.175µm
_11661_,12.175µm
_13222_,12.175µm
_03635_,12.165µm
_04015_,12.155µm
_06984_,12.155µm
_11420_,12.155µm
_04888_,12.15µm
_04316_,12.145µm
_06991_,12.145µm
_08134_,12.145µm
_09257_,12.145µm
u_fft_core.u_shift_r4.data_im_q\[27\],12.145µm
_03219_,12.14µm
_04648_,12.14µm
_07317_,12.14µm
_08767_,12.14µm
_10854_,12.14µm
_13401_,12.14µm
_14547_,12.14µm
_16486_,12.14µm
_17610_,12.14µm
u_fft_core.u_fft8_mdc2.u_mdc8p_stage1.xfft_cell_route1.r_pp2_mult_i\[0\]\[14\],12.14µm
u_fft_core.u_fft8_mdc2.u_mdc8p_stage1.xfft_cell_route1.r_pp2_mult_i\[1\]\[11\],12.14µm
_03125_,12.135µm
_01285_,12.13µm
_05362_,12.13µm
_05891_,12.13µm
_06466_,12.13µm
_06536_,12.13µm
_06831_,12.13µm
_07423_,12.13µm
_07704_,12.13µm
_08467_,12.13µm
_09406_,12.13µm
_09637_,12.13µm
_10231_,12.13µm
_12105_,12.13µm
_13495_,12.13µm
_14682_,12.13µm
_17752_,12.13µm
net360,12.13µm
net710,12.13µm
net1599,12.13µm
net2598,12.13µm
net2647,12.13µm
net2734,12.13µm
u_fft_core.u_twiddle_interface.data3_im_q\[6\],12.13µm
_17937_,12.125µm
_03998_,12.12µm
_04395_,12.12µm
_04821_,12.12µm
_08273_,12.12µm
_08987_,12.12µm
_09540_,12.12µm
_10915_,12.12µm
_13398_,12.12µm
_14255_,12.12µm
_15248_,12.12µm
u_fft_core.u_fft8_mdc2.u_mdc8p_stage1.r_data0_r\[7\],12.12µm
_08890_,12.115µm
_09880_,12.115µm
_15479_,12.115µm
u_fft_core.u_fft8_mdc2.u_mdc8p_stage1.ds_switch_stage1.i_data_0i\[4\],12.115µm
_10541_,12.11µm
_01177_,12.105µm
_01185_,12.105µm
_10232_,12.105µm
_06793_,12.1µm
_08005_,12.09µm
_15317_,12.09µm
_01365_,12.085µm
_02672_,12.08µm
_05496_,12.08µm
_08431_,12.08µm
_10270_,12.08µm
u_fft_core.u_buffer_parallel2serial.batch_count\[0\],12.075µm
_00058_,12.07µm
_05805_,12.07µm
_14473_,12.07µm
_15015_,12.07µm
_16020_,12.07µm
u_fft_core.u_fft8_mdc1.u_mdc8p_stage1.xfft_cell_route1.w_mult_r\[1\]\[1\],12.07µm
u_fft_core.u_fft8_mdc2.u_mdc8p_stage1.ds_switch_stage1.r_idata_r\[1\]\[9\],12.07µm
u_fft_core.u_fft8_mdc3.u_mdc8p_stage1.ds_switch_stage1.r_odata_i\[0\]\[5\],12.07µm
u_fft_core.u_fft8_mdc3.u_mdc8p_stage1.xfft_cell_route1.w_mult_r\[0\]\[12\],12.07µm
_04583_,12.06µm
_08321_,12.06µm
_08845_,12.06µm
_09073_,12.06µm
_09655_,12.06µm
_10207_,12.06µm
_10369_,12.06µm
_13884_,12.06µm
_14633_,12.06µm
_15617_,12.06µm
_16114_,12.06µm
_16847_,12.06µm
u_fft_core.u_fft8_mdc0.u_mdc8p_stage1.r_data_valid,12.06µm
u_fft_core.u_fft8_mdc1.u_mdc8p_stage1.ds_switch_stage1.r_idata_i\[0\]\[8\],12.06µm
u_fft_core.u_fft8_mdc3.u_mdc8p_stage2.ds_switch_stage1.i_data_1r\[1\],12.06µm
_11427_,12.055µm
_03341_,12.045µm
_07693_,12.045µm
_13694_,12.045µm
_11147_,12.035µm
_15817_,12.035µm
_03201_,12.03µm
_04371_,12.025µm
_07032_,12.025µm
_18173_,12.025µm
_03116_,12.02µm
_10596_,12.02µm
_10616_,12.02µm
u_fft_core.u_fft8_mdc1.u_mdc8p_stage1.xfft_cell_route1.r_pp2_mult_r\[0\]\[5\],12.02µm
_03229_,12.015µm
_00394_,12.01µm
_01437_,12.01µm
_03084_,12.01µm
_06319_,12.01µm
_08716_,12.01µm
_10170_,12.01µm
_11209_,12.01µm
_13749_,12.01µm
_14409_,12.01µm
u_fft_core.u_fft8_mdc0.u_mdc8p_stage1.ds_switch_stage1.i_data_0r\[1\],12.01µm
u_fft_core.u_fft8_mdc1.u_mdc8p_stage1.ds_switch_stage1.r_idata_r\[1\]\[4\],12.01µm
_04689_,12.005µm
_05364_,12µm
_05674_,12µm
_06186_,12µm
_06741_,12µm
_07858_,12µm
_08028_,12µm
_09004_,12µm
_10053_,12µm
_10432_,12µm
_11271_,12µm
_12524_,12µm
_13828_,12µm
_16618_,12µm
_16850_,12µm
u_fft_core.u_fft8_mdc0.u_mdc8p_stage1.ds_switch_stage1.o_data_0r\[9\],12µm
u_fft_core.u_fft8_mdc0.u_mdc8p_stage1.xfft_cell_route1.r_pp2_mult_i\[1\]\[4\],12µm
u_fft_core.u_fft8_mdc0.u_mdc8p_stage3.next_data0_i\[1\],12µm
_05836_,11.99µm
_04679_,11.985µm
_10924_,11.985µm
_15635_,11.985µm
_16565_,11.98µm
_07286_,11.97µm
_10661_,11.97µm
_01347_,11.95µm
_01889_,11.95µm
_02323_,11.95µm
_03452_,11.95µm
_03797_,11.95µm
_05087_,11.95µm
_05964_,11.95µm
_07377_,11.95µm
_07559_,11.95µm
_08007_,11.95µm
_08958_,11.95µm
_09327_,11.95µm
_09534_,11.95µm
_10424_,11.95µm
_10496_,11.95µm
_11174_,11.95µm
_11320_,11.95µm
_11864_,11.95µm
_11927_,11.95µm
_13785_,11.95µm
_14289_,11.95µm
_14776_,11.95µm
_15300_,11.95µm
_15767_,11.95µm
_16919_,11.95µm
_17970_,11.95µm
_18028_,11.95µm
u_fft_core.u_fft8_mdc1.u_mdc8p_stage1.ds_switch_stage1.r_idata_r\[0\]\[1\],11.95µm
u_fft_core.u_fft8_mdc1.u_mdc8p_stage1.u_btfly2.o_data1_i\[1\],11.95µm
u_fft_core.u_fft8_mdc2.u_mdc8p_stage2.ds_switch_stage1.i_data_1i\[8\],11.95µm
u_fft_core.u_fft8_mdc3.u_mdc8p_stage2.ds_switch_stage1.i_data_1i\[0\],11.95µm
_02297_,11.94µm
_02977_,11.94µm
_03179_,11.94µm
_03542_,11.94µm
_05275_,11.94µm
_05534_,11.94µm
_05935_,11.94µm
_08779_,11.94µm
_09648_,11.94µm
_10545_,11.94µm
_13180_,11.94µm
_13231_,11.94µm
_13521_,11.94µm
_13722_,11.94µm
_13854_,11.94µm
_13958_,11.94µm
_14949_,11.94µm
_15057_,11.94µm
_15318_,11.94µm
_15460_,11.94µm
_15730_,11.94µm
_16054_,11.94µm
_16089_,11.94µm
_16747_,11.94µm
_16995_,11.94µm
_17627_,11.94µm
u_fft_core.u_fft8_mdc3.u_mdc8p_stage2.ds_switch_stage1.i_data_1i\[6\],11.94µm
u_fft_core.u_fft8_mdc3.u_mdc8p_stage2.ds_switch_stage1.i_data_1r\[0\],11.94µm
clknet_leaf_90_i_clk,11.94µm
_03295_,11.935µm
_03581_,11.935µm
_05248_,11.935µm
u_fft_core.u_fft8_mdc3.u_mdc8p_stage2.ds_switch_stage1.r_idata_i\[0\]\[5\],11.935µm
_16003_,11.93µm
_02055_,11.925µm
_09394_,11.925µm
_08972_,11.915µm
_10646_,11.915µm
_15070_,11.915µm
_03289_,11.91µm
_02950_,11.905µm
_04109_,11.9µm
_04351_,11.9µm
_08762_,11.9µm
_12645_,11.9µm
_17244_,11.9µm
_02695_,11.89µm
_03639_,11.89µm
_04531_,11.89µm
_07206_,11.89µm
_08025_,11.89µm
_08808_,11.89µm
_09097_,11.89µm
_09162_,11.89µm
_10028_,11.89µm
_10087_,11.89µm
_10126_,11.89µm
_10722_,11.89µm
_12542_,11.89µm
_14491_,11.89µm
_15130_,11.89µm
_15355_,11.89µm
_16728_,11.89µm
_17066_,11.89µm
_17943_,11.89µm
net912,11.89µm
net2717,11.89µm
net4167,11.89µm
net4415,11.89µm
u_fft_core.u_fft8_mdc0.u_mdc8p_stage1.ds_switch_stage1.o_data_0i\[5\],11.89µm
u_fft_core.u_fft8_mdc1.u_mdc8p_stage2.r_data0_r\[0\],11.89µm
u_fft_core.u_shift_r2_fft3.data_re_q\[31\],11.89µm
u_fft_core.u_twiddle_interface.data0_im_2q\[4\],11.89µm
_17360_,11.885µm
_02132_,11.88µm
_02502_,11.88µm
_03910_,11.88µm
_04406_,11.88µm
_05149_,11.88µm
_05985_,11.88µm
_07605_,11.88µm
_09063_,11.88µm
_09539_,11.88µm
_09995_,11.88µm
_10816_,11.88µm
_13881_,11.88µm
_14686_,11.88µm
_16257_,11.88µm
_16269_,11.88µm
net1137,11.88µm
net1226,11.88µm
net2035,11.88µm
net2601,11.88µm
net4482,11.88µm
_05728_,11.875µm
_07779_,11.875µm
_11269_,11.875µm
_11876_,11.875µm
_12172_,11.875µm
_13691_,11.875µm
_16410_,11.875µm
_07732_,11.87µm
_09284_,11.87µm
u_fft_core.u_shift_r4.data_re_q\[60\],11.87µm
_02460_,11.865µm
_02816_,11.865µm
_08691_,11.865µm
_10689_,11.865µm
_12963_,11.865µm
_14133_,11.865µm
_02485_,11.86µm
_07024_,11.86µm
_08299_,11.86µm
_08627_,11.86µm
_08809_,11.86µm
_09060_,11.86µm
_03576_,11.85µm
_10716_,11.85µm
_15699_,11.85µm
_06248_,11.845µm
_07171_,11.845µm
_09542_,11.845µm
_11259_,11.845µm
_15900_,11.845µm
_17956_,11.845µm
_02319_,11.84µm
_03259_,11.84µm
_03621_,11.84µm
_04276_,11.84µm
_04771_,11.84µm
_05398_,11.84µm
_05481_,11.84µm
_05741_,11.84µm
_08189_,11.84µm
_08902_,11.84µm
_09131_,11.84µm
_13471_,11.84µm
_13825_,11.84µm
_17333_,11.84µm
u_fft_core.u_fft8_mdc3.u_mdc8p_stage1.r_data0_i\[4\],11.84µm
u_fft_core.u_fft8_mdc3.u_mdc8p_stage1.r_data0_i\[7\],11.84µm
u_fft_core.u_fft8_mdc3.u_mdc8p_stage1.xfft_cell_route1.r_pp2_mult_r\[0\]\[7\],11.84µm
u_fft_core.u_fft8_mdc1.u_mdc8p_stage1.xfft_cell_route1.r_pp2_mult_i\[1\]\[6\],11.835µm
_00405_,11.83µm
_00454_,11.83µm
_01116_,11.83µm
_01154_,11.83µm
_01568_,11.83µm
_01601_,11.83µm
_01697_,11.83µm
_01731_,11.83µm
_01805_,11.83µm
_02645_,11.83µm
_03837_,11.83µm
_04579_,11.83µm
_05173_,11.83µm
_05875_,11.83µm
_06306_,11.83µm
_07207_,11.83µm
_07276_,11.83µm
_08154_,11.83µm
_11242_,11.83µm
_11572_,11.83µm
_13995_,11.83µm
_14360_,11.83µm
_14454_,11.83µm
_16097_,11.83µm
_17847_,11.83µm
u_fft_core.u_fft8_mdc2.u_mdc8p_stage1.xfft_cell_route1.w_mult_i\[0\]\[3\],11.83µm
u_fft_core.u_fft8_mdc3.u_mdc8p_stage2.r_data0_i\[2\],11.83µm
u_fft_core.u_shift_r2_fft0.data_im_q\[13\],11.83µm
_13050_,11.825µm
u_fft_core.u_fft8_mdc0.u_mdc8p_stage1.xfft_cell_route1.r_pp2_mult_i\[1\]\[14\],11.825µm
_00055_,11.82µm
_05043_,11.82µm
_05298_,11.82µm
_05403_,11.82µm
_05669_,11.82µm
_05724_,11.82µm
_05799_,11.82µm
_08384_,11.82µm
_09243_,11.82µm
_10004_,11.82µm
_11309_,11.82µm
_11346_,11.82µm
_11686_,11.82µm
_12639_,11.82µm
_12836_,11.82µm
_16435_,11.82µm
_16686_,11.82µm
_17455_,11.82µm
u_fft_core.u_buffer_parallel2serial.mem_im\[28\]\[3\],11.82µm
u_fft_core.u_fft8_mdc2.u_mdc8p_stage1.ds_switch_stage1.w_data_1i\[0\],11.82µm
u_fft_core.u_shift_r4.data_im_q\[118\],11.82µm
_05937_,11.815µm
_10395_,11.815µm
_10789_,11.815µm
_09453_,11.805µm
_13967_,11.805µm
u_fft_core.u_fft8_mdc0.u_mdc8p_stage2.r_data0_i\[9\],11.8µm
_10544_,11.795µm
_05346_,11.79µm
_08262_,11.79µm
_14220_,11.79µm
u_fft_core.u_fft8_mdc3.u_mdc8p_stage2.ds_switch_stage1.o_data_0i\[7\],11.79µm
_03205_,11.785µm
_07769_,11.785µm
_13140_,11.785µm
_14749_,11.785µm
_03113_,11.78µm
_03709_,11.78µm
_04758_,11.78µm
_07073_,11.78µm
_08743_,11.78µm
_10868_,11.78µm
_12709_,11.78µm
_12717_,11.78µm
_12793_,11.78µm
_13235_,11.78µm
_14950_,11.78µm
_15898_,11.78µm
_16456_,11.78µm
_17389_,11.78µm
u_fft_core.u_fft8_mdc1.u_mdc8p_stage1.ds_switch_stage1.r_idata_r\[1\]\[9\],11.78µm
_00753_,11.77µm
_02002_,11.77µm
_03547_,11.77µm
_04251_,11.77µm
_04378_,11.77µm
_04824_,11.77µm
_04851_,11.77µm
_06500_,11.77µm
_08289_,11.77µm
_09463_,11.77µm
_09925_,11.77µm
_09953_,11.77µm
_11051_,11.77µm
_15367_,11.77µm
_15717_,11.77µm
_16458_,11.77µm
_17700_,11.77µm
net226,11.77µm
net1473,11.77µm
net4134,11.77µm
net4151,11.77µm
net4200,11.77µm
net4206,11.77µm
net4224,11.77µm
net4225,11.77µm
net4226,11.77µm
net4243,11.77µm
u_fft_core.u_fft8_mdc2.u_mdc8p_stage2.ds_switch_stage1.w_data_1i\[0\],11.77µm
u_fft_core.u_fft8_mdc3.u_mdc8p_stage1.ds_switch_stage1.o_data_1r\[6\],11.77µm
u_fft_core.u_shift_r2_fft1.data_im_q\[23\],11.77µm
u_fft_core.u_shift_r2_fft1.data_im_q\[25\],11.77µm
u_fft_core.u_shift_r4.data_im_q\[57\],11.77µm
_04777_,11.765µm
_05333_,11.765µm
_12881_,11.765µm
_00693_,11.76µm
_00895_,11.76µm
_04382_,11.76µm
_05577_,11.76µm
_05606_,11.76µm
_06594_,11.76µm
_07804_,11.76µm
_08420_,11.76µm
_08430_,11.76µm
_10026_,11.76µm
_10381_,11.76µm
_10978_,11.76µm
_12956_,11.76µm
_13298_,11.76µm
_13423_,11.76µm
_13561_,11.76µm
_13771_,11.76µm
_15689_,11.76µm
_17749_,11.76µm
net215,11.76µm
net1276,11.76µm
net1731,11.76µm
net2242,11.76µm
net2638,11.76µm
net4556,11.76µm
u_fft_core.u_fft8_mdc0.u_mdc8p_stage2.ds_switch_stage1.w_data_1i\[4\],11.76µm
u_fft_core.u_shift_r2_fft2.data_re_q\[23\],11.76µm
_04437_,11.755µm
_06702_,11.755µm
_08140_,11.755µm
u_fft_core.u_fft8_mdc1.u_mdc8p_stage1.r_data0_i\[3\],11.735µm
_03207_,11.73µm
_06232_,11.73µm
_07208_,11.73µm
u_fft_core.u_buffer_parallel2serial.mem_im\[29\]\[7\],11.73µm
u_fft_core.u_buffer_parallel2serial.mem_re\[22\]\[5\],11.73µm
_04086_,11.72µm
_09084_,11.72µm
_09839_,11.72µm
_10691_,11.72µm
_13481_,11.72µm
u_fft_core.u_fft8_mdc2.u_mdc8p_stage1.r_bt0_r\[0\]\[0\],11.72µm
_04975_,11.715µm
_08149_,11.715µm
_10893_,11.715µm
_15883_,11.715µm
_18160_,11.715µm
_05048_,11.71µm
_05402_,11.71µm
_09130_,11.71µm
_10486_,11.71µm
_11713_,11.71µm
_14506_,11.71µm
_16304_,11.71µm
_16369_,11.71µm
_17060_,11.71µm
_17393_,11.71µm
_17605_,11.71µm
u_fft_core.u_fft8_mdc3.u_mdc8p_stage1.r_data0_r\[5\],11.71µm
_05621_,11.705µm
_09356_,11.705µm
_14187_,11.705µm
_01835_,11.7µm
_04278_,11.7µm
_05758_,11.7µm
_06499_,11.7µm
_08357_,11.7µm
_09184_,11.7µm
_10017_,11.7µm
_10338_,11.7µm
_11424_,11.7µm
_11745_,11.7µm
u_fft_core.u_shift_r2_fft0.data_re_q\[9\],11.7µm
_08084_,11.695µm
_10088_,11.695µm
_17729_,11.695µm
_03777_,11.69µm
u_fft_core.u_fft8_mdc1.u_mdc8p_stage2.ds_switch_stage1.o_data_0r\[1\],11.675µm
_04068_,11.67µm
_04828_,11.67µm
_08377_,11.67µm
_09981_,11.67µm
_11085_,11.67µm
_14465_,11.67µm
_17400_,11.67µm
u_fft_core.u_fft8_mdc1.u_mdc8p_stage1.xfft_cell_route1.r_pp2_mult_r\[1\]\[13\],11.67µm
_04334_,11.665µm
_11677_,11.665µm
_17931_,11.665µm
u_fft_core.u_fft8_mdc0.u_mdc8p_stage1.xfft_cell_route1.r_pp2_mult_r\[0\]\[10\],11.665µm
u_fft_core.u_shift_r4.data_im_q\[59\],11.665µm
_03587_,11.66µm
_04794_,11.66µm
_05691_,11.66µm
_06331_,11.66µm
_09383_,11.66µm
_09889_,11.66µm
_11114_,11.66µm
_12110_,11.66µm
_15159_,11.66µm
_15562_,11.66µm
_15573_,11.66µm
_15946_,11.66µm
u_fft_core.u_fft8_mdc3.u_mdc8p_stage2.r_data0_i\[3\],11.66µm
_00198_,11.65µm
_00294_,11.65µm
_02442_,11.65µm
_04747_,11.65µm
_05081_,11.65µm
_05708_,11.65µm
_07886_,11.65µm
_08143_,11.65µm
_09512_,11.65µm
_10151_,11.65µm
_11288_,11.65µm
_12165_,11.65µm
_12563_,11.65µm
_12980_,11.65µm
_14020_,11.65µm
_16801_,11.65µm
_16933_,11.65µm
_17577_,11.65µm
net1333,11.65µm
net4645,11.65µm
u_fft_core.u_fft8_mdc3.u_mdc8p_stage1.ds_switch_stage1.next_state,11.65µm
u_fft_core.u_fft8_mdc3.u_mdc8p_stage3.next_data0_i\[1\],11.65µm
_11999_,11.645µm
u_fft_core.u_fft8_mdc2.u_mdc8p_stage2.r_data1_i\[9\],11.645µm
_00559_,11.64µm
_01040_,11.64µm
_03605_,11.64µm
_03982_,11.64µm
_04969_,11.64µm
_05922_,11.64µm
_08398_,11.64µm
_09831_,11.64µm
_11107_,11.64µm
_13020_,11.64µm
_13795_,11.64µm
_14204_,11.64µm
_14798_,11.64µm
_16794_,11.64µm
u_fft_core.u_fft8_mdc0.u_mdc8p_stage2.ds_switch_stage1.w_data_1i\[3\],11.64µm
u_fft_core.u_fft8_mdc2.u_mdc8p_stage1.xfft_cell_route1.r_pp2_mult_r\[0\]\[10\],11.64µm
u_fft_core.u_fft8_mdc2.u_mdc8p_stage2.ds_switch_stage1.i_data_1r\[8\],11.64µm
_11024_,11.63µm
_02378_,11.625µm
u_fft_core.u_fft4.valid_3q,11.625µm
_06530_,11.61µm
_08496_,11.61µm
_09657_,11.61µm
_10029_,11.61µm
_12133_,11.605µm
_04837_,11.6µm
_04885_,11.6µm
_08746_,11.6µm
_09514_,11.6µm
_11327_,11.6µm
_11935_,11.6µm
_08409_,11.595µm
_00659_,11.59µm
_01433_,11.59µm
_09920_,11.59µm
_12362_,11.59µm
_15554_,11.59µm
u_fft_core.u_shift_r4.data_im_q\[171\],11.59µm
_01717_,11.58µm
_02252_,11.58µm
_04618_,11.58µm
_04994_,11.58µm
_07995_,11.58µm
_10298_,11.58µm
_10542_,11.58µm
_10752_,11.58µm
_11438_,11.58µm
_12649_,11.58µm
_13324_,11.58µm
_14016_,11.58µm
_17430_,11.58µm
rx_data_re\[7\],11.58µm
u_fft_core.u_buffer_parallel2serial.mem_re\[26\]\[7\],11.58µm
u_fft_core.u_shift_r2_fft2.data_re_q\[19\],11.58µm
_12448_,11.57µm
_06218_,11.565µm
_15516_,11.565µm
_06475_,11.56µm
_09804_,11.56µm
u_tx.current_shift\[3\],11.56µm
_12209_,11.555µm
_12324_,11.555µm
_09444_,11.55µm
_10470_,11.55µm
_16247_,11.55µm
_04075_,11.545µm
u_fft_core.u_shift_r4.data_im_q\[180\],11.545µm
_02061_,11.54µm
_12300_,11.54µm
u_fft_core.u_fft8_mdc1.u_mdc8p_stage1.r_data0_r\[2\],11.54µm
_14058_,11.535µm
_00692_,11.53µm
_00799_,11.53µm
_02074_,11.53µm
_02824_,11.53µm
_03544_,11.53µm
_04129_,11.53µm
_05559_,11.53µm
_07766_,11.53µm
_08672_,11.53µm
_10052_,11.53µm
_10842_,11.53µm
_13537_,11.53µm
_13548_,11.53µm
_14401_,11.53µm
_15181_,11.53µm
_17928_,11.53µm
u_fft_core.u_fft8_mdc2.u_mdc8p_stage1.ds_switch_stage1.r_idata_i\[0\]\[6\],11.53µm
_02756_,11.52µm
_06459_,11.52µm
_06531_,11.52µm
_07192_,11.52µm
_07783_,11.52µm
_08634_,11.52µm
_08810_,11.52µm
_09814_,11.52µm
_10037_,11.52µm
_11462_,11.52µm
_12605_,11.52µm
_13066_,11.52µm
_14616_,11.52µm
_15109_,11.52µm
_15936_,11.52µm
_16007_,11.52µm
_16777_,11.52µm
net1821,11.52µm
u_fft_core.u_fft8_mdc1.u_mdc8p_stage2.ds_switch_stage1.o_data_0i\[2\],11.52µm
u_fft_core.u_fft8_mdc1.u_mdc8p_stage2.ds_switch_stage1.r_idata_i\[0\]\[8\],11.52µm
u_fft_core.u_fft8_mdc2.u_mdc8p_stage1.xfft_cell_route1.r_pp2_mult_r\[1\]\[16\],11.52µm
u_fft_core.u_fft8_mdc2.u_mdc8p_stage1.xfft_cell_route1.w_mult_r\[1\]\[12\],11.52µm
u_fft_core.u_fft8_mdc2.u_mdc8p_stage2.ds_switch_stage1.o_data_0r\[2\],11.52µm
u_fft_core.u_shift_r2_fft0.data_re_q\[15\],11.52µm
u_fft_core.u_shift_r4.data_im_q\[93\],11.52µm
_16151_,11.515µm
_12279_,11.51µm
_03011_,11.505µm
_03632_,11.505µm
_05229_,11.505µm
_14554_,11.505µm
_15380_,11.505µm
_17250_,11.505µm
_08195_,11.5µm
_10808_,11.49µm
_09369_,11.485µm
_08180_,11.48µm
_10220_,11.48µm
_10386_,11.48µm
_00138_,11.47µm
_01112_,11.47µm
_01425_,11.47µm
_01728_,11.47µm
_01977_,11.47µm
_06199_,11.47µm
_06599_,11.47µm
_06971_,11.47µm
_07052_,11.47µm
_07076_,11.47µm
_07843_,11.47µm
_08874_,11.47µm
_09102_,11.47µm
_09273_,11.47µm
_12341_,11.47µm
_12581_,11.47µm
_13820_,11.47µm
_14000_,11.47µm
_15559_,11.47µm
_17688_,11.47µm
u_fft_core.u_fft8_mdc0.u_mdc8p_stage1.ds_switch_stage1.w_data_1r\[2\],11.47µm
u_fft_core.u_fft8_mdc3.u_mdc8p_stage1.ds_switch_stage1.o_data_1i\[4\],11.47µm
u_fft_core.u_fft8_mdc3.u_mdc8p_stage1.ds_switch_stage1.valid_nstate,11.47µm
_00901_,11.46µm
_02375_,11.46µm
_03764_,11.46µm
_05713_,11.46µm
_07043_,11.46µm
_08270_,11.46µm
_08483_,11.46µm
_09311_,11.46µm
_10109_,11.46µm
_11034_,11.46µm
_12031_,11.46µm
_12482_,11.46µm
_13021_,11.46µm
_14172_,11.46µm
_14644_,11.46µm
_14711_,11.46µm
_15624_,11.46µm
_15757_,11.46µm
_15978_,11.46µm
_16283_,11.46µm
_16938_,11.46µm
_17234_,11.46µm
_17282_,11.46µm
u_fft_core.fft4_valid,11.46µm
u_fft_core.shift_r4_valid,11.46µm
u_fft_core.u_fft8_mdc0.u_mdc8p_stage1.u_btfly2.o_data1_i\[5\],11.46µm
u_fft_core.u_fft8_mdc1.u_mdc8p_stage1.ds_switch_stage1.w_data_1i\[2\],11.46µm
u_fft_core.u_fft8_mdc2.u_mdc8p_stage1.xfft_cell_route1.r_pp2_mult_r\[0\]\[8\],11.46µm
u_fft_core.u_fft8_mdc3.u_mdc8p_stage1.ds_switch_stage1.w_data_1i\[8\],11.46µm
u_fft_core.u_fft8_mdc3.u_mdc8p_stage1.ds_switch_stage1.w_data_1i\[9\],11.46µm
u_fft_core.u_fft8_mdc3.u_mdc8p_stage2.ds_switch_stage1.w_data_1i\[9\],11.46µm
_02390_,11.455µm
_09647_,11.455µm
_11139_,11.455µm
_12080_,11.455µm
_13331_,11.455µm
_09346_,11.445µm
_17628_,11.445µm
_16875_,11.44µm
_17670_,11.425µm
_02560_,11.42µm
_03456_,11.42µm
_04293_,11.42µm
_05525_,11.42µm
_07665_,11.42µm
_13212_,11.42µm
_13281_,11.42µm
_17547_,11.42µm
_05801_,11.415µm
_01292_,11.41µm
_02287_,11.41µm
_03457_,11.41µm
_03886_,11.41µm
_05258_,11.41µm
_08172_,11.41µm
_08404_,11.41µm
_08737_,11.41µm
_10190_,11.41µm
_12467_,11.41µm
_13155_,11.41µm
_13162_,11.41µm
_16049_,11.41µm
_17043_,11.41µm
_17203_,11.41µm
net422,11.41µm
net525,11.41µm
net1412,11.41µm
net1425,11.41µm
net1574,11.41µm
net1608,11.41µm
net1923,11.41µm
net2360,11.41µm
net4231,11.41µm
net4247,11.41µm
net4418,11.41µm
u_fft_core.u_buffer_parallel2serial.mem_re\[2\]\[7\],11.41µm
u_fft_core.u_fft8_mdc0.u_mdc8p_stage1.ds_switch_stage1.r_odata_r\[0\]\[9\],11.41µm
u_fft_core.u_fft8_mdc0.u_mdc8p_stage2.ds_switch_stage1.w_data_1i\[7\],11.41µm
u_fft_core.u_fft8_mdc3.u_mdc8p_stage2.ds_switch_stage1.r_idata_i\[0\]\[4\],11.41µm
u_fft_core.u_shift_r2_fft0.data_im_q\[11\],11.41µm
u_fft_core.u_shift_r4.data_im_q\[161\],11.41µm
_03627_,11.405µm
_02094_,11.4µm
_03967_,11.4µm
_05105_,11.4µm
_05123_,11.4µm
_05685_,11.4µm
_05860_,11.4µm
_05928_,11.4µm
_06567_,11.4µm
_06975_,11.4µm
_12093_,11.4µm
_12393_,11.4µm
_14324_,11.4µm
_15622_,11.4µm
_15923_,11.4µm
_17474_,11.4µm
_18175_,11.4µm
net280,11.4µm
net469,11.4µm
net537,11.4µm
net592,11.4µm
net835,11.4µm
net1663,11.4µm
net1851,11.4µm
net2243,11.4µm
u_fft_core.u_fft8_mdc0.u_mdc8p_stage1.r_bt0_r\[0\]\[2\],11.4µm
u_fft_core.u_fft8_mdc1.u_mdc8p_stage2.ds_switch_stage1.w_data_1r\[5\],11.4µm
u_fft_core.u_fft8_mdc2.u_mdc8p_stage2.ds_switch_stage1.w_data_1i\[7\],11.4µm
_02552_,11.395µm
_02721_,11.395µm
_02884_,11.395µm
_04685_,11.395µm
_05579_,11.395µm
_09967_,11.395µm
_14528_,11.395µm
_15686_,11.395µm
_17245_,11.395µm
u_fft_core.u_fft8_mdc0.u_mdc8p_stage2.ds_switch_stage1.r_idata_r\[0\]\[1\],11.395µm
_10943_,11.39µm
_17469_,11.39µm
net2553,11.39µm
_11636_,11.385µm
_02203_,11.38µm
_05345_,11.38µm
_06540_,11.38µm
_12407_,11.38µm
_16024_,11.38µm
_17558_,11.38µm
_17629_,11.38µm
u_fft_core.u_fft8_mdc1.u_mdc8p_stage1.ds_switch_stage1.i_data_0i\[2\],11.38µm
_10297_,11.37µm
_15474_,11.365µm
_04864_,11.36µm
_05186_,11.36µm
_08509_,11.36µm
_08550_,11.36µm
_11880_,11.36µm
_13197_,11.36µm
_13442_,11.36µm
u_fft_core.u_shift_r4.data_im_q\[157\],11.36µm
_00116_,11.35µm
_00156_,11.35µm
_00208_,11.35µm
_00649_,11.35µm
_01041_,11.35µm
_01228_,11.35µm
_01476_,11.35µm
_01671_,11.35µm
_01952_,11.35µm
_02204_,11.35µm
_03561_,11.35µm
_05592_,11.35µm
_06259_,11.35µm
_10682_,11.35µm
_13094_,11.35µm
_17225_,11.35µm
u_fft_core.u_fft8_mdc0.u_mdc8p_stage2.ds_switch_stage1.w_data_1i\[2\],11.35µm
u_fft_core.u_fft8_mdc2.u_mdc8p_stage2.ds_switch_stage1.i_data_1i\[5\],11.35µm
u_fft_core.u_fft8_mdc3.u_mdc8p_stage1.ds_switch_stage1.r_idata_i\[1\]\[4\],11.35µm
_07138_,11.345µm
_10933_,11.345µm
_03750_,11.34µm
_05954_,11.34µm
_07130_,11.34µm
_09561_,11.34µm
_09640_,11.34µm
_09671_,11.34µm
_12028_,11.34µm
_13993_,11.34µm
_17918_,11.34µm
_18005_,11.34µm
u_fft_core.u_fft8_mdc0.u_mdc8p_stage1.ds_switch_stage1.r_odata_i\[0\]\[0\],11.34µm
u_fft_core.u_fft8_mdc0.u_mdc8p_stage1.r_data1_i\[6\],11.34µm
u_fft_core.u_fft8_mdc0.u_mdc8p_stage1.xfft_cell_route1.w_mult_r\[1\]\[6\],11.34µm
u_fft_core.u_fft8_mdc2.u_mdc8p_stage1.u_btfly2.o_data1_r\[5\],11.34µm
u_fft_core.u_fft8_mdc2.u_mdc8p_stage2.ds_switch_stage1.valid_nstate,11.34µm
_13193_,11.335µm
_02259_,11.325µm
_06686_,11.325µm
_07392_,11.325µm
_11633_,11.325µm
net2159,11.325µm
net2595,11.325µm
u_fft_core.u_fft8_mdc3.u_mdc8p_stage1.r_data1_r\[3\],11.32µm
_06168_,11.315µm
_06733_,11.315µm
u_fft_core.u_shift_r4.data_im_q\[98\],11.315µm
_16215_,11.31µm
u_fft_core.u_fft8_mdc2.u_mdc8p_stage2.r_data1_r\[7\],11.31µm
u_fft_core.u_fft8_mdc3.u_mdc8p_stage1.ds_switch_stage1.r_idata_r\[1\]\[9\],11.31µm
_05699_,11.305µm
_10003_,11.305µm
_01998_,11.3µm
_04567_,11.3µm
_05882_,11.3µm
_07282_,11.3µm
_08594_,11.3µm
_09179_,11.3µm
_10064_,11.3µm
_13378_,11.3µm
_15641_,11.3µm
_17129_,11.3µm
u_debug_sys.u_debug_unit.spi_wr_en,11.3µm
u_fft_core.u_buffer_parallel2serial.mem_im\[18\]\[6\],11.3µm
u_fft_core.u_fft8_mdc0.u_mdc8p_stage2.ds_switch_stage1.o_data_0r\[4\],11.3µm
u_fft_core.u_fft8_mdc1.u_mdc8p_stage2.r_data0_r\[1\],11.3µm
_05717_,11.295µm
_00570_,11.29µm
_00836_,11.29µm
_03463_,11.29µm
_04645_,11.29µm
_04806_,11.29µm
_05181_,11.29µm
_05392_,11.29µm
_05458_,11.29µm
_05921_,11.29µm
_08058_,11.29µm
_09938_,11.29µm
_10727_,11.29µm
_11961_,11.29µm
_12204_,11.29µm
_13555_,11.29µm
_14886_,11.29µm
_15590_,11.29µm
_15630_,11.29µm
_17487_,11.29µm
_17917_,11.29µm
net173,11.29µm
net200,11.29µm
net203,11.29µm
net207,11.29µm
net528,11.29µm
net916,11.29µm
net1110,11.29µm
net2098,11.29µm
net2189,11.29µm
net2274,11.29µm
net2303,11.29µm
net2401,11.29µm
net2484,11.29µm
net2527,11.29µm
net2637,11.29µm
net4283,11.29µm
net4416,11.29µm
net4458,11.29µm
u_fft_core.fft4_data3_im\[0\],11.29µm
u_fft_core.shift_r4_data0_re\[4\],11.29µm
u_fft_core.twiddle_data1_im\[3\],11.29µm
u_fft_core.u_fft8_mdc2.u_mdc8p_stage2.ds_switch_stage1.i_data_1r\[6\],11.29µm
u_fft_core.u_fft8_mdc2.u_mdc8p_stage2.ds_switch_stage1.r_idata_r\[0\]\[2\],11.29µm
u_fft_core.u_fft8_mdc3.u_mdc8p_stage1.r_data0_r\[2\],11.29µm
u_fft_core.u_shift_r4.data_im_q\[165\],11.29µm
_12372_,11.285µm
_17102_,11.285µm
u_fft_core.u_fft8_mdc0.u_mdc8p_stage1.xfft_cell_route1.r_pp2_mult_r\[0\]\[18\],11.285µm
_00185_,11.28µm
_02436_,11.28µm
_04966_,11.28µm
_05164_,11.28µm
_05201_,11.28µm
_06333_,11.28µm
_06603_,11.28µm
_06698_,11.28µm
_07950_,11.28µm
_07977_,11.28µm
_09082_,11.28µm
_10308_,11.28µm
_10319_,11.28µm
_10741_,11.28µm
_11862_,11.28µm
_12005_,11.28µm
_12401_,11.28µm
_16313_,11.28µm
net649,11.28µm
net1031,11.28µm
net1575,11.28µm
net1951,11.28µm
net2481,11.28µm
net4383,11.28µm
net4584,11.28µm
u_fft_core.u_fft8_mdc1.u_mdc8p_stage3.next_data1_i\[7\],11.28µm
_04104_,11.275µm
_12515_,11.275µm
_17528_,11.275µm
_18174_,11.275µm
net4359,11.27µm
_02688_,11.255µm
_14530_,11.25µm
u_fft_core.u_buffer_parallel2serial.mem_im\[24\]\[5\],11.25µm
u_fft_core.u_fft8_mdc2.u_mdc8p_stage2.ds_switch_stage1.o_data_0i\[1\],11.25µm
u_fft_core.u_shift_r4.data_im_q\[125\],11.25µm
u_fft_core.u_buffer_parallel2serial.mem_im\[1\]\[1\],11.245µm
_06742_,11.24µm
_08894_,11.24µm
_11917_,11.24µm
_07558_,11.235µm
_12733_,11.235µm
u_fft_core.u_buffer_parallel2serial.mem_re\[17\]\[7\],11.235µm
_02299_,11.23µm
_07183_,11.23µm
_08724_,11.23µm
_10039_,11.23µm
_10306_,11.23µm
_11312_,11.23µm
_11902_,11.23µm
_12099_,11.23µm
_12327_,11.23µm
_13182_,11.23µm
u_fft_core.u_fft8_mdc1.u_mdc8p_stage1.ds_switch_stage1.i_data_0i\[1\],11.23µm
u_fft_core.u_shift_r2_fft0.data_im_q\[15\],11.23µm
_04179_,11.22µm
_05488_,11.22µm
_09706_,11.22µm
_10515_,11.22µm
_12517_,11.22µm
_12997_,11.22µm
_13025_,11.22µm
_13327_,11.22µm
_14346_,11.22µm
u_fft_core.fft4_data2_re\[6\],11.22µm
u_fft_core.u_fft8_mdc3.u_mdc8p_stage2.ds_switch_stage1.r_idata_r\[0\]\[7\],11.22µm
_06684_,11.215µm
_12454_,11.215µm
_12474_,11.215µm
_18036_,11.205µm
_03713_,11.2µm
u_fft_core.u_fft8_mdc3.u_mdc8p_stage1.xfft_cell_route1.r_pp2_mult_i\[1\]\[6\],11.2µm
_09835_,11.195µm
_14053_,11.19µm
_17879_,11.19µm
_02911_,11.185µm
_09844_,11.185µm
fft_out_re\[2\],11.185µm
_02694_,11.18µm
_02706_,11.18µm
_04120_,11.18µm
_05205_,11.18µm
_05807_,11.18µm
_07149_,11.18µm
_07394_,11.18µm
_10334_,11.18µm
_12192_,11.18µm
_15155_,11.18µm
_17817_,11.18µm
_18181_,11.18µm
u_fft_core.u_buffer_parallel2serial.mem_re\[17\]\[1\],11.18µm
u_fft_core.u_shift_r2_fft0.data_im_q\[14\],11.18µm
u_fft_core.u_shift_r4.data_re_q\[142\],11.18µm
_01153_,11.17µm
_01564_,11.17µm
_02524_,11.17µm
_04001_,11.17µm
_04558_,11.17µm
_05237_,11.17µm
_08738_,11.17µm
_10588_,11.17µm
_11395_,11.17µm
_12480_,11.17µm
_12484_,11.17µm
_12507_,11.17µm
_12854_,11.17µm
_12900_,11.17µm
_13015_,11.17µm
_14445_,11.17µm
_15426_,11.17µm
_17074_,11.17µm
_18189_,11.17µm
net786,11.17µm
net1283,11.17µm
u_fft_core.u_fft8_mdc3.u_mdc8p_stage1.ds_switch_stage1.i_data_0r\[1\],11.17µm
u_fft_core.u_shift_r4.data_re_q\[62\],11.17µm
_08412_,11.165µm
_01784_,11.16µm
_02228_,11.16µm
_03190_,11.16µm
_03356_,11.16µm
_05090_,11.16µm
_07515_,11.16µm
_15473_,11.16µm
_16556_,11.16µm
net430,11.16µm
net1044,11.16µm
_16367_,11.155µm
u_fft_core.u_shift_r4.data_im_q\[23\],11.15µm
_07778_,11.145µm
_09350_,11.145µm
_14521_,11.145µm
_17802_,11.145µm
_17604_,11.14µm
u_fft_core.u_fft8_mdc1.u_mdc8p_stage1.xfft_cell_route1.r_pp2_mult_i\[1\]\[9\],11.14µm
_04816_,11.13µm
_05404_,11.13µm
_03724_,11.12µm
_03924_,11.12µm
_05366_,11.12µm
_07095_,11.12µm
_12127_,11.12µm
_12537_,11.12µm
_16588_,11.12µm
_02337_,11.11µm
_04833_,11.11µm
_07039_,11.11µm
_08827_,11.11µm
_11244_,11.11µm
_13024_,11.11µm
_16045_,11.11µm
u_fft_core.fft4_data1_re\[1\],11.11µm
_04452_,11.1µm
_04523_,11.1µm
_10649_,11.1µm
_12609_,11.1µm
_12758_,11.1µm
_13123_,11.1µm
_16750_,11.1µm
u_fft_core.u_fft8_mdc2.u_mdc8p_stage1.r_data0_i\[3\],11.1µm
u_fft_core.u_shift_r2_fft2.data_im_q\[17\],11.1µm
u_fft_core.u_shift_r4.data_im_q\[76\],11.1µm
_12792_,11.085µm
_17380_,11.085µm
_17382_,11.085µm
net842,11.085µm
net1115,11.085µm
_04478_,11.08µm
_08122_,11.08µm
_04586_,11.075µm
_15490_,11.075µm
_05083_,11.07µm
_09445_,11.07µm
fft_out_im\[3\],11.07µm
_03286_,11.065µm
_02623_,11.06µm
_05155_,11.06µm
_06681_,11.06µm
_07572_,11.06µm
_07744_,11.06µm
_13393_,11.06µm
_15727_,11.06µm
_17419_,11.06µm
_08936_,11.055µm
_16718_,11.055µm
_01657_,11.05µm
_01841_,11.05µm
_01988_,11.05µm
_02063_,11.05µm
_02778_,11.05µm
_03048_,11.05µm
_05960_,11.05µm
_06539_,11.05µm
_07072_,11.05µm
_08105_,11.05µm
_09663_,11.05µm
_09923_,11.05µm
_10812_,11.05µm
_12591_,11.05µm
_16091_,11.05µm
u_fft_core.u_shift_r4.data_re_q\[118\],11.05µm
_00581_,11.04µm
_01594_,11.04µm
_03050_,11.04µm
_03398_,11.04µm
_04195_,11.04µm
_04301_,11.04µm
_04980_,11.04µm
_05438_,11.04µm
_05651_,11.04µm
_06013_,11.04µm
_06210_,11.04µm
_06310_,11.04µm
_07351_,11.04µm
_08201_,11.04µm
_08231_,11.04µm
_09460_,11.04µm
_09801_,11.04µm
_09983_,11.04µm
_10359_,11.04µm
_10704_,11.04µm
_12953_,11.04µm
_13087_,11.04µm
_13257_,11.04µm
_14455_,11.04µm
_15356_,11.04µm
_16981_,11.04µm
_17067_,11.04µm
_17495_,11.04µm
net721,11.04µm
net1315,11.04µm
u_fft_core.mdc_ff3_valid,11.04µm
u_fft_core.u_fft8_mdc0.u_mdc8p_stage2.ds_switch_stage1.w_data_1i\[10\],11.04µm
_09056_,11.035µm
_14343_,11.03µm
_03096_,11.025µm
_16449_,11.025µm
_03024_,11.02µm
_04553_,11.02µm
_08258_,11.015µm
_09778_,11.015µm
_13444_,11.01µm
_07340_,11.005µm
_14164_,11.005µm
_02210_,11µm
_09806_,11µm
_00658_,10.99µm
_00936_,10.99µm
_01450_,10.99µm
_01798_,10.99µm
_01990_,10.99µm
_03481_,10.99µm
_05454_,10.99µm
_05609_,10.99µm
_06498_,10.99µm
_06834_,10.99µm
_07219_,10.99µm
_07785_,10.99µm
_07925_,10.99µm
_08789_,10.99µm
_08997_,10.99µm
_13429_,10.99µm
_13498_,10.99µm
_14251_,10.99µm
_14461_,10.99µm
_14948_,10.99µm
_15189_,10.99µm
_15593_,10.99µm
_15763_,10.99µm
_16152_,10.99µm
_16973_,10.99µm
_17391_,10.99µm
_17488_,10.99µm
u_fft_core.u_fft8_mdc1.u_mdc8p_stage1.ds_switch_stage1.w_data_1r\[8\],10.99µm
u_fft_core.u_fft8_mdc1.u_mdc8p_stage1.xfft_cell_route1.r_pp2_mult_r\[1\]\[2\],10.99µm
u_fft_core.u_fft8_mdc1.u_mdc8p_stage2.ds_switch_stage1.r_idata_i\[0\]\[2\],10.99µm
_10867_,10.985µm
_00923_,10.98µm
_01301_,10.98µm
_02693_,10.98µm
_03155_,10.98µm
_03794_,10.98µm
_05385_,10.98µm
_05787_,10.98µm
_05972_,10.98µm
_06172_,10.98µm
_06386_,10.98µm
_06496_,10.98µm
_06508_,10.98µm
_07894_,10.98µm
_10653_,10.98µm
_10723_,10.98µm
_11769_,10.98µm
_11846_,10.98µm
_12616_,10.98µm
_14835_,10.98µm
_15537_,10.98µm
_15941_,10.98µm
_15971_,10.98µm
_16493_,10.98µm
_16567_,10.98µm
_16700_,10.98µm
_17698_,10.98µm
_17951_,10.98µm
u_fft_core.u_fft8_mdc0.u_mdc8p_stage1.xfft_cell_route1.w_mult_r\[0\]\[9\],10.98µm
u_fft_core.u_fft8_mdc3.u_mdc8p_stage2.r_data0_r\[8\],10.98µm
_04519_,10.975µm
_04802_,10.975µm
_07571_,10.975µm
_15553_,10.975µm
_18184_,10.975µm
u_fft_core.u_fft8_mdc0.u_mdc8p_stage2.r_data0_i\[6\],10.975µm
u_fft_core.u_fft8_mdc2.u_mdc8p_stage1.xfft_cell_route1.r_pp2_mult_r\[0\]\[15\],10.975µm
_03232_,10.97µm
u_fft_core.u_shift_r4.data_re_q\[190\],10.965µm
_00512_,10.96µm
_07810_,10.96µm
_08506_,10.96µm
_05470_,10.955µm
_16681_,10.95µm
u_fft_core.u_fft8_mdc3.u_mdc8p_stage1.ds_switch_stage1.r_idata_i\[1\]\[9\],10.945µm
_05113_,10.94µm
_10414_,10.94µm
_11418_,10.94µm
_15568_,10.94µm
_18130_,10.94µm
_00748_,10.93µm
_00975_,10.93µm
_03123_,10.93µm
_04141_,10.93µm
_04923_,10.93µm
_05041_,10.93µm
_05690_,10.93µm
_05716_,10.93µm
_06121_,10.93µm
_07358_,10.93µm
_07839_,10.93µm
_09511_,10.93µm
_09575_,10.93µm
_09878_,10.93µm
_10746_,10.93µm
_11660_,10.93µm
_13097_,10.93µm
_15014_,10.93µm
_15365_,10.93µm
_15511_,10.93µm
_16634_,10.93µm
_17200_,10.93µm
_17265_,10.93µm
_18123_,10.93µm
net165,10.93µm
net604,10.93µm
net791,10.93µm
net915,10.93µm
net970,10.93µm
net1185,10.93µm
net2137,10.93µm
net4149,10.93µm
net4154,10.93µm
net4171,10.93µm
net4173,10.93µm
net4333,10.93µm
net4478,10.93µm
u_fft_core.u_fft8_mdc2.u_mdc8p_stage2.ds_switch_stage1.o_data_0i\[2\],10.93µm
u_fft_core.u_shift_r4.data_re_q\[50\],10.93µm
u_fft_core.u_twiddle_interface.mult3_im\[1\],10.93µm
_07416_,10.925µm
_00707_,10.92µm
_04548_,10.92µm
_04809_,10.92µm
_04890_,10.92µm
_04960_,10.92µm
_05251_,10.92µm
_05452_,10.92µm
_06886_,10.92µm
_07293_,10.92µm
_07540_,10.92µm
_08768_,10.92µm
_08792_,10.92µm
_10335_,10.92µm
_10389_,10.92µm
_10827_,10.92µm
_12413_,10.92µm
_12506_,10.92µm
_12898_,10.92µm
_14413_,10.92µm
_15605_,10.92µm
_16856_,10.92µm
_17457_,10.92µm
_17706_,10.92µm
net900,10.92µm
net1857,10.92µm
net4273,10.92µm
net4453,10.92µm
u_fft_core.u_fft8_mdc1.u_mdc8p_stage1.xfft_cell_route1.w_mult_r\[0\]\[5\],10.92µm
u_fft_core.u_shift_r4.data_re_q\[86\],10.92µm
_02021_,10.915µm
_02279_,10.915µm
_05347_,10.915µm
_05887_,10.915µm
_07178_,10.915µm
_08043_,10.915µm
_10469_,10.915µm
_11165_,10.915µm
_14510_,10.915µm
u_fft_core.u_fft8_mdc1.u_mdc8p_stage1.xfft_cell_route1.r_pp2_mult_r\[0\]\[16\],10.915µm
_07599_,10.91µm
_17755_,10.91µm
net1386,10.91µm
_07828_,10.9µm
_08222_,10.9µm
_10799_,10.9µm
u_fft_core.u_fft8_mdc1.u_mdc8p_stage2.ds_switch_stage1.r_idata_i\[0\]\[1\],10.9µm
_07675_,10.895µm
_04636_,10.89µm
_09782_,10.89µm
_17530_,10.89µm
u_fft_core.u_fft8_mdc2.u_mdc8p_stage2.ds_switch_stage1.o_data_0r\[6\],10.885µm
_03666_,10.88µm
_04044_,10.88µm
_07040_,10.88µm
_08926_,10.88µm
_11698_,10.88µm
_14483_,10.88µm
_16841_,10.88µm
u_fft_core.u_buffer_parallel2serial.mem_im\[9\]\[0\],10.88µm
u_fft_core.u_fft8_mdc1.u_mdc8p_stage1.xfft_cell_route1.r_pp2_mult_r\[1\]\[18\],10.88µm
u_fft_core.u_fft8_mdc1.u_mdc8p_stage2.r_data0_r\[5\],10.88µm
u_fft_core.u_fft8_mdc2.u_mdc8p_stage1.xfft_cell_route1.r_pp2_mult_r\[1\]\[5\],10.88µm
u_fft_core.u_fft8_mdc3.u_mdc8p_stage1.ds_switch_stage1.r_idata_i\[1\]\[8\],10.88µm
_06697_,10.875µm
_10584_,10.875µm
_00452_,10.87µm
_01132_,10.87µm
_01234_,10.87µm
_01637_,10.87µm
_01859_,10.87µm
_01989_,10.87µm
_02886_,10.87µm
_03204_,10.87µm
_03683_,10.87µm
_05491_,10.87µm
_06109_,10.87µm
_07333_,10.87µm
_07528_,10.87µm
_08221_,10.87µm
_09413_,10.87µm
_10451_,10.87µm
_14494_,10.87µm
u_fft_core.u_fft8_mdc0.u_mdc8p_stage2.ds_switch_stage1.w_data_1i\[0\],10.87µm
u_fft_core.u_shift_r4.data_re_q\[44\],10.87µm
_03959_,10.865µm
_02997_,10.86µm
_03974_,10.86µm
_09114_,10.86µm
_09617_,10.86µm
_12534_,10.86µm
_12650_,10.86µm
_13224_,10.86µm
_14703_,10.86µm
_17376_,10.86µm
_17436_,10.86µm
u_fft_core.u_fft8_mdc3.u_mdc8p_stage1.r_bt0_r\[0\]\[7\],10.86µm
u_fft_core.u_fft8_mdc3.u_mdc8p_stage2.r_data0_i\[5\],10.86µm
_04246_,10.855µm
_04511_,10.855µm
_04974_,10.855µm
_06876_,10.855µm
_07215_,10.855µm
_08435_,10.855µm
_09167_,10.855µm
_12720_,10.855µm
_15186_,10.855µm
u_fft_core.u_fft4.s2_x3_re\[8\],10.855µm
_17957_,10.845µm
net79,10.845µm
_02926_,10.84µm
u_fft_core.u_fft8_mdc0.u_mdc8p_stage1.xfft_cell_route1.r_pp2_mult_r\[0\]\[11\],10.84µm
_11901_,10.835µm
u_fft_core.u_fft8_mdc3.u_mdc8p_stage2.r_data0_r\[1\],10.835µm
_02278_,10.83µm
_03911_,10.83µm
_04526_,10.83µm
_04823_,10.83µm
_16496_,10.83µm
_16613_,10.83µm
_18111_,10.83µm
u_fft_core.u_fft8_mdc3.u_mdc8p_stage1.xfft_cell_route1.r_pp2_mult_i\[1\]\[11\],10.83µm
_13054_,10.825µm
_03246_,10.82µm
_03471_,10.82µm
_03981_,10.82µm
_03996_,10.82µm
_04925_,10.82µm
_05234_,10.82µm
_05929_,10.82µm
_08901_,10.82µm
_10560_,10.82µm
_10913_,10.82µm
_12381_,10.82µm
_12489_,10.82µm
_13209_,10.82µm
_14546_,10.82µm
_15489_,10.82µm
_17785_,10.82µm
_17835_,10.82µm
u_fft_core.u_fft8_mdc2.u_mdc8p_stage2.ds_switch_stage1.r_idata_r\[0\]\[7\],10.82µm
u_fft_core.u_fft8_mdc3.u_mdc8p_stage1.r_data0_r\[3\],10.82µm
u_fft_core.u_fft8_mdc3.u_mdc8p_stage2.ds_switch_stage1.r_idata_r\[0\]\[5\],10.82µm
_04131_,10.815µm
_00789_,10.81µm
_01278_,10.81µm
_02046_,10.81µm
_02124_,10.81µm
_02135_,10.81µm
_02815_,10.81µm
_03209_,10.81µm
_03476_,10.81µm
_03838_,10.81µm
_07491_,10.81µm
_07549_,10.81µm
_07712_,10.81µm
_08899_,10.81µm
_09282_,10.81µm
_09607_,10.81µm
_10388_,10.81µm
_10459_,10.81µm
_11120_,10.81µm
_11131_,10.81µm
_11933_,10.81µm
_11996_,10.81µm
_12084_,10.81µm
_12195_,10.81µm
_14714_,10.81µm
_15471_,10.81µm
_15550_,10.81µm
_16831_,10.81µm
net1365,10.81µm
net2112,10.81µm
net2542,10.81µm
net4399,10.81µm
net4451,10.81µm
net4594,10.81µm
u_fft_core.u_fft8_mdc1.u_mdc8p_stage3.next_data1_r\[5\],10.81µm
u_fft_core.u_fft8_mdc2.u_mdc8p_stage1.xfft_cell_route1.w_mult_r\[1\]\[18\],10.81µm
u_fft_core.u_fft8_mdc3.u_mdc8p_stage1.ds_switch_stage1.flag\[0\],10.81µm
u_fft_core.u_shift_r4.data_im_q\[18\],10.81µm
u_fft_core.u_shift_r4.data_re_q\[183\],10.81µm
_04399_,10.805µm
_05134_,10.805µm
_14079_,10.805µm
u_fft_core.u_fft8_mdc1.u_mdc8p_stage2.ds_switch_stage1.r_idata_r\[0\]\[5\],10.805µm
_00567_,10.8µm
_00869_,10.8µm
_01436_,10.8µm
_01653_,10.8µm
_01944_,10.8µm
_02400_,10.8µm
_02508_,10.8µm
_02692_,10.8µm
_03743_,10.8µm
_05612_,10.8µm
_05834_,10.8µm
_06940_,10.8µm
_08532_,10.8µm
_08694_,10.8µm
_09047_,10.8µm
_09893_,10.8µm
_10179_,10.8µm
_10443_,10.8µm
_11182_,10.8µm
_11313_,10.8µm
_11579_,10.8µm
_11995_,10.8µm
_12229_,10.8µm
_12634_,10.8µm
_13389_,10.8µm
_14163_,10.8µm
_14507_,10.8µm
_15249_,10.8µm
_15995_,10.8µm
_16291_,10.8µm
_17497_,10.8µm
_17683_,10.8µm
_18155_,10.8µm
net142,10.8µm
net648,10.8µm
net783,10.8µm
net824,10.8µm
net1296,10.8µm
net1366,10.8µm
net1420,10.8µm
net1517,10.8µm
net1519,10.8µm
net1631,10.8µm
net1650,10.8µm
net1742,10.8µm
net1906,10.8µm
net2026,10.8µm
net2293,10.8µm
net2480,10.8µm
net4389,10.8µm
net4483,10.8µm
net4563,10.8µm
u_fft_core.u_fft8_mdc0.u_mdc8p_stage3.next_data1_r\[0\],10.8µm
u_fft_core.u_fft8_mdc1.u_mdc8p_stage1.ds_switch_stage1.w_data_1i\[3\],10.8µm
u_fft_core.u_fft8_mdc1.u_mdc8p_stage1.ds_switch_stage1.w_data_1r\[9\],10.8µm
_02147_,10.795µm
_03378_,10.795µm
_03642_,10.795µm
_04483_,10.795µm
_06221_,10.795µm
_07824_,10.795µm
_09315_,10.795µm
_09737_,10.795µm
_10032_,10.795µm
_11727_,10.795µm
_15171_,10.795µm
_05211_,10.79µm
_08169_,10.79µm
_03823_,10.785µm
_03948_,10.78µm
_15110_,10.775µm
_04041_,10.77µm
_10250_,10.77µm
u_fft_core.u_fft8_mdc1.u_mdc8p_stage1.ds_switch_stage1.r_idata_r\[1\]\[1\],10.77µm
_03968_,10.765µm
_16218_,10.765µm
_04328_,10.76µm
_05208_,10.76µm
_06690_,10.76µm
_10449_,10.76µm
_11417_,10.76µm
_11672_,10.76µm
_11830_,10.76µm
_12348_,10.76µm
_13071_,10.76µm
_16085_,10.76µm
u_fft_core.u_fft8_mdc1.u_mdc8p_stage2.ds_switch_stage1.r_idata_r\[0\]\[2\],10.76µm
_01973_,10.75µm
_02143_,10.75µm
_08752_,10.75µm
_11712_,10.75µm
_12582_,10.75µm
_13940_,10.75µm
_14159_,10.75µm
_17518_,10.75µm
u_fft_core.u_fft8_mdc2.u_mdc8p_stage2.ds_switch_stage1.w_data_1r\[4\],10.75µm
_04148_,10.745µm
_04865_,10.745µm
_02614_,10.74µm
_03331_,10.74µm
_03407_,10.74µm
_06730_,10.74µm
_07316_,10.74µm
_07463_,10.74µm
_08593_,10.74µm
_09072_,10.74µm
_13161_,10.74µm
_07297_,10.735µm
_13230_,10.735µm
_17800_,10.735µm
_01065_,10.725µm
_16903_,10.725µm
_02451_,10.72µm
_07114_,10.715µm
_16516_,10.715µm
_06127_,10.71µm
_08119_,10.71µm
_08777_,10.71µm
_17447_,10.71µm
_18103_,10.71µm
_03060_,10.705µm
_03377_,10.705µm
_10583_,10.705µm
u_fft_core.u_buffer_parallel2serial.mem_re\[19\]\[0\],10.705µm
u_fft_core.u_fft8_mdc2.u_mdc8p_stage1.xfft_cell_route1.r_pp2_mult_r\[1\]\[10\],10.705µm
_02367_,10.7µm
_02885_,10.7µm
_04327_,10.7µm
_04755_,10.7µm
_05074_,10.7µm
_05238_,10.7µm
_07763_,10.7µm
_08220_,10.7µm
_08361_,10.7µm
_09595_,10.7µm
_10441_,10.7µm
_10968_,10.7µm
_17727_,10.7µm
u_fft_core.u_fft8_mdc0.u_mdc8p_stage1.xfft_cell_route1.r_pp2_mult_r\[0\]\[13\],10.7µm
u_fft_core.u_twiddle_interface.cnt_q\[1\],10.7µm
_01481_,10.69µm
_02494_,10.69µm
_02774_,10.69µm
_03386_,10.69µm
_05027_,10.69µm
_05088_,10.69µm
_06409_,10.69µm
_06465_,10.69µm
_06711_,10.69µm
_06933_,10.69µm
_07486_,10.69µm
_07832_,10.69µm
_08539_,10.69µm
_08574_,10.69µm
_08919_,10.69µm
_09355_,10.69µm
_09420_,10.69µm
_09615_,10.69µm
_11683_,10.69µm
_15343_,10.69µm
_15762_,10.69µm
_15970_,10.69µm
_16505_,10.69µm
_17078_,10.69µm
_17579_,10.69µm
net500,10.69µm
net708,10.69µm
net2603,10.69µm
u_fft_core.u_fft8_mdc1.u_mdc8p_stage3.next_data1_r\[0\],10.69µm
_02209_,10.68µm
_04608_,10.68µm
_06680_,10.68µm
_10108_,10.68µm
_11813_,10.68µm
_12916_,10.68µm
_16053_,10.68µm
_17825_,10.68µm
net127,10.68µm
_14126_,10.675µm
_07607_,10.67µm
_07315_,10.665µm
_16373_,10.665µm
_07855_,10.66µm
_12748_,10.655µm
_05351_,10.645µm
_04143_,10.64µm
_04867_,10.64µm
_05288_,10.64µm
_05722_,10.64µm
_09598_,10.64µm
_03704_,10.635µm
_05744_,10.635µm
_08311_,10.635µm
_09929_,10.635µm
_01701_,10.63µm
_04601_,10.63µm
_05276_,10.63µm
_06136_,10.63µm
_10305_,10.63µm
_16820_,10.63µm
u_fft_core.twiddle_data2_im\[0\],10.63µm
u_fft_core.u_shift_r4.data_im_q\[110\],10.63µm
_00191_,10.62µm
_01736_,10.62µm
_03347_,10.62µm
_03643_,10.62µm
_04170_,10.62µm
_05546_,10.62µm
_06770_,10.62µm
_09896_,10.62µm
_10589_,10.62µm
_12375_,10.62µm
_16620_,10.62µm
_18136_,10.62µm
u_fft_core.u_fft8_mdc0.u_mdc8p_stage1.ds_switch_stage1.i_data_1r\[9\],10.62µm
u_fft_core.u_fft8_mdc1.u_mdc8p_stage2.ds_switch_stage1.i_data_1i\[1\],10.62µm
_03112_,10.605µm
_16055_,10.605µm
_17599_,10.605µm
net1162,10.605µm
net2205,10.605µm
_10748_,10.6µm
_02853_,10.595µm
_03314_,10.595µm
_09360_,10.595µm
_08016_,10.59µm
_08526_,10.59µm
_10059_,10.59µm
_10619_,10.59µm
_11180_,10.59µm
_07768_,10.585µm
_04603_,10.58µm
_08943_,10.58µm
u_fft_core.u_fft8_mdc0.u_mdc8p_stage2.ds_switch_stage1.o_data_0i\[8\],10.58µm
u_fft_core.u_fft8_mdc3.u_mdc8p_stage2.ds_switch_stage1.o_data_0r\[1\],10.58µm
_00694_,10.57µm
_00739_,10.57µm
_00760_,10.57µm
_01485_,10.57µm
_07443_,10.57µm
_09066_,10.57µm
_09149_,10.57µm
_12897_,10.57µm
_13344_,10.57µm
_15673_,10.57µm
_15820_,10.57µm
_17620_,10.57µm
_18126_,10.57µm
u_fft_core.u_fft8_mdc1.u_mdc8p_stage3.next_data0_r\[2\],10.57µm
net42,10.56µm
_03458_,10.56µm
_05617_,10.56µm
_05734_,10.56µm
_05852_,10.56µm
_06893_,10.56µm
_06905_,10.56µm
_07134_,10.56µm
_07433_,10.56µm
_07653_,10.56µm
_07869_,10.56µm
_08130_,10.56µm
_10012_,10.56µm
_11290_,10.56µm
_11955_,10.56µm
_14085_,10.56µm
_15329_,10.56µm
_15928_,10.56µm
_16209_,10.56µm
_17437_,10.56µm
net4459,10.56µm
u_fft_core.u_fft8_mdc0.u_mdc8p_stage2.ds_switch_stage1.w_data_1r\[4\],10.56µm
_08014_,10.555µm
_11968_,10.55µm
_12801_,10.55µm
_02386_,10.545µm
_08008_,10.545µm
_02527_,10.53µm
_04981_,10.53µm
_16063_,10.52µm
_09470_,10.515µm
_00352_,10.51µm
_00879_,10.51µm
_01608_,10.51µm
_01764_,10.51µm
_01790_,10.51µm
_01853_,10.51µm
_02190_,10.51µm
_03365_,10.51µm
_04716_,10.51µm
_05401_,10.51µm
_05569_,10.51µm
_05678_,10.51µm
_05795_,10.51µm
_06502_,10.51µm
_06512_,10.51µm
_07799_,10.51µm
_07902_,10.51µm
_08623_,10.51µm
_09122_,10.51µm
_09642_,10.51µm
_10013_,10.51µm
_10773_,10.51µm
_10899_,10.51µm
_11383_,10.51µm
_12252_,10.51µm
_13204_,10.51µm
_13617_,10.51µm
_14263_,10.51µm
_15275_,10.51µm
_15637_,10.51µm
_18020_,10.51µm
_18110_,10.51µm
u_fft_core.u_fft8_mdc2.u_mdc8p_stage1.r_bt0_i\[0\]\[0\],10.51µm
u_fft_core.u_fft8_mdc3.u_mdc8p_stage1.xfft_cell_route1.w_mult_i\[1\]\[0\],10.51µm
_01261_,10.5µm
_02097_,10.5µm
_02578_,10.5µm
_04543_,10.5µm
_04797_,10.5µm
_05533_,10.5µm
_06308_,10.5µm
_06648_,10.5µm
_07131_,10.5µm
_07164_,10.5µm
_11593_,10.5µm
_12179_,10.5µm
_12543_,10.5µm
_14134_,10.5µm
_15399_,10.5µm
_16178_,10.5µm
u_fft_core.u_fft8_mdc1.u_mdc8p_stage1.ds_switch_stage1.r_idata_r\[1\]\[7\],10.5µm
u_fft_core.u_shift_r4.data_re_q\[45\],10.5µm
_03339_,10.495µm
_03895_,10.495µm
_06748_,10.495µm
_07888_,10.495µm
_14398_,10.495µm
u_fft_core.u_fft8_mdc3.u_mdc8p_stage1.ds_switch_stage1.r_idata_r\[1\]\[7\],10.495µm
_14888_,10.49µm
_09541_,10.48µm
_17783_,10.48µm
_09586_,10.47µm
_12707_,10.47µm
_03708_,10.465µm
_06301_,10.46µm
_08916_,10.46µm
_10371_,10.46µm
_11721_,10.46µm
_13043_,10.46µm
_17788_,10.46µm
_00024_,10.45µm
_00654_,10.45µm
_01361_,10.45µm
_01421_,10.45µm
_02044_,10.45µm
_02244_,10.45µm
_02913_,10.45µm
_03211_,10.45µm
_03426_,10.45µm
_03529_,10.45µm
_03868_,10.45µm
_04224_,10.45µm
_04436_,10.45µm
_04730_,10.45µm
_04912_,10.45µm
_05326_,10.45µm
_05750_,10.45µm
_06432_,10.45µm
_06657_,10.45µm
_07085_,10.45µm
_08252_,10.45µm
_10260_,10.45µm
_10391_,10.45µm
_10939_,10.45µm
_11069_,10.45µm
_11073_,10.45µm
_12146_,10.45µm
_12427_,10.45µm
_13367_,10.45µm
_15418_,10.45µm
_15461_,10.45µm
_15785_,10.45µm
_16676_,10.45µm
_17363_,10.45µm
_17624_,10.45µm
_17653_,10.45µm
net163,10.45µm
net206,10.45µm
net523,10.45µm
net527,10.45µm
net529,10.45µm
net561,10.45µm
net562,10.45µm
net794,10.45µm
net901,10.45µm
net909,10.45µm
net1085,10.45µm
net1211,10.45µm
net1257,10.45µm
net1740,10.45µm
net2211,10.45µm
net2255,10.45µm
net2551,10.45µm
net2618,10.45µm
net2697,10.45µm
net4217,10.45µm
net4448,10.45µm
net4571,10.45µm
u_fft_core.u_fft8_mdc0.u_mdc8p_stage1.ds_switch_stage1.o_data_0i\[0\],10.45µm
u_fft_core.u_fft8_mdc0.u_mdc8p_stage1.ds_switch_stage1.o_data_0r\[7\],10.45µm
u_fft_core.u_fft8_mdc2.u_mdc8p_stage1.ds_switch_stage1.r_odata_r\[0\]\[1\],10.45µm
u_fft_core.u_fft8_mdc3.u_mdc8p_stage1.xfft_cell_route1.w_mult_i\[0\]\[4\],10.45µm
u_fft_core.u_fft8_mdc3.u_mdc8p_stage2.ds_switch_stage1.w_data_1i\[8\],10.45µm
u_tx.current_shift\[9\],10.45µm
_07147_,10.445µm
_13425_,10.445µm
_00733_,10.44µm
_02040_,10.44µm
_02084_,10.44µm
_02263_,10.44µm
_02307_,10.44µm
_02518_,10.44µm
_02520_,10.44µm
_02900_,10.44µm
_03014_,10.44µm
_03372_,10.44µm
_04283_,10.44µm
_04632_,10.44µm
_05808_,10.44µm
_06252_,10.44µm
_06620_,10.44µm
_06962_,10.44µm
_07107_,10.44µm
_09054_,10.44µm
_09107_,10.44µm
_09789_,10.44µm
_10590_,10.44µm
_11169_,10.44µm
_11535_,10.44µm
_13292_,10.44µm
_13421_,10.44µm
_13792_,10.44µm
_14282_,10.44µm
_14537_,10.44µm
_15729_,10.44µm
net2593,10.44µm
u_fft_core.u_buffer_parallel2serial.mem_re\[19\]\[3\],10.44µm
u_fft_core.u_fft8_mdc1.u_mdc8p_stage1.xfft_cell_route1.w_mult_i\[1\]\[8\],10.44µm
u_fft_core.u_fft8_mdc1.u_mdc8p_stage2.ds_switch_stage1.w_data_1i\[7\],10.44µm
_06471_,10.435µm
_07084_,10.435µm
_07137_,10.435µm
_11631_,10.435µm
_12107_,10.435µm
_12824_,10.435µm
_13404_,10.435µm
_14520_,10.435µm
u_fft_core.u_fft8_mdc0.u_mdc8p_stage1.xfft_cell_route1.r_pp2_mult_i\[0\]\[4\],10.435µm
u_fft_core.u_fft8_mdc1.u_mdc8p_stage1.xfft_cell_route1.r_pp2_mult_r\[1\]\[17\],10.435µm
_04175_,10.42µm
_08228_,10.42µm
_11300_,10.42µm
_12350_,10.42µm
_17914_,10.42µm
_02627_,10.4µm
_02804_,10.4µm
_06610_,10.4µm
_09403_,10.4µm
_11298_,10.4µm
_12775_,10.4µm
_17181_,10.4µm
_17330_,10.4µm
_17837_,10.4µm
u_fft_core.u_fft8_mdc0.u_mdc8p_stage2.ds_switch_stage1.o_data_0r\[3\],10.4µm
u_fft_core.u_fft8_mdc1.u_mdc8p_stage2.ds_switch_stage1.o_data_0r\[0\],10.4µm
u_fft_core.u_shift_r2_fft2.data_re_q\[10\],10.4µm
_00323_,10.39µm
_00949_,10.39µm
_01100_,10.39µm
_01248_,10.39µm
_01538_,10.39µm
_01849_,10.39µm
_02659_,10.39µm
_04775_,10.39µm
_07771_,10.39µm
_08642_,10.39µm
_08829_,10.39µm
_09973_,10.39µm
_10204_,10.39µm
_11960_,10.39µm
_18099_,10.39µm
net1234,10.39µm
_10839_,10.385µm
u_fft_core.u_fft8_mdc3.u_mdc8p_stage1.ds_switch_stage1.i_data_0i\[0\],10.385µm
_02746_,10.38µm
_03421_,10.38µm
_03849_,10.38µm
_04403_,10.38µm
_04770_,10.38µm
_07907_,10.38µm
_11053_,10.38µm
_11281_,10.38µm
_11873_,10.38µm
_11975_,10.38µm
_13077_,10.38µm
_16757_,10.38µm
_16868_,10.38µm
u_fft_core.u_fft8_mdc1.u_mdc8p_stage1.xfft_cell_route1.w_mult_r\[0\]\[14\],10.38µm
u_fft_core.u_fft8_mdc2.u_mdc8p_stage1.xfft_cell_route1.w_mult_i\[1\]\[11\],10.38µm
_04065_,10.375µm
_05414_,10.375µm
_06243_,10.375µm
_09012_,10.375µm
_12258_,10.375µm
_17506_,10.375µm
u_tx.current_shift\[7\],10.375µm
_04400_,10.365µm
_09106_,10.365µm
_10069_,10.365µm
_10865_,10.365µm
_02745_,10.355µm
_03931_,10.355µm
_11192_,10.355µm
_01298_,10.35µm
_06598_,10.35µm
_07056_,10.35µm
_12732_,10.35µm
_04644_,10.345µm
_04796_,10.345µm
_11696_,10.345µm
_12529_,10.345µm
_18176_,10.345µm
_02350_,10.34µm
_04340_,10.34µm
_05991_,10.34µm
_08302_,10.34µm
_10050_,10.34µm
_10361_,10.34µm
_11436_,10.34µm
_11453_,10.34µm
_12069_,10.34µm
_14352_,10.34µm
_16388_,10.34µm
_16454_,10.34µm
_16512_,10.34µm
u_fft_core.u_fft8_mdc1.u_mdc8p_stage2.ds_switch_stage1.w_data_1r\[2\],10.34µm
u_fft_core.u_fft8_mdc2.u_mdc8p_stage2.ds_switch_stage1.w_data_1r\[0\],10.34µm
_02283_,10.33µm
_02556_,10.33µm
_03658_,10.33µm
_04036_,10.33µm
_04805_,10.33µm
_04839_,10.33µm
_05294_,10.33µm
_05353_,10.33µm
_05509_,10.33µm
_05648_,10.33µm
_07030_,10.33µm
_07295_,10.33µm
_07299_,10.33µm
_07578_,10.33µm
_08048_,10.33µm
_08597_,10.33µm
_08879_,10.33µm
_09144_,10.33µm
_09845_,10.33µm
_09985_,10.33µm
_10283_,10.33µm
_11644_,10.33µm
_12224_,10.33µm
_12788_,10.33µm
_12903_,10.33µm
_13589_,10.33µm
_14912_,10.33µm
net351,10.33µm
net733,10.33µm
net1260,10.33µm
net2470,10.33µm
net2516,10.33µm
net2617,10.33µm
net4168,10.33µm
net4395,10.33µm
net4457,10.33µm
u_debug_sys.u_debug_unit.last_out_im_sync\[7\],10.33µm
u_fft_core.u_fft4.s2_x3_re\[1\],10.33µm
u_fft_core.u_fft8_mdc1.u_mdc8p_stage1.xfft_cell_route1.w_mult_i\[0\]\[1\],10.33µm
u_fft_core.u_fft8_mdc1.u_mdc8p_stage2.r_data0_r\[4\],10.33µm
u_fft_core.u_fft8_mdc2.u_mdc8p_stage2.ds_switch_stage1.w_data_1i\[4\],10.33µm
u_fft_core.u_twiddle_interface.u_mult_3.u_clip.o_data_re\[6\],10.33µm
_03772_,10.325µm
_07876_,10.325µm
_11256_,10.325µm
_18197_,10.325µm
_00125_,10.32µm
_00240_,10.32µm
_00279_,10.32µm
_00402_,10.32µm
_00868_,10.32µm
_00914_,10.32µm
_00966_,10.32µm
_00968_,10.32µm
_01876_,10.32µm
_02018_,10.32µm
_04738_,10.32µm
_05911_,10.32µm
_05959_,10.32µm
_07132_,10.32µm
_07604_,10.32µm
_08318_,10.32µm
_08941_,10.32µm
_11331_,10.32µm
_11941_,10.32µm
_12126_,10.32µm
_13293_,10.32µm
_13333_,10.32µm
_14156_,10.32µm
_14257_,10.32µm
_14712_,10.32µm
_16884_,10.32µm
_17226_,10.32µm
net74,10.32µm
net83,10.32µm
net731,10.32µm
net1178,10.32µm
net1292,10.32µm
net1295,10.32µm
net1469,10.32µm
net1586,10.32µm
net1593,10.32µm
net1748,10.32µm
net1855,10.32µm
net2249,10.32µm
net2463,10.32µm
net2628,10.32µm
net2640,10.32µm
net4388,10.32µm
u_fft_core.u_fft8_mdc3.u_mdc8p_stage2.ds_switch_stage1.r_idata_r\[0\]\[2\],10.32µm
u_fft_core.u_shift_r4.data_im_q\[86\],10.32µm
_05290_,10.315µm
_07594_,10.315µm
_07868_,10.315µm
_12197_,10.315µm
_12369_,10.315µm
_17691_,10.315µm
_06592_,10.305µm
_12306_,10.295µm
_05147_,10.29µm
_05176_,10.29µm
_09009_,10.29µm
_11524_,10.29µm
u_fft_core.u_fft8_mdc3.u_mdc8p_stage2.r_data0_r\[0\],10.29µm
_14318_,10.285µm
_06743_,10.28µm
_08179_,10.28µm
_11164_,10.28µm
_15119_,10.28µm
_17828_,10.28µm
_04354_,10.27µm
_05659_,10.27µm
_06254_,10.27µm
_07012_,10.27µm
_07369_,10.27µm
_07772_,10.27µm
_10301_,10.27µm
_10477_,10.27µm
_12464_,10.27µm
_13080_,10.27µm
_13834_,10.27µm
_14325_,10.27µm
_17283_,10.27µm
u_fft_core.u_fft8_mdc3.u_mdc8p_stage1.xfft_cell_route1.w_mult_i\[1\]\[2\],10.27µm
u_fft_core.u_shift_r4.data_im_q\[188\],10.27µm
_04199_,10.26µm
_04881_,10.26µm
_14243_,10.26µm
_03836_,10.255µm
_09203_,10.255µm
_13263_,10.255µm
_06225_,10.24µm
_08276_,10.235µm
u_fft_core.u_fft8_mdc3.u_mdc8p_stage2.r_data0_r\[3\],10.235µm
_02191_,10.23µm
_06685_,10.23µm
_07681_,10.23µm
_08693_,10.23µm
_13189_,10.23µm
_17081_,10.23µm
u_fft_core.u_fft8_mdc0.u_mdc8p_stage2.ds_switch_stage1.o_data_0i\[6\],10.23µm
_16754_,10.225µm
_17124_,10.225µm
u_fft_core.u_fft8_mdc2.u_mdc8p_stage2.ds_switch_stage1.o_data_0i\[4\],10.225µm
u_fft_core.u_fft8_mdc3.u_mdc8p_stage1.xfft_cell_route1.r_pp1_data_i\[3\],10.225µm
_06705_,10.22µm
_07308_,10.22µm
_08248_,10.22µm
_08563_,10.22µm
_10945_,10.22µm
_10979_,10.22µm
_17582_,10.22µm
u_fft_core.u_fft8_mdc1.u_mdc8p_stage1.xfft_cell_route1.r_pp2_mult_i\[1\]\[3\],10.22µm
_02605_,10.21µm
_03067_,10.21µm
_07307_,10.21µm
_08136_,10.21µm
_08569_,10.21µm
_09799_,10.21µm
_10092_,10.21µm
_10144_,10.21µm
_10463_,10.21µm
_10686_,10.21µm
_10853_,10.21µm
_11585_,10.21µm
_11710_,10.21µm
_12800_,10.21µm
_13063_,10.21µm
_15777_,10.21µm
_16015_,10.21µm
_16271_,10.21µm
_17420_,10.21µm
_17770_,10.21µm
net615,10.21µm
_11198_,10.205µm
u_fft_core.u_fft8_mdc3.u_mdc8p_stage1.r_data1_r\[6\],10.205µm
_02987_,10.2µm
_03077_,10.2µm
_04721_,10.2µm
_04905_,10.2µm
_05098_,10.2µm
_06981_,10.2µm
_09877_,10.2µm
_10503_,10.2µm
_11566_,10.2µm
_11802_,10.2µm
_15283_,10.2µm
_16074_,10.2µm
net1367,10.2µm
_05681_,10.195µm
_13019_,10.195µm
_03509_,10.185µm
_03993_,10.185µm
_02575_,10.18µm
_07968_,10.17µm
_10618_,10.17µm
_11365_,10.17µm
_16058_,10.17µm
_17310_,10.17µm
_02464_,10.165µm
_02495_,10.16µm
_03628_,10.16µm
_06757_,10.16µm
_07561_,10.16µm
_07577_,10.16µm
_09922_,10.16µm
_11273_,10.16µm
_13058_,10.16µm
_16584_,10.16µm
_00047_,10.15µm
_06028_,10.15µm
_06415_,10.15µm
_09048_,10.15µm
_10626_,10.15µm
_11617_,10.15µm
_12555_,10.15µm
rx_data_re\[4\],10.15µm
u_fft_core.u_fft8_mdc0.u_mdc8p_stage1.xfft_cell_route1.w_mult_i\[0\]\[14\],10.15µm
u_fft_core.u_shift_r4.data_im_q\[99\],10.15µm
_01147_,10.14µm
_07841_,10.14µm
_09268_,10.14µm
_10323_,10.14µm
_11306_,10.14µm
_12222_,10.14µm
_12309_,10.14µm
_12692_,10.14µm
_13848_,10.14µm
_14091_,10.14µm
_14683_,10.14µm
_15797_,10.14µm
_15894_,10.14µm
_16742_,10.14µm
_16929_,10.14µm
u_fft_core.u_fft8_mdc0.u_mdc8p_stage1.xfft_cell_route1.r_pp2_mult_r\[0\]\[6\],10.14µm
u_fft_core.u_fft8_mdc1.u_mdc8p_stage1.xfft_cell_route1.w_mult_i\[1\]\[10\],10.14µm
u_fft_core.u_fft8_mdc3.u_mdc8p_stage1.ds_switch_stage1.o_data_1r\[1\],10.14µm
u_fft_core.u_fft8_mdc3.u_mdc8p_stage1.xfft_cell_route1.w_mult_r\[1\]\[13\],10.14µm
_02335_,10.125µm
_03130_,10.125µm
_04575_,10.125µm
_05824_,10.125µm
_08756_,10.125µm
_09196_,10.125µm
_17723_,10.125µm
net563,10.125µm
_03531_,10.12µm
_07334_,10.12µm
_09847_,10.12µm
_17758_,10.12µm
u_fft_core.u_fft8_mdc1.u_mdc8p_stage1.r_data1_i\[5\],10.12µm
_04486_,10.115µm
_05687_,10.115µm
_07683_,10.115µm
_10620_,10.11µm
_05068_,10.105µm
_17243_,10.105µm
_02592_,10.1µm
_08781_,10.1µm
_09291_,10.1µm
_16145_,10.095µm
_01396_,10.09µm
_02336_,10.09µm
_02888_,10.09µm
_03695_,10.09µm
_05974_,10.09µm
_08344_,10.09µm
_08629_,10.09µm
_13196_,10.09µm
_13426_,10.09µm
_15557_,10.09µm
_16368_,10.09µm
_16986_,10.09µm
u_fft_core.u_fft8_mdc0.u_mdc8p_stage1.ds_switch_stage1.w_data_1i\[4\],10.09µm
u_fft_core.u_twiddle_interface.u_mult_1.u_clip.o_data_re\[7\],10.09µm
_07873_,10.085µm
_01412_,10.08µm
_02214_,10.08µm
_02311_,10.08µm
_04454_,10.08µm
_04830_,10.08µm
_05109_,10.08µm
_05320_,10.08µm
_06423_,10.08µm
_07181_,10.08µm
_08101_,10.08µm
_08320_,10.08µm
_08564_,10.08µm
_09547_,10.08µm
_09787_,10.08µm
_10048_,10.08µm
_10062_,10.08µm
_11334_,10.08µm
_12111_,10.08µm
_12429_,10.08µm
_12501_,10.08µm
_12503_,10.08µm
_13170_,10.08µm
_13830_,10.08µm
_13964_,10.08µm
_14313_,10.08µm
_15747_,10.08µm
_17853_,10.08µm
_17860_,10.08µm
_18100_,10.08µm
net1486,10.08µm
net1571,10.08µm
net2005,10.08µm
u_fft_core.u_fft8_mdc0.u_mdc8p_stage1.ds_switch_stage1.valid_count\[2\],10.08µm
u_fft_core.u_fft8_mdc1.u_mdc8p_stage1.xfft_cell_route1.w_mult_i\[0\]\[8\],10.08µm
_04172_,10.075µm
_08837_,10.075µm
u_fft_core.u_fft8_mdc2.u_mdc8p_stage1.ds_switch_stage1.r_idata_i\[1\]\[7\],10.075µm
_02012_,10.065µm
_03516_,10.065µm
_14642_,10.065µm
_07002_,10.055µm
_03977_,10.05µm
_04605_,10.05µm
u_fft_core.u_fft8_mdc2.u_mdc8p_stage1.xfft_cell_route1.r_pp2_mult_i\[1\]\[9\],10.04µm
_05624_,10.035µm
_00028_,10.03µm
_00446_,10.03µm
_00652_,10.03µm
_00951_,10.03µm
_01198_,10.03µm
_01288_,10.03µm
_01325_,10.03µm
_01445_,10.03µm
_01536_,10.03µm
_01632_,10.03µm
_01975_,10.03µm
_02091_,10.03µm
_02121_,10.03µm
_02262_,10.03µm
_02388_,10.03µm
_02791_,10.03µm
_03227_,10.03µm
_03332_,10.03µm
_04021_,10.03µm
_04211_,10.03µm
_04302_,10.03µm
_05265_,10.03µm
_05797_,10.03µm
_06532_,10.03µm
_06807_,10.03µm
_09249_,10.03µm
_12218_,10.03µm
_12607_,10.03µm
_15067_,10.03µm
_15547_,10.03µm
_15595_,10.03µm
_15640_,10.03µm
_15906_,10.03µm
_17099_,10.03µm
_17614_,10.03µm
_17844_,10.03µm
_17941_,10.03µm
_17952_,10.03µm
_17974_,10.03µm
_17998_,10.03µm
_18131_,10.03µm
u_fft_core.fft4_data1_im\[7\],10.03µm
u_fft_core.u_fft8_mdc0.u_mdc8p_stage1.ds_switch_stage1.valid_count\[3\],10.03µm
u_fft_core.u_fft8_mdc0.u_mdc8p_stage1.xfft_cell_route1.r_pp2_mult_r\[1\]\[0\],10.03µm
u_fft_core.u_fft8_mdc2.u_mdc8p_stage1.ds_switch_stage1.r_idata_i\[1\]\[8\],10.03µm
u_fft_core.u_twiddle_interface.data0_im_2q\[1\],10.03µm
_00655_,10.02µm
_02184_,10.02µm
_02249_,10.02µm
_02329_,10.02µm
_04037_,10.02µm
_04408_,10.02µm
_05230_,10.02µm
_07745_,10.02µm
_07809_,10.02µm
_08385_,10.02µm
_08589_,10.02µm
_09290_,10.02µm
_10070_,10.02µm
_10227_,10.02µm
_04707_,10.015µm
u_fft_core.u_fft8_mdc1.u_mdc8p_stage2.ds_switch_stage1.r_idata_r\[0\]\[7\],10.015µm
u_fft_core.u_fft8_mdc2.u_mdc8p_stage1.ds_switch_stage1.r_idata_r\[1\]\[0\],10.015µm
_07817_,10.01µm
_09485_,10.01µm
_14657_,10.01µm
_00768_,10.005µm
_01080_,10.005µm
_04715_,10.005µm
_11419_,10.005µm
_16503_,10.005µm
net225,10.005µm
_04013_,9.99µm
_12773_,9.99µm
_17810_,9.985µm
u_fft_core.u_fft8_mdc3.u_mdc8p_stage1.ds_switch_stage1.i_data_0r\[6\],9.985µm
_03532_,9.98µm
_06469_,9.98µm
_07393_,9.98µm
_10236_,9.98µm
_10478_,9.98µm
_11287_,9.98µm
_11296_,9.98µm
_11628_,9.98µm
_11920_,9.98µm
_02159_,9.97µm
_03503_,9.97µm
_03645_,9.97µm
_04073_,9.97µm
_04383_,9.97µm
_04739_,9.97µm
_05067_,9.97µm
_05168_,9.97µm
_06758_,9.97µm
_07196_,9.97µm
_08267_,9.97µm
_08359_,9.97µm
_08394_,9.97µm
_09016_,9.97µm
_09948_,9.97µm
_10888_,9.97µm
_10912_,9.97µm
_11601_,9.97µm
_12186_,9.97µm
_12595_,9.97µm
_13321_,9.97µm
_13724_,9.97µm
_14673_,9.97µm
_14707_,9.97µm
_14812_,9.97µm
_15068_,9.97µm
_15195_,9.97µm
_15633_,9.97µm
_17656_,9.97µm
_17676_,9.97µm
net189,9.97µm
net208,9.97µm
net521,9.97µm
net1248,9.97µm
net1998,9.97µm
net2626,9.97µm
net4452,9.97µm
u_fft_core.u_fft8_mdc0.u_mdc8p_stage2.ds_switch_stage1.r_idata_i\[0\]\[4\],9.97µm
u_fft_core.u_fft8_mdc1.u_mdc8p_stage2.ds_switch_stage1.w_data_1r\[9\],9.97µm
u_fft_core.u_fft8_mdc2.u_mdc8p_stage1.r_bt0_r\[0\]\[8\],9.97µm
u_fft_core.u_shift_r2_fft1.data_re_q\[12\],9.97µm
_12123_,9.965µm
_02769_,9.96µm
_03124_,9.96µm
_03757_,9.96µm
_05032_,9.96µm
_05390_,9.96µm
_06653_,9.96µm
_07214_,9.96µm
_10080_,9.96µm
_10703_,9.96µm
_10813_,9.96µm
_11322_,9.96µm
_11525_,9.96µm
_11586_,9.96µm
_12095_,9.96µm
_12370_,9.96µm
_12575_,9.96µm
_12905_,9.96µm
_13412_,9.96µm
_13560_,9.96µm
_13788_,9.96µm
_13885_,9.96µm
_14778_,9.96µm
_15711_,9.96µm
_17394_,9.96µm
net202,9.96µm
net2377,9.96µm
net2627,9.96µm
u_fft_core.u_buffer_parallel2serial.mem_re\[8\]\[0\],9.96µm
_02795_,9.955µm
_09045_,9.955µm
_09475_,9.955µm
_10340_,9.955µm
_14070_,9.955µm
_17428_,9.955µm
u_fft_core.u_fft8_mdc0.u_mdc8p_stage1.u_btfly2.o_data1_i\[3\],9.955µm
u_fft_core.u_shift_r4.data_im_q\[62\],9.955µm
clknet_leaf_131_i_clk,9.95µm
_07673_,9.945µm
_10293_,9.945µm
_16566_,9.945µm
u_fft_core.u_fft8_mdc3.u_mdc8p_stage1.ds_switch_stage1.r_idata_i\[1\]\[7\],9.945µm
_02738_,9.94µm
_08749_,9.94µm
_10969_,9.94µm
_11305_,9.94µm
_15409_,9.94µm
_16429_,9.94µm
u_fft_core.u_fft8_mdc0.u_mdc8p_stage1.r_data0_r\[2\],9.94µm
_04866_,9.925µm
_17864_,9.925µm
_02233_,9.92µm
_03177_,9.92µm
_04130_,9.92µm
_04359_,9.92µm
_05190_,9.92µm
_07260_,9.92µm
_12443_,9.92µm
_15154_,9.92µm
_16208_,9.92µm
_17650_,9.92µm
u_fft_core.u_fft8_mdc2.u_mdc8p_stage1.ds_switch_stage1.i_data_0r\[7\],9.92µm
u_fft_core.u_shift_r4.data_im_q\[150\],9.92µm
_06369_,9.915µm
_13463_,9.915µm
_00132_,9.91µm
_00192_,9.91µm
_00918_,9.91µm
_00964_,9.91µm
_01183_,9.91µm
_01258_,9.91µm
_02308_,9.91µm
_02635_,9.91µm
_03566_,9.91µm
_05456_,9.91µm
_07096_,9.91µm
_10362_,9.91µm
_10445_,9.91µm
_10879_,9.91µm
_11367_,9.91µm
_11554_,9.91µm
_13989_,9.91µm
_15073_,9.91µm
_15563_,9.91µm
_16834_,9.91µm
_17431_,9.91µm
u_fft_core.u_fft8_mdc3.u_mdc8p_stage1.xfft_cell_route1.r_pp2_mult_i\[1\]\[14\],9.91µm
_03419_,9.905µm
_00070_,9.9µm
_02348_,9.9µm
_03796_,9.9µm
_04508_,9.9µm
_05195_,9.9µm
_05236_,9.9µm
_05279_,9.9µm
_05561_,9.9µm
_06804_,9.9µm
_08387_,9.9µm
_10020_,9.9µm
_10751_,9.9µm
_12175_,9.9µm
_12561_,9.9µm
_13810_,9.9µm
_14421_,9.9µm
_17557_,9.9µm
_18156_,9.9µm
u_fft_core.u_fft8_mdc0.u_mdc8p_stage1.ds_switch_stage1.r_odata_r\[0\]\[2\],9.9µm
u_fft_core.u_fft8_mdc1.u_mdc8p_stage2.r_data0_r\[2\],9.9µm
u_fft_core.u_fft8_mdc3.u_mdc8p_stage2.ds_switch_stage1.o_data_0i\[2\],9.9µm
_02936_,9.895µm
_07124_,9.895µm
_08670_,9.895µm
_08828_,9.895µm
_10960_,9.895µm
_11392_,9.895µm
_11938_,9.895µm
_12415_,9.895µm
_07616_,9.89µm
_06671_,9.885µm
_06762_,9.875µm
u_fft_core.u_buffer_parallel2serial.mem_im\[17\]\[5\],9.875µm
_13259_,9.87µm
u_fft_core.u_fft8_mdc3.u_mdc8p_stage1.xfft_cell_route1.r_pp2_mult_i\[1\]\[8\],9.87µm
_03278_,9.865µm
_05583_,9.865µm
_10780_,9.865µm
_13150_,9.865µm
_15190_,9.865µm
_16771_,9.865µm
_02165_,9.86µm
_02208_,9.86µm
_02739_,9.86µm
_07103_,9.86µm
_07121_,9.86µm
_07583_,9.86µm
_08200_,9.86µm
_09543_,9.86µm
_09571_,9.86µm
_11422_,9.86µm
_11561_,9.86µm
_11587_,9.86µm
_12320_,9.86µm
_13451_,9.86µm
_15113_,9.86µm
_15135_,9.86µm
_17240_,9.86µm
_17472_,9.86µm
u_fft_core.u_fft8_mdc3.u_mdc8p_stage1.r_data0_i\[6\],9.86µm
_00846_,9.85µm
_01956_,9.85µm
_02216_,9.85µm
_02340_,9.85µm
_02342_,9.85µm
_02393_,9.85µm
_02523_,9.85µm
_02588_,9.85µm
_03973_,9.85µm
_04169_,9.85µm
_04415_,9.85µm
_04783_,9.85µm
_04859_,9.85µm
_05529_,9.85µm
_05626_,9.85µm
_06153_,9.85µm
_06788_,9.85µm
_07135_,9.85µm
_08620_,9.85µm
_09192_,9.85µm
_09331_,9.85µm
_09526_,9.85µm
_09980_,9.85µm
_10023_,9.85µm
_10385_,9.85µm
_10651_,9.85µm
_11515_,9.85µm
_12023_,9.85µm
_12329_,9.85µm
_12765_,9.85µm
_12991_,9.85µm
_13084_,9.85µm
_13505_,9.85µm
_14405_,9.85µm
_14687_,9.85µm
_14779_,9.85µm
_15191_,9.85µm
_15207_,9.85µm
_15273_,9.85µm
_15741_,9.85µm
_15931_,9.85µm
_16862_,9.85µm
_17238_,9.85µm
_17545_,9.85µm
_17555_,9.85µm
_17791_,9.85µm
net258,9.85µm
net902,9.85µm
net1606,9.85µm
net1674,9.85µm
net1715,9.85µm
net2149,9.85µm
net2298,9.85µm
net2438,9.85µm
u_fft_core.u_buffer_parallel2serial.mem_im\[0\]\[5\],9.85µm
u_fft_core.u_fft8_mdc0.u_mdc8p_stage2.ds_switch_stage1.i_data_1r\[9\],9.85µm
u_fft_core.u_fft8_mdc2.u_mdc8p_stage1.ds_switch_stage1.i_data_1r\[6\],9.85µm
u_fft_core.u_fft8_mdc2.u_mdc8p_stage1.ds_switch_stage1.o_data_1i\[6\],9.85µm
u_fft_core.u_fft8_mdc3.u_mdc8p_stage2.ds_switch_stage1.w_data_1r\[6\],9.85µm
u_fft_core.u_fft8_mdc3.u_mdc8p_stage3.next_data0_r\[5\],9.85µm
_09538_,9.845µm
_11094_,9.845µm
u_fft_core.u_fft8_mdc1.u_mdc8p_stage1.ds_switch_stage1.i_data_0i\[7\],9.845µm
net44,9.84µm
_00105_,9.84µm
_00370_,9.84µm
_00377_,9.84µm
_00425_,9.84µm
_01108_,9.84µm
_01252_,9.84µm
_01619_,9.84µm
_01698_,9.84µm
_01916_,9.84µm
_02078_,9.84µm
_02321_,9.84µm
_02491_,9.84µm
_02606_,9.84µm
_02707_,9.84µm
_02934_,9.84µm
_03087_,9.84µm
_03093_,9.84µm
_03673_,9.84µm
_03944_,9.84µm
_04397_,9.84µm
_04449_,9.84µm
_04638_,9.84µm
_04951_,9.84µm
_05365_,9.84µm
_06579_,9.84µm
_07942_,9.84µm
_08135_,9.84µm
_08171_,9.84µm
_09137_,9.84µm
_09143_,9.84µm
_09930_,9.84µm
_10082_,9.84µm
_10435_,9.84µm
_10461_,9.84µm
_11341_,9.84µm
_11651_,9.84µm
_11664_,9.84µm
_12842_,9.84µm
_15269_,9.84µm
_16647_,9.84µm
_17814_,9.84µm
_18055_,9.84µm
net65,9.84µm
net376,9.84µm
net377,9.84µm
net449,9.84µm
net477,9.84µm
net658,9.84µm
net779,9.84µm
net805,9.84µm
net808,9.84µm
net1000,9.84µm
net1053,9.84µm
net1183,9.84µm
net1282,9.84µm
net1326,9.84µm
net1542,9.84µm
net1704,9.84µm
net1710,9.84µm
net1755,9.84µm
net1854,9.84µm
net1942,9.84µm
net1947,9.84µm
net1957,9.84µm
net1963,9.84µm
net2023,9.84µm
net2162,9.84µm
net2168,9.84µm
net2291,9.84µm
net2382,9.84µm
net4195,9.84µm
net4379,9.84µm
net4582,9.84µm
net4619,9.84µm
u_fft_core.fft4_data3_im\[4\],9.84µm
u_fft_core.twiddle_data3_re\[4\],9.84µm
u_fft_core.u_fft8_mdc0.u_mdc8p_stage1.ds_switch_stage1.w_data_1i\[7\],9.84µm
u_fft_core.u_fft8_mdc1.u_mdc8p_stage1.ds_switch_stage1.o_data_1i\[7\],9.84µm
u_fft_core.u_fft8_mdc3.u_mdc8p_stage1.ds_switch_stage1.w_data_1r\[8\],9.84µm
u_fft_core.u_fft8_mdc3.u_mdc8p_stage3.next_data1_r\[4\],9.84µm
_04634_,9.835µm
_08560_,9.835µm
_09222_,9.835µm
_11454_,9.835µm
_12678_,9.835µm
_12736_,9.835µm
_17643_,9.835µm
_03366_,9.825µm
_09583_,9.825µm
_12699_,9.815µm
_03722_,9.81µm
_09298_,9.81µm
_13375_,9.805µm
u_fft_core.u_fft8_mdc3.u_mdc8p_stage2.ds_switch_stage1.o_data_0i\[3\],9.805µm
_02741_,9.8µm
_02870_,9.8µm
_06124_,9.8µm
_08074_,9.8µm
_09236_,9.8µm
_10822_,9.8µm
_11520_,9.8µm
_12785_,9.8µm
_14306_,9.8µm
u_fft_core.u_fft8_mdc3.u_mdc8p_stage2.r_data0_r\[7\],9.8µm
_02416_,9.79µm
_04714_,9.79µm
_05749_,9.79µm
_06463_,9.79µm
_16316_,9.79µm
_17151_,9.79µm
_17912_,9.79µm
_18179_,9.79µm
u_fft_core.u_fft8_mdc2.u_mdc8p_stage1.xfft_cell_route1.w_mult_i\[1\]\[3\],9.79µm
_04077_,9.785µm
_16416_,9.785µm
_06551_,9.78µm
_09070_,9.78µm
_15338_,9.78µm
_15346_,9.78µm
_07990_,9.775µm
_02786_,9.77µm
_06350_,9.765µm
_02993_,9.75µm
_09141_,9.75µm
_13049_,9.75µm
_15718_,9.75µm
u_fft_core.u_fft8_mdc2.u_mdc8p_stage1.xfft_cell_route1.r_pp2_mult_i\[1\]\[14\],9.75µm
_04356_,9.74µm
_05012_,9.74µm
_05049_,9.74µm
_05605_,9.74µm
_05706_,9.74µm
_07865_,9.74µm
_08301_,9.74µm
_09862_,9.74µm
_09885_,9.74µm
_11190_,9.74µm
_13933_,9.74µm
_04574_,9.73µm
_05425_,9.73µm
_05925_,9.73µm
_06918_,9.73µm
_07044_,9.73µm
_10006_,9.73µm
_10209_,9.73µm
_10660_,9.73µm
_11188_,9.73µm
_11654_,9.73µm
_11739_,9.73µm
_11914_,9.73µm
_13256_,9.73µm
_15669_,9.73µm
_16048_,9.73µm
_17569_,9.73µm
_18081_,9.73µm
u_fft_core.u_buffer_parallel2serial.mem_re\[17\]\[0\],9.73µm
u_fft_core.u_buffer_parallel2serial.mem_re\[8\]\[3\],9.73µm
u_fft_core.u_fft8_mdc2.u_mdc8p_stage1.ds_switch_stage1.i_data_0i\[0\],9.73µm
u_fft_core.u_fft8_mdc2.u_mdc8p_stage2.ds_switch_stage1.r_idata_i\[0\]\[5\],9.73µm
u_fft_core.u_fft8_mdc0.u_mdc8p_stage1.r_bt0_r\[0\]\[0\],9.725µm
u_fft_core.u_fft8_mdc3.u_mdc8p_stage2.ds_switch_stage1.o_data_0i\[5\],9.725µm
_00172_,9.72µm
_00534_,9.72µm
_01142_,9.72µm
_03720_,9.72µm
_04285_,9.72µm
_04848_,9.72µm
_05467_,9.72µm
_08836_,9.72µm
_11501_,9.72µm
_13996_,9.72µm
u_fft_core.u_fft8_mdc3.u_mdc8p_stage1.xfft_cell_route1.r_pp2_mult_i\[1\]\[17\],9.72µm
_04094_,9.715µm
_07872_,9.705µm
_15180_,9.705µm
_14096_,9.7µm
_03183_,9.69µm
_06429_,9.69µm
_11811_,9.69µm
_12945_,9.69µm
_17397_,9.69µm
_07045_,9.685µm
_03453_,9.68µm
_08330_,9.68µm
_08402_,9.68µm
_12944_,9.68µm
_17715_,9.68µm
_01400_,9.67µm
_07272_,9.67µm
_07603_,9.67µm
_11557_,9.67µm
_13102_,9.67µm
_17632_,9.67µm
u_fft_core.u_shift_r2_fft1.data_im_q\[13\],9.67µm
_00073_,9.66µm
_00762_,9.66µm
_03538_,9.66µm
_03734_,9.66µm
_04578_,9.66µm
_05635_,9.66µm
_06689_,9.66µm
_06907_,9.66µm
_08470_,9.66µm
_09251_,9.66µm
_11061_,9.66µm
_13787_,9.66µm
_14062_,9.66µm
_14370_,9.66µm
_14377_,9.66µm
_15513_,9.66µm
_16657_,9.66µm
_11869_,9.655µm
u_fft_core.u_fft8_mdc3.u_mdc8p_stage2.r_data1_r\[7\],9.655µm
u_fft_core.u_shift_r2_fft3.data_re_q\[15\],9.65µm
u_fft_core.u_shift_r4.data_im_q\[51\],9.65µm
_03659_,9.64µm
_05159_,9.64µm
_12892_,9.64µm
_08730_,9.635µm
_13269_,9.635µm
_16877_,9.635µm
_07620_,9.63µm
_17638_,9.63µm
u_fft_core.u_fft8_mdc1.u_mdc8p_stage2.ds_switch_stage1.r_idata_r\[0\]\[8\],9.63µm
_18082_,9.62µm
u_fft_core.u_shift_r4.data_im_q\[183\],9.62µm
_12729_,9.615µm
_00478_,9.61µm
_01418_,9.61µm
_02882_,9.61µm
_03760_,9.61µm
_04782_,9.61µm
_06143_,9.61µm
_06230_,9.61µm
_06340_,9.61µm
_06398_,9.61µm
_06436_,9.61µm
_06781_,9.61µm
_08312_,9.61µm
_08788_,9.61µm
_08889_,9.61µm
_09573_,9.61µm
_09603_,9.61µm
_10054_,9.61µm
_10452_,9.61µm
_10737_,9.61µm
_11138_,9.61µm
_13774_,9.61µm
_14598_,9.61µm
_15831_,9.61µm
_16497_,9.61µm
_16655_,9.61µm
_17697_,9.61µm
_17856_,9.61µm
_18029_,9.61µm
u_debug_sys.u_spi_slave.rx_shift\[12\],9.61µm
u_fft_core.u_fft8_mdc2.u_mdc8p_stage3.next_data1_r\[4\],9.61µm
u_fft_core.u_shift_r4.data_im_q\[21\],9.61µm
_16419_,9.605µm
_03655_,9.6µm
_03942_,9.6µm
_04588_,9.6µm
_04996_,9.6µm
_05166_,9.6µm
_05174_,9.6µm
_05314_,9.6µm
_05550_,9.6µm
_07330_,9.6µm
_07844_,9.6µm
_09480_,9.6µm
_10224_,9.6µm
_10353_,9.6µm
_11098_,9.6µm
_12271_,9.6µm
_12830_,9.6µm
_13918_,9.6µm
_14205_,9.6µm
_14801_,9.6µm
_15128_,9.6µm
_15251_,9.6µm
_16032_,9.6µm
_16080_,9.6µm
_17339_,9.6µm
_17777_,9.6µm
_17827_,9.6µm
_18140_,9.6µm
net545,9.6µm
net903,9.6µm
net977,9.6µm
net1122,9.6µm
net1498,9.6µm
net1500,9.6µm
net2154,9.6µm
net4421,9.6µm
u_fft_core.u_fft8_mdc1.u_mdc8p_stage1.ds_switch_stage1.r_idata_i\[0\]\[0\],9.6µm
u_fft_core.u_fft8_mdc1.u_mdc8p_stage1.xfft_cell_route1.w_mult_i\[0\]\[3\],9.6µm
_15133_,9.595µm
_06410_,9.59µm
u_fft_core.u_shift_r4.data_re_q\[52\],9.585µm
_03325_,9.575µm
_10872_,9.57µm
_12070_,9.565µm
_03217_,9.56µm
_12442_,9.56µm
_15911_,9.56µm
_00232_,9.55µm
_00397_,9.55µm
_01056_,9.55µm
_01058_,9.55µm
_04294_,9.55µm
_05688_,9.55µm
_06217_,9.55µm
_06286_,9.55µm
_06401_,9.55µm
_06462_,9.55µm
_06478_,9.55µm
_06555_,9.55µm
_06765_,9.55µm
_06974_,9.55µm
_07453_,9.55µm
_09161_,9.55µm
_09473_,9.55µm
_10778_,9.55µm
_11319_,9.55µm
_11369_,9.55µm
_11724_,9.55µm
_11988_,9.55µm
_12683_,9.55µm
_12845_,9.55µm
_13593_,9.55µm
_13837_,9.55µm
_14031_,9.55µm
_14154_,9.55µm
_14200_,9.55µm
_14488_,9.55µm
_14971_,9.55µm
_15683_,9.55µm
_16918_,9.55µm
_17944_,9.55µm
u_fft_core.u_fft8_mdc0.u_mdc8p_stage1.u_btfly2.o_data1_i\[1\],9.55µm
u_fft_core.u_fft8_mdc2.u_mdc8p_stage1.ds_switch_stage1.o_data_1r\[8\],9.55µm
_02172_,9.54µm
_02544_,9.54µm
_02892_,9.54µm
_03396_,9.54µm
_05342_,9.54µm
_07852_,9.54µm
_08849_,9.54µm
_08983_,9.54µm
_10208_,9.54µm
_11493_,9.54µm
_11976_,9.54µm
_12181_,9.54µm
_13376_,9.54µm
_13944_,9.54µm
_15026_,9.54µm
_16727_,9.54µm
_17894_,9.54µm
u_fft_core.u_shift_r4.data_re_q\[39\],9.54µm
_03440_,9.535µm
_04062_,9.535µm
_05898_,9.535µm
_09675_,9.535µm
_10824_,9.535µm
_12088_,9.535µm
_17721_,9.535µm
net642,9.535µm
u_fft_core.u_fft8_mdc0.u_mdc8p_stage2.ds_switch_stage1.r_idata_i\[0\]\[0\],9.535µm
_08078_,9.53µm
_05343_,9.525µm
_13190_,9.525µm
u_fft_core.u_fft8_mdc3.u_mdc8p_stage2.ds_switch_stage1.o_data_0i\[0\],9.525µm
_04099_,9.52µm
_06514_,9.52µm
_11899_,9.52µm
_17326_,9.52µm
_12358_,9.51µm
_07922_,9.505µm
_12646_,9.505µm
_02088_,9.5µm
_03874_,9.5µm
_09316_,9.5µm
_10195_,9.5µm
_10794_,9.5µm
_11317_,9.5µm
_11428_,9.5µm
_14248_,9.5µm
_16491_,9.5µm
_17768_,9.5µm
_17830_,9.5µm
u_fft_core.fft4_data3_re\[3\],9.5µm
_01114_,9.49µm
_02016_,9.49µm
_02878_,9.49µm
_03978_,9.49µm
_04102_,9.49µm
_04978_,9.49µm
_05412_,9.49µm
_05778_,9.49µm
_05969_,9.49µm
_05992_,9.49µm
_06008_,9.49µm
_06051_,9.49µm
_06399_,9.49µm
_08035_,9.49µm
_09629_,9.49µm
_09674_,9.49µm
_09910_,9.49µm
_09961_,9.49µm
_10148_,9.49µm
_10500_,9.49µm
_10502_,9.49µm
_10714_,9.49µm
_10724_,9.49µm
_11328_,9.49µm
_11546_,9.49µm
_11582_,9.49µm
_12596_,9.49µm
_13388_,9.49µm
_14938_,9.49µm
_15030_,9.49µm
_15672_,9.49µm
_16872_,9.49µm
_17594_,9.49µm
net929,9.49µm
net1096,9.49µm
net1362,9.49µm
net1494,9.49µm
net1607,9.49µm
net1691,9.49µm
net2047,9.49µm
net2440,9.49µm
u_fft_core.u_fft8_mdc0.u_mdc8p_stage1.xfft_cell_route1.r_pp1_tw_i\[9\],9.49µm
u_fft_core.u_fft8_mdc1.u_mdc8p_stage1.ds_switch_stage1.o_data_0i\[1\],9.49µm
u_fft_core.u_fft8_mdc1.u_mdc8p_stage1.ds_switch_stage1.r_odata_r\[0\]\[7\],9.49µm
u_fft_core.u_fft8_mdc2.u_mdc8p_stage2.ds_switch_stage1.r_idata_i\[0\]\[7\],9.49µm
u_fft_core.u_fft8_mdc3.u_mdc8p_stage1.xfft_cell_route1.r_pp2_mult_i\[1\]\[9\],9.49µm
u_fft_core.u_twiddle_interface.mult1_re\[6\],9.49µm
_08688_,9.485µm
_16406_,9.485µm
_17565_,9.485µm
u_fft_core.u_fft8_mdc0.u_mdc8p_stage1.xfft_cell_route1.r_pp2_mult_r\[1\]\[4\],9.485µm
_00758_,9.48µm
_02071_,9.48µm
_02812_,9.48µm
_03653_,9.48µm
_05846_,9.48µm
_08846_,9.48µm
_09195_,9.48µm
_10317_,9.48µm
_12176_,9.48µm
_12641_,9.48µm
_12818_,9.48µm
_12981_,9.48µm
_13849_,9.48µm
_14656_,9.48µm
_15111_,9.48µm
_16571_,9.48µm
_16593_,9.48µm
_16880_,9.48µm
_18016_,9.48µm
net751,9.48µm
net4280,9.48µm
u_fft_core.u_fft8_mdc1.u_mdc8p_stage3.next_data0_i\[3\],9.48µm
u_fft_core.u_shift_r4.data_im_q\[47\],9.48µm
_05511_,9.475µm
_07013_,9.475µm
_10730_,9.475µm
_12161_,9.475µm
_15175_,9.475µm
_17626_,9.475µm
_17741_,9.475µm
_17916_,9.475µm
u_fft_core.u_fft8_mdc3.u_mdc8p_stage1.xfft_cell_route1.r_pp2_mult_r\[1\]\[17\],9.475µm
u_fft_core.u_fft8_mdc1.u_mdc8p_stage1.xfft_cell_route1.r_pp2_mult_r\[0\]\[11\],9.47µm
_12846_,9.465µm
_01375_,9.46µm
_02656_,9.46µm
_03731_,9.46µm
_16521_,9.46µm
_17538_,9.46µm
u_fft_core.u_fft8_mdc3.u_mdc8p_stage1.u_btfly2.o_data0_r\[7\],9.46µm
_04654_,9.45µm
_07408_,9.45µm
_02282_,9.44µm
_03062_,9.44µm
_03593_,9.44µm
_03880_,9.44µm
_03929_,9.44µm
_05114_,9.44µm
_05839_,9.44µm
_10603_,9.44µm
_10692_,9.44µm
_12051_,9.44µm
_12092_,9.44µm
_12933_,9.44µm
_15441_,9.44µm
_17359_,9.44µm
_17986_,9.44µm
u_fft_core.u_fft8_mdc0.u_mdc8p_stage1.xfft_cell_route1.r_pp2_mult_r\[0\]\[14\],9.44µm
u_fft_core.u_fft8_mdc0.u_mdc8p_stage1.xfft_cell_route1.r_pp2_mult_r\[0\]\[8\],9.44µm
u_fft_core.u_shift_r2_fft3.data_im_q\[11\],9.44µm
_07363_,9.435µm
_00230_,9.43µm
_00278_,9.43µm
_00315_,9.43µm
_01016_,9.43µm
_01158_,9.43µm
_01196_,9.43µm
_01679_,9.43µm
_01695_,9.43µm
_01953_,9.43µm
_02761_,9.43µm
_02763_,9.43µm
_03492_,9.43µm
_03616_,9.43µm
_08473_,9.43µm
_08859_,9.43µm
_09495_,9.43µm
_11867_,9.43µm
_13095_,9.43µm
_13383_,9.43µm
_16327_,9.43µm
u_fft_core.u_fft8_mdc2.u_mdc8p_stage1.ds_switch_stage1.w_data_1r\[0\],9.43µm
u_fft_core.u_fft8_mdc3.u_mdc8p_stage1.xfft_cell_route1.w_mult_i\[0\]\[6\],9.43µm
u_fft_core.u_shift_r4.data_im_q\[104\],9.43µm
_00157_,9.42µm
_02814_,9.42µm
_03938_,9.42µm
_04595_,9.42µm
_04870_,9.42µm
_06501_,9.42µm
_06911_,9.42µm
_07067_,9.42µm
_09190_,9.42µm
_11333_,9.42µm
_14871_,9.42µm
_15648_,9.42µm
_16323_,9.42µm
_17815_,9.42µm
_17826_,9.42µm
u_fft_core.u_buffer_parallel2serial.mem_im\[26\]\[5\],9.42µm
u_fft_core.u_fft8_mdc0.u_mdc8p_stage1.xfft_cell_route1.r_pp1_data_r\[5\],9.42µm
u_fft_core.u_twiddle_interface.data3_re_q\[0\],9.42µm
_04463_,9.415µm
_05225_,9.415µm
_09086_,9.415µm
_10255_,9.415µm
_10417_,9.415µm
_11337_,9.415µm
_11912_,9.415µm
_02369_,9.41µm
_03696_,9.41µm
_05198_,9.405µm
_06134_,9.39µm
_12841_,9.39µm
_13078_,9.39µm
u_fft_core.u_fft8_mdc1.u_mdc8p_stage2.r_data0_i\[5\],9.39µm
_03262_,9.385µm
_10364_,9.385µm
_00558_,9.38µm
_05370_,9.38µm
_06482_,9.38µm
_06550_,9.38µm
_07526_,9.38µm
_08425_,9.38µm
_08719_,9.38µm
_09525_,9.38µm
_10580_,9.38µm
_11645_,9.38µm
_11954_,9.38µm
_11997_,9.38µm
_13846_,9.38µm
_14583_,9.38µm
_14939_,9.38µm
_15046_,9.38µm
_15160_,9.38µm
_15615_,9.38µm
_16853_,9.38µm
u_fft_core.u_fft8_mdc3.u_mdc8p_stage1.xfft_cell_route1.r_pp2_mult_r\[0\]\[8\],9.38µm
u_fft_core.u_twiddle_interface.u_mult_2.u_clip.o_data_im\[6\],9.38µm
_00108_,9.37µm
_00209_,9.37µm
_00766_,9.37µm
_02353_,9.37µm
_03004_,9.37µm
_04078_,9.37µm
_04353_,9.37µm
_04440_,9.37µm
_05556_,9.37µm
_07402_,9.37µm
_07993_,9.37µm
_08170_,9.37µm
_08636_,9.37µm
_09246_,9.37µm
_09297_,9.37µm
_09643_,9.37µm
_10051_,9.37µm
_11109_,9.37µm
_11264_,9.37µm
_11896_,9.37µm
_12116_,9.37µm
_12714_,9.37µm
_12972_,9.37µm
_13551_,9.37µm
_13556_,9.37µm
_14010_,9.37µm
_14097_,9.37µm
_14103_,9.37µm
_15262_,9.37µm
_15881_,9.37µm
_16900_,9.37µm
net179,9.37µm
net390,9.37µm
net409,9.37µm
net432,9.37µm
net895,9.37µm
net1036,9.37µm
net1413,9.37µm
net1614,9.37µm
net1655,9.37µm
net1800,9.37µm
net2019,9.37µm
net2096,9.37µm
net2170,9.37µm
net2498,9.37µm
net2507,9.37µm
net2521,9.37µm
net2554,9.37µm
net2659,9.37µm
net4661,9.37µm
u_fft_core.u_buffer_parallel2serial.mem_im\[15\]\[6\],9.37µm
u_fft_core.u_buffer_parallel2serial.mem_re\[24\]\[6\],9.37µm
u_fft_core.u_buffer_parallel2serial.mem_re\[30\]\[5\],9.37µm
u_fft_core.u_fft8_mdc0.u_mdc8p_stage1.ds_switch_stage1.o_data_1r\[4\],9.37µm
u_fft_core.u_fft8_mdc1.u_mdc8p_stage2.ds_switch_stage1.i_data_1r\[5\],9.37µm
u_fft_core.u_fft8_mdc2.u_mdc8p_stage1.xfft_cell_route1.r_pp2_mult_r\[1\]\[9\],9.37µm
u_fft_core.u_fft8_mdc2.u_mdc8p_stage3.next_data0_r\[1\],9.37µm
_05409_,9.365µm
_09974_,9.365µm
_10446_,9.365µm
_13108_,9.365µm
_00443_,9.36µm
_00876_,9.36µm
_00892_,9.36µm
_00916_,9.36µm
_01113_,9.36µm
_01241_,9.36µm
_01263_,9.36µm
_01321_,9.36µm
_01515_,9.36µm
_01523_,9.36µm
_01534_,9.36µm
_01613_,9.36µm
_01711_,9.36µm
_01735_,9.36µm
_01786_,9.36µm
_01802_,9.36µm
_01848_,9.36µm
_01886_,9.36µm
_01938_,9.36µm
_01979_,9.36µm
_02854_,9.36µm
_03101_,9.36µm
_03821_,9.36µm
_04023_,9.36µm
_04357_,9.36µm
_04479_,9.36µm
_04480_,9.36µm
_04581_,9.36µm
_04653_,9.36µm
_05976_,9.36µm
_06011_,9.36µm
_06622_,9.36µm
_07564_,9.36µm
_07593_,9.36µm
_07701_,9.36µm
_08288_,9.36µm
_08863_,9.36µm
_09036_,9.36µm
_09863_,9.36µm
_10608_,9.36µm
_11222_,9.36µm
_11380_,9.36µm
_11421_,9.36µm
_11549_,9.36µm
_12579_,9.36µm
_12628_,9.36µm
_12809_,9.36µm
_13034_,9.36µm
_13692_,9.36µm
_14040_,9.36µm
_14431_,9.36µm
_15609_,9.36µm
_15816_,9.36µm
_15998_,9.36µm
_17606_,9.36µm
_18032_,9.36µm
net80,9.36µm
net149,9.36µm
net244,9.36µm
net682,9.36µm
net735,9.36µm
net828,9.36µm
net1403,9.36µm
net1549,9.36µm
net1566,9.36µm
net1697,9.36µm
net1778,9.36µm
net1785,9.36µm
net1802,9.36µm
net1991,9.36µm
net2123,9.36µm
net2181,9.36µm
net2511,9.36µm
net2602,9.36µm
net2680,9.36µm
net2686,9.36µm
net4287,9.36µm
net4335,9.36µm
net4393,9.36µm
net4608,9.36µm
net4643,9.36µm
u_fft_core.u_fft8_mdc2.u_mdc8p_stage2.ds_switch_stage1.r_idata_i\[0\]\[9\],9.36µm
_07557_,9.355µm
_10566_,9.355µm
_10846_,9.355µm
_11705_,9.355µm
_12017_,9.355µm
u_fft_core.u_fft8_mdc1.u_mdc8p_stage1.ds_switch_stage1.r_idata_r\[1\]\[0\],9.355µm
u_fft_core.u_fft8_mdc0.u_mdc8p_stage2.r_data0_i\[8\],9.35µm
_18047_,9.345µm
_08637_,9.335µm
_12891_,9.335µm
u_fft_core.u_shift_r4.data_im_q\[41\],9.335µm
_02637_,9.33µm
_02916_,9.33µm
_05642_,9.33µm
_10358_,9.33µm
_11451_,9.33µm
u_fft_core.u_fft4.s2_x1_re\[8\],9.33µm
u_fft_core.u_fft8_mdc1.u_mdc8p_stage1.xfft_cell_route1.r_pp2_mult_r\[1\]\[9\],9.33µm
u_fft_core.u_fft8_mdc3.u_mdc8p_stage2.ds_switch_stage1.o_data_0r\[0\],9.33µm
_03315_,9.32µm
_04366_,9.32µm
_05253_,9.32µm
_08313_,9.32µm
_11534_,9.32µm
_12053_,9.32µm
_13936_,9.32µm
_16917_,9.32µm
_02065_,9.31µm
_10169_,9.31µm
_10770_,9.31µm
_12060_,9.31µm
_12132_,9.31µm
u_fft_core.u_fft8_mdc2.u_mdc8p_stage2.ds_switch_stage1.i_data_1r\[4\],9.31µm
u_fft_core.u_fft8_mdc3.u_mdc8p_stage1.xfft_cell_route1.w_mult_r\[0\]\[11\],9.31µm
u_fft_core.u_fft8_mdc3.u_mdc8p_stage2.ds_switch_stage1.r_idata_r\[0\]\[0\],9.31µm
_04858_,9.305µm
_16546_,9.305µm
_04273_,9.3µm
_04372_,9.3µm
_04748_,9.3µm
_05324_,9.3µm
_08390_,9.3µm
_10871_,9.3µm
_11253_,9.3µm
_13351_,9.3µm
_17681_,9.3µm
u_debug_sys.addr_out\[3\],9.3µm
_04370_,9.295µm
_12102_,9.295µm
_07064_,9.29µm
_11155_,9.29µm
_04945_,9.285µm
_06086_,9.285µm
_06712_,9.285µm
_10697_,9.285µm
_06250_,9.28µm
_08556_,9.28µm
_17622_,9.275µm
_02302_,9.27µm
_05662_,9.27µm
_07476_,9.27µm
_07725_,9.27µm
_08212_,9.27µm
_08477_,9.27µm
_12695_,9.27µm
_13499_,9.27µm
_12737_,9.265µm
_02376_,9.26µm
_02876_,9.26µm
_03425_,9.26µm
_04127_,9.26µm
_04451_,9.26µm
_06915_,9.26µm
_08363_,9.26µm
_08812_,9.26µm
_09758_,9.26µm
_10848_,9.26µm
_11106_,9.26µm
_11151_,9.26µm
_11366_,9.26µm
_12511_,9.26µm
_12620_,9.26µm
_14395_,9.26µm
_17595_,9.26µm
_17664_,9.26µm
_17774_,9.26µm
_08039_,9.255µm
_04992_,9.25µm
_06840_,9.25µm
_07071_,9.25µm
_08038_,9.25µm
_08504_,9.25µm
_09103_,9.25µm
_09255_,9.25µm
_12018_,9.25µm
_12906_,9.25µm
_13246_,9.25µm
_15335_,9.25µm
_15351_,9.25µm
u_fft_core.u_shift_r4.data_im_q\[111\],9.25µm
u_fft_core.u_shift_r4.valid_q\[15\],9.25µm
_17719_,9.245µm
_00346_,9.24µm
_00790_,9.24µm
_05946_,9.24µm
_08177_,9.24µm
_10180_,9.24µm
_11823_,9.24µm
_12050_,9.24µm
_13261_,9.24µm
_16714_,9.24µm
_17112_,9.24µm
_17568_,9.24µm
u_fft_core.u_fft8_mdc1.u_mdc8p_stage1.ds_switch_stage1.o_data_0r\[5\],9.24µm
u_fft_core.u_fft8_mdc1.u_mdc8p_stage1.r_bt0_r\[0\]\[7\],9.24µm
u_fft_core.u_fft8_mdc2.u_mdc8p_stage2.ds_switch_stage1.o_data_0i\[6\],9.24µm
_02083_,9.235µm
_11615_,9.235µm
u_fft_core.u_fft8_mdc3.u_mdc8p_stage2.r_data1_r\[0\],9.23µm
_08352_,9.225µm
_13510_,9.225µm
_13984_,9.225µm
_10647_,9.22µm
_07916_,9.215µm
_11325_,9.215µm
_03918_,9.21µm
_08820_,9.21µm
_08946_,9.21µm
_09988_,9.21µm
net1189,9.21µm
_06611_,9.205µm
_12120_,9.205µm
_02392_,9.2µm
_03493_,9.2µm
_04114_,9.2µm
_04761_,9.2µm
_05582_,9.2µm
_08824_,9.2µm
_11719_,9.2µm
_13311_,9.2µm
_07642_,9.195µm
_17692_,9.195µm
_00635_,9.19µm
_02846_,9.19µm
_03664_,9.19µm
_04182_,9.19µm
_04244_,9.19µm
_07069_,9.19µm
_07186_,9.19µm
_11569_,9.19µm
u_fft_core.u_fft8_mdc0.u_mdc8p_stage1.r_bt0_i\[0\]\[4\],9.19µm
u_fft_core.u_fft8_mdc3.u_mdc8p_stage2.ds_switch_stage1.i_data_1r\[10\],9.19µm
u_fft_core.u_shift_r4.data_im_q\[81\],9.19µm
_01395_,9.18µm
_02215_,9.18µm
_02797_,9.18µm
_02946_,9.18µm
_06209_,9.18µm
_07533_,9.18µm
_10222_,9.18µm
_11655_,9.18µm
_11668_,9.18µm
_12406_,9.18µm
_12837_,9.18µm
_14015_,9.18µm
_14579_,9.18µm
_14734_,9.18µm
_14862_,9.18µm
_15059_,9.18µm
_15781_,9.18µm
_15892_,9.18µm
_16380_,9.18µm
_16390_,9.18µm
_16436_,9.18µm
_16744_,9.18µm
_16930_,9.18µm
_17751_,9.18µm
u_fft_core.u_buffer_parallel2serial.mem_im\[17\]\[7\],9.18µm
u_fft_core.u_fft8_mdc0.u_mdc8p_stage2.ds_switch_stage1.o_data_0i\[3\],9.18µm
_15199_,9.165µm
net2006,9.165µm
_12487_,9.16µm
_07874_,9.155µm
_04469_,9.15µm
_06775_,9.15µm
u_fft_core.u_fft4.r_x2_im\[6\],9.15µm
_12505_,9.145µm
_05464_,9.14µm
_06766_,9.14µm
_08581_,9.14µm
_09574_,9.14µm
_14407_,9.14µm
_06487_,9.135µm
_00731_,9.13µm
_01280_,9.13µm
_01867_,9.13µm
_04249_,9.13µm
_05776_,9.13µm
_06064_,9.13µm
_09903_,9.13µm
_10025_,9.13µm
_10374_,9.13µm
_10522_,9.13µm
_11946_,9.13µm
_12594_,9.13µm
_13122_,9.13µm
_13411_,9.13µm
_14367_,9.13µm
_15050_,9.13µm
_16180_,9.13µm
_16222_,9.13µm
_16334_,9.13µm
_17674_,9.13µm
_18121_,9.13µm
u_fft_core.u_fft8_mdc0.u_mdc8p_stage1.ds_switch_stage1.w_data_1i\[2\],9.13µm
u_fft_core.u_fft8_mdc0.u_mdc8p_stage2.ds_switch_stage1.valid_nstate,9.13µm
_00065_,9.12µm
_01399_,9.12µm
_02181_,9.12µm
_02274_,9.12µm
_02318_,9.12µm
_02415_,9.12µm
_03679_,9.12µm
_04040_,9.12µm
_04222_,9.12µm
_05042_,9.12µm
_05200_,9.12µm
_05965_,9.12µm
_06007_,9.12µm
_06010_,9.12µm
_07161_,9.12µm
_07435_,9.12µm
_08271_,9.12µm
_08274_,9.12µm
_08665_,9.12µm
_08842_,9.12µm
_08854_,9.12µm
_09083_,9.12µm
_09386_,9.12µm
_10393_,9.12µm
_10447_,9.12µm
_11329_,9.12µm
_11456_,9.12µm
_11577_,9.12µm
_11639_,9.12µm
_12272_,9.12µm
_13297_,9.12µm
_13622_,9.12µm
_13693_,9.12µm
_13741_,9.12µm
_14529_,9.12µm
_16301_,9.12µm
_16314_,9.12µm
_16519_,9.12µm
_17040_,9.12µm
_17395_,9.12µm
_17564_,9.12µm
_17617_,9.12µm
net162,9.12µm
net248,9.12µm
net265,9.12µm
net743,9.12µm
net1157,9.12µm
net1346,9.12µm
net1582,9.12µm
net2040,9.12µm
net2241,9.12µm
net2413,9.12µm
net2419,9.12µm
net2443,9.12µm
net2526,9.12µm
net4554,9.12µm
u_fft_core.u_buffer_parallel2serial.mem_im\[9\]\[1\],9.12µm
u_fft_core.u_fft8_mdc0.u_mdc8p_stage2.ds_switch_stage1.r_idata_r\[0\]\[0\],9.12µm
u_fft_core.u_fft8_mdc0.u_mdc8p_stage2.ds_switch_stage1.w_data_1r\[8\],9.12µm
u_fft_core.u_fft8_mdc1.u_mdc8p_stage1.u_btfly2.o_data1_r\[6\],9.12µm
u_fft_core.u_fft8_mdc2.u_mdc8p_stage2.ds_switch_stage1.i_data_1i\[2\],9.12µm
u_fft_core.u_fft8_mdc3.u_mdc8p_stage1.ds_switch_stage1.o_data_0i\[5\],9.12µm
u_fft_core.u_fft8_mdc3.u_mdc8p_stage1.xfft_cell_route1.r_pp2_mult_r\[1\]\[0\],9.12µm
u_fft_core.u_fft8_mdc3.u_mdc8p_stage1.xfft_cell_route1.r_pp2_mult_r\[1\]\[12\],9.12µm
u_fft_core.u_shift_r4.data_im_q\[173\],9.12µm
_09669_,9.115µm
_11304_,9.115µm
u_fft_core.u_shift_r2_fft0.valid_q\[2\],9.11µm
_01584_,9.105µm
_18109_,9.105µm
net4218,9.1µm
_04573_,9.095µm
_07963_,9.095µm
_09228_,9.095µm
_09677_,9.095µm
_13142_,9.095µm
_16252_,9.085µm
_09901_,9.08µm
_00033_,9.07µm
_01173_,9.07µm
_01209_,9.07µm
_01238_,9.07µm
_01392_,9.07µm
_01738_,9.07µm
_02030_,9.07µm
_02242_,9.07µm
_03243_,9.07µm
_03725_,9.07µm
_04134_,9.07µm
_04242_,9.07µm
_04695_,9.07µm
_05303_,9.07µm
_06054_,9.07µm
_06113_,9.07µm
_06183_,9.07µm
_06188_,9.07µm
_06445_,9.07µm
_09096_,9.07µm
_10111_,9.07µm
_11562_,9.07µm
_12550_,9.07µm
_12603_,9.07µm
_12685_,9.07µm
_14258_,9.07µm
_14311_,9.07µm
_14440_,9.07µm
_14585_,9.07µm
_15393_,9.07µm
_15902_,9.07µm
_15922_,9.07µm
_17108_,9.07µm
_17316_,9.07µm
_17967_,9.07µm
_18112_,9.07µm
u_fft_core.u_fft8_mdc0.u_mdc8p_stage1.xfft_cell_route1.w_mult_r\[1\]\[3\],9.07µm
u_fft_core.u_fft8_mdc1.u_mdc8p_stage1.ds_switch_stage1.w_data_1r\[5\],9.07µm
u_fft_core.u_shift_r4.data_im_q\[117\],9.07µm
_00900_,9.06µm
_02014_,9.06µm
_02498_,9.06µm
_02675_,9.06µm
_03064_,9.06µm
_04254_,9.06µm
_04491_,9.06µm
_04692_,9.06µm
_06058_,9.06µm
_06238_,9.06µm
_06913_,9.06µm
_07094_,9.06µm
_07735_,9.06µm
_08314_,9.06µm
_10065_,9.06µm
_10427_,9.06µm
_11581_,9.06µm
_11670_,9.06µm
_12468_,9.06µm
_13139_,9.06µm
_14136_,9.06µm
_14885_,9.06µm
_15932_,9.06µm
_18124_,9.06µm
u_fft_core.u_fft8_mdc3.u_mdc8p_stage1.xfft_cell_route1.w_mult_r\[0\]\[1\],9.06µm
u_fft_core.u_shift_r4.data_im_q\[91\],9.06µm
_06190_,9.055µm
_06873_,9.055µm
_09030_,9.055µm
_12247_,9.055µm
_02234_,9.05µm
_03553_,9.045µm
_16338_,9.045µm
net2024,9.045µm
_03003_,9.04µm
_07601_,9.04µm
u_fft_core.u_fft8_mdc0.u_mdc8p_stage1.ds_switch_stage1.r_idata_i\[1\]\[9\],9.03µm
_16673_,9.025µm
_03344_,9.02µm
_03574_,9.02µm
_04162_,9.02µm
_05142_,9.02µm
_10137_,9.02µm
_10488_,9.02µm
_10742_,9.02µm
_11122_,9.02µm
_13126_,9.02µm
u_fft_core.u_fft8_mdc0.u_mdc8p_stage1.ds_switch_stage1.i_data_0r\[2\],9.02µm
u_fft_core.u_fft8_mdc0.u_mdc8p_stage2.r_data0_r\[0\],9.02µm
u_fft_core.u_fft8_mdc2.u_mdc8p_stage1.xfft_cell_route1.r_pp2_mult_r\[1\]\[15\],9.02µm
_00152_,9.01µm
_01346_,9.01µm
_02170_,9.01µm
_02689_,9.01µm
_04820_,9.01µm
_05848_,9.01µm
_07420_,9.01µm
_07615_,9.01µm
_07845_,9.01µm
_07846_,9.01µm
_07853_,9.01µm
_07992_,9.01µm
_08651_,9.01µm
_09152_,9.01µm
_09229_,9.01µm
_09368_,9.01µm
_09606_,9.01µm
_09900_,9.01µm
_10373_,9.01µm
_10471_,9.01µm
_10698_,9.01µm
_12074_,9.01µm
_12949_,9.01µm
_14014_,9.01µm
_15352_,9.01µm
_15379_,9.01µm
_17293_,9.01µm
_17537_,9.01µm
_17556_,9.01µm
net144,9.01µm
net434,9.01µm
net776,9.01µm
net853,9.01µm
net1028,9.01µm
net1330,9.01µm
net1372,9.01µm
net2053,9.01µm
net2109,9.01µm
u_fft_core.u_fft8_mdc2.u_mdc8p_stage1.ds_switch_stage1.i_data_0r\[1\],9.01µm
_08102_,9.005µm
_08650_,9.005µm
u_debug_sys.u_debug_unit.cnt_outputs_sync\[2\],9.005µm
u_fft_core.u_fft8_mdc3.u_mdc8p_stage2.ds_switch_stage1.r_idata_i\[0\]\[10\],9.005µm
_00553_,9µm
_01593_,9µm
_02937_,9µm
_03317_,9µm
_05570_,9µm
_06191_,9µm
_06998_,9µm
_07190_,9µm
_07496_,9µm
_07895_,9µm
_08353_,9µm
_08401_,9µm
_08758_,9µm
_08923_,9µm
_09156_,9µm
_09510_,9µm
_09742_,9µm
_09942_,9µm
_10099_,9µm
_11576_,9µm
_11605_,9µm
_12334_,9µm
_12445_,9µm
_13666_,9µm
_16125_,9µm
_17511_,9µm
_17645_,9µm
net530,9µm
net818,9µm
net2175,9µm
net2176,9µm
net2582,9µm
net2631,9µm
net4326,9µm
net4380,9µm
u_fft_core.u_fft4.s2_x3_im\[4\],9µm
u_fft_core.u_fft8_mdc1.u_mdc8p_stage2.ds_switch_stage1.i_data_1i\[6\],9µm
u_fft_core.u_fft8_mdc3.u_mdc8p_stage1.xfft_cell_route1.w_mult_i\[1\]\[17\],9µm
u_fft_core.u_shift_r2_fft1.data_im_q\[10\],9µm
u_fft_core.u_shift_r4.data_im_q\[160\],9µm
u_fft_core.u_shift_r4.data_re_q\[98\],9µm
clknet_leaf_168_i_clk,9µm
_02691_,8.995µm
_02933_,8.995µm
_07531_,8.995µm
_08334_,8.995µm
_10699_,8.995µm
_14371_,8.995µm
_15518_,8.995µm
_16989_,8.995µm
_17782_,8.995µm
u_fft_core.u_twiddle_interface.mult2_im\[5\],8.995µm
_04026_,8.98µm
_09616_,8.98µm
_13428_,8.98µm
_17548_,8.98µm
_10610_,8.975µm
_09147_,8.97µm
_11039_,8.965µm
_02866_,8.96µm
_03946_,8.96µm
_06791_,8.96µm
_09022_,8.96µm
_09461_,8.96µm
_09986_,8.96µm
_11491_,8.96µm
u_fft_core.twiddle_data1_im\[4\],8.96µm
u_fft_core.u_shift_r2_fft2.data_re_q\[27\],8.96µm
_12361_,8.955µm
_15303_,8.955µm
_00158_,8.95µm
_00396_,8.95µm
_00636_,8.95µm
_00684_,8.95µm
_00896_,8.95µm
_01539_,8.95µm
_01546_,8.95µm
_01641_,8.95µm
_03780_,8.95µm
_07288_,8.95µm
_09989_,8.95µm
_10810_,8.95µm
_12367_,8.95µm
_12913_,8.95µm
_13953_,8.95µm
_14602_,8.95µm
_15147_,8.95µm
u_fft_core.u_fft8_mdc2.u_mdc8p_stage1.ds_switch_stage1.w_data_1r\[3\],8.95µm
_05638_,8.945µm
_02828_,8.94µm
_03689_,8.94µm
_03782_,8.94µm
_03850_,8.94µm
_06700_,8.94µm
_07359_,8.94µm
_07546_,8.94µm
_09018_,8.94µm
_09185_,8.94µm
_10688_,8.94µm
_11221_,8.94µm
_12631_,8.94µm
_13599_,8.94µm
_15909_,8.94µm
_16076_,8.94µm
_17334_,8.94µm
u_fft_core.u_fft8_mdc1.u_mdc8p_stage1.xfft_cell_route1.w_mult_r\[1\]\[16\],8.94µm
u_fft_core.u_shift_r2_fft2.data_re_q\[13\],8.94µm
u_fft_core.u_twiddle_interface.data2_re_q\[4\],8.94µm
_03995_,8.935µm
_08108_,8.935µm
_08306_,8.935µm
_10685_,8.935µm
_11977_,8.935µm
_12851_,8.935µm
_17499_,8.935µm
u_fft_core.u_fft8_mdc0.u_mdc8p_stage1.xfft_cell_route1.r_pp2_mult_r\[0\]\[17\],8.935µm
_07090_,8.93µm
_08249_,8.93µm
_09872_,8.93µm
u_fft_core.u_shift_r2_fft1.data_im_q\[22\],8.915µm
_02512_,8.91µm
_02676_,8.91µm
_08757_,8.91µm
_11797_,8.91µm
u_fft_core.u_fft8_mdc0.u_mdc8p_stage2.ds_switch_stage1.o_data_0i\[7\],8.91µm
u_fft_core.u_fft8_mdc0.u_mdc8p_stage1.ds_switch_stage1.valid_nstate,8.905µm
_03698_,8.9µm
_04047_,8.9µm
_04060_,8.9µm
_04386_,8.9µm
_07023_,8.9µm
_07050_,8.9µm
_08031_,8.9µm
_09471_,8.9µm
_09633_,8.9µm
_11743_,8.9µm
_13542_,8.9µm
_13987_,8.9µm
_14819_,8.9µm
_16649_,8.9µm
_17412_,8.9µm
_17467_,8.9µm
_17710_,8.9µm
u_fft_core.u_fft8_mdc1.u_mdc8p_stage1.xfft_cell_route1.w_mult_i\[0\]\[9\],8.9µm
u_fft_core.u_fft8_mdc1.u_mdc8p_stage2.ds_switch_stage1.w_data_1r\[7\],8.9µm
_12479_,8.895µm
_00328_,8.89µm
_02563_,8.89µm
_04233_,8.89µm
_04535_,8.89µm
_04686_,8.89µm
_04879_,8.89µm
_05261_,8.89µm
_05748_,8.89µm
_06131_,8.89µm
_07618_,8.89µm
_07767_,8.89µm
_08037_,8.89µm
_09937_,8.89µm
_10326_,8.89µm
_10614_,8.89µm
_10973_,8.89µm
_11072_,8.89µm
_12449_,8.89µm
_12803_,8.89µm
_13546_,8.89µm
_14252_,8.89µm
_14626_,8.89µm
_15288_,8.89µm
_15721_,8.89µm
_17180_,8.89µm
_17657_,8.89µm
_17754_,8.89µm
_18025_,8.89µm
_18159_,8.89µm
net169,8.89µm
net683,8.89µm
net1858,8.89µm
net1958,8.89µm
net1986,8.89µm
net2417,8.89µm
net2496,8.89µm
net2636,8.89µm
net2656,8.89µm
net4166,8.89µm
net4215,8.89µm
net4527,8.89µm
net4567,8.89µm
net4652,8.89µm
u_fft_core.u_fft8_mdc1.u_mdc8p_stage1.ds_switch_stage1.o_data_1r\[1\],8.89µm
u_fft_core.u_fft8_mdc1.u_mdc8p_stage2.ds_switch_stage1.i_data_1r\[0\],8.89µm
u_fft_core.u_fft8_mdc3.u_mdc8p_stage1.ds_switch_stage1.i_data_0i\[3\],8.89µm
u_fft_core.u_shift_r2_fft0.data_re_q\[14\],8.89µm
u_fft_core.u_shift_r2_fft2.data_im_q\[10\],8.89µm
u_fft_core.u_shift_r4.data_im_q\[141\],8.89µm
u_fft_core.u_shift_r4.data_im_q\[39\],8.89µm
u_fft_core.u_shift_r4.data_re_q\[47\],8.89µm
_07522_,8.885µm
_09014_,8.885µm
_18125_,8.885µm
_00170_,8.88µm
_00291_,8.88µm
_00379_,8.88µm
_00796_,8.88µm
_00956_,8.88µm
_01188_,8.88µm
_01276_,8.88µm
_01281_,8.88µm
_01490_,8.88µm
_01712_,8.88µm
_02188_,8.88µm
_03098_,8.88µm
_03173_,8.88µm
_03235_,8.88µm
_03388_,8.88µm
_03660_,8.88µm
_04275_,8.88µm
_04577_,8.88µm
_06576_,8.88µm
_07118_,8.88µm
_07169_,8.88µm
_07240_,8.88µm
_07516_,8.88µm
_08796_,8.88µm
_08978_,8.88µm
_10271_,8.88µm
_10378_,8.88µm
_11868_,8.88µm
_11950_,8.88µm
_12875_,8.88µm
_13366_,8.88µm
_14132_,8.88µm
_14283_,8.88µm
_14783_,8.88µm
_16193_,8.88µm
_17823_,8.88µm
net106,8.88µm
net107,8.88µm
net114,8.88µm
net119,8.88µm
net132,8.88µm
net148,8.88µm
net151,8.88µm
net153,8.88µm
net156,8.88µm
net184,8.88µm
net218,8.88µm
net222,8.88µm
net235,8.88µm
net269,8.88µm
net325,8.88µm
net326,8.88µm
net330,8.88µm
net346,8.88µm
net348,8.88µm
net350,8.88µm
net389,8.88µm
net396,8.88µm
net407,8.88µm
net503,8.88µm
net533,8.88µm
net534,8.88µm
net541,8.88µm
net549,8.88µm
net550,8.88µm
net556,8.88µm
net575,8.88µm
net694,8.88µm
net717,8.88µm
net773,8.88µm
net804,8.88µm
net815,8.88µm
net834,8.88µm
net867,8.88µm
net888,8.88µm
net930,8.88µm
net932,8.88µm
net956,8.88µm
net958,8.88µm
net1020,8.88µm
net1032,8.88µm
net1059,8.88µm
net1093,8.88µm
net1099,8.88µm
net1117,8.88µm
net1118,8.88µm
net1138,8.88µm
net1156,8.88µm
net1188,8.88µm
net1246,8.88µm
net1263,8.88µm
net1321,8.88µm
net1332,8.88µm
net1353,8.88µm
net1385,8.88µm
net1428,8.88µm
net1467,8.88µm
net1495,8.88µm
net1533,8.88µm
net1604,8.88µm
net1618,8.88µm
net1672,8.88µm
net1675,8.88µm
net1680,8.88µm
net1790,8.88µm
net1795,8.88µm
net1853,8.88µm
net1882,8.88µm
net1889,8.88µm
net1909,8.88µm
net1921,8.88µm
net1926,8.88µm
net1981,8.88µm
net1985,8.88µm
net2016,8.88µm
net2043,8.88µm
net2119,8.88µm
net2145,8.88µm
net2155,8.88µm
net2164,8.88µm
net2198,8.88µm
net2233,8.88µm
net2240,8.88µm
net2316,8.88µm
net2349,8.88µm
net2367,8.88µm
net2399,8.88µm
net2403,8.88µm
net2412,8.88µm
net2549,8.88µm
net2673,8.88µm
net4232,8.88µm
net4252,8.88µm
net4292,8.88µm
net4305,8.88µm
net4336,8.88µm
net4360,8.88µm
net4368,8.88µm
net4398,8.88µm
net4434,8.88µm
net4455,8.88µm
net4470,8.88µm
net4498,8.88µm
net4512,8.88µm
net4521,8.88µm
net4523,8.88µm
net4528,8.88µm
net4589,8.88µm
net4601,8.88µm
net4613,8.88µm
net4615,8.88µm
net4626,8.88µm
net4651,8.88µm
net4658,8.88µm
net4670,8.88µm
u_fft_core.u_fft8_mdc0.u_mdc8p_stage1.ds_switch_stage1.r_idata_i\[1\]\[7\],8.88µm
_03729_,8.875µm
_04582_,8.875µm
_04669_,8.875µm
_09071_,8.875µm
_09879_,8.875µm
_10755_,8.875µm
_11679_,8.875µm
_12590_,8.875µm
_17792_,8.875µm
u_fft_core.u_fft8_mdc3.u_mdc8p_stage1.xfft_cell_route1.r_pp2_mult_i\[1\]\[16\],8.875µm
_07842_,8.855µm
u_fft_core.u_shift_r4.data_re_q\[184\],8.855µm
_04493_,8.85µm
_09963_,8.85µm
_12156_,8.85µm
_12730_,8.85µm
u_fft_core.u_fft8_mdc2.u_mdc8p_stage2.ds_switch_stage1.o_data_0i\[5\],8.85µm
_01818_,8.845µm
_04752_,8.845µm
_15914_,8.845µm
_02227_,8.84µm
_02960_,8.84µm
_04674_,8.84µm
_12371_,8.84µm
_17766_,8.84µm
_07008_,8.835µm
_09041_,8.835µm
_00427_,8.83µm
_01368_,8.83µm
_02306_,8.83µm
_03718_,8.83µm
_05065_,8.83µm
_06012_,8.83µm
_06678_,8.83µm
_07034_,8.83µm
_07592_,8.83µm
_10852_,8.83µm
_11183_,8.83µm
_11687_,8.83µm
_12428_,8.83µm
_12710_,8.83µm
_12713_,8.83µm
_13675_,8.83µm
_17072_,8.83µm
_17496_,8.83µm
u_fft_core.u_fft8_mdc0.u_mdc8p_stage1.xfft_cell_route1.w_mult_r\[0\]\[14\],8.83µm
u_fft_core.u_fft8_mdc1.u_mdc8p_stage1.xfft_cell_route1.r_pp2_mult_i\[1\]\[16\],8.83µm
_15589_,8.825µm
_07146_,8.82µm
_11249_,8.82µm
_12715_,8.82µm
u_fft_core.u_fft8_mdc2.u_mdc8p_stage2.ds_switch_stage1.r_idata_r\[0\]\[4\],8.82µm
u_fft_core.u_shift_r2_fft3.data_im_q\[12\],8.82µm
u_fft_core.u_shift_r4.data_im_q\[109\],8.82µm
_02719_,8.815µm
_05257_,8.815µm
_08900_,8.81µm
_01011_,8.805µm
_17481_,8.805µm
_06929_,8.79µm
_09055_,8.79µm
_09153_,8.79µm
_10067_,8.79µm
_10908_,8.79µm
_12339_,8.79µm
_13459_,8.79µm
_15072_,8.79µm
_15804_,8.79µm
_08307_,8.785µm
_10018_,8.785µm
_02298_,8.78µm
_03184_,8.78µm
_04238_,8.78µm
_05140_,8.78µm
_05668_,8.78µm
_05769_,8.78µm
_07077_,8.78µm
_07444_,8.78µm
_08040_,8.78µm
_08731_,8.78µm
_12026_,8.78µm
_12680_,8.78µm
_13306_,8.78µm
u_fft_core.u_fft8_mdc2.u_mdc8p_stage1.ds_switch_stage1.i_data_0i\[1\],8.78µm
_07774_,8.775µm
u_fft_core.u_fft8_mdc1.u_mdc8p_stage2.r_data0_r\[3\],8.775µm
_02914_,8.77µm
_03342_,8.77µm
_08748_,8.77µm
_09324_,8.77µm
_09624_,8.77µm
_09846_,8.77µm
_10656_,8.77µm
_11027_,8.77µm
_11450_,8.77µm
_13416_,8.77µm
_14841_,8.77µm
_15638_,8.77µm
_17589_,8.77µm
u_fft_core.u_fft8_mdc0.u_mdc8p_stage1.ds_switch_stage1.o_data_0r\[4\],8.77µm
_00120_,8.76µm
_01659_,8.76µm
_01703_,8.76µm
_02969_,8.76µm
_04884_,8.76µm
_05904_,8.76µm
_08347_,8.76µm
_10031_,8.76µm
_10464_,8.76µm
_12030_,8.76µm
_13029_,8.76µm
_13300_,8.76µm
_14882_,8.76µm
_16508_,8.76µm
_16805_,8.76µm
u_fft_core.u_fft8_mdc0.u_mdc8p_stage1.ds_switch_stage1.w_data_1i\[5\],8.76µm
u_fft_core.u_fft8_mdc1.u_mdc8p_stage2.ds_switch_stage1.o_data_0r\[4\],8.76µm
_03894_,8.745µm
_07185_,8.745µm
_09813_,8.745µm
_11684_,8.735µm
_08199_,8.73µm
_09098_,8.73µm
_17765_,8.725µm
_02382_,8.72µm
_02641_,8.72µm
_03721_,8.72µm
_04431_,8.72µm
_04876_,8.72µm
_08277_,8.72µm
_08300_,8.72µm
_11226_,8.72µm
_11529_,8.72µm
_16580_,8.72µm
_06901_,8.715µm
_03477_,8.71µm
_05796_,8.71µm
_06673_,8.71µm
_06936_,8.71µm
_11604_,8.71µm
_13323_,8.71µm
u_fft_core.u_fft8_mdc0.u_mdc8p_stage1.u_btfly2.o_data1_r\[1\],8.71µm
u_fft_core.u_fft8_mdc1.u_mdc8p_stage1.ds_switch_stage1.i_data_1r\[0\],8.71µm
u_fft_core.u_fft8_mdc2.u_mdc8p_stage1.ds_switch_stage1.o_data_0r\[8\],8.71µm
u_fft_core.u_fft8_mdc2.u_mdc8p_stage2.ds_switch_stage1.w_data_1i\[5\],8.71µm
u_fft_core.u_fft8_mdc2.u_mdc8p_stage2.ds_switch_stage1.w_data_1r\[6\],8.71µm
u_fft_core.u_shift_r2_fft0.data_im_q\[22\],8.71µm
_00615_,8.7µm
_02185_,8.7µm
_02256_,8.7µm
_02744_,8.7µm
_02825_,8.7µm
_04860_,8.7µm
_05340_,8.7µm
_06589_,8.7µm
_06606_,8.7µm
_07367_,8.7µm
_07479_,8.7µm
_07776_,8.7µm
_07788_,8.7µm
_07961_,8.7µm
_08523_,8.7µm
_08780_,8.7µm
_10341_,8.7µm
_10494_,8.7µm
_11559_,8.7µm
_12149_,8.7µm
_13454_,8.7µm
_14027_,8.7µm
_16248_,8.7µm
_16397_,8.7µm
_17172_,8.7µm
_17331_,8.7µm
_17899_,8.7µm
u_fft_core.u_fft8_mdc0.u_mdc8p_stage1.ds_switch_stage1.o_data_1r\[6\],8.7µm
u_fft_core.u_fft8_mdc0.u_mdc8p_stage2.ds_switch_stage1.o_data_0r\[0\],8.7µm
_16527_,8.685µm
_16899_,8.685µm
_04658_,8.675µm
_05202_,8.675µm
_07584_,8.675µm
_03765_,8.665µm
_18165_,8.665µm
_07939_,8.66µm
_09591_,8.66µm
u_fft_core.u_fft8_mdc3.u_mdc8p_stage1.xfft_cell_route1.r_pp2_mult_r\[1\]\[10\],8.66µm
_00764_,8.65µm
_02536_,8.65µm
_02554_,8.65µm
_03167_,8.65µm
_04432_,8.65µm
_04939_,8.65µm
_05022_,8.65µm
_05461_,8.65µm
_06061_,8.65µm
_09127_,8.65µm
_10909_,8.65µm
_11831_,8.65µm
_13099_,8.65µm
_13934_,8.65µm
_14487_,8.65µm
_14668_,8.65µm
_14874_,8.65µm
_15024_,8.65µm
_15184_,8.65µm
_15964_,8.65µm
_16826_,8.65µm
u_fft_core.u_fft8_mdc1.u_mdc8p_stage1.xfft_cell_route1.r_pp2_mult_r\[1\]\[7\],8.65µm
u_fft_core.u_fft8_mdc1.u_mdc8p_stage2.ds_switch_stage1.w_data_1i\[1\],8.65µm
u_fft_core.u_fft8_mdc3.u_mdc8p_stage1.u_btfly2.o_data0_r\[8\],8.65µm
_00690_,8.64µm
_01824_,8.64µm
_02801_,8.64µm
_03788_,8.64µm
_04678_,8.64µm
_05241_,8.64µm
_05259_,8.64µm
_05463_,8.64µm
_05611_,8.64µm
_05952_,8.64µm
_06048_,8.64µm
_06754_,8.64µm
_07160_,8.64µm
_07218_,8.64µm
_07337_,8.64µm
_07622_,8.64µm
_08358_,8.64µm
_08799_,8.64µm
_09496_,8.64µm
_09570_,8.64µm
_09590_,8.64µm
_10262_,8.64µm
_10434_,8.64µm
_10895_,8.64µm
_11599_,8.64µm
_11642_,8.64µm
_11783_,8.64µm
_13379_,8.64µm
_13507_,8.64µm
_13545_,8.64µm
_13760_,8.64µm
_14113_,8.64µm
_14176_,8.64µm
_14964_,8.64µm
_15708_,8.64µm
_16070_,8.64µm
_16348_,8.64µm
_16579_,8.64µm
_17456_,8.64µm
_17696_,8.64µm
_17961_,8.64µm
net105,8.64µm
net558,8.64µm
net843,8.64µm
net1097,8.64µm
net1223,8.64µm
net1228,8.64µm
net1267,8.64µm
net1490,8.64µm
net1507,8.64µm
net2122,8.64µm
net4325,8.64µm
net4607,8.64µm
u_fft_core.u_fft8_mdc0.u_mdc8p_stage2.ds_switch_stage1.w_data_1r\[10\],8.64µm
u_fft_core.u_fft8_mdc2.u_mdc8p_stage1.ds_switch_stage1.r_odata_i\[0\]\[5\],8.64µm
u_fft_core.u_fft8_mdc2.u_mdc8p_stage1.xfft_cell_route1.r_pp1_data_r\[2\],8.64µm
_13330_,8.635µm
u_fft_core.u_buffer_parallel2serial.mem_re\[27\]\[2\],8.635µm
_02039_,8.62µm
_00080_,8.59µm
_00090_,8.59µm
_00535_,8.59µm
_00986_,8.59µm
_01061_,8.59µm
_01135_,8.59µm
_01307_,8.59µm
_01386_,8.59µm
_02395_,8.59µm
_03185_,8.59µm
_03969_,8.59µm
_04456_,8.59µm
_04549_,8.59µm
_05047_,8.59µm
_05302_,8.59µm
_05804_,8.59µm
_06047_,8.59µm
_06129_,8.59µm
_06223_,8.59µm
_07424_,8.59µm
_07587_,8.59µm
_09125_,8.59µm
_09213_,8.59µm
_09987_,8.59µm
_10005_,8.59µm
_10264_,8.59µm
_10821_,8.59µm
_10907_,8.59µm
_10921_,8.59µm
_11694_,8.59µm
_12097_,8.59µm
_12554_,8.59µm
_13350_,8.59µm
_13386_,8.59µm
_13836_,8.59µm
_14578_,8.59µm
_14691_,8.59µm
_15016_,8.59µm
_15752_,8.59µm
_17541_,8.59µm
u_fft_core.u_fft8_mdc1.u_mdc8p_stage1.ds_switch_stage1.r_odata_r\[0\]\[6\],8.59µm
u_fft_core.u_fft8_mdc2.u_mdc8p_stage1.ds_switch_stage1.o_data_1r\[4\],8.59µm
u_fft_core.u_fft8_mdc3.u_mdc8p_stage1.ds_switch_stage1.o_data_0i\[7\],8.59µm
u_fft_core.u_fft8_mdc3.u_mdc8p_stage1.ds_switch_stage1.r_idata_i\[1\]\[6\],8.59µm
u_fft_core.u_twiddle_interface.data0_im_q\[7\],8.59µm
_01229_,8.58µm
_01244_,8.58µm
_02076_,8.58µm
_02173_,8.58µm
_02421_,8.58µm
_04146_,8.58µm
_04597_,8.58µm
_05389_,8.58µm
_05633_,8.58µm
_05755_,8.58µm
_05833_,8.58µm
_07233_,8.58µm
_07505_,8.58µm
_07630_,8.58µm
_08446_,8.58µm
_08583_,8.58µm
_09318_,8.58µm
_10160_,8.58µm
_11214_,8.58µm
_11526_,8.58µm
_11609_,8.58µm
_11778_,8.58µm
_11780_,8.58µm
_13138_,8.58µm
_13156_,8.58µm
_13798_,8.58µm
_14013_,8.58µm
_15246_,8.58µm
_16188_,8.58µm
_17050_,8.58µm
_18095_,8.58µm
u_fft_core.u_fft8_mdc1.u_mdc8p_stage1.ds_switch_stage1.i_data_1r\[1\],8.58µm
u_fft_core.u_fft8_mdc2.u_mdc8p_stage1.ds_switch_stage1.w_data_1r\[8\],8.58µm
u_fft_core.u_twiddle_interface.u_mult_2.u_clip.o_data_im\[5\],8.58µm
_02599_,8.575µm
_03063_,8.575µm
_03890_,8.575µm
_03983_,8.575µm
_04255_,8.575µm
_04862_,8.575µm
_06954_,8.575µm
_07944_,8.575µm
_09886_,8.575µm
_10860_,8.575µm
_12463_,8.575µm
_12548_,8.575µm
u_fft_core.u_fft8_mdc1.u_mdc8p_stage1.ds_switch_stage1.i_data_0i\[3\],8.575µm
u_fft_core.u_shift_r2_fft2.data_im_q\[22\],8.575µm
u_fft_core.u_twiddle_interface.data0_im_q\[6\],8.575µm
_12384_,8.57µm
_18087_,8.56µm
_16061_,8.555µm
_09067_,8.55µm
_02398_,8.54µm
_04537_,8.54µm
_05361_,8.54µm
_06884_,8.54µm
_07364_,8.54µm
_07988_,8.54µm
_09260_,8.54µm
_11099_,8.54µm
_11314_,8.54µm
_12504_,8.54µm
_12688_,8.54µm
u_fft_core.u_fft8_mdc1.u_mdc8p_stage2.r_data0_i\[7\],8.54µm
u_fft_core.u_shift_r2_fft2.data_re_q\[21\],8.54µm
u_fft_core.u_shift_r4.data_im_q\[155\],8.54µm
_03875_,8.535µm
_14527_,8.535µm
_01443_,8.53µm
_03900_,8.53µm
_04080_,8.53µm
_06305_,8.53µm
_07545_,8.53µm
_08230_,8.53µm
_08356_,8.53µm
_08786_,8.53µm
_09155_,8.53µm
_09645_,8.53µm
_10377_,8.53µm
_11302_,8.53µm
_14329_,8.53µm
_15753_,8.53µm
_16643_,8.53µm
_16701_,8.53µm
_16783_,8.53µm
_18137_,8.53µm
net164,8.53µm
net471,8.53µm
net667,8.53µm
net846,8.53µm
net1057,8.53µm
net1113,8.53µm
net1208,8.53µm
net1224,8.53µm
net1288,8.53µm
net1450,8.53µm
net1465,8.53µm
net1510,8.53µm
net1588,8.53µm
net1796,8.53µm
net2036,8.53µm
net2251,8.53µm
net2276,8.53µm
net2314,8.53µm
net2371,8.53µm
net2515,8.53µm
net2657,8.53µm
u_fft_core.u_fft8_mdc1.u_mdc8p_stage1.ds_switch_stage1.r_idata_r\[0\]\[7\],8.53µm
u_fft_core.u_fft8_mdc1.u_mdc8p_stage1.ds_switch_stage1.r_odata_r\[0\]\[5\],8.53µm
u_fft_core.u_fft8_mdc1.u_mdc8p_stage1.xfft_cell_route1.r_pp2_mult_r\[1\]\[14\],8.53µm
u_fft_core.u_fft8_mdc2.u_mdc8p_stage1.u_btfly2.o_data1_i\[2\],8.53µm
u_fft_core.u_fft8_mdc3.u_mdc8p_stage1.xfft_cell_route1.r_pp2_mult_r\[0\]\[6\],8.53µm
_04092_,8.525µm
_12927_,8.525µm
_13399_,8.525µm
_02120_,8.52µm
_02419_,8.52µm
_02708_,8.52µm
_02782_,8.52µm
_03437_,8.52µm
_05785_,8.52µm
_06083_,8.52µm
_06668_,8.52µm
_07327_,8.52µm
_09037_,8.52µm
_10508_,8.52µm
_11357_,8.52µm
_11744_,8.52µm
_12872_,8.52µm
_13767_,8.52µm
_14333_,8.52µm
_14543_,8.52µm
_15406_,8.52µm
_15549_,8.52µm
_16364_,8.52µm
net1222,8.52µm
net1347,8.52µm
net1389,8.52µm
net1455,8.52µm
net4129,8.52µm
net4262,8.52µm
net4307,8.52µm
net4339,8.52µm
net4477,8.52µm
u_fft_core.u_fft8_mdc2.u_mdc8p_stage1.xfft_cell_route1.w_mult_r\[1\]\[14\],8.52µm
u_fft_core.u_shift_r4.data_im_q\[52\],8.52µm
u_fft_core.u_shift_r4.data_im_q\[83\],8.52µm
u_fft_core.u_twiddle_interface.u_mult_3.u_clip.o_data_re\[5\],8.52µm
_00458_,8.515µm
_02521_,8.515µm
_03582_,8.515µm
_04377_,8.515µm
_04778_,8.515µm
_05250_,8.515µm
_06366_,8.515µm
_06723_,8.515µm
_07245_,8.515µm
_07646_,8.515µm
_08427_,8.515µm
_12421_,8.515µm
_18004_,8.515µm
u_fft_core.u_fft8_mdc0.u_mdc8p_stage1.ds_switch_stage1.r_odata_i\[0\]\[3\],8.515µm
u_fft_core.u_fft8_mdc3.u_mdc8p_stage1.xfft_cell_route1.w_mult_i\[0\]\[9\],8.515µm
net2465,8.51µm
net4644,8.51µm
_06650_,8.505µm
_07472_,8.505µm
_12055_,8.505µm
_02743_,8.5µm
_08630_,8.5µm
_08664_,8.5µm
_09867_,8.5µm
_10428_,8.5µm
_10480_,8.5µm
u_fft_core.u_buffer_parallel2serial.mem_re\[4\]\[0\],8.5µm
_16548_,8.485µm
_02842_,8.48µm
_03129_,8.48µm
_04427_,8.48µm
_04594_,8.48µm
_05549_,8.48µm
_08237_,8.48µm
_09198_,8.48µm
_09402_,8.48µm
_10629_,8.48µm
_11267_,8.48µm
_12121_,8.48µm
_12667_,8.48µm
_13294_,8.48µm
_13396_,8.48µm
_17188_,8.48µm
_18015_,8.48µm
u_fft_core.u_fft8_mdc1.u_mdc8p_stage1.ds_switch_stage1.i_data_0i\[5\],8.48µm
u_tx.current_shift\[13\],8.48µm
_02651_,8.475µm
_00894_,8.47µm
_01103_,8.47µm
_01630_,8.47µm
_01744_,8.47µm
_03702_,8.47µm
_09379_,8.47µm
_10807_,8.47µm
_12774_,8.47µm
_17934_,8.47µm
u_fft_core.u_fft8_mdc3.u_mdc8p_stage1.ds_switch_stage1.o_data_1i\[8\],8.47µm
_05740_,8.465µm
_06687_,8.465µm
_10484_,8.465µm
_02550_,8.46µm
_05818_,8.46µm
_07329_,8.46µm
_10409_,8.46µm
_11986_,8.46µm
_11991_,8.46µm
_13332_,8.46µm
_14267_,8.46µm
_17418_,8.46µm
_18062_,8.46µm
u_fft_core.u_fft8_mdc0.u_mdc8p_stage1.ds_switch_stage1.r_idata_i\[0\]\[6\],8.46µm
u_tx.current_shift\[6\],8.46µm
net41,8.46µm
_04106_,8.455µm
_07932_,8.455µm
_08374_,8.455µm
_17080_,8.455µm
_03299_,8.45µm
_04873_,8.45µm
_09100_,8.45µm
_09993_,8.45µm
_04652_,8.445µm
_07579_,8.435µm
_15957_,8.435µm
_03238_,8.43µm
_04972_,8.43µm
_12705_,8.43µm
_12727_,8.43µm
_11382_,8.425µm
_00577_,8.42µm
_02026_,8.42µm
_02115_,8.42µm
_02679_,8.42µm
_06739_,8.42µm
_07539_,8.42µm
_10210_,8.42µm
_11731_,8.42µm
_11937_,8.42µm
_12860_,8.42µm
_13789_,8.42µm
_14338_,8.42µm
_15203_,8.42µm
_15466_,8.42µm
_15838_,8.42µm
_17231_,8.42µm
u_fft_core.u_fft8_mdc2.u_mdc8p_stage1.xfft_cell_route1.w_mult_i\[0\]\[2\],8.42µm
u_fft_core.u_fft8_mdc2.u_mdc8p_stage1.xfft_cell_route1.w_mult_r\[0\]\[3\],8.42µm
_00531_,8.41µm
_00774_,8.41µm
_01006_,8.41µm
_01117_,8.41µm
_01193_,8.41µm
_01328_,8.41µm
_02674_,8.41µm
_03146_,8.41µm
_04030_,8.41µm
_04231_,8.41µm
_04871_,8.41µm
_05545_,8.41µm
_06068_,8.41µm
_06869_,8.41µm
_06874_,8.41µm
_06969_,8.41µm
_07036_,8.41µm
_07259_,8.41µm
_07508_,8.41µm
_07530_,8.41µm
_07563_,8.41µm
_07991_,8.41µm
_08184_,8.41µm
_08272_,8.41µm
_08443_,8.41µm
_09320_,8.41µm
_09325_,8.41µm
_09428_,8.41µm
_09965_,8.41µm
_11565_,8.41µm
_11584_,8.41µm
_12647_,8.41µm
_12958_,8.41µm
_13117_,8.41µm
_13223_,8.41µm
_13250_,8.41µm
_14202_,8.41µm
_14470_,8.41µm
_15225_,8.41µm
_16545_,8.41µm
_16966_,8.41µm
_17032_,8.41µm
_17398_,8.41µm
_17425_,8.41µm
_17909_,8.41µm
_18002_,8.41µm
_18075_,8.41µm
net104,8.41µm
net197,8.41µm
net292,8.41µm
net519,8.41µm
net522,8.41µm
net905,8.41µm
net940,8.41µm
net1217,8.41µm
net1411,8.41µm
net1596,8.41µm
net1665,8.41µm
net1700,8.41µm
net1788,8.41µm
net2030,8.41µm
net2058,8.41µm
net2173,8.41µm
net2264,8.41µm
net2379,8.41µm
net2525,8.41µm
net2528,8.41µm
net2620,8.41µm
net2666,8.41µm
net4131,8.41µm
net4145,8.41µm
net4440,8.41µm
net4553,8.41µm
net4630,8.41µm
net4660,8.41µm
u_fft_core.fft4_data3_im\[5\],8.41µm
u_fft_core.u_buffer_parallel2serial.mem_re\[19\]\[2\],8.41µm
u_fft_core.u_fft8_mdc3.u_mdc8p_stage1.ds_switch_stage1.o_data_1r\[8\],8.41µm
u_tx.current_shift\[12\],8.41µm
_02345_,8.405µm
_02457_,8.405µm
_02528_,8.405µm
_03994_,8.405µm
_12020_,8.405µm
_17424_,8.405µm
_17429_,8.405µm
u_fft_core.u_fft8_mdc3.u_mdc8p_stage1.xfft_cell_route1.r_pp2_mult_i\[0\]\[4\],8.405µm
_00207_,8.4µm
_00665_,8.4µm
_00937_,8.4µm
_01551_,8.4µm
_01614_,8.4µm
_01827_,8.4µm
_01906_,8.4µm
_01945_,8.4µm
_02260_,8.4µm
_03128_,8.4µm
_03555_,8.4µm
_04841_,8.4µm
_05299_,8.4µm
_05735_,8.4µm
_05842_,8.4µm
_05936_,8.4µm
_06491_,8.4µm
_07426_,8.4µm
_07746_,8.4µm
_08376_,8.4µm
_08635_,8.4µm
_09667_,8.4µm
_11127_,8.4µm
_12211_,8.4µm
_12738_,8.4µm
_14587_,8.4µm
_15152_,8.4µm
_15347_,8.4µm
_15423_,8.4µm
_17444_,8.4µm
net124,8.4µm
net145,8.4µm
net319,8.4µm
net385,8.4µm
net414,8.4µm
net692,8.4µm
net702,8.4µm
net1016,8.4µm
net1499,8.4µm
net1892,8.4µm
net2039,8.4µm
net2204,8.4µm
net2485,8.4µm
net2580,8.4µm
net2652,8.4µm
net2718,8.4µm
u_fft_core.u_fft8_mdc2.u_mdc8p_stage1.u_btfly2.o_data0_r\[0\],8.4µm
u_fft_core.u_shift_r2_fft3.data_re_q\[23\],8.4µm
_02187_,8.395µm
_06995_,8.395µm
_12075_,8.395µm
_12508_,8.395µm
_17414_,8.395µm
_17753_,8.395µm
_07891_,8.385µm
_10711_,8.385µm
_11858_,8.385µm
_05835_,8.375µm
_03166_,8.37µm
_07412_,8.37µm
_14320_,8.37µm
_03754_,8.36µm
_07398_,8.36µm
_09455_,8.36µm
_10330_,8.36µm
_12706_,8.36µm
_13338_,8.36µm
_15131_,8.36µm
u_fft_core.u_fft8_mdc1.u_mdc8p_stage1.r_data1_i\[2\],8.36µm
_02649_,8.35µm
_05426_,8.35µm
_07303_,8.35µm
_11299_,8.35µm
_11623_,8.35µm
_11842_,8.35µm
_11925_,8.35µm
_12805_,8.35µm
_14793_,8.35µm
_16958_,8.35µm
u_fft_core.u_fft8_mdc0.u_mdc8p_stage1.ds_switch_stage1.r_idata_i\[1\]\[6\],8.35µm
u_fft_core.u_fft8_mdc1.u_mdc8p_stage1.xfft_cell_route1.w_mult_r\[1\]\[6\],8.35µm
_04790_,8.345µm
_14006_,8.345µm
u_debug_sys.u_spi_slave.bit_cnt\[2\],8.345µm
_03433_,8.34µm
_06909_,8.34µm
_09186_,8.34µm
_11643_,8.34µm
_12977_,8.34µm
_18074_,8.34µm
_06568_,8.335µm
_07445_,8.335µm
_10149_,8.335µm
_11236_,8.335µm
_12840_,8.335µm
_02821_,8.315µm
_08578_,8.315µm
_02328_,8.31µm
_03379_,8.31µm
_04906_,8.31µm
_08245_,8.31µm
_08396_,8.31µm
_10866_,8.31µm
_10997_,8.31µm
_11142_,8.31µm
_12263_,8.31µm
_15049_,8.31µm
_15807_,8.31µm
_15814_,8.31µm
_16439_,8.31µm
_16769_,8.31µm
_18086_,8.31µm
_02632_,8.3µm
_02648_,8.3µm
_04536_,8.3µm
_05711_,8.3µm
_05881_,8.3µm
_06036_,8.3µm
_06900_,8.3µm
_07356_,8.3µm
_07375_,8.3µm
_08819_,8.3µm
_09418_,8.3µm
_09472_,8.3µm
_09635_,8.3µm
_10431_,8.3µm
_10537_,8.3µm
_11059_,8.3µm
_11690_,8.3µm
_12212_,8.3µm
_12266_,8.3µm
_12301_,8.3µm
_12432_,8.3µm
_15236_,8.3µm
_17635_,8.3µm
u_fft_core.u_fft8_mdc3.u_mdc8p_stage1.ds_switch_stage1.r_idata_r\[1\]\[0\],8.3µm
u_tx.current_shift\[5\],8.3µm
_12934_,8.295µm
_03252_,8.29µm
_03397_,8.29µm
_03728_,8.29µm
_04903_,8.29µm
_05376_,8.29µm
_07484_,8.29µm
_07524_,8.29µm
_10505_,8.29µm
_11929_,8.29µm
_15851_,8.29µm
_16275_,8.29µm
u_fft_core.u_fft8_mdc0.u_mdc8p_stage1.xfft_cell_route1.w_mult_r\[0\]\[16\],8.29µm
u_fft_core.u_shift_r2_fft2.data_re_q\[12\],8.29µm
_00018_,8.28µm
_00224_,8.28µm
_00686_,8.28µm
_00958_,8.28µm
_01808_,8.28µm
_02874_,8.28µm
_02973_,8.28µm
_03306_,8.28µm
_05384_,8.28µm
_09081_,8.28µm
_09197_,8.28µm
_09766_,8.28µm
_10765_,8.28µm
_11918_,8.28µm
_11948_,8.28µm
_12399_,8.28µm
_12776_,8.28µm
_17375_,8.28µm
_17439_,8.28µm
net4616,8.28µm
u_fft_core.u_fft8_mdc0.u_mdc8p_stage1.ds_switch_stage1.r_idata_i\[0\]\[7\],8.28µm
u_fft_core.u_fft8_mdc0.u_mdc8p_stage1.ds_switch_stage1.r_odata_r\[0\]\[7\],8.28µm
u_fft_core.u_fft8_mdc2.u_mdc8p_stage1.ds_switch_stage1.w_data_1r\[6\],8.28µm
_00546_,8.265µm
_09976_,8.265µm
_13817_,8.265µm
_16651_,8.265µm
_17667_,8.265µm
_10412_,8.255µm
_02940_,8.25µm
_03748_,8.25µm
_02366_,8.24µm
_05441_,8.24µm
_10178_,8.24µm
_10363_,8.24µm
_10991_,8.24µm
_11379_,8.24µm
_11399_,8.24µm
_12285_,8.24µm
_12847_,8.24µm
_13410_,8.24µm
_18108_,8.24µm
_01409_,8.23µm
_03043_,8.23µm
_05932_,8.23µm
_07905_,8.23µm
_17763_,8.23µm
u_fft_core.u_fft8_mdc0.u_mdc8p_stage1.xfft_cell_route1.w_mult_i\[0\]\[17\],8.23µm
u_fft_core.u_fft8_mdc2.u_mdc8p_stage1.xfft_cell_route1.w_mult_i\[1\]\[7\],8.23µm
u_fft_core.u_fft8_mdc2.u_mdc8p_stage2.ds_switch_stage1.w_data_1r\[1\],8.23µm
_00618_,8.22µm
_02347_,8.22µm
_02365_,8.22µm
_03157_,8.22µm
_03856_,8.22µm
_05110_,8.22µm
_05396_,8.22µm
_05977_,8.22µm
_06926_,8.22µm
_07287_,8.22µm
_07309_,8.22µm
_07473_,8.22µm
_08050_,8.22µm
_08386_,8.22µm
_08468_,8.22µm
_08533_,8.22µm
_09119_,8.22µm
_09517_,8.22µm
_09692_,8.22µm
_10172_,8.22µm
_10718_,8.22µm
_10817_,8.22µm
_10949_,8.22µm
_11347_,8.22µm
_11622_,8.22µm
_11987_,8.22µm
_12085_,8.22µm
_13160_,8.22µm
_13595_,8.22µm
_13917_,8.22µm
_14226_,8.22µm
_14269_,8.22µm
_14881_,8.22µm
_14932_,8.22µm
_14981_,8.22µm
_15320_,8.22µm
_15667_,8.22µm
_15986_,8.22µm
_16185_,8.22µm
_16488_,8.22µm
_17695_,8.22µm
_18129_,8.22µm
u_fft_core.u_fft8_mdc0.u_mdc8p_stage1.ds_switch_stage1.o_data_1i\[1\],8.22µm
u_fft_core.u_fft8_mdc0.u_mdc8p_stage1.ds_switch_stage1.o_data_1r\[7\],8.22µm
u_fft_core.u_fft8_mdc0.u_mdc8p_stage3.next_data0_r\[2\],8.22µm
u_fft_core.u_fft8_mdc2.u_mdc8p_stage1.ds_switch_stage1.o_data_1i\[5\],8.22µm
u_fft_core.u_shift_r4.data_im_q\[26\],8.215µm
_07833_,8.205µm
_02465_,8.2µm
_08495_,8.2µm
_12930_,8.2µm
_03237_,8.195µm
_05705_,8.195µm
_11096_,8.195µm
_10999_,8.19µm
_02450_,8.185µm
_10959_,8.18µm
_08243_,8.175µm
_00007_,8.17µm
_00019_,8.17µm
_00797_,8.17µm
_00867_,8.17µm
_01873_,8.17µm
_02555_,8.17µm
_02570_,8.17µm
_03568_,8.17µm
_04476_,8.17µm
_04488_,8.17µm
_05896_,8.17µm
_06384_,8.17µm
_06707_,8.17µm
_07113_,8.17µm
_07497_,8.17µm
_07850_,8.17µm
_08092_,8.17µm
_09069_,8.17µm
_09269_,8.17µm
_11632_,8.17µm
_11907_,8.17µm
_13508_,8.17µm
_13538_,8.17µm
_13553_,8.17µm
_13776_,8.17µm
_14265_,8.17µm
_14648_,8.17µm
_15337_,8.17µm
_17016_,8.17µm
_17502_,8.17µm
u_fft_core.u_fft8_mdc0.u_mdc8p_stage1.u_btfly2.o_data0_r\[0\],8.17µm
u_fft_core.u_fft8_mdc2.u_mdc8p_stage1.xfft_cell_route1.r_pp2_mult_r\[1\]\[0\],8.17µm
u_fft_core.u_twiddle_interface.u_mult_2.u_clip.o_data_re\[1\],8.17µm
_00006_,8.16µm
_00043_,8.16µm
_00608_,8.16µm
_02194_,8.16µm
_02682_,8.16µm
_02725_,8.16µm
_02904_,8.16µm
_02922_,8.16µm
_03151_,8.16µm
_03387_,8.16µm
_03527_,8.16µm
_03694_,8.16µm
_03723_,8.16µm
_03786_,8.16µm
_03795_,8.16µm
_04083_,8.16µm
_04799_,8.16µm
_05178_,8.16µm
_05297_,8.16µm
_05363_,8.16µm
_05474_,8.16µm
_05608_,8.16µm
_05909_,8.16µm
_06267_,8.16µm
_06282_,8.16µm
_06944_,8.16µm
_07194_,8.16µm
_07220_,8.16µm
_07750_,8.16µm
_08233_,8.16µm
_08317_,8.16µm
_08771_,8.16µm
_09220_,8.16µm
_09486_,8.16µm
_09913_,8.16µm
_09950_,8.16µm
_09977_,8.16µm
_10046_,8.16µm
_10077_,8.16µm
_10223_,8.16µm
_10408_,8.16µm
_11475_,8.16µm
_11909_,8.16µm
_12052_,8.16µm
_12117_,8.16µm
_12207_,8.16µm
_12219_,8.16µm
_12405_,8.16µm
_12637_,8.16µm
_12827_,8.16µm
_13052_,8.16µm
_13067_,8.16µm
_13894_,8.16µm
_13903_,8.16µm
_13938_,8.16µm
_14600_,8.16µm
_14639_,8.16µm
_15143_,8.16µm
_15350_,8.16µm
_16017_,8.16µm
_16371_,8.16µm
_16417_,8.16µm
_17083_,8.16µm
_17659_,8.16µm
_17679_,8.16µm
_17870_,8.16µm
net276,8.16µm
net283,8.16µm
net340,8.16µm
net442,8.16µm
net470,8.16µm
net586,8.16µm
net705,8.16µm
net868,8.16µm
net904,8.16µm
net920,8.16µm
net935,8.16µm
net1052,8.16µm
net1101,8.16µm
net1448,8.16µm
net1478,8.16µm
net1589,8.16µm
net1670,8.16µm
net1964,8.16µm
net2003,8.16µm
net2062,8.16µm
net2085,8.16µm
net2310,8.16µm
net2556,8.16µm
net2641,8.16µm
net2653,8.16µm
net2711,8.16µm
net2748,8.16µm
net4276,8.16µm
net4561,8.16µm
net4593,8.16µm
net4653,8.16µm
u_debug_sys.u_spi_slave.rx_shift\[14\],8.16µm
u_fft_core.u_fft8_mdc0.u_mdc8p_stage1.xfft_cell_route1.w_mult_r\[0\]\[5\],8.16µm
u_fft_core.u_fft8_mdc1.u_mdc8p_stage1.xfft_cell_route1.r_pp2_mult_r\[1\]\[12\],8.16µm
u_fft_core.u_fft8_mdc1.u_mdc8p_stage1.xfft_cell_route1.w_mult_r\[1\]\[13\],8.16µm
u_fft_core.u_fft8_mdc2.u_mdc8p_stage1.ds_switch_stage1.o_data_0r\[7\],8.16µm
u_fft_core.u_fft8_mdc2.u_mdc8p_stage1.u_btfly2.o_data1_i\[8\],8.16µm
u_fft_core.u_fft8_mdc2.u_mdc8p_stage1.xfft_cell_route1.r_pp2_mult_r\[1\]\[12\],8.16µm
u_fft_core.u_fft8_mdc3.u_mdc8p_stage1.ds_switch_stage1.valid_count\[3\],8.16µm
_09508_,8.155µm
_11064_,8.155µm
_10644_,8.15µm
_10883_,8.15µm
net181,8.15µm
_09641_,8.13µm
_12557_,8.115µm
_12760_,8.115µm
_00233_,8.11µm
_00470_,8.11µm
_00809_,8.11µm
_00995_,8.11µm
_01118_,8.11µm
_01467_,8.11µm
_02050_,8.11µm
_02429_,8.11µm
_02431_,8.11µm
_02487_,8.11µm
_03491_,8.11µm
_03513_,8.11µm
_03843_,8.11µm
_04330_,8.11µm
_05138_,8.11µm
_06637_,8.11µm
_06801_,8.11µm
_07387_,8.11µm
_07456_,8.11µm
_08888_,8.11µm
_10803_,8.11µm
_10844_,8.11µm
_11217_,8.11µm
_11552_,8.11µm
_11568_,8.11µm
_12118_,8.11µm
_12250_,8.11µm
_13038_,8.11µm
_13310_,8.11µm
_13804_,8.11µm
_13923_,8.11µm
_14168_,8.11µm
_14273_,8.11µm
_14296_,8.11µm
_14423_,8.11µm
_15185_,8.11µm
_15333_,8.11µm
_15414_,8.11µm
_15751_,8.11µm
_15854_,8.11µm
_16119_,8.11µm
_16427_,8.11µm
_16629_,8.11µm
_16774_,8.11µm
_16818_,8.11µm
_17323_,8.11µm
u_fft_core.u_shift_r4.data_im_q\[103\],8.11µm
u_fft_core.u_shift_r4.data_im_q\[31\],8.11µm
_07068_,8.105µm
_01150_,8.1µm
_03530_,8.1µm
_04898_,8.1µm
_05552_,8.1µm
_05584_,8.1µm
_05658_,8.1µm
_05894_,8.1µm
_05998_,8.1µm
_07101_,8.1µm
_07269_,8.1µm
_07523_,8.1µm
_08472_,8.1µm
_08498_,8.1µm
_08769_,8.1µm
_09029_,8.1µm
_11321_,8.1µm
_11556_,8.1µm
_12404_,8.1µm
_14183_,8.1µm
_14475_,8.1µm
_16143_,8.1µm
_17694_,8.1µm
_18048_,8.1µm
_18053_,8.1µm
u_fft_core.u_fft8_mdc0.u_mdc8p_stage1.ds_switch_stage1.i_data_1r\[8\],8.1µm
u_fft_core.u_fft8_mdc0.u_mdc8p_stage2.ds_switch_stage1.w_data_1i\[5\],8.1µm
u_fft_core.u_fft8_mdc0.u_mdc8p_stage2.ds_switch_stage1.w_data_1r\[1\],8.1µm
u_fft_core.u_fft8_mdc1.u_mdc8p_stage1.xfft_cell_route1.w_mult_r\[0\]\[13\],8.1µm
u_fft_core.u_fft8_mdc2.u_mdc8p_stage1.ds_switch_stage1.i_data_1i\[4\],8.1µm
u_fft_core.u_fft8_mdc2.u_mdc8p_stage2.ds_switch_stage1.r_idata_i\[0\]\[0\],8.1µm
_03240_,8.095µm
_04934_,8.095µm
_07903_,8.095µm
_09952_,8.095µm
_11292_,8.095µm
_11671_,8.095µm
_15013_,8.095µm
_17621_,8.095µm
_07504_,8.085µm
net141,8.085µm
net4424,8.085µm
_08692_,8.08µm
_12935_,8.065µm
_02276_,8.06µm
_02339_,8.06µm
_04277_,8.06µm
_06137_,8.06µm
_06586_,8.06µm
_07900_,8.06µm
_11181_,8.06µm
_11483_,8.06µm
_14049_,8.06µm
_17812_,8.06µm
rx_data_im\[4\],8.06µm
u_fft_core.u_fft8_mdc0.u_mdc8p_stage2.ds_switch_stage1.r_idata_i\[0\]\[6\],8.06µm
_00560_,8.05µm
_00648_,8.05µm
_02162_,8.05µm
_03636_,8.05µm
_03844_,8.05µm
_04428_,8.05µm
_04641_,8.05µm
_04785_,8.05µm
_05130_,8.05µm
_05981_,8.05µm
_06197_,8.05µm
_08279_,8.05µm
_10399_,8.05µm
_12532_,8.05µm
_13141_,8.05µm
_15194_,8.05µm
_16675_,8.05µm
_17338_,8.05µm
net436,8.05µm
net827,8.05µm
net837,8.05µm
net1143,8.05µm
net1220,8.05µm
net1281,8.05µm
net1369,8.05µm
net1408,8.05µm
net1512,8.05µm
net1839,8.05µm
net2009,8.05µm
net2174,8.05µm
net2433,8.05µm
net2479,8.05µm
net2623,8.05µm
net2729,8.05µm
net4143,8.05µm
net4537,8.05µm
net4627,8.05µm
u_debug_sys.u_spi_slave.rx_shift\[3\],8.05µm
_17838_,8.045µm
_00595_,8.04µm
_00676_,8.04µm
_00800_,8.04µm
_01592_,8.04µm
_01898_,8.04µm
_02476_,8.04µm
_02838_,8.04µm
_03068_,8.04µm
_03800_,8.04µm
_04045_,8.04µm
_04929_,8.04µm
_06526_,8.04µm
_07649_,8.04µm
_08044_,8.04µm
_09050_,8.04µm
_09439_,8.04µm
_09916_,8.04µm
_09955_,8.04µm
_10063_,8.04µm
_10440_,8.04µm
_10678_,8.04µm
_11532_,8.04µm
_12035_,8.04µm
_12635_,8.04µm
_12914_,8.04µm
_13226_,8.04µm
_13340_,8.04µm
_13860_,8.04µm
_13951_,8.04µm
_14188_,8.04µm
_16288_,8.04µm
_16608_,8.04µm
_16780_,8.04µm
_16984_,8.04µm
_17241_,8.04µm
_18022_,8.04µm
net1148,8.04µm
net1423,8.04µm
net1803,8.04µm
net2478,8.04µm
net2710,8.04µm
net4366,8.04µm
net4542,8.04µm
u_fft_core.u_fft8_mdc0.u_mdc8p_stage2.ds_switch_stage1.r_idata_r\[0\]\[10\],8.04µm
u_fft_core.u_fft8_mdc0.u_mdc8p_stage3.next_data0_r\[1\],8.04µm
u_fft_core.u_twiddle_interface.u_mult_3.u_clip.o_data_im\[0\],8.04µm
_02621_,8.035µm
_02717_,8.035µm
_07081_,8.035µm
_07480_,8.035µm
_11336_,8.035µm
_12492_,8.035µm
_12682_,8.035µm
_14456_,8.035µm
_16829_,8.035µm
_17637_,8.035µm
_17940_,8.035µm
u_fft_core.u_fft8_mdc2.u_mdc8p_stage1.ds_switch_stage1.r_odata_r\[0\]\[3\],8.035µm
u_fft_core.u_fft8_mdc2.u_mdc8p_stage1.xfft_cell_route1.r_pp2_mult_r\[0\]\[4\],8.035µm
u_fft_core.u_fft8_mdc3.u_mdc8p_stage3.next_data0_i\[5\],8.035µm
_10218_,8.03µm
_10292_,8.03µm
_00640_,8.025µm
_02387_,8.025µm
_06257_,8.025µm
_03962_,8.02µm
_05163_,8.02µm
_06087_,8.02µm
_06150_,8.02µm
_06898_,8.02µm
_07500_,8.02µm
_07551_,8.02µm
_07648_,8.02µm
_08428_,8.02µm
_08782_,8.02µm
_09811_,8.02µm
_10855_,8.02µm
_11600_,8.02µm
_11717_,8.02µm
_12184_,8.02µm
_12608_,8.02µm
_13360_,8.02µm
_13365_,8.02µm
_05222_,8.005µm
_03822_,8µm
_04690_,8µm
_04826_,8µm
_04863_,8µm
_05270_,8µm
_07053_,8µm
_07461_,8µm
_07915_,8µm
_09006_,8µm
_09442_,8µm
_09623_,8µm
_09654_,8µm
_10954_,8µm
_11848_,8µm
_15139_,8µm
_18040_,8µm
u_fft_core.u_fft8_mdc1.u_mdc8p_stage1.xfft_cell_route1.r_pp2_mult_i\[1\]\[2\],8µm
u_fft_core.u_fft8_mdc3.u_mdc8p_stage1.xfft_cell_route1.r_pp2_mult_i\[0\]\[12\],8µm
u_fft_core.u_fft8_mdc3.u_mdc8p_stage2.ds_switch_stage1.r_idata_i\[0\]\[3\],8µm
_10078_,7.995µm
u_fft_core.u_fft8_mdc0.u_mdc8p_stage1.xfft_cell_route1.r_pp2_mult_i\[0\]\[10\],7.995µm
_00154_,7.99µm
_00685_,7.99µm
_00965_,7.99µm
_01028_,7.99µm
_01171_,7.99µm
_01264_,7.99µm
_01334_,7.99µm
_01625_,7.99µm
_01909_,7.99µm
_04039_,7.99µm
_06236_,7.99µm
_09544_,7.99µm
_09636_,7.99µm
_13823_,7.99µm
_17423_,7.99µm
u_fft_core.u_buffer_parallel2serial.mem_im\[10\]\[2\],7.99µm
u_fft_core.u_fft8_mdc0.u_mdc8p_stage1.ds_switch_stage1.i_valid,7.99µm
u_fft_core.u_fft8_mdc2.u_mdc8p_stage1.u_btfly2.o_data1_i\[3\],7.99µm
u_fft_core.u_fft8_mdc2.u_mdc8p_stage1.u_btfly2.o_data1_i\[4\],7.99µm
u_fft_core.u_fft8_mdc3.u_mdc8p_stage1.ds_switch_stage1.o_data_0i\[4\],7.99µm
u_fft_core.u_fft8_mdc3.u_mdc8p_stage1.ds_switch_stage1.w_data_1r\[3\],7.99µm
u_fft_core.u_fft8_mdc3.u_mdc8p_stage1.u_btfly2.o_data1_r\[5\],7.99µm
u_fft_core.u_twiddle_interface.data0_re_2q\[4\],7.99µm
_03013_,7.985µm
_04902_,7.98µm
_05184_,7.98µm
_05979_,7.98µm
_07015_,7.98µm
_07904_,7.98µm
_08382_,7.98µm
_11002_,7.98µm
_11606_,7.98µm
_11872_,7.98µm
_12388_,7.98µm
_12907_,7.98µm
_14019_,7.98µm
u_fft_core.u_fft8_mdc0.u_mdc8p_stage1.xfft_cell_route1.w_mult_i\[1\]\[1\],7.98µm
_00582_,7.975µm
_02019_,7.975µm
_03610_,7.975µm
_05563_,7.975µm
_07328_,7.975µm
_08315_,7.975µm
_08658_,7.975µm
_09476_,7.975µm
_10327_,7.975µm
_11714_,7.975µm
_12119_,7.975µm
_04965_,7.97µm
_08292_,7.965µm
_11391_,7.965µm
_17930_,7.965µm
_04935_,7.96µm
_17588_,7.96µm
_07919_,7.955µm
_02167_,7.95µm
_02402_,7.95µm
_03336_,7.95µm
_08527_,7.95µm
_17477_,7.95µm
_04311_,7.945µm
_08814_,7.945µm
_08815_,7.945µm
_14323_,7.945µm
_15043_,7.945µm
_00082_,7.94µm
_02158_,7.94µm
_02887_,7.94µm
_03122_,7.94µm
_03297_,7.94µm
_03776_,7.94µm
_04701_,7.94µm
_06211_,7.94µm
_06361_,7.94µm
_07514_,7.94µm
_07595_,7.94µm
_07959_,7.94µm
_10038_,7.94µm
_11213_,7.94µm
_11610_,7.94µm
_12943_,7.94µm
_13899_,7.94µm
_14316_,7.94µm
_14684_,7.94µm
_14856_,7.94µm
_17056_,7.94µm
_17607_,7.94µm
_17675_,7.94µm
u_fft_core.u_fft8_mdc0.u_mdc8p_stage1.xfft_cell_route1.r_pp2_mult_i\[0\]\[0\],7.94µm
u_fft_core.u_fft8_mdc2.u_mdc8p_stage1.ds_switch_stage1.i_data_1i\[1\],7.94µm
_13523_,7.935µm
_00747_,7.93µm
_02766_,7.93µm
_03326_,7.93µm
_03420_,7.93µm
_03619_,7.93µm
_03751_,7.93µm
_03793_,7.93µm
_03847_,7.93µm
_04050_,7.93µm
_04329_,7.93µm
_04615_,7.93µm
_04657_,7.93µm
_04693_,7.93µm
_04829_,7.93µm
_07278_,7.93µm
_07452_,7.93µm
_08389_,7.93µm
_08567_,7.93µm
_08802_,7.93µm
_09450_,7.93µm
_09780_,7.93µm
_10396_,7.93µm
_10720_,7.93µm
_12781_,7.93µm
_12848_,7.93µm
_13295_,7.93µm
_13558_,7.93µm
_14312_,7.93µm
_15027_,7.93µm
_16039_,7.93µm
_16656_,7.93µm
_16664_,7.93µm
_16819_,7.93µm
_17712_,7.93µm
_17748_,7.93µm
_17869_,7.93µm
_17910_,7.93µm
net183,7.93µm
net188,7.93µm
net397,7.93µm
net416,7.93µm
net801,7.93µm
net1177,7.93µm
net1391,7.93µm
net1511,7.93µm
net1541,7.93µm
net1545,7.93µm
net1555,7.93µm
net1767,7.93µm
net2148,7.93µm
net2273,7.93µm
net2550,7.93µm
net2635,7.93µm
net2679,7.93µm
net4347,7.93µm
net4544,7.93µm
net4625,7.93µm
u_fft_core.fft4_data2_im\[1\],7.93µm
u_fft_core.u_buffer_parallel2serial.mem_im\[19\]\[4\],7.93µm
u_fft_core.u_fft8_mdc1.u_mdc8p_stage2.ds_switch_stage1.w_data_1r\[6\],7.93µm
u_fft_core.u_twiddle_interface.u_mult_2.u_clip.o_data_im\[4\],7.93µm
_05007_,7.925µm
_07129_,7.925µm
_00741_,7.92µm
_03203_,7.92µm
_04498_,7.92µm
_04872_,7.92µm
_05547_,7.92µm
_09941_,7.92µm
_10372_,7.92µm
_10702_,7.92µm
_10757_,7.92µm
_10786_,7.92µm
_12057_,7.92µm
_12140_,7.92µm
_14800_,7.92µm
_16583_,7.92µm
_17935_,7.92µm
_18067_,7.92µm
net1440,7.92µm
net4479,7.92µm
net4646,7.92µm
_03882_,7.915µm
_07647_,7.915µm
_09217_,7.915µm
_09566_,7.915µm
_10079_,7.915µm
_12178_,7.915µm
_00490_,7.905µm
_13382_,7.905µm
_03742_,7.895µm
_17445_,7.895µm
_17865_,7.89µm
_09313_,7.885µm
_03534_,7.88µm
_05780_,7.88µm
_07042_,7.88µm
_07837_,7.88µm
_07898_,7.88µm
_08655_,7.88µm
_09685_,7.88µm
_11159_,7.88µm
_12368_,7.88µm
_12533_,7.88µm
_12970_,7.88µm
_18157_,7.88µm
_00580_,7.87µm
_02364_,7.87µm
_04084_,7.87µm
_07341_,7.87µm
_07417_,7.87µm
_07980_,7.87µm
_12538_,7.87µm
_13384_,7.87µm
_13441_,7.87µm
_13665_,7.87µm
_16289_,7.87µm
_17030_,7.87µm
_17761_,7.87µm
_17843_,7.87µm
u_fft_core.u_fft8_mdc3.u_mdc8p_stage1.xfft_cell_route1.w_mult_i\[1\]\[10\],7.87µm
_06438_,7.865µm
_13462_,7.865µm
_00341_,7.86µm
_00830_,7.86µm
_03620_,7.86µm
_03806_,7.86µm
_05702_,7.86µm
_06982_,7.86µm
_08266_,7.86µm
_12588_,7.86µm
_13000_,7.86µm
_13227_,7.86µm
_13415_,7.86µm
_16169_,7.86µm
_16653_,7.86µm
u_fft_core.u_buffer_parallel2serial.mem_im\[22\]\[4\],7.86µm
u_fft_core.u_fft8_mdc2.u_mdc8p_stage2.ds_switch_stage1.w_data_1r\[3\],7.86µm
u_fft_core.u_shift_r2_fft0.data_re_q\[16\],7.86µm
u_fft_core.u_shift_r4.data_im_q\[149\],7.86µm
u_fft_core.u_shift_r4.data_re_q\[139\],7.86µm
_02954_,7.855µm
_03567_,7.855µm
_08045_,7.855µm
_09888_,7.855µm
_00188_,7.845µm
_00333_,7.845µm
_01668_,7.845µm
_01678_,7.845µm
_13296_,7.845µm
_13919_,7.84µm
_17249_,7.84µm
_04503_,7.835µm
_02497_,7.83µm
_03778_,7.83µm
_04267_,7.83µm
_07699_,7.83µm
_08653_,7.83µm
_09091_,7.83µm
_10721_,7.83µm
net4432,7.83µm
_06772_,7.825µm
_09393_,7.825µm
_16717_,7.825µm
_17668_,7.825µm
u_fft_core.u_fft8_mdc3.u_mdc8p_stage2.ds_switch_stage1.valid_count\[1\],7.825µm
_03120_,7.82µm
_03285_,7.82µm
_04225_,7.82µm
_04250_,7.82µm
_05017_,7.82µm
_05156_,7.82µm
_05574_,7.82µm
_06516_,7.82µm
_06983_,7.82µm
_07074_,7.82µm
_07086_,7.82µm
_07482_,7.82µm
_07976_,7.82µm
_08591_,7.82µm
_08974_,7.82µm
_09462_,7.82µm
_09491_,7.82µm
_09529_,7.82µm
_09568_,7.82µm
_10404_,7.82µm
_10621_,7.82µm
_10767_,7.82µm
_12162_,7.82µm
_12864_,7.82µm
_16645_,7.82µm
_16866_,7.82µm
_17562_,7.82µm
_17980_,7.82µm
_18027_,7.82µm
u_fft_core.u_fft8_mdc1.u_mdc8p_stage1.xfft_cell_route1.r_pp2_mult_i\[0\]\[3\],7.82µm
_09553_,7.815µm
_16666_,7.815µm
_02799_,7.81µm
_05357_,7.81µm
_07466_,7.81µm
_07662_,7.81µm
_09132_,7.81µm
_09415_,7.81µm
_09556_,7.81µm
_09620_,7.81µm
_09912_,7.81µm
_10582_,7.81µm
_11234_,7.81µm
_11878_,7.81µm
_11893_,7.81µm
_12046_,7.81µm
_15515_,7.81µm
u_fft_core.u_fft8_mdc1.u_mdc8p_stage3.next_data1_i\[0\],7.81µm
_03139_,7.805µm
_00060_,7.8µm
_00178_,7.8µm
_00199_,7.8µm
_00214_,7.8µm
_00955_,7.8µm
_01054_,7.8µm
_01865_,7.8µm
_01893_,7.8µm
_01935_,7.8µm
_05379_,7.8µm
_05476_,7.8µm
_06015_,7.8µm
_08422_,7.8µm
_08487_,7.8µm
_11035_,7.8µm
_13713_,7.8µm
_16224_,7.8µm
_16860_,7.8µm
net349,7.8µm
net1329,7.8µm
u_fft_core.u_fft8_mdc0.u_mdc8p_stage1.ds_switch_stage1.r_idata_i\[0\]\[3\],7.8µm
u_fft_core.u_fft8_mdc2.u_mdc8p_stage2.ds_switch_stage1.i_data_1r\[3\],7.8µm
u_fft_core.u_fft8_mdc3.u_mdc8p_stage2.ds_switch_stage1.r_idata_r\[0\]\[9\],7.8µm
u_fft_core.u_shift_r4.data_im_q\[84\],7.8µm
_02762_,7.795µm
_17013_,7.795µm
_02292_,7.785µm
_11153_,7.785µm
_16389_,7.785µm
u_fft_core.u_fft8_mdc2.u_mdc8p_stage2.ds_switch_stage1.i_data_1i\[7\],7.785µm
_06910_,7.78µm
_12622_,7.775µm
_02617_,7.77µm
_04627_,7.76µm
_05316_,7.76µm
_08720_,7.76µm
_10044_,7.76µm
_11014_,7.76µm
_11518_,7.76µm
_00493_,7.75µm
_00506_,7.75µm
_01993_,7.75µm
_04916_,7.75µm
_05400_,7.75µm
u_fft_core.u_fft8_mdc0.u_mdc8p_stage1.ds_switch_stage1.flag\[0\],7.75µm
_01047_,7.74µm
_02923_,7.74µm
_02974_,7.74µm
_03239_,7.74µm
_03630_,7.74µm
_03940_,7.74µm
_04163_,7.74µm
_04499_,7.74µm
_04711_,7.74µm
_04938_,7.74µm
_05045_,7.74µm
_05089_,7.74µm
_05092_,7.74µm
_05157_,7.74µm
_05519_,7.74µm
_05562_,7.74µm
_05746_,7.74µm
_05890_,7.74µm
_06315_,7.74µm
_06693_,7.74µm
_07242_,7.74µm
_07556_,7.74µm
_09183_,7.74µm
_09247_,7.74µm
_09481_,7.74µm
_09536_,7.74µm
_09639_,7.74µm
_10717_,7.74µm
_10911_,7.74µm
_11079_,7.74µm
_12076_,7.74µm
_12090_,7.74µm
_12887_,7.74µm
_12964_,7.74µm
_13010_,7.74µm
_13422_,7.74µm
_13744_,7.74µm
_14284_,7.74µm
_15150_,7.74µm
_15308_,7.74µm
_15416_,7.74µm
_15503_,7.74µm
_17028_,7.74µm
_17288_,7.74µm
_17348_,7.74µm
_17353_,7.74µm
_17662_,7.74µm
u_fft_core.u_buffer_parallel2serial.mem_re\[17\]\[3\],7.74µm
u_fft_core.u_fft8_mdc1.u_mdc8p_stage1.u_btfly2.o_data1_r\[8\],7.74µm
_02481_,7.735µm
_08760_,7.725µm
_12691_,7.725µm
_12025_,7.72µm
_08570_,7.71µm
net2018,7.705µm
_00085_,7.69µm
_00670_,7.69µm
_01615_,7.69µm
_02505_,7.69µm
_04404_,7.69µm
_04506_,7.69µm
_05315_,7.69µm
_07580_,7.69µm
_07935_,7.69µm
_07966_,7.69µm
_08054_,7.69µm
_08592_,7.69µm
_09059_,7.69µm
_09662_,7.69µm
_11729_,7.69µm
_11752_,7.69µm
_12033_,7.69µm
_12390_,7.69µm
_13125_,7.69µm
_13618_,7.69µm
_15029_,7.69µm
_15172_,7.69µm
_15254_,7.69µm
_15724_,7.69µm
_16455_,7.69µm
_16586_,7.69µm
_16589_,7.69µm
_16961_,7.69µm
_17044_,7.69µm
_17110_,7.69µm
u_fft_core.u_fft8_mdc1.u_mdc8p_stage2.ds_switch_stage1.r_idata_r\[0\]\[6\],7.69µm
u_fft_core.u_shift_r4.data_im_q\[42\],7.69µm
u_fft_core.u_twiddle_interface.mult3_im\[4\],7.69µm
_11485_,7.685µm
net56,7.68µm
_00477_,7.68µm
_00501_,7.68µm
_01828_,7.68µm
_02045_,7.68µm
_02714_,7.68µm
_02869_,7.68µm
_03034_,7.68µm
_03165_,7.68µm
_03413_,7.68µm
_03469_,7.68µm
_03524_,7.68µm
_03600_,7.68µm
_03690_,7.68µm
_03712_,7.68µm
_04166_,7.68µm
_04391_,7.68µm
_04878_,7.68µm
_05029_,7.68µm
_05255_,7.68µm
_05309_,7.68µm
_05551_,7.68µm
_05712_,7.68µm
_06558_,7.68µm
_07198_,7.68µm
_07251_,7.68µm
_07279_,7.68µm
_07292_,7.68µm
_07457_,7.68µm
_07502_,7.68µm
_07560_,7.68µm
_08019_,7.68µm
_08133_,7.68µm
_08238_,7.68µm
_08240_,7.68µm
_08414_,7.68µm
_08624_,7.68µm
_09548_,7.68µm
_09563_,7.68µm
_09605_,7.68µm
_09649_,7.68µm
_09708_,7.68µm
_09807_,7.68µm
_09998_,7.68µm
_10710_,7.68µm
_11511_,7.68µm
_11513_,7.68µm
_11697_,7.68µm
_11936_,7.68µm
_12268_,7.68µm
_12286_,7.68µm
_12402_,7.68µm
_12499_,7.68µm
_12614_,7.68µm
_12779_,7.68µm
_12798_,7.68µm
_13213_,7.68µm
_13504_,7.68µm
_13754_,7.68µm
_14514_,7.68µm
_14702_,7.68µm
_14895_,7.68µm
_14934_,7.68µm
_14952_,7.68µm
_15060_,7.68µm
_15065_,7.68µm
_15141_,7.68µm
_15326_,7.68µm
_15348_,7.68µm
_15383_,7.68µm
_15601_,7.68µm
_16025_,7.68µm
_16071_,7.68µm
_16182_,7.68µm
_16375_,7.68µm
_16438_,7.68µm
_16462_,7.68µm
_16658_,7.68µm
_16813_,7.68µm
_17459_,7.68µm
_17648_,7.68µm
_18063_,7.68µm
_18069_,7.68µm
net150,7.68µm
net176,7.68µm
net229,7.68µm
net388,7.68µm
net405,7.68µm
net459,7.68µm
net467,7.68µm
net564,7.68µm
net618,7.68µm
net819,7.68µm
net908,7.68µm
net988,7.68µm
net1073,7.68µm
net1195,7.68µm
net1269,7.68µm
net1327,7.68µm
net1524,7.68µm
net1530,7.68µm
net1694,7.68µm
net1738,7.68µm
net1750,7.68µm
net1859,7.68µm
net1896,7.68µm
net2229,7.68µm
net2329,7.68µm
net2534,7.68µm
net2577,7.68µm
net2589,7.68µm
net2682,7.68µm
net4180,7.68µm
net4187,7.68µm
net4222,7.68µm
net4291,7.68µm
net4314,7.68µm
net4449,7.68µm
net4514,7.68µm
net4611,7.68µm
net4612,7.68µm
net4648,7.68µm
u_fft_core.u_fft8_mdc0.u_mdc8p_stage1.r_bt0_i\[0\]\[5\],7.68µm
u_fft_core.u_fft8_mdc0.u_mdc8p_stage1.r_bt0_r\[0\]\[7\],7.68µm
u_fft_core.u_fft8_mdc0.u_mdc8p_stage3.next_data1_r\[5\],7.68µm
u_fft_core.u_fft8_mdc3.u_mdc8p_stage1.ds_switch_stage1.i_data_1r\[0\],7.68µm
u_fft_core.u_fft8_mdc3.u_mdc8p_stage1.ds_switch_stage1.o_data_0i\[6\],7.68µm
u_fft_core.u_fft8_mdc3.u_mdc8p_stage1.xfft_cell_route1.w_mult_r\[1\]\[8\],7.68µm
u_fft_core.u_twiddle_interface.mult2_im\[0\],7.68µm
_09599_,7.675µm
_15342_,7.67µm
_17450_,7.67µm
u_fft_core.u_fft8_mdc2.u_mdc8p_stage1.xfft_cell_route1.r_pp2_mult_i\[1\]\[12\],7.65µm
_05321_,7.645µm
_17677_,7.635µm
_00064_,7.63µm
_00096_,7.63µm
_00289_,7.63µm
_00395_,7.63µm
_00997_,7.63µm
_01037_,7.63µm
_01078_,7.63µm
_01200_,7.63µm
_01753_,7.63µm
_02325_,7.63µm
_04265_,7.63µm
_04791_,7.63µm
_06596_,7.63µm
_06979_,7.63µm
_07041_,7.63µm
_07089_,7.63µm
_07239_,7.63µm
_07492_,7.63µm
_08438_,7.63µm
_09187_,7.63µm
_09820_,7.63µm
_10272_,7.63µm
_10750_,7.63µm
_11528_,7.63µm
_11674_,7.63µm
_11701_,7.63µm
_11924_,7.63µm
_12137_,7.63µm
_12400_,7.63µm
_12924_,7.63µm
_13232_,7.63µm
_13714_,7.63µm
_13796_,7.63µm
_13912_,7.63µm
_14393_,7.63µm
_14713_,7.63µm
_14945_,7.63µm
_14963_,7.63µm
_15061_,7.63µm
_15311_,7.63µm
_15397_,7.63µm
_15422_,7.63µm
_15702_,7.63µm
_15796_,7.63µm
_16195_,7.63µm
_16785_,7.63µm
_16802_,7.63µm
_17354_,7.63µm
_18084_,7.63µm
u_fft_core.u_fft8_mdc0.u_mdc8p_stage1.ds_switch_stage1.w_data_1r\[4\],7.63µm
u_fft_core.u_fft8_mdc1.u_mdc8p_stage1.ds_switch_stage1.o_data_0i\[5\],7.63µm
u_fft_core.u_fft8_mdc2.u_mdc8p_stage1.ds_switch_stage1.o_data_0r\[6\],7.63µm
u_fft_core.u_fft8_mdc2.u_mdc8p_stage1.ds_switch_stage1.o_data_0r\[9\],7.63µm
u_fft_core.u_fft8_mdc2.u_mdc8p_stage1.ds_switch_stage1.r_idata_r\[0\]\[2\],7.63µm
u_fft_core.u_fft8_mdc3.u_mdc8p_stage1.r_bt0_i\[0\]\[6\],7.63µm
u_fft_core.u_fft8_mdc3.u_mdc8p_stage3.next_data1_i\[3\],7.63µm
net1,7.63µm
_00091_,7.62µm
_00701_,7.62µm
_01126_,7.62µm
_01323_,7.62µm
_01531_,7.62µm
_02047_,7.62µm
_02073_,7.62µm
_02100_,7.62µm
_02593_,7.62µm
_03502_,7.62µm
_04029_,7.62µm
_04071_,7.62µm
_04719_,7.62µm
_05502_,7.62µm
_05663_,7.62µm
_06667_,7.62µm
_07006_,7.62µm
_07933_,7.62µm
_08033_,7.62µm
_08406_,7.62µm
_09101_,7.62µm
_09468_,7.62µm
_09765_,7.62µm
_10073_,7.62µm
_10269_,7.62µm
_10972_,7.62µm
_11020_,7.62µm
_11243_,7.62µm
_11275_,7.62µm
_11810_,7.62µm
_11994_,7.62µm
_12096_,7.62µm
_13533_,7.62µm
_15390_,7.62µm
_15680_,7.62µm
_16207_,7.62µm
_17179_,7.62µm
u_fft_core.u_fft8_mdc0.u_mdc8p_stage2.ds_switch_stage1.i_data_1i\[9\],7.62µm
u_fft_core.u_fft8_mdc1.u_mdc8p_stage1.ds_switch_stage1.valid_nstate,7.62µm
u_fft_core.u_fft8_mdc3.u_mdc8p_stage2.ds_switch_stage1.r_idata_r\[0\]\[3\],7.62µm
_17597_,7.61µm
u_fft_core.u_fft8_mdc0.u_mdc8p_stage1.ds_switch_stage1.valid_count\[0\],7.61µm
_05344_,7.605µm
net614,7.605µm
_10719_,7.59µm
_08657_,7.585µm
_14857_,7.585µm
_03076_,7.58µm
_03484_,7.58µm
_03602_,7.58µm
_05062_,7.58µm
_05468_,7.58µm
_07371_,7.58µm
_08851_,7.58µm
_08914_,7.58µm
_10403_,7.58µm
_13265_,7.58µm
_13329_,7.58µm
_15233_,7.58µm
_17714_,7.58µm
u_fft_core.u_shift_r4.data_im_q\[107\],7.58µm
u_fft_core.u_shift_r4.data_im_q\[29\],7.58µm
u_fft_core.u_shift_r4.data_re_q\[159\],7.58µm
_04433_,7.575µm
_00594_,7.57µm
_01496_,7.57µm
_01826_,7.57µm
_02101_,7.57µm
_02118_,7.57µm
_03373_,7.57µm
_03548_,7.57µm
_04635_,7.57µm
_06878_,7.57µm
_07654_,7.57µm
_08069_,7.57µm
_08304_,7.57µm
_11516_,7.57µm
_11803_,7.57µm
_13237_,7.57µm
_15149_,7.57µm
_18003_,7.57µm
_18151_,7.57µm
net146,7.57µm
net392,7.57µm
net810,7.57µm
net858,7.57µm
net876,7.57µm
net1297,7.57µm
net1417,7.57µm
net1529,7.57µm
net1532,7.57µm
net1576,7.57µm
net1636,7.57µm
net1653,7.57µm
net1871,7.57µm
net1950,7.57µm
net2213,7.57µm
net2354,7.57µm
net2376,7.57µm
net2560,7.57µm
net2590,7.57µm
net4205,7.57µm
net4259,7.57µm
u_fft_core.u_fft8_mdc2.u_mdc8p_stage2.ds_switch_stage1.r_idata_i\[0\]\[2\],7.57µm
u_fft_core.u_twiddle_interface.data1_re_q\[1\],7.57µm
_00989_,7.56µm
_02511_,7.56µm
_02534_,7.56µm
_04643_,7.56µm
_05116_,7.56µm
_05189_,7.56µm
_05408_,7.56µm
_06943_,7.56µm
_07997_,7.56µm
_08106_,7.56µm
_08336_,7.56µm
_08626_,7.56µm
_08971_,7.56µm
_09024_,7.56µm
_09035_,7.56µm
_09226_,7.56µm
_09516_,7.56µm
_09519_,7.56µm
_09695_,7.56µm
_11541_,7.56µm
_12125_,7.56µm
_12160_,7.56µm
_12182_,7.56µm
_12623_,7.56µm
_13124_,7.56µm
_13487_,7.56µm
_14896_,7.56µm
_16800_,7.56µm
_17584_,7.56µm
_17746_,7.56µm
net143,7.56µm
net274,7.56µm
net583,7.56µm
net680,7.56µm
net1193,7.56µm
net1318,7.56µm
net1432,7.56µm
net1538,7.56µm
net1594,7.56µm
net1658,7.56µm
net1711,7.56µm
net1716,7.56µm
net1763,7.56µm
net1812,7.56µm
net1886,7.56µm
net1915,7.56µm
net1953,7.56µm
net2506,7.56µm
net2509,7.56µm
net2587,7.56µm
net2624,7.56µm
net4212,7.56µm
net4332,7.56µm
net4374,7.56µm
u_fft_core.shift_r2_ff3_data0_re\[5\],7.56µm
u_fft_core.u_fft8_mdc0.u_mdc8p_stage1.ds_switch_stage1.o_data_0r\[0\],7.56µm
_02354_,7.555µm
_02396_,7.555µm
_02979_,7.555µm
_04279_,7.555µm
_04982_,7.555µm
_05378_,7.555µm
_05955_,7.555µm
_06332_,7.555µm
_06976_,7.555µm
_08218_,7.555µm
_08223_,7.555µm
_09934_,7.555µm
_10623_,7.555µm
_12411_,7.555µm
_12658_,7.555µm
_13362_,7.555µm
_15381_,7.555µm
_16575_,7.555µm
_18026_,7.555µm
u_fft_core.u_fft8_mdc0.u_mdc8p_stage1.r_bt0_r\[0\]\[6\],7.555µm
u_fft_core.u_fft8_mdc1.u_mdc8p_stage1.xfft_cell_route1.w_mult_i\[0\]\[7\],7.555µm
net2405,7.55µm
_09631_,7.545µm
_03672_,7.54µm
_05726_,7.54µm
_09148_,7.54µm
_10398_,7.54µm
_13313_,7.54µm
u_fft_core.u_fft8_mdc2.u_mdc8p_stage1.xfft_cell_route1.w_mult_r\[1\]\[3\],7.54µm
_05026_,7.53µm
_07517_,7.53µm
_11194_,7.525µm
_02036_,7.52µm
_05118_,7.52µm
_07011_,7.52µm
_07983_,7.52µm
_08549_,7.52µm
_08641_,7.52µm
_08939_,7.52µm
_09456_,7.52µm
_13359_,7.52µm
_15053_,7.52µm
_17641_,7.52µm
u_fft_core.u_fft8_mdc0.u_mdc8p_stage1.xfft_cell_route1.r_pp2_mult_r\[0\]\[3\],7.52µm
_00532_,7.51µm
_00887_,7.51µm
_01152_,7.51µm
_01262_,7.51µm
_01464_,7.51µm
_01473_,7.51µm
_01541_,7.51µm
_01543_,7.51µm
_01725_,7.51µm
_01918_,7.51µm
_02383_,7.51µm
_02889_,7.51µm
_04704_,7.51µm
_13062_,7.51µm
_16502_,7.51µm
_16965_,7.51µm
_17531_,7.51µm
_17797_,7.51µm
_00588_,7.5µm
_03746_,7.5µm
_05170_,7.5µm
_05199_,7.5µm
_05814_,7.5µm
_06815_,7.5µm
_07372_,7.5µm
_07410_,7.5µm
_07566_,7.5µm
_07709_,7.5µm
_08721_,7.5µm
_09235_,7.5µm
_09412_,7.5µm
_10836_,7.5µm
_11251_,7.5µm
_12559_,7.5µm
_12858_,7.5µm
u_fft_core.u_shift_r2_fft1.data_im_q\[15\],7.5µm
u_fft_core.u_shift_r2_fft2.data_re_q\[8\],7.5µm
_02267_,7.495µm
_04070_,7.495µm
_10268_,7.495µm
_11283_,7.495µm
_12589_,7.495µm
_16019_,7.495µm
_17615_,7.495µm
u_fft_core.u_buffer_parallel2serial.mem_re\[28\]\[6\],7.495µm
_13318_,7.475µm
_16835_,7.475µm
_10994_,7.47µm
u_fft_core.u_fft8_mdc2.u_mdc8p_stage1.xfft_cell_route1.r_pp2_mult_r\[0\]\[14\],7.47µm
_11790_,7.465µm
_03329_,7.46µm
_04074_,7.46µm
_04123_,7.46µm
_04744_,7.46µm
_04910_,7.46µm
_05100_,7.46µm
_07193_,7.46µm
_07407_,7.46µm
_08229_,7.46µm
_08296_,7.46µm
_08753_,7.46µm
_09261_,7.46µm
_09507_,7.46µm
_10276_,7.46µm
_10360_,7.46µm
_10687_,7.46µm
_11045_,7.46µm
_11607_,7.46µm
_11718_,7.46µm
_13221_,7.46µm
_13283_,7.46µm
_13797_,7.46µm
_13947_,7.46µm
_13974_,7.46µm
_15031_,7.46µm
_15044_,7.46µm
_15457_,7.46µm
_15465_,7.46µm
_17220_,7.46µm
_17501_,7.46µm
_04304_,7.455µm
_12613_,7.455µm
_00722_,7.45µm
_00794_,7.45µm
_02829_,7.45µm
_03145_,7.45µm
_03464_,7.45µm
_03510_,7.45µm
_04150_,7.45µm
_04325_,7.45µm
_04410_,7.45µm
_04849_,7.45µm
_04999_,7.45µm
_05727_,7.45µm
_05883_,7.45µm
_06904_,7.45µm
_08226_,7.45µm
_08244_,7.45µm
_08698_,7.45µm
_09065_,7.45µm
_09170_,7.45µm
_09881_,7.45µm
_09951_,7.45µm
_11037_,7.45µm
_11123_,7.45µm
_12475_,7.45µm
_13195_,7.45µm
_13414_,7.45µm
_14147_,7.45µm
_14195_,7.45µm
_14198_,7.45µm
_14274_,7.45µm
_14876_,7.45µm
_16720_,7.45µm
_17130_,7.45µm
_17583_,7.45µm
net185,7.45µm
net291,7.45µm
net344,7.45µm
net487,7.45µm
net628,7.45µm
net646,7.45µm
net823,7.45µm
net937,7.45µm
net1049,7.45µm
net1094,7.45µm
net1351,7.45µm
net1477,7.45µm
net1641,7.45µm
net1695,7.45µm
net1799,7.45µm
net1826,7.45µm
net2124,7.45µm
net2146,7.45µm
net2386,7.45µm
net2467,7.45µm
net4140,7.45µm
net4550,7.45µm
net4574,7.45µm
net4624,7.45µm
u_fft_core.u_fft8_mdc2.u_mdc8p_stage2.ds_switch_stage1.i_data_1r\[0\],7.45µm
u_fft_core.u_fft8_mdc2.u_mdc8p_stage2.ds_switch_stage1.r_idata_i\[0\]\[6\],7.45µm
u_fft_core.u_fft8_mdc3.u_mdc8p_stage2.ds_switch_stage1.w_data_1r\[7\],7.45µm
u_fft_core.u_shift_r2_fft2.data_im_q\[25\],7.45µm
u_fft_core.u_shift_r4.data_im_q\[94\],7.45µm
_02377_,7.445µm
_02486_,7.445µm
_03758_,7.445µm
_09212_,7.445µm
_09716_,7.445µm
_11495_,7.445µm
_12410_,7.445µm
_12687_,7.445µm
_00687_,7.44µm
_00708_,7.44µm
_02720_,7.44µm
_03943_,7.44µm
_04144_,7.44µm
_04520_,7.44µm
_04836_,7.44µm
_05000_,7.44µm
_05631_,7.44µm
_06914_,7.44µm
_06948_,7.44µm
_07565_,7.44µm
_08711_,7.44µm
_09188_,7.44µm
_09242_,7.44µm
_09295_,7.44µm
_09650_,7.44µm
_10090_,7.44µm
_10181_,7.44µm
_10237_,7.44µm
_10882_,7.44µm
_10974_,7.44µm
_11262_,7.44µm
_11638_,7.44µm
_11641_,7.44µm
_11648_,7.44µm
_11666_,7.44µm
_11682_,7.44µm
_12014_,7.44µm
_12183_,7.44µm
_12643_,7.44µm
_13191_,7.44µm
_13461_,7.44µm
_15976_,7.44µm
_16453_,7.44µm
_17183_,7.44µm
_17976_,7.44µm
net1692,7.44µm
u_fft_core.u_buffer_parallel2serial.mem_im\[29\]\[1\],7.44µm
u_fft_core.u_shift_r4.data_re_q\[63\],7.44µm
_02102_,7.435µm
_07425_,7.435µm
_07738_,7.435µm
_08024_,7.435µm
_10201_,7.435µm
_18054_,7.435µm
_00626_,7.425µm
_10791_,7.425µm
_04703_,7.42µm
u_fft_core.u_fft8_mdc0.u_mdc8p_stage3.next_data0_r\[0\],7.42µm
_04563_,7.415µm
_03247_,7.4µm
_05125_,7.4µm
_05434_,7.4µm
_05435_,7.4µm
_11979_,7.4µm
_12276_,7.4µm
_13258_,7.4µm
_13402_,7.4µm
_13445_,7.4µm
_17701_,7.4µm
u_fft_core.u_fft8_mdc2.u_mdc8p_stage1.ds_switch_stage1.r_odata_r\[0\]\[9\],7.4µm
_00145_,7.39µm
_00682_,7.39µm
_03830_,7.39µm
_03842_,7.39µm
_03869_,7.39µm
_04509_,7.39µm
_07048_,7.39µm
_08474_,7.39µm
_08718_,7.39µm
_08726_,7.39µm
_09079_,7.39µm
_09978_,7.39µm
_11521_,7.39µm
_13017_,7.39µm
_13129_,7.39µm
_14855_,7.385µm
u_fft_core.u_fft8_mdc2.u_mdc8p_stage1.xfft_cell_route1.r_pp2_mult_i\[0\]\[6\],7.385µm
_03756_,7.38µm
_10592_,7.38µm
_12739_,7.38µm
_16108_,7.38µm
_17977_,7.38µm
u_fft_core.u_shift_r4.data_re_q\[111\],7.38µm
_02696_,7.37µm
_00624_,7.365µm
_04248_,7.365µm
_05970_,7.365µm
_06003_,7.365µm
_17143_,7.365µm
_03212_,7.355µm
_06358_,7.35µm
_08614_,7.35µm
_09775_,7.35µm
_10085_,7.35µm
_10563_,7.35µm
_10823_,7.35µm
_13113_,7.35µm
_09010_,7.345µm
_09577_,7.345µm
_10277_,7.345µm
_02794_,7.34µm
_02958_,7.34µm
_03961_,7.34µm
_04990_,7.34µm
_07459_,7.34µm
_07575_,7.34µm
_08139_,7.34µm
_08927_,7.34µm
_10439_,7.34µm
_10806_,7.34µm
_11537_,7.34µm
_11624_,7.34µm
_13143_,7.34µm
_14355_,7.34µm
_15917_,7.34µm
_16023_,7.34µm
_17396_,7.34µm
_17600_,7.34µm
_02660_,7.33µm
_03984_,7.33µm
_04708_,7.33µm
_05513_,7.33µm
_05837_,7.33µm
_06548_,7.33µm
_07450_,7.33µm
_07945_,7.33µm
_08178_,7.33µm
_08993_,7.33µm
_09092_,7.33µm
_09488_,7.33µm
_09763_,7.33µm
_09808_,7.33µm
_11611_,7.33µm
_12999_,7.33µm
_13282_,7.33µm
_13343_,7.33µm
_14550_,7.33µm
_17805_,7.33µm
_15019_,7.325µm
_00252_,7.32µm
_00376_,7.32µm
_00382_,7.32µm
_00792_,7.32µm
_00829_,7.32µm
_00927_,7.32µm
_01178_,7.32µm
_01187_,7.32µm
_01235_,7.32µm
_01350_,7.32µm
_01435_,7.32µm
_01489_,7.32µm
_01556_,7.32µm
_01578_,7.32µm
_01646_,7.32µm
_01661_,7.32µm
_01761_,7.32µm
_01771_,7.32µm
_01858_,7.32µm
_02630_,7.32µm
_03941_,7.32µm
_05084_,7.32µm
_10380_,7.32µm
_11162_,7.32µm
_12138_,7.32µm
_13179_,7.32µm
_13578_,7.32µm
_14523_,7.32µm
_15584_,7.32µm
_17384_,7.32µm
net1135,7.32µm
net2328,7.32µm
u_fft_core.u_fft8_mdc1.u_mdc8p_stage1.ds_switch_stage1.w_data_1i\[9\],7.32µm
u_fft_core.u_fft8_mdc2.u_mdc8p_stage2.ds_switch_stage1.w_data_1r\[10\],7.32µm
_01404_,7.305µm
_06664_,7.305µm
_16127_,7.305µm
_02082_,7.3µm
_05249_,7.295µm
_12089_,7.295µm
_12973_,7.295µm
_13157_,7.295µm
_05588_,7.285µm
_04000_,7.28µm
_05492_,7.28µm
_08835_,7.28µm
_08850_,7.28µm
_09656_,7.28µm
_07438_,7.275µm
_00011_,7.27µm
_00840_,7.27µm
_14303_,7.27µm
u_fft_core.u_fft8_mdc0.u_mdc8p_stage1.xfft_cell_route1.w_mult_r\[0\]\[18\],7.27µm
u_fft_core.u_fft8_mdc0.u_mdc8p_stage2.ds_switch_stage1.w_data_1r\[6\],7.27µm
u_fft_core.u_twiddle_interface.u_mult_2.u_clip.o_data_re\[0\],7.27µm
_01926_,7.265µm
_01075_,7.26µm
_01472_,7.26µm
_01491_,7.26µm
_01651_,7.26µm
_01996_,7.26µm
_02056_,7.26µm
_02576_,7.26µm
_02765_,7.26µm
_02939_,7.26µm
_02966_,7.26µm
_03208_,7.26µm
_03233_,7.26µm
_03311_,7.26µm
_03766_,7.26µm
_03881_,7.26µm
_04048_,7.26µm
_04264_,7.26µm
_05680_,7.26µm
_05770_,7.26µm
_05866_,7.26µm
_06328_,7.26µm
_06557_,7.26µm
_06808_,7.26µm
_07483_,7.26µm
_08159_,7.26µm
_08366_,7.26µm
_08510_,7.26µm
_08800_,7.26µm
_09397_,7.26µm
_09619_,7.26µm
_10015_,7.26µm
_10143_,7.26µm
_10745_,7.26µm
_11663_,7.26µm
_12562_,7.26µm
_12937_,7.26µm
_13026_,7.26µm
_13200_,7.26µm
_13651_,7.26µm
_13660_,7.26µm
_13676_,7.26µm
_13762_,7.26µm
_14086_,7.26µm
_14145_,7.26µm
_14384_,7.26µm
_14419_,7.26µm
_14620_,7.26µm
_14722_,7.26µm
_14770_,7.26µm
_15265_,7.26µm
_15842_,7.26µm
_15865_,7.26µm
_15903_,7.26µm
_16274_,7.26µm
_16712_,7.26µm
_16932_,7.26µm
_17173_,7.26µm
_17764_,7.26µm
u_fft_core.u_fft8_mdc0.u_mdc8p_stage1.xfft_cell_route1.r_pp2_mult_r\[0\]\[0\],7.26µm
u_fft_core.u_fft8_mdc1.u_mdc8p_stage1.xfft_cell_route1.r_pp2_mult_i\[1\]\[0\],7.26µm
u_fft_core.u_fft8_mdc2.u_mdc8p_stage1.u_btfly2.o_data1_r\[7\],7.26µm
u_fft_core.u_fft8_mdc2.u_mdc8p_stage1.xfft_cell_route1.r_pp1_data_r\[4\],7.26µm
u_fft_core.u_fft8_mdc3.u_mdc8p_stage2.ds_switch_stage1.r_idata_r\[0\]\[4\],7.26µm
u_fft_core.u_shift_r4.data_re_q\[55\],7.26µm
u_fft_core.u_twiddle_interface.data2_im_q\[5\],7.26µm
_02530_,7.255µm
_17536_,7.25µm
_06811_,7.245µm
_07840_,7.245µm
_10825_,7.245µm
_16139_,7.245µm
net4198,7.245µm
u_fft_core.u_fft8_mdc0.u_mdc8p_stage1.ds_switch_stage1.r_odata_r\[0\]\[6\],7.245µm
_12465_,7.24µm
net4559,7.24µm
_08558_,7.23µm
_15965_,7.23µm
_02657_,7.22µm
_06523_,7.215µm
_00775_,7.21µm
_01595_,7.21µm
_02199_,7.21µm
_02541_,7.21µm
_03007_,7.21µm
_03108_,7.21µm
_04421_,7.21µm
_05144_,7.21µm
_05593_,7.21µm
_05752_,7.21µm
_05975_,7.21µm
_06241_,7.21µm
_06408_,7.21µm
_07177_,7.21µm
_07954_,7.21µm
_07998_,7.21µm
_08411_,7.21µm
_09174_,7.21µm
_09842_,7.21µm
_10859_,7.21µm
_11263_,7.21µm
_11575_,7.21µm
_12024_,7.21µm
_12433_,7.21µm
_12771_,7.21µm
_12783_,7.21µm
_13068_,7.21µm
_13086_,7.21µm
_14142_,7.21µm
_14826_,7.21µm
_16398_,7.21µm
_17735_,7.21µm
_17925_,7.21µm
u_fft_core.u_fft8_mdc2.u_mdc8p_stage2.ds_switch_stage1.i_data_1r\[10\],7.21µm
u_fft_core.u_twiddle_interface.data0_re_2q\[7\],7.21µm
_15475_,7.205µm
net52,7.2µm
_00461_,7.2µm
_00578_,7.2µm
_01295_,7.2µm
_02010_,7.2µm
_02757_,7.2µm
_03307_,7.2µm
_03541_,7.2µm
_03597_,7.2µm
_04769_,7.2µm
_05422_,7.2µm
_05600_,7.2µm
_06272_,7.2µm
_06372_,7.2µm
_06883_,7.2µm
_07007_,7.2µm
_07318_,7.2µm
_07465_,7.2µm
_07878_,7.2µm
_07962_,7.2µm
_08601_,7.2µm
_08772_,7.2µm
_08903_,7.2µm
_09206_,7.2µm
_09219_,7.2µm
_09452_,7.2µm
_09567_,7.2µm
_09736_,7.2µm
_09969_,7.2µm
_10094_,7.2µm
_10878_,7.2µm
_10942_,7.2µm
_11031_,7.2µm
_11071_,7.2µm
_11090_,7.2µm
_11113_,7.2µm
_11307_,7.2µm
_12269_,7.2µm
_12500_,7.2µm
_12526_,7.2µm
_12711_,7.2µm
_12811_,7.2µm
_13098_,7.2µm
_13175_,7.2µm
_13219_,7.2µm
_13290_,7.2µm
_13540_,7.2µm
_13641_,7.2µm
_13642_,7.2µm
_13684_,7.2µm
_14038_,7.2µm
_14138_,7.2µm
_14166_,7.2µm
_14500_,7.2µm
_14658_,7.2µm
_14782_,7.2µm
_14837_,7.2µm
_15064_,7.2µm
_15694_,7.2µm
_15830_,7.2µm
_15948_,7.2µm
_15953_,7.2µm
_16087_,7.2µm
_16282_,7.2µm
_16447_,7.2µm
_16450_,7.2µm
_16581_,7.2µm
_16660_,7.2µm
_16889_,7.2µm
_16969_,7.2µm
_18064_,7.2µm
net129,7.2µm
net131,7.2µm
net139,7.2µm
net174,7.2µm
net205,7.2µm
net219,7.2µm
net245,7.2µm
net263,7.2µm
net289,7.2µm
net305,7.2µm
net332,7.2µm
net335,7.2µm
net361,7.2µm
net441,7.2µm
net445,7.2µm
net453,7.2µm
net509,7.2µm
net511,7.2µm
net548,7.2µm
net552,7.2µm
net662,7.2µm
net672,7.2µm
net678,7.2µm
net684,7.2µm
net687,7.2µm
net716,7.2µm
net720,7.2µm
net747,7.2µm
net752,7.2µm
net807,7.2µm
net825,7.2µm
net830,7.2µm
net832,7.2µm
net839,7.2µm
net880,7.2µm
net921,7.2µm
net934,7.2µm
net981,7.2µm
net990,7.2µm
net1014,7.2µm
net1021,7.2µm
net1040,7.2µm
net1086,7.2µm
net1087,7.2µm
net1158,7.2µm
net1206,7.2µm
net1212,7.2µm
net1249,7.2µm
net1289,7.2µm
net1298,7.2µm
net1309,7.2µm
net1368,7.2µm
net1429,7.2µm
net1468,7.2µm
net1476,7.2µm
net1484,7.2µm
net1489,7.2µm
net1492,7.2µm
net1520,7.2µm
net1522,7.2µm
net1547,7.2µm
net1557,7.2µm
net1565,7.2µm
net1592,7.2µm
net1644,7.2µm
net1689,7.2µm
net1693,7.2µm
net1706,7.2µm
net1707,7.2µm
net1737,7.2µm
net1747,7.2µm
net1752,7.2µm
net1753,7.2µm
net1756,7.2µm
net1771,7.2µm
net1806,7.2µm
net1850,7.2µm
net1913,7.2µm
net1927,7.2µm
net1937,7.2µm
net1960,7.2µm
net1973,7.2µm
net1976,7.2µm
net2000,7.2µm
net2086,7.2µm
net2091,7.2µm
net2130,7.2µm
net2140,7.2µm
net2150,7.2µm
net2212,7.2µm
net2247,7.2µm
net2315,7.2µm
net2334,7.2µm
net2338,7.2µm
net2369,7.2µm
net2409,7.2µm
net2442,7.2µm
net2497,7.2µm
net2650,7.2µm
net2663,7.2µm
net2668,7.2µm
net2733,7.2µm
net4128,7.2µm
net4138,7.2µm
net4189,7.2µm
net4242,7.2µm
net4350,7.2µm
net4402,7.2µm
net4426,7.2µm
net4468,7.2µm
net4501,7.2µm
net4511,7.2µm
net4524,7.2µm
net4600,7.2µm
net4602,7.2µm
net4604,7.2µm
u_fft_core.u_fft8_mdc0.u_mdc8p_stage1.ds_switch_stage1.o_data_0r\[1\],7.2µm
u_fft_core.u_fft8_mdc0.u_mdc8p_stage2.ds_switch_stage1.i_data_1i\[1\],7.2µm
u_fft_core.u_fft8_mdc0.u_mdc8p_stage3.next_data0_r\[5\],7.2µm
u_fft_core.u_fft8_mdc1.u_mdc8p_stage1.ds_switch_stage1.i_data_0r\[4\],7.2µm
u_fft_core.u_fft8_mdc1.u_mdc8p_stage1.u_btfly2.o_data1_r\[4\],7.2µm
u_fft_core.u_fft8_mdc2.u_mdc8p_stage2.ds_switch_stage1.i_data_1i\[4\],7.2µm
u_fft_core.u_fft8_mdc3.u_mdc8p_stage1.ds_switch_stage1.r_odata_r\[0\]\[4\],7.2µm
u_fft_core.u_fft8_mdc3.u_mdc8p_stage1.xfft_cell_route1.r_pp1_data_r\[7\],7.2µm
u_fft_core.u_fft8_mdc3.u_mdc8p_stage1.xfft_cell_route1.w_mult_i\[1\]\[15\],7.2µm
u_fft_core.u_fft8_mdc3.u_mdc8p_stage1.xfft_cell_route1.w_mult_r\[1\]\[12\],7.2µm
u_tx.data,7.2µm
_05653_,7.195µm
_07574_,7.195µm
_08036_,7.195µm
_10654_,7.195µm
_04750_,7.19µm
_05214_,7.185µm
_12969_,7.185µm
_13312_,7.185µm
_16817_,7.185µm
_14381_,7.155µm
_00364_,7.15µm
_00515_,7.15µm
_00744_,7.15µm
_00819_,7.15µm
_00988_,7.15µm
_00993_,7.15µm
_01213_,7.15µm
_01216_,7.15µm
_01419_,7.15µm
_01563_,7.15µm
_01765_,7.15µm
_01833_,7.15µm
_01843_,7.15µm
_02099_,7.15µm
_02927_,7.15µm
_03175_,7.15µm
_03350_,7.15µm
_03759_,7.15µm
_03852_,7.15µm
_04178_,7.15µm
_04232_,7.15µm
_04381_,7.15µm
_04590_,7.15µm
_05148_,7.15µm
_05278_,7.15µm
_05868_,7.15µm
_06561_,7.15µm
_07428_,7.15µm
_07610_,7.15µm
_07708_,7.15µm
_08869_,7.15µm
_09411_,7.15µm
_10093_,7.15µm
_10164_,7.15µm
_11166_,7.15µm
_11286_,7.15µm
_11425_,7.15µm
_12038_,7.15µm
_13114_,7.15µm
_13299_,7.15µm
_13460_,7.15µm
_13925_,7.15µm
_13928_,7.15µm
_14297_,7.15µm
_14490_,7.15µm
_14496_,7.15µm
_14643_,7.15µm
_15501_,7.15µm
_15529_,7.15µm
_16090_,7.15µm
_16121_,7.15µm
_16452_,7.15µm
_16477_,7.15µm
u_fft_core.u_fft8_mdc3.u_mdc8p_stage1.ds_switch_stage1.o_data_0i\[9\],7.15µm
u_fft_core.u_fft8_mdc3.u_mdc8p_stage1.r_bt0_r\[0\]\[1\],7.15µm
u_fft_core.u_fft8_mdc3.u_mdc8p_stage1.xfft_cell_route1.w_mult_r\[0\]\[5\],7.15µm
u_fft_core.u_twiddle_interface.data0_im_2q\[0\],7.15µm
u_rx.data_d,7.15µm
_00350_,7.14µm
_01501_,7.14µm
_01616_,7.14µm
_02258_,7.14µm
_02603_,7.14µm
_02836_,7.14µm
_03261_,7.14µm
_04188_,7.14µm
_04423_,7.14µm
_06088_,7.14µm
_06163_,7.14µm
_06505_,7.14µm
_06628_,7.14µm
_06894_,7.14µm
_08750_,7.14µm
_08794_,7.14µm
_10055_,7.14µm
_10176_,7.14µm
_10193_,7.14µm
_10407_,7.14µm
_10928_,7.14µm
_11137_,7.14µm
_12321_,7.14µm
_12852_,7.14µm
_12984_,7.14µm
_13431_,7.14µm
_13600_,7.14µm
_13723_,7.14µm
_15701_,7.14µm
_15912_,7.14µm
_16960_,7.14µm
_17489_,7.14µm
_17949_,7.14µm
_02166_,7.135µm
_03965_,7.135µm
_04239_,7.135µm
_04877_,7.135µm
_07864_,7.135µm
_08660_,7.135µm
_08956_,7.135µm
_10845_,7.135µm
_12015_,7.135µm
_12100_,7.135µm
_16954_,7.135µm
u_fft_core.u_twiddle_interface.u_mult_3.u_clip.o_data_re\[0\],7.125µm
_06968_,7.11µm
_02430_,7.1µm
_02480_,7.1µm
_03180_,7.1µm
_04723_,7.1µm
_05418_,7.1µm
_05743_,7.1µm
_06519_,7.1µm
_08081_,7.1µm
_08298_,7.1µm
_08587_,7.1µm
_08937_,7.1µm
_09678_,7.1µm
_10482_,7.1µm
_10675_,7.1µm
_10736_,7.1µm
_10809_,7.1µm
_11550_,7.1µm
_11646_,7.1µm
_12772_,7.1µm
_12975_,7.1µm
_17491_,7.1µm
u_fft_core.u_fft8_mdc1.u_mdc8p_stage1.xfft_cell_route1.r_pp2_mult_r\[0\]\[10\],7.1µm
u_fft_core.u_fft8_mdc1.u_mdc8p_stage1.xfft_cell_route1.r_pp2_mult_r\[0\]\[12\],7.1µm
u_fft_core.u_fft8_mdc3.u_mdc8p_stage1.xfft_cell_route1.r_pp2_mult_i\[1\]\[10\],7.1µm
_14901_,7.095µm
_00101_,7.09µm
_00592_,7.09µm
_00772_,7.09µm
_01985_,7.09µm
_03557_,7.09µm
_03971_,7.09µm
_04687_,7.09µm
_04732_,7.09µm
_05450_,7.09µm
_05709_,7.09µm
_05789_,7.09µm
_06654_,7.09µm
_07047_,7.09µm
_07830_,7.09µm
_07856_,7.09µm
_08370_,7.09µm
_08619_,7.09µm
_08853_,7.09µm
_09087_,7.09µm
_10091_,7.09µm
_10332_,7.09µm
_10390_,7.09µm
_10586_,7.09µm
_10843_,7.09µm
_11401_,7.09µm
_13181_,7.09µm
_13363_,7.09µm
_14001_,7.09µm
_14201_,7.09µm
_16795_,7.09µm
_17299_,7.09µm
net93,7.09µm
net109,7.09µm
net125,7.09µm
net382,7.09µm
net391,7.09µm
net394,7.09µm
net460,7.09µm
net466,7.09µm
net620,7.09µm
net767,7.09µm
net1170,7.09µm
net1334,7.09µm
net1336,7.09µm
net1625,7.09µm
net1633,7.09µm
net1640,7.09µm
net1684,7.09µm
net1702,7.09µm
net1842,7.09µm
net1863,7.09µm
net2073,7.09µm
net2337,7.09µm
net2464,7.09µm
net2538,7.09µm
net2681,7.09µm
net2685,7.09µm
net2719,7.09µm
net4308,7.09µm
net4356,7.09µm
net4466,7.09µm
net4623,7.09µm
u_fft_core.u_fft8_mdc2.u_mdc8p_stage1.ds_switch_stage1.o_data_0i\[9\],7.09µm
_00642_,7.08µm
_00669_,7.08µm
_01282_,7.08µm
_03661_,7.08µm
_03814_,7.08µm
_03920_,7.08µm
_04576_,7.08µm
_04882_,7.08µm
_05897_,7.08µm
_06105_,7.08µm
_06146_,7.08µm
_06407_,7.08µm
_07022_,7.08µm
_08086_,7.08µm
_08203_,7.08µm
_08224_,7.08µm
_08335_,7.08µm
_09218_,7.08µm
_09382_,7.08µm
_09505_,7.08µm
_09533_,7.08µm
_09658_,7.08µm
_09704_,7.08µm
_10898_,7.08µm
_10914_,7.08µm
_12148_,7.08µm
_12257_,7.08µm
_12753_,7.08µm
_14021_,7.08µm
_14365_,7.08µm
_15675_,7.08µm
_17090_,7.08µm
_17550_,7.08µm
_17857_,7.08µm
net133,7.08µm
net160,7.08µm
net170,7.08µm
net826,7.08µm
net976,7.08µm
net1037,7.08µm
net1342,7.08µm
net1350,7.08µm
net1721,7.08µm
net1819,7.08µm
net1898,7.08µm
net2258,7.08µm
net2370,7.08µm
net2445,7.08µm
net2584,7.08µm
net2651,7.08µm
net4397,7.08µm
u_debug_sys.addr_out\[4\],7.08µm
u_fft_core.u_buffer_parallel2serial.mem_im\[5\]\[7\],7.08µm
u_fft_core.u_fft8_mdc0.u_mdc8p_stage1.xfft_cell_route1.r_pp2_mult_i\[1\]\[8\],7.08µm
u_fft_core.u_fft8_mdc3.u_mdc8p_stage1.ds_switch_stage1.r_idata_i\[0\]\[7\],7.08µm
_02075_,7.075µm
_02148_,7.075µm
_02389_,7.075µm
_04247_,7.075µm
_05961_,7.075µm
_07162_,7.075µm
_07537_,7.075µm
_07543_,7.075µm
_08196_,7.075µm
_09652_,7.075µm
_10458_,7.075µm
_10709_,7.075µm
_10923_,7.075µm
_11145_,7.075µm
_11884_,7.075µm
_13011_,7.075µm
_13979_,7.075µm
_16869_,7.075µm
_17460_,7.075µm
_17484_,7.075µm
_18079_,7.075µm
u_fft_core.u_fft8_mdc0.u_mdc8p_stage1.xfft_cell_route1.w_mult_i\[1\]\[4\],7.075µm
u_fft_core.u_fft8_mdc1.u_mdc8p_stage1.u_btfly2.o_data0_i\[0\],7.075µm
_09738_,7.07µm
_11621_,7.07µm
_04572_,7.06µm
_08759_,7.06µm
_08950_,7.06µm
_09201_,7.06µm
_09204_,7.06µm
_10166_,7.06µm
_10423_,7.06µm
_11197_,7.06µm
_11859_,7.06µm
_12145_,7.06µm
_12857_,7.06µm
_12968_,7.06µm
_13301_,7.06µm
u_fft_core.u_fft8_mdc0.u_mdc8p_stage1.xfft_cell_route1.r_pp2_mult_i\[1\]\[12\],7.06µm
_05637_,7.05µm
_17849_,7.05µm
_04570_,7.045µm
_17705_,7.045µm
_02547_,7.04µm
_06950_,7.04µm
_06972_,7.04µm
_07366_,7.04µm
_07801_,7.04µm
_09626_,7.04µm
_10194_,7.04µm
_10465_,7.04µm
_10887_,7.04µm
_11141_,7.04µm
_13198_,7.04µm
_15945_,7.04µm
_17409_,7.04µm
_17666_,7.04µm
u_debug_sys.u_spi_slave.tx_shift\[12\],7.04µm
u_fft_core.u_fft8_mdc2.u_mdc8p_stage1.xfft_cell_route1.r_pp2_mult_r\[0\]\[12\],7.04µm
_00109_,7.03µm
_00404_,7.03µm
_00977_,7.03µm
_01070_,7.03µm
_01225_,7.03µm
_01574_,7.03µm
_01715_,7.03µm
_03543_,7.03µm
_08082_,7.03µm
_10370_,7.03µm
_13591_,7.03µm
_16639_,7.03µm
_00098_,7.02µm
_00860_,7.02µm
_02539_,7.02µm
_03957_,7.02µm
_04076_,7.02µm
_04485_,7.02µm
_05542_,7.02µm
_05666_,7.02µm
_05880_,7.02µm
_06122_,7.02µm
_07485_,7.02µm
_08706_,7.02µm
_09240_,7.02µm
_09384_,7.02µm
_10775_,7.02µm
_10777_,7.02µm
_11723_,7.02µm
_12010_,7.02µm
_12566_,7.02µm
_14230_,7.02µm
_14709_,7.02µm
_15543_,7.02µm
_16408_,7.02µm
_16537_,7.02µm
_17859_,7.02µm
_18149_,7.02µm
u_fft_core.u_shift_r4.data_im_q\[73\],7.02µm
_02032_,7.015µm
_02293_,7.015µm
_02748_,7.015µm
_03594_,7.015µm
_05066_,7.015µm
_07967_,7.015µm
_10785_,7.015µm
_17842_,7.015µm
u_fft_core.u_shift_r4.data_re_q\[127\],7.015µm
_02272_,7.005µm
_04668_,7.005µm
_03528_,6.995µm
_04656_,6.995µm
_08009_,6.995µm
_08773_,6.995µm
_03107_,6.985µm
_12180_,6.985µm
_02231_,6.98µm
_02368_,6.98µm
_02516_,6.98µm
_03046_,6.98µm
_03054_,6.98µm
_04059_,6.98µm
_04154_,6.98µm
_04798_,6.98µm
_04814_,6.98µm
_04892_,6.98µm
_04900_,6.98µm
_05093_,6.98µm
_05194_,6.98µm
_07158_,6.98µm
_07430_,6.98µm
_07434_,6.98µm
_08269_,6.98µm
_10834_,6.98µm
_10863_,6.98µm
_12065_,6.98µm
_12941_,6.98µm
_13430_,6.98µm
_14109_,6.98µm
_14262_,6.98µm
_14994_,6.98µm
_15588_,6.98µm
_15840_,6.98µm
_17458_,6.98µm
_17549_,6.98µm
_17790_,6.98µm
_17824_,6.98µm
_17887_,6.98µm
u_fft_core.u_fft8_mdc3.u_mdc8p_stage1.xfft_cell_route1.r_pp2_mult_r\[0\]\[2\],6.98µm
_02222_,6.975µm
_00556_,6.97µm
_00791_,6.97µm
_01018_,6.97µm
_01207_,6.97µm
_01575_,6.97µm
_01831_,6.97µm
_01878_,6.97µm
_02153_,6.97µm
_02432_,6.97µm
_02771_,6.97µm
_04137_,6.97µm
_05692_,6.97µm
_05773_,6.97µm
_06440_,6.97µm
_07396_,6.97µm
_07826_,6.97µm
_08524_,6.97µm
_09158_,6.97µm
_09288_,6.97µm
_09532_,6.97µm
_09551_,6.97µm
_09891_,6.97µm
_10837_,6.97µm
_10881_,6.97µm
_11136_,6.97µm
_11481_,6.97µm
_11916_,6.97µm
_12679_,6.97µm
_12819_,6.97µm
_12821_,6.97µm
_14117_,6.97µm
_14898_,6.97µm
_15619_,6.97µm
_15800_,6.97µm
_15959_,6.97µm
_16665_,6.97µm
_17286_,6.97µm
_17311_,6.97µm
_17529_,6.97µm
_17724_,6.97µm
_18158_,6.97µm
net609,6.97µm
net707,6.97µm
net851,6.97µm
net1136,6.97µm
net1179,6.97µm
net1456,6.97µm
net1808,6.97µm
net1815,6.97µm
net1829,6.97µm
net1941,6.97µm
net1943,6.97µm
net1999,6.97µm
net2054,6.97µm
net2103,6.97µm
net2632,6.97µm
net2688,6.97µm
net4467,6.97µm
u_fft_core.u_fft8_mdc0.u_mdc8p_stage1.ds_switch_stage1.w_data_1r\[6\],6.97µm
u_fft_core.u_fft8_mdc1.u_mdc8p_stage3.next_data0_r\[0\],6.97µm
u_fft_core.u_fft8_mdc3.u_mdc8p_stage2.ds_switch_stage1.w_data_1r\[9\],6.97µm
_02773_,6.965µm
_02883_,6.965µm
_03194_,6.965µm
_04052_,6.965µm
_05447_,6.965µm
_06636_,6.965µm
_09095_,6.965µm
_09233_,6.965µm
_09756_,6.965µm
_11223_,6.965µm
_12884_,6.965µm
_17294_,6.965µm
_00638_,6.96µm
_02667_,6.96µm
_03715_,6.96µm
_04147_,6.96µm
_04760_,6.96µm
_04909_,6.96µm
_05761_,6.96µm
_05920_,6.96µm
_06663_,6.96µm
_07128_,6.96µm
_07342_,6.96µm
_08209_,6.96µm
_08329_,6.96µm
_08434_,6.96µm
_09159_,6.96µm
_09597_,6.96µm
_09940_,6.96µm
_12332_,6.96µm
_12558_,6.96µm
_16046_,6.96µm
_17408_,6.96µm
net1380,6.96µm
u_fft_core.u_fft8_mdc0.u_mdc8p_stage1.xfft_cell_route1.r_pp2_mult_r\[0\]\[1\],6.96µm
_04596_,6.955µm
_05643_,6.955µm
_10701_,6.955µm
_02008_,6.92µm
_04031_,6.92µm
_04420_,6.92µm
_05472_,6.92µm
_06025_,6.92µm
_10226_,6.92µm
_12056_,6.92µm
_14390_,6.92µm
_16772_,6.92µm
_17603_,6.92µm
_09876_,6.915µm
_05304_,6.91µm
_08803_,6.91µm
_08994_,6.91µm
_09123_,6.91µm
_13358_,6.91µm
_15243_,6.91µm
_15257_,6.91µm
_15697_,6.91µm
_12434_,6.905µm
_00767_,6.9µm
_02110_,6.9µm
_04167_,6.9µm
_05984_,6.9µm
_06612_,6.9µm
_07404_,6.9µm
_10263_,6.9µm
_12430_,6.9µm
_12721_,6.9µm
_12967_,6.9µm
_14727_,6.9µm
_15507_,6.9µm
_16709_,6.9µm
_13045_,6.895µm
_02817_,6.885µm
_03335_,6.885µm
_07133_,6.885µm
_03159_,6.87µm
_03249_,6.87µm
_03275_,6.87µm
_04360_,6.87µm
_06583_,6.87µm
_07756_,6.87µm
_12472_,6.87µm
_02964_,6.86µm
_04593_,6.86µm
_05226_,6.86µm
_06390_,6.86µm
_06651_,6.86µm
_07952_,6.86µm
_10238_,6.86µm
net1364,6.86µm
u_fft_core.u_fft8_mdc3.u_mdc8p_stage1.xfft_cell_route1.r_pp2_mult_i\[1\]\[18\],6.86µm
_07175_,6.85µm
_07413_,6.85µm
_07836_,6.85µm
_08340_,6.85µm
_09052_,6.85µm
_11324_,6.85µm
_00239_,6.84µm
_00276_,6.84µm
_00337_,6.84µm
_00438_,6.84µm
_00930_,6.84µm
_00973_,6.84µm
_00981_,6.84µm
_01026_,6.84µm
_01038_,6.84µm
_01062_,6.84µm
_01131_,6.84µm
_01417_,6.84µm
_01475_,6.84µm
_01526_,6.84µm
_01530_,6.84µm
_01548_,6.84µm
_01610_,6.84µm
_01622_,6.84µm
_01664_,6.84µm
_01779_,6.84µm
_01910_,6.84µm
_01946_,6.84µm
_09931_,6.84µm
_13424_,6.84µm
_16205_,6.84µm
_17142_,6.84µm
u_fft_core.u_fft8_mdc0.u_mdc8p_stage1.xfft_cell_route1.r_pp2_mult_i\[0\]\[6\],6.84µm
u_fft_core.u_fft8_mdc1.u_mdc8p_stage1.ds_switch_stage1.w_data_1i\[4\],6.84µm
_01468_,6.825µm
_05670_,6.825µm
_07227_,6.825µm
_10532_,6.825µm
_15193_,6.825µm
_15607_,6.825µm
_16500_,6.825µm
_16319_,6.815µm
_12990_,6.81µm
_14795_,6.81µm
_09798_,6.805µm
_17979_,6.805µm
_00513_,6.8µm
_02092_,6.8µm
_00656_,6.79µm
_01367_,6.79µm
_01410_,6.79µm
_15428_,6.79µm
_17884_,6.79µm
u_fft_core.u_fft8_mdc2.u_mdc8p_stage1.xfft_cell_route1.w_mult_r\[1\]\[10\],6.79µm
_00629_,6.78µm
_00738_,6.78µm
_02023_,6.78µm
_02057_,6.78µm
_02126_,6.78µm
_02517_,6.78µm
_02881_,6.78µm
_03121_,6.78µm
_03596_,6.78µm
_04091_,6.78µm
_04607_,6.78µm
_04626_,6.78µm
_04683_,6.78µm
_04698_,6.78µm
_04914_,6.78µm
_05014_,6.78µm
_05213_,6.78µm
_05317_,6.78µm
_05841_,6.78µm
_05889_,6.78µm
_06021_,6.78µm
_06056_,6.78µm
_06071_,6.78µm
_06760_,6.78µm
_07098_,6.78µm
_07237_,6.78µm
_08647_,6.78µm
_10406_,6.78µm
_11227_,6.78µm
_11349_,6.78µm
_11866_,6.78µm
_12281_,6.78µm
_12518_,6.78µm
_12520_,6.78µm
_12995_,6.78µm
_13276_,6.78µm
_13793_,6.78µm
_13901_,6.78µm
_14286_,6.78µm
_14372_,6.78µm
_14561_,6.78µm
_15250_,6.78µm
_15325_,6.78µm
_15631_,6.78µm
_15713_,6.78µm
_16095_,6.78µm
_16100_,6.78µm
_16607_,6.78µm
_16923_,6.78µm
_16991_,6.78µm
_17133_,6.78µm
_17370_,6.78µm
_17413_,6.78µm
_17793_,6.78µm
_17933_,6.78µm
_18142_,6.78µm
u_fft_core.u_buffer_parallel2serial.mem_re\[30\]\[7\],6.78µm
u_fft_core.u_fft8_mdc0.u_mdc8p_stage3.next_data1_i\[5\],6.78µm
u_fft_core.u_fft8_mdc1.u_mdc8p_stage2.ds_switch_stage1.i_data_1i\[7\],6.78µm
u_fft_core.u_fft8_mdc1.u_mdc8p_stage2.ds_switch_stage1.i_data_1r\[7\],6.78µm
u_fft_core.u_fft8_mdc1.u_mdc8p_stage2.ds_switch_stage1.o_data_0i\[3\],6.78µm
u_fft_core.u_fft8_mdc2.u_mdc8p_stage2.ds_switch_stage1.valid_count\[3\],6.78µm
u_fft_core.u_twiddle_interface.mult2_im\[6\],6.78µm
_07936_,6.775µm
u_fft_core.u_fft8_mdc3.u_mdc8p_stage1.ds_switch_stage1.r_idata_r\[1\]\[5\],6.77µm
_02709_,6.765µm
net1908,6.765µm
_07705_,6.76µm
_10665_,6.76µm
_02760_,6.75µm
_00015_,6.73µm
_01388_,6.73µm
_02479_,6.73µm
_02499_,6.73µm
_02834_,6.73µm
_02901_,6.73µm
_03573_,6.73µm
_04342_,6.73µm
_05367_,6.73µm
_05603_,6.73µm
_06317_,6.73µm
_07678_,6.73µm
_09074_,6.73µm
_10074_,6.73µm
_10294_,6.73µm
_12021_,6.73µm
_12144_,6.73µm
_13532_,6.73µm
_13818_,6.73µm
_13822_,6.73µm
_14290_,6.73µm
_14802_,6.73µm
_14808_,6.73µm
_14929_,6.73µm
_15125_,6.73µm
_15468_,6.73µm
_15643_,6.73µm
_15755_,6.73µm
_16533_,6.73µm
_16559_,6.73µm
_16644_,6.73µm
_17533_,6.73µm
u_fft_core.u_fft8_mdc0.u_mdc8p_stage1.ds_switch_stage1.o_data_0i\[4\],6.73µm
u_fft_core.u_fft8_mdc2.u_mdc8p_stage1.xfft_cell_route1.r_pp2_mult_r\[0\]\[1\],6.73µm
_11543_,6.725µm
_01398_,6.72µm
_03196_,6.72µm
_03501_,6.72µm
_04637_,6.72µm
_04976_,6.72µm
_05033_,6.72µm
_05494_,6.72µm
_05695_,6.72µm
_05707_,6.72µm
_05830_,6.72µm
_06389_,6.72µm
_06724_,6.72µm
_06797_,6.72µm
_07617_,6.72µm
_07914_,6.72µm
_08866_,6.72µm
_09600_,6.72µm
_09687_,6.72µm
_09771_,6.72µm
_10009_,6.72µm
_10303_,6.72µm
_13266_,6.72µm
_13856_,6.72µm
_13922_,6.72µm
_14307_,6.72µm
_15200_,6.72µm
_15339_,6.72µm
_16531_,6.72µm
_17073_,6.72µm
_17170_,6.72µm
_17197_,6.72µm
_17616_,6.72µm
net120,6.72µm
net318,6.72µm
net333,6.72µm
net499,6.72µm
net739,6.72µm
net919,6.72µm
net1007,6.72µm
net1361,6.72µm
net1379,6.72µm
net1427,6.72µm
net1664,6.72µm
net1765,6.72µm
net1852,6.72µm
net2267,6.72µm
net2270,6.72µm
net2461,6.72µm
net4132,6.72µm
net4179,6.72µm
net4361,6.72µm
net4387,6.72µm
u_fft_core.u_fft8_mdc3.u_mdc8p_stage1.ds_switch_stage1.o_data_0i\[3\],6.72µm
u_fft_core.u_fft8_mdc3.u_mdc8p_stage1.ds_switch_stage1.o_data_0r\[0\],6.72µm
_03254_,6.715µm
_05235_,6.715µm
_13349_,6.715µm
_03692_,6.7µm
_05268_,6.7µm
_17313_,6.7µm
_09433_,6.68µm
_14191_,6.68µm
u_fft_core.u_fft8_mdc3.u_mdc8p_stage1.xfft_cell_route1.r_pp2_mult_r\[1\]\[2\],6.675µm
_00508_,6.67µm
_00857_,6.67µm
_01326_,6.67µm
_01429_,6.67µm
_01446_,6.67µm
_01745_,6.67µm
_01892_,6.67µm
_01904_,6.67µm
_02116_,6.67µm
_02510_,6.67µm
_02607_,6.67µm
_03395_,6.67µm
_03570_,6.67µm
_03747_,6.67µm
_04338_,6.67µm
_05122_,6.67µm
_05228_,6.67µm
_05310_,6.67µm
_05473_,6.67µm
_05788_,6.67µm
_06278_,6.67µm
_06339_,6.67µm
_06644_,6.67µm
_07213_,6.67µm
_09304_,6.67µm
_09632_,6.67µm
_09875_,6.67µm
_11125_,6.67µm
_11208_,6.67µm
_11951_,6.67µm
_12823_,6.67µm
_12839_,6.67µm
_13779_,6.67µm
_13867_,6.67µm
_13869_,6.67µm
_13907_,6.67µm
_13969_,6.67µm
_13983_,6.67µm
_15239_,6.67µm
_15358_,6.67µm
_15544_,6.67µm
_16084_,6.67µm
_16137_,6.67µm
_16350_,6.67µm
_16582_,6.67µm
_16622_,6.67µm
_16638_,6.67µm
_17146_,6.67µm
_17598_,6.67µm
_18192_,6.67µm
u_fft_core.u_fft8_mdc0.u_mdc8p_stage1.xfft_cell_route1.r_pp1_data_r\[4\],6.67µm
u_fft_core.u_fft8_mdc1.u_mdc8p_stage1.ds_switch_stage1.i_data_1i\[7\],6.67µm
u_fft_core.u_fft8_mdc1.u_mdc8p_stage1.ds_switch_stage1.i_data_1r\[8\],6.67µm
u_fft_core.u_fft8_mdc1.u_mdc8p_stage1.ds_switch_stage1.r_odata_i\[0\]\[8\],6.67µm
u_fft_core.u_fft8_mdc1.u_mdc8p_stage1.ds_switch_stage1.w_data_1i\[8\],6.67µm
u_fft_core.u_fft8_mdc3.u_mdc8p_stage1.ds_switch_stage1.r_odata_r\[0\]\[9\],6.67µm
u_fft_core.u_fft8_mdc3.u_mdc8p_stage1.xfft_cell_route1.r_pp2_mult_r\[1\]\[6\],6.67µm
_00225_,6.66µm
_00355_,6.66µm
_00715_,6.66µm
_01086_,6.66µm
_01294_,6.66µm
_01507_,6.66µm
_01648_,6.66µm
_02843_,6.66µm
_03675_,6.66µm
_03899_,6.66µm
_04786_,6.66µm
_06300_,6.66µm
_06518_,6.66µm
_07066_,6.66µm
_07552_,6.66µm
_08643_,6.66µm
_08852_,6.66µm
_08922_,6.66µm
_08928_,6.66µm
_11527_,6.66µm
_11742_,6.66µm
_11885_,6.66µm
_12072_,6.66µm
_12693_,6.66µm
_13377_,6.66µm
_13963_,6.66µm
u_fft_core.u_fft8_mdc0.u_mdc8p_stage1.u_btfly2.o_data0_r\[6\],6.66µm
u_fft_core.u_fft8_mdc1.u_mdc8p_stage1.xfft_cell_route1.r_pp2_mult_r\[0\]\[3\],6.66µm
u_fft_core.u_fft8_mdc2.u_mdc8p_stage1.ds_switch_stage1.valid_nstate,6.66µm
u_fft_core.u_fft8_mdc2.u_mdc8p_stage1.ds_switch_stage1.w_data_1i\[8\],6.66µm
u_fft_core.u_fft8_mdc2.u_mdc8p_stage1.u_btfly2.o_data1_i\[1\],6.66µm
u_fft_core.u_shift_r4.data_re_q\[56\],6.66µm
_02015_,6.655µm
_02111_,6.655µm
_02373_,6.655µm
_04012_,6.655µm
_04160_,6.655µm
_08696_,6.655µm
_10000_,6.655µm
u_fft_core.u_fft8_mdc2.u_mdc8p_stage1.ds_switch_stage1.r_idata_r\[1\]\[5\],6.655µm
_06152_,6.645µm
net1243,6.645µm
_03824_,6.63µm
_02079_,6.62µm
_02217_,6.62µm
_02642_,6.62µm
_02767_,6.62µm
_03327_,6.62µm
_04087_,6.62µm
_04625_,6.62µm
_04904_,6.62µm
_05383_,6.62µm
_07909_,6.62µm
_07964_,6.62µm
_08367_,6.62µm
_09227_,6.62µm
_09348_,6.62µm
_11224_,6.62µm
_11735_,6.62µm
_11910_,6.62µm
_12167_,6.62µm
_12359_,6.62µm
_12790_,6.62µm
_12863_,6.62µm
_13159_,6.62µm
_13482_,6.62µm
_15034_,6.62µm
_03879_,6.615µm
_07370_,6.615µm
_00366_,6.61µm
_00761_,6.61µm
_01663_,6.61µm
_03662_,6.61µm
_04766_,6.61µm
_05266_,6.61µm
_05733_,6.61µm
_06112_,6.61µm
_07097_,6.61µm
_07159_,6.61µm
_07365_,6.61µm
_08013_,6.61µm
_08239_,6.61µm
_09194_,6.61µm
_10106_,6.61µm
_12574_,6.61µm
_13207_,6.61µm
_13596_,6.61µm
_14002_,6.61µm
_16147_,6.61µm
_16828_,6.61µm
_17144_,6.61µm
_17840_,6.61µm
_18078_,6.61µm
net102,6.61µm
net116,6.61µm
net118,6.61µm
net249,6.61µm
net417,6.61µm
net520,6.61µm
net633,6.61µm
net636,6.61µm
net663,6.61µm
net781,6.61µm
net852,6.61µm
net893,6.61µm
net1273,6.61µm
net1286,6.61µm
net1441,6.61µm
net1485,6.61µm
net1698,6.61µm
net2063,6.61µm
net2106,6.61µm
net2207,6.61µm
net2210,6.61µm
net2259,6.61µm
net2441,6.61µm
net2473,6.61µm
net2537,6.61µm
net2661,6.61µm
net2678,6.61µm
net4293,6.61µm
net4526,6.61µm
u_fft_core.u_fft8_mdc0.u_mdc8p_stage1.r_bt0_r\[0\]\[3\],6.61µm
u_fft_core.u_fft8_mdc3.u_mdc8p_stage1.ds_switch_stage1.r_odata_i\[0\]\[3\],6.61µm
_00181_,6.6µm
_00565_,6.6µm
_01478_,6.6µm
_01963_,6.6µm
_02031_,6.6µm
_02146_,6.6µm
_03490_,6.6µm
_03897_,6.6µm
_04054_,6.6µm
_04915_,6.6µm
_05128_,6.6µm
_05143_,6.6µm
_06194_,6.6µm
_07049_,6.6µm
_07442_,6.6µm
_07512_,6.6µm
_07897_,6.6µm
_07928_,6.6µm
_08142_,6.6µm
_08588_,6.6µm
_09377_,6.6µm
_09417_,6.6µm
_09535_,6.6µm
_09679_,6.6µm
_09853_,6.6µm
_10394_,6.6µm
_10659_,6.6µm
_10695_,6.6µm
_11202_,6.6µm
_11992_,6.6µm
_13571_,6.6µm
_13843_,6.6µm
_14222_,6.6µm
_14830_,6.6µm
_15286_,6.6µm
_17328_,6.6µm
_18120_,6.6µm
net288,6.6µm
net317,6.6µm
net412,6.6µm
net429,6.6µm
net653,6.6µm
net938,6.6µm
net1414,6.6µm
net1422,6.6µm
net1454,6.6µm
net1720,6.6µm
net1770,6.6µm
net1962,6.6µm
net2072,6.6µm
net2245,6.6µm
net2263,6.6µm
net2325,6.6µm
net2340,6.6µm
net2346,6.6µm
net2355,6.6µm
net2373,6.6µm
net2378,6.6µm
net2393,6.6µm
net2397,6.6µm
net2434,6.6µm
net2613,6.6µm
net2644,6.6µm
net2721,6.6µm
net4253,6.6µm
net4260,6.6µm
net4285,6.6µm
net4568,6.6µm
net4575,6.6µm
net4576,6.6µm
cnt_outputs\[2\],6.6µm
u_fft_core.u_fft8_mdc2.u_mdc8p_stage2.ds_switch_stage1.w_data_1i\[6\],6.6µm
u_fft_core.u_fft8_mdc3.u_mdc8p_stage1.xfft_cell_route1.r_pp2_mult_r\[1\]\[11\],6.6µm
u_fft_core.u_fft8_mdc3.u_mdc8p_stage2.ds_switch_stage1.o_data_0r\[2\],6.6µm
u_fft_core.u_shift_r4.data_re_q\[151\],6.6µm
u_fft_core.u_twiddle_interface.u_mult_3.u_clip.o_data_im\[3\],6.6µm
_03095_,6.595µm
_04119_,6.595µm
_04298_,6.595µm
_04422_,6.595µm
_05301_,6.595µm
_07180_,6.595µm
_07361_,6.595µm
_07628_,6.595µm
_08795_,6.595µm
_10019_,6.595µm
_10022_,6.595µm
_11635_,6.595µm
_11695_,6.595µm
_11755_,6.595µm
u_fft_core.u_fft8_mdc3.u_mdc8p_stage1.xfft_cell_route1.w_mult_r\[1\]\[2\],6.595µm
_10944_,6.59µm
_12519_,6.59µm
_08310_,6.585µm
_10307_,6.585µm
_02280_,6.58µm
_03016_,6.58µm
_06849_,6.58µm
_08076_,6.58µm
_09569_,6.58µm
_09613_,6.58µm
_10366_,6.58µm
_11206_,6.58µm
_11228_,6.58µm
_11555_,6.58µm
_11580_,6.58µm
_11675_,6.58µm
_12150_,6.58µm
_12835_,6.58µm
_13047_,6.58µm
_13225_,6.58µm
_13369_,6.58µm
_15126_,6.58µm
_17490_,6.58µm
_17685_,6.58µm
_00737_,6.57µm
_15255_,6.57µm
_03161_,6.56µm
_03438_,6.56µm
_04804_,6.56µm
_05212_,6.56µm
_06284_,6.56µm
_06882_,6.56µm
_07762_,6.56µm
_08735_,6.56µm
_09587_,6.56µm
_10251_,6.56µm
_12298_,6.56µm
_12583_,6.56µm
_12850_,6.56µm
_14009_,6.56µm
_17308_,6.56µm
_18035_,6.56µm
_18117_,6.56µm
_08484_,6.555µm
_00128_,6.55µm
_00926_,6.55µm
_01265_,6.55µm
_01340_,6.55µm
_01351_,6.55µm
_01438_,6.55µm
_01583_,6.55µm
_01655_,6.55µm
_01907_,6.55µm
_02968_,6.55µm
_11215_,6.55µm
_13055_,6.55µm
_15145_,6.55µm
_04983_,6.54µm
_05112_,6.54µm
_05439_,6.54µm
_05604_,6.54µm
_05657_,6.54µm
_05828_,6.54µm
_07934_,6.54µm
_08219_,6.54µm
_09214_,6.54µm
_11612_,6.54µm
_12564_,6.54µm
_13387_,6.54µm
_14130_,6.54µm
_15245_,6.54µm
_16296_,6.54µm
_17811_,6.54µm
u_fft_core.u_fft8_mdc1.u_mdc8p_stage1.xfft_cell_route1.r_pp2_mult_i\[1\]\[10\],6.54µm
_02608_,6.535µm
_03234_,6.535µm
_10430_,6.535µm
_07782_,6.525µm
_04663_,6.515µm
_11135_,6.515µm
_11776_,6.515µm
_17403_,6.51µm
_02317_,6.505µm
_00540_,6.5µm
_03069_,6.5µm
_03364_,6.5µm
_03859_,6.5µm
_03960_,6.5µm
_04571_,6.5µm
_07225_,6.5µm
_07625_,6.5µm
_10429_,6.5µm
_11725_,6.5µm
_12047_,6.5µm
_13467_,6.5µm
_13554_,6.5µm
_13632_,6.5µm
_14193_,6.5µm
_14389_,6.5µm
_14630_,6.5µm
_15178_,6.5µm
_15477_,6.5µm
_16052_,6.5µm
_16171_,6.5µm
_18101_,6.5µm
_18119_,6.5µm
u_fft_core.u_fft8_mdc0.u_mdc8p_stage1.xfft_cell_route1.w_mult_r\[1\]\[1\],6.5µm
u_fft_core.u_fft8_mdc2.u_mdc8p_stage1.xfft_cell_route1.w_mult_i\[1\]\[14\],6.5µm
u_fft_core.u_fft8_mdc3.u_mdc8p_stage1.ds_switch_stage1.i_data_1i\[3\],6.5µm
_00866_,6.49µm
_03354_,6.49µm
_03462_,6.49µm
_05352_,6.49µm
_06275_,6.49µm
_06481_,6.49µm
_06489_,6.49µm
_06710_,6.49µm
_07890_,6.49µm
_08360_,6.49µm
_08534_,6.49µm
_10191_,6.49µm
_10650_,6.49µm
_11708_,6.49µm
_12659_,6.49µm
_13549_,6.49µm
_13581_,6.49µm
_14840_,6.49µm
_15574_,6.49µm
_15746_,6.49µm
_16028_,6.49µm
_16911_,6.49µm
_17176_,6.49µm
_17539_,6.49µm
net650,6.49µm
net657,6.49µm
net787,6.49µm
net889,6.49µm
net894,6.49µm
net972,6.49µm
net973,6.49µm
net1149,6.49µm
net1214,6.49µm
net1251,6.49µm
net1355,6.49µm
net1406,6.49µm
net1540,6.49µm
net1598,6.49µm
net1922,6.49µm
net1946,6.49µm
net2046,6.49µm
net2108,6.49µm
net2179,6.49µm
net2466,6.49µm
net2629,6.49µm
net2709,6.49µm
net4172,6.49µm
net4303,6.49µm
net4316,6.49µm
net4331,6.49µm
net4392,6.49µm
net4481,6.49µm
u_fft_core.u_fft8_mdc0.u_mdc8p_stage3.next_data1_r\[6\],6.49µm
u_fft_core.u_fft8_mdc3.u_mdc8p_stage2.ds_switch_stage1.w_data_1r\[0\],6.49µm
_03885_,6.485µm
_09104_,6.485µm
_09474_,6.485µm
_00960_,6.48µm
_02240_,6.48µm
_02288_,6.48µm
_02509_,6.48µm
_04252_,6.48µm
_05905_,6.48µm
_09202_,6.48µm
_09927_,6.48µm
_11474_,6.48µm
_15791_,6.48µm
_16585_,6.48µm
net809,6.48µm
net4391,6.48µm
u_fft_core.u_fft8_mdc1.u_mdc8p_stage1.ds_switch_stage1.flag\[0\],6.48µm
_04168_,6.475µm
_04196_,6.44µm
_06749_,6.44µm
_10368_,6.44µm
_12855_,6.44µm
_13082_,6.44µm
_16855_,6.44µm
_06018_,6.43µm
_07235_,6.43µm
_15644_,6.43µm
_16640_,6.43µm
u_fft_core.u_fft8_mdc1.u_mdc8p_stage1.ds_switch_stage1.flag\[1\],6.425µm
_03346_,6.42µm
_03749_,6.42µm
_05652_,6.42µm
_12042_,6.42µm
u_fft_core.u_fft8_mdc0.u_mdc8p_stage1.ds_switch_stage1.r_odata_i\[0\]\[7\],6.42µm
u_fft_core.u_fft8_mdc1.u_mdc8p_stage1.xfft_cell_route1.w_mult_i\[0\]\[4\],6.42µm
u_fft_core.u_fft8_mdc3.u_mdc8p_stage1.ds_switch_stage1.i_data_1i\[4\],6.42µm
_02920_,6.405µm
_06342_,6.405µm
_08538_,6.405µm
_04722_,6.395µm
_02268_,6.39µm
_02928_,6.39µm
_03674_,6.39µm
_03887_,6.39µm
_07144_,6.39µm
_07644_,6.39µm
_10521_,6.39µm
_10599_,6.39µm
_11117_,6.39µm
_15052_,6.39µm
_16159_,6.39µm
u_tx.current_shift\[4\],6.385µm
_03866_,6.38µm
_03979_,6.38µm
_07102_,6.38µm
_07254_,6.38µm
_07256_,6.38µm
_09770_,6.38µm
_09797_,6.38µm
_11558_,6.38µm
_11748_,6.38µm
_12062_,6.38µm
_12470_,6.38µm
_14519_,6.38µm
_04088_,6.37µm
_09760_,6.37µm
_11029_,6.37µm
_11452_,6.37µm
_12923_,6.37µm
_00010_,6.36µm
_00196_,6.36µm
_00203_,6.36µm
_00213_,6.36µm
_00236_,6.36µm
_00267_,6.36µm
_00280_,6.36µm
_00290_,6.36µm
_00367_,6.36µm
_00393_,6.36µm
_00412_,6.36µm
_00413_,6.36µm
_00589_,6.36µm
_01071_,6.36µm
_01273_,6.36µm
_01318_,6.36µm
_01336_,6.36µm
_01675_,6.36µm
_01692_,6.36µm
_01781_,6.36µm
_01792_,6.36µm
_01868_,6.36µm
_03733_,6.36µm
_03802_,6.36µm
_07368_,6.36µm
_09303_,6.36µm
_09809_,6.36µm
_10040_,6.36µm
_10776_,6.36µm
_11274_,6.36µm
_13529_,6.36µm
_14693_,6.36µm
_15140_,6.36µm
_15833_,6.36µm
_15955_,6.36µm
_17312_,6.36µm
_17946_,6.36µm
u_fft_core.u_fft8_mdc3.u_mdc8p_stage1.xfft_cell_route1.w_mult_r\[1\]\[11\],6.36µm
_07877_,6.35µm
_14937_,6.35µm
_00174_,6.345µm
_05015_,6.345µm
_09660_,6.345µm
_12299_,6.345µm
_16654_,6.345µm
_17646_,6.32µm
_00038_,6.31µm
_00075_,6.31µm
_00466_,6.31µm
_00730_,6.31µm
_00804_,6.31µm
_00863_,6.31µm
_01397_,6.31µm
u_debug_sys.u_spi_slave.rx_shift\[2\],6.31µm
u_fft_core.u_fft8_mdc1.u_mdc8p_stage1.xfft_cell_route1.w_mult_i\[0\]\[12\],6.31µm
u_fft_core.u_fft8_mdc3.u_mdc8p_stage1.ds_switch_stage1.r_idata_i\[0\]\[6\],6.31µm
u_fft_core.u_fft8_mdc3.u_mdc8p_stage2.ds_switch_stage1.i_data_1r\[3\],6.31µm
_00102_,6.3µm
_00417_,6.3µm
_00705_,6.3µm
_00850_,6.3µm
_00996_,6.3µm
_02131_,6.3µm
_02226_,6.3µm
_02316_,6.3µm
_02929_,6.3µm
_04565_,6.3µm
_05293_,6.3µm
_05455_,6.3µm
_05738_,6.3µm
_06726_,6.3µm
_06736_,6.3µm
_07105_,6.3µm
_07381_,6.3µm
_07613_,6.3µm
_07848_,6.3µm
_08041_,6.3µm
_08868_,6.3µm
_09040_,6.3µm
_10101_,6.3µm
_10910_,6.3µm
_12469_,6.3µm
_12894_,6.3µm
_13163_,6.3µm
_13302_,6.3µm
_13368_,6.3µm
_13905_,6.3µm
_13921_,6.3µm
_14116_,6.3µm
_14294_,6.3µm
_14301_,6.3µm
_14432_,6.3µm
_14717_,6.3µm
_15176_,6.3µm
_15256_,6.3µm
_16299_,6.3µm
_16661_,6.3µm
_16705_,6.3µm
_17228_,6.3µm
_17278_,6.3µm
_18077_,6.3µm
_18164_,6.3µm
u_debug_sys.u_spi_slave.rx_shift\[4\],6.3µm
u_fft_core.u_fft8_mdc0.u_mdc8p_stage1.ds_switch_stage1.r_odata_i\[0\]\[5\],6.3µm
u_fft_core.u_fft8_mdc0.u_mdc8p_stage2.ds_switch_stage1.i_data_1i\[0\],6.3µm
u_fft_core.u_fft8_mdc1.u_mdc8p_stage1.ds_switch_stage1.o_data_0r\[0\],6.3µm
u_fft_core.u_fft8_mdc2.u_mdc8p_stage1.ds_switch_stage1.w_data_1i\[2\],6.3µm
u_fft_core.u_fft8_mdc3.u_mdc8p_stage1.ds_switch_stage1.o_data_1i\[5\],6.3µm
u_fft_core.u_fft8_mdc3.u_mdc8p_stage1.ds_switch_stage1.r_odata_r\[0\]\[3\],6.3µm
u_fft_core.u_fft8_mdc3.u_mdc8p_stage1.ds_switch_stage1.w_data_1r\[6\],6.3µm
u_fft_core.u_twiddle_interface.data1_im_q\[2\],6.3µm
u_fft_core.u_twiddle_interface.data1_im_q\[7\],6.3µm
_00597_,6.285µm
net924,6.285µm
_08115_,6.275µm
_11567_,6.27µm
_13932_,6.26µm
_01971_,6.25µm
_02125_,6.25µm
_03564_,6.25µm
_04655_,6.25µm
_04664_,6.25µm
_05136_,6.25µm
_05215_,6.25µm
_05510_,6.25µm
_05892_,6.25µm
_06103_,6.25µm
_06119_,6.25µm
_06175_,6.25µm
_07170_,6.25µm
_07454_,6.25µm
_07884_,6.25µm
_08697_,6.25µm
_09373_,6.25µm
_10105_,6.25µm
_11230_,6.25µm
_11339_,6.25µm
_11620_,6.25µm
_12236_,6.25µm
_12644_,6.25µm
_12962_,6.25µm
_13479_,6.25µm
_13770_,6.25µm
_14615_,6.25µm
_16040_,6.25µm
_16297_,6.25µm
_16345_,6.25µm
_16595_,6.25µm
_17448_,6.25µm
_17482_,6.25µm
_17829_,6.25µm
_17874_,6.25µm
u_fft_core.u_fft8_mdc1.u_mdc8p_stage1.xfft_cell_route1.r_pp2_mult_r\[0\]\[0\],6.25µm
u_fft_core.u_fft8_mdc3.u_mdc8p_stage3.next_data1_r\[1\],6.25µm
_05763_,6.24µm
_08686_,6.24µm
_09209_,6.24µm
_10047_,6.24µm
_10265_,6.24µm
_10749_,6.24µm
_11494_,6.24µm
_11542_,6.24µm
_11699_,6.24µm
_12027_,6.24µm
_13841_,6.24µm
_13966_,6.24µm
_14162_,6.24µm
_15071_,6.24µm
net193,6.24µm
net474,6.24µm
net631,6.24µm
net634,6.24µm
net922,6.24µm
net1015,6.24µm
net1098,6.24µm
net1207,6.24µm
net1461,6.24µm
net1470,6.24µm
net1983,6.24µm
net2135,6.24µm
net4250,6.24µm
_17542_,6.235µm
_10639_,6.2µm
_00135_,6.19µm
_00335_,6.19µm
_00439_,6.19µm
_00462_,6.19µm
_00632_,6.19µm
_00679_,6.19µm
_00710_,6.19µm
_01129_,6.19µm
_01311_,6.19µm
_01403_,6.19µm
_01415_,6.19µm
_01760_,6.19µm
_01773_,6.19µm
_01813_,6.19µm
_01915_,6.19µm
_02127_,6.19µm
_02553_,6.19µm
_02800_,6.19µm
_03300_,6.19µm
_03613_,6.19µm
_03781_,6.19µm
_04064_,6.19µm
_04369_,6.19µm
_05223_,6.19µm
_05256_,6.19µm
_05512_,6.19µm
_06418_,6.19µm
_07573_,6.19µm
_08717_,6.19µm
_09686_,6.19µm
_09717_,6.19µm
_11378_,6.19µm
_12889_,6.19µm
_12961_,6.19µm
_13668_,6.19µm
_14143_,6.19µm
_14219_,6.19µm
_14467_,6.19µm
_14953_,6.19µm
_15021_,6.19µm
_15360_,6.19µm
_15657_,6.19µm
_15951_,6.19µm
_16384_,6.19µm
_16469_,6.19µm
_17307_,6.19µm
_17796_,6.19µm
u_debug_sys.u_spi_slave.rx_shift\[6\],6.19µm
u_fft_core.u_fft8_mdc1.u_mdc8p_stage1.ds_switch_stage1.o_data_1r\[2\],6.19µm
u_fft_core.u_fft8_mdc2.u_mdc8p_stage1.ds_switch_stage1.o_data_0i\[8\],6.19µm
u_fft_core.u_fft8_mdc2.u_mdc8p_stage1.ds_switch_stage1.r_idata_r\[0\]\[6\],6.19µm
u_fft_core.u_fft8_mdc2.u_mdc8p_stage1.u_btfly2.o_data1_r\[2\],6.19µm
u_fft_core.u_fft8_mdc3.u_mdc8p_stage1.ds_switch_stage1.o_data_1i\[6\],6.19µm
u_fft_core.u_fft8_mdc3.u_mdc8p_stage1.ds_switch_stage1.r_idata_r\[1\]\[2\],6.19µm
u_fft_core.u_fft8_mdc3.u_mdc8p_stage1.ds_switch_stage1.r_odata_r\[0\]\[6\],6.19µm
u_fft_core.u_fft8_mdc3.u_mdc8p_stage1.u_btfly2.o_data1_i\[4\],6.19µm
u_fft_core.u_fft8_mdc3.u_mdc8p_stage3.next_data1_i\[0\],6.19µm
u_fft_core.u_shift_r2_fft0.data_re_q\[10\],6.19µm
_00251_,6.18µm
_00261_,6.18µm
_00915_,6.18µm
_01001_,6.18µm
_01269_,6.18µm
_01499_,6.18µm
_01693_,6.18µm
_01748_,6.18µm
_01810_,6.18µm
_01823_,6.18µm
_02986_,6.18µm
_03901_,6.18µm
_04995_,6.18µm
_05322_,6.18µm
_06921_,6.18µm
_06924_,6.18µm
_06949_,6.18µm
_06955_,6.18µm
_07266_,6.18µm
_08070_,6.18µm
_10036_,6.18µm
_10325_,6.18µm
_11111_,6.18µm
_11377_,6.18µm
_11402_,6.18µm
_12586_,6.18µm
_12735_,6.18µm
_13121_,6.18µm
_13228_,6.18µm
_14940_,6.18µm
_17801_,6.18µm
_18046_,6.18µm
u_fft_core.u_fft8_mdc0.u_mdc8p_stage1.ds_switch_stage1.w_data_1r\[5\],6.18µm
u_fft_core.u_fft8_mdc0.u_mdc8p_stage1.xfft_cell_route1.w_mult_i\[1\]\[6\],6.18µm
u_fft_core.u_fft8_mdc1.u_mdc8p_stage1.xfft_cell_route1.r_pp1_tw_r\[0\],6.18µm
u_fft_core.u_fft8_mdc2.u_mdc8p_stage1.xfft_cell_route1.r_pp2_mult_r\[1\]\[7\],6.18µm
_03474_,6.175µm
_03482_,6.175µm
_04019_,6.175µm
_07871_,6.175µm
_07946_,6.175µm
_08325_,6.175µm
_09126_,6.175µm
_10562_,6.175µm
u_fft_core.u_fft8_mdc3.u_mdc8p_stage1.xfft_cell_route1.r_pp2_mult_i\[0\]\[10\],6.175µm
_02572_,6.14µm
_04955_,6.14µm
_06542_,6.14µm
_07028_,6.14µm
_07467_,6.14µm
_08727_,6.14µm
_09410_,6.14µm
_09469_,6.14µm
_09718_,6.14µm
_09873_,6.14µm
_11163_,6.14µm
_11523_,6.14µm
_13286_,6.14µm
_13385_,6.14µm
_13413_,6.14µm
_00712_,6.13µm
_01554_,6.13µm
_01714_,6.13µm
_02000_,6.13µm
_02189_,6.13µm
_02314_,6.13µm
_02417_,6.13µm
_02770_,6.13µm
_03267_,6.13µm
_03525_,6.13µm
_03571_,6.13µm
_04512_,6.13µm
_04619_,6.13µm
_04681_,6.13µm
_04728_,6.13µm
_05505_,6.13µm
_05523_,6.13µm
_05893_,6.13µm
_05973_,6.13µm
_06345_,6.13µm
_07773_,6.13µm
_08535_,6.13µm
_11119_,6.13µm
_12525_,6.13µm
_12722_,6.13µm
_13597_,6.13µm
_14056_,6.13µm
_15366_,6.13µm
_17996_,6.13µm
_18021_,6.13µm
net117,6.13µm
net1023,6.13µm
net1089,6.13µm
net1218,6.13µm
net1245,6.13µm
net1277,6.13µm
net1343,6.13µm
net1457,6.13µm
net1699,6.13µm
net1841,6.13µm
net1936,6.13µm
net1978,6.13µm
net2052,6.13µm
net2246,6.13µm
net2271,6.13µm
net2495,6.13µm
net2731,6.13µm
net4182,6.13µm
net4282,6.13µm
net4617,6.13µm
u_fft_core.u_fft8_mdc0.u_mdc8p_stage1.ds_switch_stage1.o_data_0i\[2\],6.13µm
u_fft_core.u_fft8_mdc0.u_mdc8p_stage1.xfft_cell_route1.r_pp2_mult_r\[0\]\[16\],6.13µm
_13998_,6.125µm
_14276_,6.125µm
_00265_,6.12µm
_00717_,6.12µm
_00838_,6.12µm
_00856_,6.12µm
_01133_,6.12µm
_02221_,6.12µm
_02303_,6.12µm
_02711_,6.12µm
_03812_,6.12µm
_04028_,6.12µm
_04617_,6.12µm
_04941_,6.12µm
_05912_,6.12µm
_06060_,6.12µm
_06251_,6.12µm
_07141_,6.12µm
_07548_,6.12µm
_07808_,6.12µm
_07929_,6.12µm
_08751_,6.12µm
_08864_,6.12µm
_09134_,6.12µm
_09979_,6.12µm
_10841_,6.12µm
_11484_,6.12µm
_11498_,6.12µm
_11709_,6.12µm
_11984_,6.12µm
_12079_,6.12µm
_12439_,6.12µm
_12502_,6.12µm
_12653_,6.12µm
_12890_,6.12µm
_12921_,6.12µm
_13107_,6.12µm
_13233_,6.12µm
_13391_,6.12µm
_13438_,6.12µm
_13446_,6.12µm
_13527_,6.12µm
_13801_,6.12µm
_14268_,6.12µm
_15621_,6.12µm
_15625_,6.12µm
_15664_,6.12µm
net254,6.12µm
net311,6.12µm
net383,6.12µm
net488,6.12µm
net502,6.12µm
net551,6.12µm
net640,6.12µm
net700,6.12µm
net715,6.12µm
net1054,6.12µm
net1259,6.12µm
net1262,6.12µm
net1271,6.12µm
net1291,6.12µm
net1310,6.12µm
net1312,6.12µm
net1433,6.12µm
net1449,6.12µm
net1496,6.12µm
net1504,6.12µm
net1619,6.12µm
net1696,6.12µm
net1713,6.12µm
net1781,6.12µm
net1865,6.12µm
net1877,6.12µm
net1967,6.12µm
net2107,6.12µm
net2231,6.12µm
net2331,6.12µm
net2410,6.12µm
net2471,6.12µm
net2572,6.12µm
net2630,6.12µm
net2649,6.12µm
net2689,6.12µm
net4130,6.12µm
net4367,6.12µm
net4373,6.12µm
net4411,6.12µm
net4427,6.12µm
net4522,6.12µm
net4538,6.12µm
net4555,6.12µm
u_fft_core.u_fft8_mdc0.u_mdc8p_stage3.next_data1_r\[1\],6.12µm
u_fft_core.u_fft8_mdc1.u_mdc8p_stage1.r_data0_r\[0\],6.12µm
u_fft_core.u_fft8_mdc2.u_mdc8p_stage2.ds_switch_stage1.i_data_1r\[2\],6.12µm
u_fft_core.u_twiddle_interface.data0_im_2q\[6\],6.12µm
_02483_,6.115µm
_03577_,6.115µm
_03816_,6.115µm
_03884_,6.115µm
_06351_,6.115µm
_06433_,6.115µm
_08174_,6.115µm
_09099_,6.115µm
_09688_,6.115µm
_12029_,6.115µm
_12491_,6.115µm
_14081_,6.115µm
_14594_,6.115µm
_15035_,6.115µm
_15411_,6.115µm
_15744_,6.115µm
_16016_,6.115µm
_16955_,6.115µm
_17064_,6.115µm
_17954_,6.115µm
_08091_,6.11µm
_13579_,6.105µm
_16065_,6.105µm
_02081_,6.1µm
_02225_,6.1µm
_06662_,6.1µm
_06881_,6.1µm
_07173_,6.1µm
_07493_,6.1µm
_07996_,6.1µm
_08740_,6.1µm
_10282_,6.1µm
_10476_,6.1µm
_11036_,6.1µm
_17803_,6.1µm
_10666_,6.09µm
_15306_,6.09µm
_05516_,6.085µm
_04066_,6.08µm
_04082_,6.08µm
_04468_,6.08µm
_11857_,6.08µm
_13980_,6.08µm
u_fft_core.u_fft8_mdc0.u_mdc8p_stage2.ds_switch_stage1.r_idata_r\[0\]\[2\],6.08µm
_00358_,6.07µm
_00575_,6.07µm
_00893_,6.07µm
_01166_,6.07µm
_01820_,6.07µm
_11102_,6.07µm
_15313_,6.07µm
u_fft_core.u_fft8_mdc1.u_mdc8p_stage1.ds_switch_stage1.w_data_1r\[3\],6.07µm
u_fft_core.u_fft8_mdc1.u_mdc8p_stage3.next_data1_i\[3\],6.07µm
_00803_,6.06µm
_01968_,6.06µm
_02043_,6.06µm
_03682_,6.06µm
_04151_,6.06µm
_04326_,6.06µm
_05127_,6.06µm
_05280_,6.06µm
_05990_,6.06µm
_07544_,6.06µm
_07554_,6.06µm
_09909_,6.06µm
_10041_,6.06µm
_10504_,6.06µm
_12476_,6.06µm
_13252_,6.06µm
_13717_,6.06µm
_17335_,6.06µm
_17386_,6.06µm
u_fft_core.u_fft8_mdc1.u_mdc8p_stage1.xfft_cell_route1.w_mult_r\[0\]\[4\],6.06µm
u_fft_core.u_fft8_mdc3.u_mdc8p_stage1.u_btfly2.o_data0_r\[0\],6.06µm
_04979_,6.055µm
_06564_,6.055µm
_07163_,6.055µm
_17085_,6.055µm
_13719_,6.05µm
_07431_,6.04µm
_03505_,6.035µm
_18153_,6.035µm
_03719_,6.02µm
_05325_,6.02µm
_06694_,6.02µm
_06778_,6.02µm
_08225_,6.02µm
_08489_,6.02µm
_10104_,6.02µm
_11310_,6.02µm
_12019_,6.02µm
_13056_,6.02µm
_13118_,6.02µm
_13873_,6.02µm
_14203_,6.02µm
_15129_,6.02µm
_15789_,6.02µm
_17077_,6.02µm
_17587_,6.02µm
_18146_,6.02µm
_18178_,6.02µm
u_fft_core.u_fft8_mdc3.u_mdc8p_stage2.ds_switch_stage1.w_data_1i\[7\],6.02µm
u_fft_core.u_fft8_mdc3.u_mdc8p_stage3.next_data0_r\[1\],6.02µm
_00149_,6.01µm
_00548_,6.01µm
_00818_,6.01µm
_01003_,6.01µm
_01376_,6.01µm
_02192_,6.01µm
_02467_,6.01µm
_03140_,6.01µm
_03308_,6.01µm
_03554_,6.01µm
_03917_,6.01µm
_04208_,6.01µm
_04210_,6.01µm
_04358_,6.01µm
_04964_,6.01µm
_05721_,6.01µm
_06454_,6.01µm
_06947_,6.01µm
_08448_,6.01µm
_08669_,6.01µm
_08855_,6.01µm
_09628_,6.01µm
_10731_,6.01µm
_11560_,6.01µm
_12859_,6.01µm
_13403_,6.01µm
_13557_,6.01µm
_13988_,6.01µm
_15332_,6.01µm
_15645_,6.01µm
_15944_,6.01µm
_16029_,6.01µm
_16242_,6.01µm
_16731_,6.01µm
net69,6.01µm
net92,6.01µm
net121,6.01µm
net138,6.01µm
net712,6.01µm
net1521,6.01µm
net1528,6.01µm
net1661,6.01µm
net1848,6.01µm
net2104,6.01µm
net2581,6.01µm
net4382,6.01µm
u_fft_core.u_fft8_mdc0.u_mdc8p_stage2.ds_switch_stage1.w_data_1r\[2\],6.01µm
_02650_,6.005µm
_08407_,6.005µm
_01426_,6µm
_03446_,6µm
_04115_,6µm
_04379_,6µm
_04731_,6µm
_05667_,6µm
_05878_,6µm
_06792_,6µm
_06942_,6µm
_07999_,6µm
_10321_,6µm
_10457_,6µm
_10764_,6µm
_11490_,6µm
_11781_,6µm
_16915_,6µm
_17500_,6µm
u_fft_core.fft4_data3_im\[7\],6µm
_08530_,5.98µm
_04753_,5.96µm
_10833_,5.96µm
_04212_,5.95µm
_11840_,5.95µm
_13503_,5.95µm
_09537_,5.945µm
net60,5.94µm
_03889_,5.94µm
_04258_,5.94µm
_05629_,5.94µm
_06934_,5.94µm
_07743_,5.94µm
_09388_,5.94µm
_10331_,5.94µm
u_debug_sys.data_to_dut\[2\],5.94µm
u_fft_core.u_fft8_mdc0.u_mdc8p_stage1.ds_switch_stage1.r_odata_r\[0\]\[0\],5.94µm
u_fft_core.u_fft8_mdc2.u_mdc8p_stage1.xfft_cell_route1.w_mult_i\[1\]\[16\],5.94µm
u_fft_core.u_fft8_mdc3.u_mdc8p_stage1.ds_switch_stage1.r_odata_i\[0\]\[1\],5.94µm
u_fft_core.u_fft8_mdc3.u_mdc8p_stage2.ds_switch_stage1.r_idata_i\[0\]\[1\],5.94µm
_07054_,5.935µm
_05097_,5.925µm
_06899_,5.925µm
_15628_,5.925µm
_03253_,5.91µm
_03601_,5.91µm
_03703_,5.91µm
_03706_,5.91µm
_04174_,5.91µm
_08137_,5.91µm
_08617_,5.91µm
_10058_,5.91µm
_11261_,5.91µm
_15048_,5.91µm
_15148_,5.91µm
_02830_,5.9µm
_07362_,5.9µm
_10349_,5.9µm
_11185_,5.9µm
_11255_,5.9µm
_11536_,5.9µm
_11583_,5.9µm
_09918_,5.89µm
_00151_,5.88µm
_00262_,5.88µm
_00953_,5.88µm
_00976_,5.88µm
_01019_,5.88µm
_01487_,5.88µm
_01733_,5.88µm
_02639_,5.88µm
_03873_,5.88µm
_04085_,5.88µm
_05851_,5.88µm
_05944_,5.88µm
_06295_,5.88µm
_06359_,5.88µm
_06493_,5.88µm
_07243_,5.88µm
_07401_,5.88µm
_08832_,5.88µm
_09576_,5.88µm
_09960_,5.88µm
_12217_,5.88µm
_12398_,5.88µm
_12651_,5.88µm
_13194_,5.88µm
_16945_,5.88µm
_17204_,5.88µm
fft_out_valid,5.88µm
u_fft_core.u_fft8_mdc1.u_mdc8p_stage1.xfft_cell_route1.w_mult_r\[1\]\[17\],5.88µm
u_fft_core.u_fft8_mdc2.u_mdc8p_stage1.ds_switch_stage1.r_idata_i\[0\]\[4\],5.88µm
_00329_,5.865µm
_03711_,5.865µm
_05307_,5.865µm
_05580_,5.865µm
_16482_,5.865µm
_17287_,5.84µm
_01638_,5.835µm
_00012_,5.83µm
net55,5.83µm
_00473_,5.83µm
_01420_,5.83µm
_18098_,5.83µm
u_debug_sys.u_spi_slave.rx_shift\[1\],5.83µm
u_fft_core.u_fft8_mdc0.u_mdc8p_stage1.ds_switch_stage1.r_odata_i\[0\]\[2\],5.83µm
u_fft_core.u_fft8_mdc1.u_mdc8p_stage1.ds_switch_stage1.r_idata_r\[0\]\[9\],5.83µm
u_fft_core.u_fft8_mdc1.u_mdc8p_stage1.xfft_cell_route1.w_mult_i\[0\]\[16\],5.83µm
u_fft_core.u_fft8_mdc3.u_mdc8p_stage1.ds_switch_stage1.i_data_1r\[3\],5.83µm
_00415_,5.82µm
_00611_,5.82µm
_00688_,5.82µm
_01250_,5.82µm
_02041_,5.82µm
_05182_,5.82µm
_06023_,5.82µm
_06099_,5.82µm
_06380_,5.82µm
_08211_,5.82µm
_08213_,5.82µm
_08945_,5.82µm
_09414_,5.82µm
_09897_,5.82µm
_10793_,5.82µm
_10876_,5.82µm
_11118_,5.82µm
_12305_,5.82µm
_13048_,5.82µm
_13249_,5.82µm
_13598_,5.82µm
_16148_,5.82µm
_16321_,5.82µm
_18060_,5.82µm
u_fft_core.u_fft8_mdc0.u_mdc8p_stage2.ds_switch_stage1.valid_count\[2\],5.82µm
u_fft_core.u_fft8_mdc1.u_mdc8p_stage1.ds_switch_stage1.i_data_1i\[9\],5.82µm
u_fft_core.u_fft8_mdc1.u_mdc8p_stage1.ds_switch_stage1.w_data_1r\[4\],5.82µm
u_fft_core.u_fft8_mdc2.u_mdc8p_stage1.ds_switch_stage1.o_data_1i\[1\],5.82µm
u_fft_core.u_fft8_mdc3.u_mdc8p_stage1.ds_switch_stage1.r_idata_i\[1\]\[5\],5.82µm
_00536_,5.805µm
net1375,5.805µm
net1415,5.805µm
net2699,5.805µm
_05095_,5.78µm
_16278_,5.775µm
_02747_,5.77µm
_03245_,5.77µm
_03404_,5.77µm
_03511_,5.77µm
_03685_,5.77µm
_04027_,5.77µm
_04743_,5.77µm
_05462_,5.77µm
_06029_,5.77µm
_06314_,5.77µm
_07037_,5.77µm
_07624_,5.77µm
_07629_,5.77µm
_08400_,5.77µm
_08822_,5.77µm
_09722_,5.77µm
_09768_,5.77µm
_11573_,5.77µm
_12885_,5.77µm
_12939_,5.77µm
_13483_,5.77µm
_13562_,5.77µm
_13565_,5.77µm
_13775_,5.77µm
_14725_,5.77µm
_14966_,5.77µm
_15012_,5.77µm
_15526_,5.77µm
_15647_,5.77µm
_17033_,5.77µm
_18023_,5.77µm
u_fft_core.u_fft8_mdc0.u_mdc8p_stage1.ds_switch_stage1.o_data_0r\[2\],5.77µm
u_fft_core.u_twiddle_interface.u_mult_1.u_clip.o_data_re\[0\],5.77µm
_03626_,5.76µm
_03650_,5.76µm
_03892_,5.76µm
_04435_,5.76µm
_05085_,5.76µm
_05715_,5.76µm
_05838_,5.76µm
_06978_,5.76µm
_07106_,5.76µm
_07569_,5.76µm
_07597_,5.76µm
_07972_,5.76µm
_08026_,5.76µm
_08191_,5.76µm
_08246_,5.76µm
_08251_,5.76µm
_08295_,5.76µm
_08379_,5.76µm
_08410_,5.76µm
_09076_,5.76µm
_09501_,5.76µm
_10473_,5.76µm
_10783_,5.76µm
_11270_,5.76µm
_11989_,5.76µm
_12122_,5.76µm
_12287_,5.76µm
_12459_,5.76µm
_12488_,5.76µm
_12918_,5.76µm
_12954_,5.76µm
_14694_,5.76µm
_14768_,5.76µm
_15164_,5.76µm
_15361_,5.76µm
_15810_,5.76µm
_17163_,5.76µm
_17566_,5.76µm
_18089_,5.76µm
net723,5.76µm
net737,5.76µm
net811,5.76µm
net1129,5.76µm
net1154,5.76µm
net1205,5.76µm
net1527,5.76µm
net1580,5.76µm
net1634,5.76µm
net1837,5.76µm
net1901,5.76µm
net1989,5.76µm
net2066,5.76µm
net2113,5.76µm
net2167,5.76µm
net2203,5.76µm
net2323,5.76µm
net2353,5.76µm
net2361,5.76µm
net2429,5.76µm
net2439,5.76µm
net2535,5.76µm
net2562,5.76µm
net2695,5.76µm
net4147,5.76µm
net4265,5.76µm
net4296,5.76µm
net4324,5.76µm
net4489,5.76µm
net4508,5.76µm
net4632,5.76µm
net4665,5.76µm
u_fft_core.u_fft8_mdc2.u_mdc8p_stage1.xfft_cell_route1.w_mult_r\[1\]\[6\],5.76µm
_03864_,5.755µm
_01240_,5.745µm
_08011_,5.72µm
_16013_,5.715µm
_00014_,5.71µm
_00078_,5.71µm
_00099_,5.71µm
_00220_,5.71µm
_00286_,5.71µm
_00514_,5.71µm
_00771_,5.71µm
_00802_,5.71µm
_00999_,5.71µm
_01151_,5.71µm
_01405_,5.71µm
_01521_,5.71µm
_01580_,5.71µm
_01794_,5.71µm
_01992_,5.71µm
_02322_,5.71µm
_03663_,5.71µm
_04345_,5.71µm
_04968_,5.71µm
_05002_,5.71µm
_05005_,5.71µm
_07310_,5.71µm
_07796_,5.71µm
_09276_,5.71µm
_09850_,5.71µm
_10418_,5.71µm
_12008_,5.71µm
_12166_,5.71µm
_12214_,5.71µm
_12497_,5.71µm
_12630_,5.71µm
_13827_,5.71µm
_13839_,5.71µm
_13893_,5.71µm
_13994_,5.71µm
_14060_,5.71µm
_14502_,5.71µm
_14927_,5.71µm
_15187_,5.71µm
_15272_,5.71µm
_15340_,5.71µm
_15524_,5.71µm
_16165_,5.71µm
_17171_,5.71µm
_17432_,5.71µm
_17969_,5.71µm
u_fft_core.u_fft8_mdc1.u_mdc8p_stage1.ds_switch_stage1.o_data_0r\[9\],5.71µm
u_fft_core.u_fft8_mdc3.u_mdc8p_stage1.ds_switch_stage1.o_data_0r\[4\],5.71µm
u_fft_core.u_fft8_mdc3.u_mdc8p_stage1.ds_switch_stage1.r_odata_r\[0\]\[2\],5.71µm
u_fft_core.u_fft8_mdc3.u_mdc8p_stage1.u_btfly2.o_data1_i\[5\],5.71µm
u_fft_core.u_twiddle_interface.mult1_im\[6\],5.71µm
u_fft_core.u_twiddle_interface.mult1_im\[7\],5.71µm
_00110_,5.7µm
_00133_,5.7µm
_00165_,5.7µm
_00307_,5.7µm
_00368_,5.7µm
_00433_,5.7µm
_00436_,5.7µm
_00885_,5.7µm
_00945_,5.7µm
_01096_,5.7µm
_01138_,5.7µm
_01179_,5.7µm
_01226_,5.7µm
_01488_,5.7µm
_01504_,5.7µm
_01607_,5.7µm
_01696_,5.7µm
_01793_,5.7µm
_01877_,5.7µm
_01959_,5.7µm
_02062_,5.7µm
_03631_,5.7µm
_04401_,5.7µm
_05135_,5.7µm
_05999_,5.7µm
_07152_,5.7µm
_07883_,5.7µm
_09105_,5.7µm
_09253_,5.7µm
_09370_,5.7µm
_09506_,5.7µm
_10400_,5.7µm
_10546_,5.7µm
_10804_,5.7µm
_11700_,5.7µm
_12206_,5.7µm
_13004_,5.7µm
_13260_,5.7µm
_13334_,5.7µm
_14599_,5.7µm
_14729_,5.7µm
_15698_,5.7µm
_16848_,5.7µm
u_fft_core.u_buffer_parallel2serial.mem_re\[0\]\[5\],5.7µm
u_fft_core.u_fft8_mdc0.u_mdc8p_stage1.ds_switch_stage1.w_data_1i\[3\],5.7µm
u_fft_core.u_twiddle_interface.mult2_im\[4\],5.7µm
_02579_,5.695µm
_09959_,5.695µm
_12734_,5.695µm
net1253,5.695µm
_08080_,5.69µm
_00865_,5.685µm
_06641_,5.685µm
_09560_,5.67µm
_02461_,5.66µm
_02600_,5.66µm
_03828_,5.66µm
_04757_,5.66µm
_04997_,5.66µm
_05180_,5.66µm
_05377_,5.66µm
_05514_,5.66µm
_07275_,5.66µm
_07314_,5.66µm
_07722_,5.66µm
_10771_,5.66µm
_11104_,5.66µm
_12853_,5.66µm
_12856_,5.66µm
_12942_,5.66µm
_00483_,5.65µm
_00591_,5.65µm
_03429_,5.65µm
_06593_,5.65µm
_07232_,5.65µm
_07422_,5.65µm
_08999_,5.65µm
_11074_,5.65µm
_11282_,5.65µm
_13494_,5.65µm
_15856_,5.65µm
_15875_,5.65µm
_16765_,5.65µm
_17202_,5.65µm
_17219_,5.65µm
net147,5.65µm
net516,5.65µm
net543,5.65µm
net557,5.65µm
net726,5.65µm
net931,5.65µm
net1091,5.65µm
net1153,5.65µm
net1416,5.65µm
net1503,5.65µm
net1744,5.65µm
net1932,5.65µm
net1988,5.65µm
net2217,5.65µm
net2597,5.65µm
net2672,5.65µm
net2720,5.65µm
net4155,5.65µm
net4214,5.65µm
net4351,5.65µm
net4365,5.65µm
net4439,5.65µm
net4549,5.65µm
u_fft_core.u_fft8_mdc2.u_mdc8p_stage1.xfft_cell_route1.w_mult_i\[0\]\[7\],5.65µm
u_fft_core.u_twiddle_interface.mult1_im\[4\],5.65µm
_00089_,5.64µm
_00410_,5.64µm
_00543_,5.64µm
_00746_,5.64µm
_00788_,5.64µm
_00805_,5.64µm
_00942_,5.64µm
_01076_,5.64µm
_01279_,5.64µm
_02098_,5.64µm
_03223_,5.64µm
_03282_,5.64µm
_03391_,5.64µm
_03819_,5.64µm
_04416_,5.64µm
_06142_,5.64µm
_06633_,5.64µm
_07166_,5.64µm
_08505_,5.64µm
_08739_,5.64µm
_09011_,5.64µm
_10098_,5.64µm
_10128_,5.64µm
_10333_,5.64µm
_11608_,5.64µm
_11753_,5.64µm
_12114_,5.64µm
_12215_,5.64µm
_12366_,5.64µm
_12453_,5.64µm
_13348_,5.64µm
_13370_,5.64µm
_13449_,5.64µm
_13852_,5.64µm
_14681_,5.64µm
_14935_,5.64µm
_15415_,5.64µm
_15488_,5.64µm
_15533_,5.64µm
_17655_,5.64µm
_17861_,5.64µm
_17947_,5.64µm
_17968_,5.64µm
net101,5.64µm
net371,5.64µm
net518,5.64µm
net617,5.64µm
net635,5.64µm
net870,5.64µm
net1109,5.64µm
net1175,5.64µm
net1202,5.64µm
net1348,5.64µm
net1438,5.64µm
net1536,5.64µm
net1760,5.64µm
net1780,5.64µm
net1813,5.64µm
net1831,5.64µm
net1840,5.64µm
net1847,5.64µm
net1918,5.64µm
net1938,5.64µm
net2011,5.64µm
net2028,5.64µm
net2044,5.64µm
net2128,5.64µm
net2277,5.64µm
net2284,5.64µm
net2398,5.64µm
net2453,5.64µm
net2489,5.64µm
net2546,5.64µm
net2566,5.64µm
net2658,5.64µm
net2698,5.64µm
net4139,5.64µm
net4161,5.64µm
net4164,5.64µm
net4257,5.64µm
net4337,5.64µm
net4372,5.64µm
net4435,5.64µm
net4491,5.64µm
u_fft_core.mdc_ff2_valid,5.64µm
u_fft_core.u_fft8_mdc1.u_mdc8p_stage1.ds_switch_stage1.o_data_1i\[3\],5.64µm
u_fft_core.u_fft8_mdc1.u_mdc8p_stage2.ds_switch_stage1.w_data_1i\[9\],5.64µm
u_fft_core.u_fft8_mdc2.u_mdc8p_stage1.ds_switch_stage1.flag\[1\],5.64µm
u_fft_core.u_fft8_mdc3.u_mdc8p_stage1.xfft_cell_route1.r_pp2_mult_i\[1\]\[3\],5.64µm
u_fft_core.u_twiddle_interface.cnt_q\[2\],5.64µm
_03277_,5.635µm
_06066_,5.635µm
_06156_,5.635µm
_07513_,5.635µm
_11168_,5.635µm
_11345_,5.635µm
_12377_,5.635µm
_14022_,5.635µm
_14218_,5.635µm
_15412_,5.635µm
_15677_,5.635µm
_16804_,5.635µm
_16948_,5.635µm
_17084_,5.635µm
_17818_,5.635µm
u_fft_core.u_fft8_mdc1.u_mdc8p_stage1.u_btfly2.o_data1_r\[2\],5.635µm
u_fft_core.u_fft8_mdc2.u_mdc8p_stage1.ds_switch_stage1.r_odata_r\[0\]\[8\],5.635µm
u_fft_core.u_fft8_mdc3.u_mdc8p_stage1.xfft_cell_route1.w_mult_i\[0\]\[3\],5.635µm
u_fft_core.u_twiddle_interface.mult2_im\[3\],5.635µm
u_fft_core.u_fft8_mdc2.u_mdc8p_stage1.xfft_cell_route1.r_pp2_mult_i\[1\]\[18\],5.63µm
_13352_,5.625µm
_06959_,5.62µm
_11368_,5.62µm
_07025_,5.61µm
_02064_,5.6µm
_03353_,5.6µm
_05557_,5.6µm
_07291_,5.6µm
_09816_,5.6µm
_01048_,5.59µm
_01304_,5.59µm
_01930_,5.59µm
_01954_,5.59µm
_16011_,5.59µm
_16562_,5.59µm
_16667_,5.59µm
u_fft_core.u_fft8_mdc3.u_mdc8p_stage1.ds_switch_stage1.w_data_1i\[7\],5.59µm
_00709_,5.58µm
_02200_,5.58µm
_06082_,5.58µm
_11669_,5.58µm
_16704_,5.58µm
u_fft_core.u_fft8_mdc1.u_mdc8p_stage1.xfft_cell_route1.r_pp2_mult_r\[1\]\[0\],5.58µm
u_fft_core.u_fft8_mdc1.u_mdc8p_stage1.xfft_cell_route1.w_mult_i\[1\]\[9\],5.58µm
u_fft_core.u_fft8_mdc2.u_mdc8p_stage1.xfft_cell_route1.w_mult_i\[1\]\[1\],5.58µm
u_fft_core.u_fft8_mdc3.u_mdc8p_stage1.xfft_cell_route1.w_mult_r\[1\]\[10\],5.58µm
_08452_,5.575µm
u_fft_core.u_fft8_mdc1.u_mdc8p_stage1.xfft_cell_route1.r_pp2_mult_r\[1\]\[5\],5.575µm
_11486_,5.565µm
_15263_,5.565µm
_04460_,5.55µm
_04317_,5.54µm
_05082_,5.54µm
_05243_,5.54µm
_05816_,5.54µm
_06506_,5.54µm
_07345_,5.54µm
_08109_,5.54µm
_08554_,5.54µm
_08905_,5.54µm
_09498_,5.54µm
_10664_,5.54µm
_11738_,5.54µm
_11765_,5.54µm
_11911_,5.54µm
_11947_,5.54µm
_12539_,5.54µm
_12780_,5.54µm
_14271_,5.54µm
_14292_,5.54µm
_14959_,5.54µm
_15022_,5.54µm
_15174_,5.54µm
_16276_,5.54µm
_16871_,5.54µm
_16941_,5.54µm
_17097_,5.54µm
u_fft_core.u_fft8_mdc1.u_mdc8p_stage1.xfft_cell_route1.w_mult_i\[1\]\[4\],5.54µm
u_fft_core.u_fft8_mdc2.u_mdc8p_stage1.xfft_cell_route1.r_pp2_mult_i\[1\]\[0\],5.54µm
u_fft_core.u_fft8_mdc2.u_mdc8p_stage2.ds_switch_stage1.i_data_1r\[5\],5.54µm
u_fft_core.u_fft8_mdc3.u_mdc8p_stage2.ds_switch_stage1.w_data_1r\[2\],5.54µm
u_fft_core.u_fft8_mdc3.u_mdc8p_stage3.next_data1_i\[1\],5.54µm
_00308_,5.53µm
_00566_,5.53µm
_00668_,5.53µm
_02728_,5.53µm
_03160_,5.53µm
_03422_,5.53µm
_05978_,5.53µm
_07608_,5.53µm
_08000_,5.53µm
_08378_,5.53µm
_10779_,5.53µm
_11003_,5.53µm
_11455_,5.53µm
_11544_,5.53µm
_14625_,5.53µm
_16258_,5.53µm
_16600_,5.53µm
_17742_,5.53µm
net1394,5.53µm
net2125,5.53µm
u_fft_core.u_fft8_mdc2.u_mdc8p_stage2.ds_switch_stage1.i_data_1r\[1\],5.53µm
u_fft_core.u_fft8_mdc3.u_mdc8p_stage1.ds_switch_stage1.o_data_1i\[1\],5.53µm
u_fft_core.u_fft8_mdc3.u_mdc8p_stage1.ds_switch_stage1.w_data_1i\[1\],5.53µm
u_fft_core.u_fft8_mdc3.u_mdc8p_stage1.xfft_cell_route1.r_pp2_mult_r\[1\]\[9\],5.53µm
_02291_,5.525µm
_02443_,5.525µm
_03222_,5.525µm
_03877_,5.525µm
_06166_,5.525µm
_08787_,5.525µm
_11685_,5.525µm
_17831_,5.525µm
u_fft_core.u_fft8_mdc2.u_mdc8p_stage1.xfft_cell_route1.r_pp2_mult_i\[0\]\[18\],5.525µm
net49,5.52µm
_03017_,5.52µm
_05336_,5.52µm
_05457_,5.52µm
_05941_,5.52µm
_07267_,5.52µm
_08263_,5.52µm
_09231_,5.52µm
_09614_,5.52µm
_10198_,5.52µm
_10980_,5.52µm
_12104_,5.52µm
_13634_,5.52µm
_14769_,5.52µm
u_fft_core.u_fft8_mdc1.u_mdc8p_stage1.xfft_cell_route1.r_pp2_mult_r\[1\]\[3\],5.52µm
_02468_,5.51µm
u_fft_core.u_fft8_mdc3.u_mdc8p_stage2.ds_switch_stage1.w_data_1i\[0\],5.505µm
_07018_,5.5µm
_06205_,5.49µm
_05158_,5.48µm
_10329_,5.48µm
_12822_,5.48µm
_05655_,5.47µm
_09482_,5.47µm
u_fft_core.u_fft8_mdc2.u_mdc8p_stage1.xfft_cell_route1.r_pp2_mult_i\[1\]\[5\],5.465µm
_05697_,5.46µm
_05784_,5.46µm
_12078_,5.46µm
_17345_,5.46µm
u_fft_core.u_fft8_mdc0.u_mdc8p_stage1.u_btfly2.o_data0_r\[4\],5.46µm
u_fft_core.u_fft8_mdc2.u_mdc8p_stage2.ds_switch_stage1.r_idata_r\[0\]\[5\],5.46µm
_02440_,5.455µm
_06100_,5.45µm
_02558_,5.445µm
_06329_,5.445µm
_07499_,5.445µm
_17138_,5.445µm
u_fft_core.u_fft8_mdc3.u_mdc8p_stage2.ds_switch_stage1.w_data_1r\[8\],5.445µm
_05397_,5.43µm
_06581_,5.43µm
_10437_,5.43µm
_11195_,5.43µm
_16217_,5.43µm
_17807_,5.43µm
_03291_,5.425µm
_00596_,5.42µm
_04409_,5.42µm
_08862_,5.42µm
_12768_,5.42µm
_06043_,5.41µm
_09278_,5.41µm
_09454_,5.41µm
_10617_,5.41µm
_16335_,5.41µm
_00814_,5.4µm
_02005_,5.4µm
_03523_,5.4µm
_04185_,5.4µm
_04245_,5.4µm
_05596_,5.4µm
_05916_,5.4µm
_06227_,5.4µm
_07614_,5.4µm
_08331_,5.4µm
_09163_,5.4µm
_09466_,5.4µm
_10397_,5.4µm
_12471_,5.4µm
_12577_,5.4µm
_12917_,5.4µm
_13539_,5.4µm
_13603_,5.4µm
_13960_,5.4µm
_14199_,5.4µm
_14794_,5.4µm
_16135_,5.4µm
_17787_,5.4µm
_17945_,5.4µm
_18097_,5.4µm
net484,5.4µm
net763,5.4µm
net1509,5.4µm
net1513,5.4µm
net1939,5.4µm
net2195,5.4µm
net2642,5.4µm
net2726,5.4µm
net4201,5.4µm
net4519,5.4µm
u_fft_core.u_fft8_mdc2.u_mdc8p_stage1.xfft_cell_route1.r_pp1_tw_r\[9\],5.4µm
_02529_,5.385µm
_07104_,5.385µm
u_fft_core.u_fft8_mdc0.u_mdc8p_stage1.u_btfly2.o_data0_i\[1\],5.385µm
_06464_,5.38µm
_08293_,5.37µm
_05507_,5.365µm
_00599_,5.35µm
_00621_,5.35µm
_04673_,5.35µm
u_fft_core.u_fft8_mdc0.u_mdc8p_stage1.ds_switch_stage1.i_data_1r\[5\],5.35µm
u_fft_core.u_fft8_mdc0.u_mdc8p_stage1.ds_switch_stage1.r_odata_i\[0\]\[6\],5.35µm
u_fft_core.u_fft8_mdc0.u_mdc8p_stage1.ds_switch_stage1.r_odata_r\[0\]\[8\],5.35µm
u_fft_core.u_fft8_mdc3.u_mdc8p_stage1.ds_switch_stage1.i_data_1r\[5\],5.35µm
_00309_,5.34µm
_00348_,5.34µm
_00411_,5.34µm
_00414_,5.34µm
_00476_,5.34µm
_00509_,5.34µm
_00604_,5.34µm
_00689_,5.34µm
_00698_,5.34µm
_00704_,5.34µm
_00801_,5.34µm
_00841_,5.34µm
_00891_,5.34µm
_01469_,5.34µm
_01483_,5.34µm
_01687_,5.34µm
_01940_,5.34µm
_02174_,5.34µm
_02538_,5.34µm
_02542_,5.34µm
_03319_,5.34µm
_03834_,5.34µm
_03851_,5.34µm
_04259_,5.34µm
_04288_,5.34µm
_04592_,5.34µm
_05864_,5.34µm
_06263_,5.34µm
_06732_,5.34µm
_06820_,5.34µm
_07005_,5.34µm
_07046_,5.34µm
_07553_,5.34µm
_07973_,5.34µm
_08621_,5.34µm
_08677_,5.34µm
_09666_,5.34µm
_09914_,5.34µm
_10405_,5.34µm
_10869_,5.34µm
_11990_,5.34µm
_12360_,5.34µm
_12385_,5.34µm
_12438_,5.34µm
_13285_,5.34µm
_13853_,5.34µm
_14036_,5.34µm
_14408_,5.34µm
_14545_,5.34µm
_14661_,5.34µm
_15410_,5.34µm
_15921_,5.34µm
_16198_,5.34µm
_16514_,5.34µm
_16641_,5.34µm
_16857_,5.34µm
_16975_,5.34µm
_17091_,5.34µm
_17223_,5.34µm
u_debug_sys.u_spi_slave.rx_shift\[7\],5.34µm
u_fft_core.u_fft8_mdc0.u_mdc8p_stage1.ds_switch_stage1.r_idata_r\[0\]\[7\],5.34µm
u_fft_core.u_fft8_mdc1.u_mdc8p_stage1.ds_switch_stage1.o_data_0i\[9\],5.34µm
u_fft_core.u_fft8_mdc1.u_mdc8p_stage1.ds_switch_stage1.r_idata_r\[0\]\[8\],5.34µm
u_fft_core.u_fft8_mdc1.u_mdc8p_stage1.ds_switch_stage1.r_odata_i\[0\]\[4\],5.34µm
u_fft_core.u_fft8_mdc2.u_mdc8p_stage1.ds_switch_stage1.r_odata_i\[0\]\[1\],5.34µm
u_fft_core.u_fft8_mdc2.u_mdc8p_stage1.ds_switch_stage1.r_odata_r\[0\]\[6\],5.34µm
u_fft_core.u_fft8_mdc2.u_mdc8p_stage1.ds_switch_stage1.w_data_1r\[7\],5.34µm
u_fft_core.u_fft8_mdc2.u_mdc8p_stage2.r_count,5.34µm
u_fft_core.u_fft8_mdc3.u_mdc8p_stage1.ds_switch_stage1.r_idata_r\[0\]\[4\],5.34µm
u_fft_core.u_fft8_mdc3.u_mdc8p_stage1.ds_switch_stage1.r_odata_r\[0\]\[0\],5.34µm
u_fft_core.u_fft8_mdc3.u_mdc8p_stage1.xfft_cell_route1.r_pp2_mult_r\[1\]\[14\],5.34µm
u_fft_core.u_fft8_mdc3.u_mdc8p_stage1.xfft_cell_route1.w_mult_r\[0\]\[13\],5.34µm
u_fft_core.u_fft8_mdc3.u_mdc8p_stage3.next_data0_r\[4\],5.34µm
u_fft_core.u_twiddle_interface.u_mult_1.u_clip.o_data_im\[0\],5.34µm
_12289_,5.335µm
_05475_,5.325µm
net1444,5.325µm
net2736,5.325µm
net4261,5.325µm
net152,5.31µm
_05025_,5.305µm
_00657_,5.29µm
_02096_,5.29µm
_02435_,5.29µm
_02718_,5.29µm
_03590_,5.29µm
_03951_,5.29µm
_04313_,5.29µm
_05091_,5.29µm
_06216_,5.29µm
_06298_,5.29µm
_06419_,5.29µm
_06939_,5.29µm
_07021_,5.29µm
_08661_,5.29µm
_09504_,5.29µm
_09954_,5.29µm
_10350_,5.29µm
_11594_,5.29µm
_12604_,5.29µm
_12618_,5.29µm
_13033_,5.29µm
_13268_,5.29µm
_15047_,5.29µm
_15167_,5.29µm
_15280_,5.29µm
_15676_,5.29µm
_15778_,5.29µm
_16259_,5.29µm
_17114_,5.29µm
u_fft_core.fft4_data1_re\[7\],5.29µm
u_fft_core.u_fft8_mdc0.u_mdc8p_stage2.ds_switch_stage1.current_state,5.29µm
u_fft_core.u_fft8_mdc3.u_mdc8p_stage1.xfft_cell_route1.r_pp2_mult_r\[0\]\[3\],5.29µm
u_fft_core.u_twiddle_interface.data0_re_2q\[5\],5.29µm
u_fft_core.u_twiddle_interface.mult2_im\[7\],5.29µm
_02251_,5.28µm
_02257_,5.28µm
_03301_,5.28µm
_03598_,5.28µm
_03790_,5.28µm
_04067_,5.28µm
_05601_,5.28µm
_07306_,5.28µm
_09487_,5.28µm
_09794_,5.28µm
_10835_,5.28µm
_12048_,5.28µm
_12154_,5.28µm
_13005_,5.28µm
_14970_,5.28µm
_15173_,5.28µm
_15270_,5.28µm
_17886_,5.28µm
net63,5.28µm
net166,5.28µm
net284,5.28µm
net343,5.28µm
net402,5.28µm
net494,5.28µm
net554,5.28µm
net565,5.28µm
net641,5.28µm
net670,5.28µm
net677,5.28µm
net797,5.28µm
net942,5.28µm
net1017,5.28µm
net1029,5.28µm
net1164,5.28µm
net1168,5.28µm
net1180,5.28µm
net1272,5.28µm
net1393,5.28µm
net1480,5.28µm
net1497,5.28µm
net1622,5.28µm
net1907,5.28µm
net1934,5.28µm
net2050,5.28µm
net2115,5.28µm
net2192,5.28µm
net2221,5.28µm
net2333,5.28µm
net2343,5.28µm
net2596,5.28µm
net2654,5.28µm
net2675,5.28µm
net4327,5.28µm
net4422,5.28µm
net4543,5.28µm
net4580,5.28µm
net4605,5.28µm
net4628,5.28µm
net4650,5.28µm
_05590_,5.275µm
_00522_,5.265µm
_16073_,5.265µm
_13647_,5.26µm
_08689_,5.24µm
_00338_,5.23µm
_00344_,5.23µm
_00391_,5.23µm
_00472_,5.23µm
_00516_,5.23µm
_00813_,5.23µm
_01017_,5.23µm
_01051_,5.23µm
_01079_,5.23µm
_01107_,5.23µm
_01603_,5.23µm
_01706_,5.23µm
_01817_,5.23µm
_01861_,5.23µm
_01937_,5.23µm
_03070_,5.23µm
_03827_,5.23µm
_04035_,5.23µm
_04318_,5.23µm
_04894_,5.23µm
_05286_,5.23µm
_06079_,5.23µm
_06292_,5.23µm
_07167_,5.23µm
_07458_,5.23µm
_08015_,5.23µm
_08659_,5.23µm
_09440_,5.23µm
_09622_,5.23µm
_10252_,5.23µm
_11140_,5.23µm
_12201_,5.23µm
_12456_,5.23µm
_12896_,5.23µm
_14347_,5.23µm
_14960_,5.23µm
_15682_,5.23µm
_15714_,5.23µm
_15769_,5.23µm
_16229_,5.23µm
_16487_,5.23µm
_16797_,5.23µm
_17048_,5.23µm
u_fft_core.u_fft8_mdc1.u_mdc8p_stage1.ds_switch_stage1.o_data_0i\[7\],5.23µm
u_fft_core.u_fft8_mdc1.u_mdc8p_stage1.xfft_cell_route1.w_mult_i\[0\]\[2\],5.23µm
u_fft_core.u_fft8_mdc2.u_mdc8p_stage1.ds_switch_stage1.o_data_0r\[1\],5.23µm
_00032_,5.22µm
_00049_,5.22µm
_00129_,5.22µm
_00146_,5.22µm
_00168_,5.22µm
_00210_,5.22µm
_00215_,5.22µm
_00241_,5.22µm
_00254_,5.22µm
_00270_,5.22µm
_00284_,5.22µm
_00296_,5.22µm
_00305_,5.22µm
_00306_,5.22µm
_00354_,5.22µm
_00384_,5.22µm
_00451_,5.22µm
_00603_,5.22µm
_01009_,5.22µm
_01033_,5.22µm
_01059_,5.22µm
_01077_,5.22µm
_01089_,5.22µm
_01093_,5.22µm
_01136_,5.22µm
_01194_,5.22µm
_01199_,5.22µm
_01219_,5.22µm
_01266_,5.22µm
_01313_,5.22µm
_01500_,5.22µm
_01505_,5.22µm
_01573_,5.22µm
_01689_,5.22µm
_01694_,5.22µm
_01726_,5.22µm
_01741_,5.22µm
_01788_,5.22µm
_01819_,5.22µm
_01850_,5.22µm
_01894_,5.22µm
_01927_,5.22µm
_02980_,5.22µm
_03026_,5.22µm
_03369_,5.22µm
_03556_,5.22µm
_03588_,5.22µm
_04124_,5.22µm
_04125_,5.22µm
_05141_,5.22µm
_05193_,5.22µm
_05285_,5.22µm
_06001_,5.22µm
_07627_,5.22µm
_08173_,5.22µm
_09189_,5.22µm
_10089_,5.22µm
_10214_,5.22µm
_10657_,5.22µm
_14340_,5.22µm
_14638_,5.22µm
_18147_,5.22µm
u_fft_core.u_fft8_mdc3.u_mdc8p_stage1.r_bt0_r\[0\]\[6\],5.22µm
u_fft_core.u_fft8_mdc3.u_mdc8p_stage1.xfft_cell_route1.w_mult_i\[1\]\[16\],5.22µm
_11406_,5.215µm
_03839_,5.2µm
_07733_,5.2µm
_10995_,5.2µm
net777,5.2µm
_17938_,5.19µm
net812,5.19µm
_04624_,5.185µm
_03603_,5.18µm
_04756_,5.18µm
_08528_,5.18µm
_10870_,5.18µm
_11832_,5.18µm
_13178_,5.18µm
_13339_,5.18µm
_14214_,5.18µm
_04587_,5.17µm
_05832_,5.17µm
_17532_,5.17µm
net209,5.17µm
net266,5.17µm
net1356,5.17µm
net1373,5.17µm
net1508,5.17µm
net1873,5.17µm
net1954,5.17µm
net2301,5.17µm
net2532,5.17µm
_00563_,5.16µm
_00587_,5.16µm
_00713_,5.16µm
_00719_,5.16µm
_00754_,5.16µm
_00808_,5.16µm
_00817_,5.16µm
_00823_,5.16µm
_00833_,5.16µm
_00864_,5.16µm
_00908_,5.16µm
_00985_,5.16µm
_01677_,5.16µm
_02176_,5.16µm
_03428_,5.16µm
_03611_,5.16µm
_04135_,5.16µm
_04206_,5.16µm
_04407_,5.16µm
_04869_,5.16µm
_05099_,5.16µm
_05115_,5.16µm
_06180_,5.16µm
_06931_,5.16µm
_07075_,5.16µm
_07263_,5.16µm
_07815_,5.16µm
_07911_,5.16µm
_08104_,5.16µm
_08501_,5.16µm
_08818_,5.16µm
_08858_,5.16µm
_09262_,5.16µm
_09446_,5.16µm
_09944_,5.16µm
_11614_,5.16µm
_11757_,5.16µm
_12187_,5.16µm
_12655_,5.16µm
_12879_,5.16µm
_12936_,5.16µm
_12982_,5.16µm
_13663_,5.16µm
_14141_,5.16µm
_14285_,5.16µm
_14581_,5.16µm
_15580_,5.16µm
_16328_,5.16µm
_17038_,5.16µm
_17041_,5.16µm
_17320_,5.16µm
_17387_,5.16µm
_17920_,5.16µm
net96,5.16µm
net154,5.16µm
net238,5.16µm
net278,5.16µm
net309,5.16µm
net314,5.16µm
net356,5.16µm
net362,5.16µm
net364,5.16µm
net365,5.16µm
net386,5.16µm
net401,5.16µm
net424,5.16µm
net465,5.16µm
net473,5.16µm
net493,5.16µm
net535,5.16µm
net542,5.16µm
net644,5.16µm
net651,5.16µm
net681,5.16µm
net688,5.16µm
net738,5.16µm
net755,5.16µm
net788,5.16µm
net875,5.16µm
net899,5.16µm
net946,5.16µm
net1018,5.16µm
net1058,5.16µm
net1075,5.16µm
net1077,5.16µm
net1121,5.16µm
net1125,5.16µm
net1142,5.16µm
net1152,5.16µm
net1163,5.16µm
net1184,5.16µm
net1194,5.16µm
net1196,5.16µm
net1199,5.16µm
net1213,5.16µm
net1216,5.16µm
net1225,5.16µm
net1264,5.16µm
net1266,5.16µm
net1275,5.16µm
net1323,5.16µm
net1354,5.16µm
net1374,5.16µm
net1491,5.16µm
net1518,5.16µm
net1568,5.16µm
net1603,5.16µm
net1626,5.16µm
net1642,5.16µm
net1643,5.16µm
net1660,5.16µm
net1662,5.16µm
net1688,5.16µm
net1718,5.16µm
net1728,5.16µm
net1843,5.16µm
net1860,5.16µm
net1878,5.16µm
net1881,5.16µm
net1917,5.16µm
net1928,5.16µm
net1935,5.16µm
net1956,5.16µm
net1966,5.16µm
net2031,5.16µm
net2032,5.16µm
net2033,5.16µm
net2041,5.16µm
net2060,5.16µm
net2088,5.16µm
net2143,5.16µm
net2152,5.16µm
net2171,5.16µm
net2194,5.16µm
net2206,5.16µm
net2209,5.16µm
net2294,5.16µm
net2300,5.16µm
net2341,5.16µm
net2342,5.16µm
net2344,5.16µm
net2352,5.16µm
net2368,5.16µm
net2387,5.16µm
net2411,5.16µm
net2415,5.16µm
net2449,5.16µm
net2462,5.16µm
net2475,5.16µm
net2477,5.16µm
net2503,5.16µm
net2592,5.16µm
net2594,5.16µm
net2616,5.16µm
net2646,5.16µm
net2667,5.16µm
net2669,5.16µm
net2713,5.16µm
net2727,5.16µm
net2761,5.16µm
net4124,5.16µm
net4150,5.16µm
net4160,5.16µm
net4176,5.16µm
net4185,5.16µm
net4196,5.16µm
net4219,5.16µm
net4294,5.16µm
net4300,5.16µm
net4329,5.16µm
net4342,5.16µm
net4358,5.16µm
net4386,5.16µm
net4407,5.16µm
net4420,5.16µm
net4447,5.16µm
net4464,5.16µm
net4485,5.16µm
net4500,5.16µm
net4510,5.16µm
net4551,5.16µm
net4581,5.16µm
net4586,5.16µm
net4597,5.16µm
net4638,5.16µm
net4639,5.16µm
u_fft_core.u_fft8_mdc0.u_mdc8p_stage1.ds_switch_stage1.o_data_1r\[9\],5.16µm
u_fft_core.u_fft8_mdc3.u_mdc8p_stage2.ds_switch_stage1.w_data_1i\[2\],5.16µm
u_fft_core.u_fft8_mdc3.u_mdc8p_stage2.ds_switch_stage1.w_data_1i\[5\],5.16µm
_05044_,5.155µm
_05046_,5.155µm
_05416_,5.155µm
_06070_,5.155µm
_06118_,5.155µm
_07127_,5.155µm
_08338_,5.155µm
_08547_,5.155µm
_09921_,5.155µm
_12617_,5.155µm
_13592_,5.155µm
_13782_,5.155µm
_13939_,5.155µm
_14213_,5.155µm
_14266_,5.155µm
_14327_,5.155µm
_14539_,5.155µm
_15247_,5.155µm
_15774_,5.155µm
_16184_,5.155µm
_16532_,5.155µm
u_fft_core.u_fft8_mdc2.u_mdc8p_stage1.xfft_cell_route1.w_mult_r\[1\]\[15\],5.155µm
u_fft_core.u_fft8_mdc3.u_mdc8p_stage1.r_bt0_r\[0\]\[2\],5.155µm
u_fft_core.u_twiddle_interface.data0_re_2q\[0\],5.155µm
_01471_,5.14µm
u_fft_core.u_fft8_mdc1.u_mdc8p_stage1.xfft_cell_route1.r_pp2_mult_i\[0\]\[1\],5.14µm
u_fft_core.u_fft8_mdc1.u_mdc8p_stage2.ds_switch_stage1.r_idata_r\[0\]\[3\],5.14µm
_11900_,5.12µm
_12164_,5.12µm
_06222_,5.115µm
_01785_,5.11µm
_17385_,5.11µm
_01427_,5.1µm
_02978_,5.1µm
_03906_,5.1µm
_04927_,5.1µm
_05616_,5.1µm
_06721_,5.1µm
_09949_,5.1µm
_13658_,5.1µm
_15455_,5.1µm
_15696_,5.1µm
_17989_,5.1µm
u_fft_core.u_fft8_mdc1.u_mdc8p_stage1.xfft_cell_route1.w_mult_i\[1\]\[11\],5.1µm
u_fft_core.u_fft8_mdc1.u_mdc8p_stage1.xfft_cell_route1.w_mult_i\[1\]\[12\],5.1µm
u_fft_core.u_fft8_mdc2.u_mdc8p_stage1.xfft_cell_route1.w_mult_i\[1\]\[8\],5.1µm
u_fft_core.u_fft8_mdc3.u_mdc8p_stage1.xfft_cell_route1.w_mult_r\[1\]\[9\],5.1µm
_02525_,5.095µm
_07813_,5.09µm
_08441_,5.085µm
_13458_,5.085µm
_02171_,5.06µm
_05040_,5.06µm
_06077_,5.06µm
_07143_,5.06µm
_12198_,5.06µm
_13506_,5.06µm
_13726_,5.06µm
_13877_,5.06µm
_14474_,5.06µm
_14623_,5.06µm
_15025_,5.06µm
_15408_,5.06µm
_15494_,5.06µm
_15565_,5.06µm
_15690_,5.06µm
_16733_,5.06µm
_16759_,5.06µm
_16934_,5.06µm
u_fft_core.u_fft8_mdc0.u_mdc8p_stage1.xfft_cell_route1.w_mult_i\[1\]\[2\],5.06µm
u_fft_core.u_fft8_mdc2.u_mdc8p_stage1.xfft_cell_route1.w_mult_i\[0\]\[8\],5.06µm
u_fft_core.u_fft8_mdc2.u_mdc8p_stage1.xfft_cell_route1.w_mult_r\[1\]\[17\],5.06µm
u_fft_core.u_fft8_mdc2.u_mdc8p_stage2.ds_switch_stage1.w_data_1i\[9\],5.06µm
_01444_,5.05µm
_04158_,5.05µm
_05167_,5.05µm
_08745_,5.05µm
_08784_,5.05µm
_09984_,5.05µm
_10652_,5.05µm
_13465_,5.05µm
_13469_,5.05µm
_13725_,5.05µm
_13799_,5.05µm
_14448_,5.05µm
_14515_,5.05µm
_14861_,5.05µm
_16597_,5.05µm
_16662_,5.05µm
_16885_,5.05µm
_04282_,5.045µm
net46,5.04µm
net45,5.04µm
_03813_,5.04µm
_05151_,5.04µm
_05938_,5.04µm
_10568_,5.04µm
_10706_,5.04µm
_11231_,5.04µm
_13434_,5.04µm
_14428_,5.04µm
_14621_,5.04µm
_14771_,5.04µm
net352,5.03µm
net2196,5.03µm
net2428,5.03µm
_12153_,5.005µm
_00664_,5µm
_06196_,5µm
_07230_,5µm
_07851_,5µm
_04367_,4.995µm
_16318_,4.995µm
_09264_,4.99µm
_11877_,4.99µm
_12799_,4.99µm
_15939_,4.99µm
_11089_,4.98µm
_14609_,4.98µm
_15649_,4.98µm
u_fft_core.u_fft8_mdc0.u_mdc8p_stage1.xfft_cell_route1.r_pp2_mult_r\[1\]\[2\],4.98µm
u_fft_core.u_fft8_mdc1.u_mdc8p_stage1.ds_switch_stage1.o_data_0r\[7\],4.98µm
u_fft_core.u_fft8_mdc2.u_mdc8p_stage1.ds_switch_stage1.o_data_0i\[5\],4.98µm
_03361_,4.95µm
_03522_,4.95µm
_07455_,4.95µm
_08148_,4.95µm
_10567_,4.95µm
net1974,4.95µm
_02407_,4.94µm
_02634_,4.94µm
_07189_,4.94µm
_07349_,4.94µm
_09391_,4.94µm
_10788_,4.94µm
_12071_,4.94µm
_05313_,4.93µm
_06822_,4.93µm
_15282_,4.93µm
_00539_,4.92µm
_00561_,4.92µm
_00571_,4.92µm
_00644_,4.92µm
_00786_,4.92µm
_02458_,4.92µm
_03257_,4.92µm
_03807_,4.92µm
_03891_,4.92µm
_04022_,4.92µm
_04149_,4.92µm
_04813_,4.92µm
_05117_,4.92µm
_05139_,4.92µm
_05528_,4.92µm
_05664_,4.92µm
_06014_,4.92µm
_06728_,4.92µm
_07849_,4.92µm
_07918_,4.92µm
_08704_,4.92µm
_08785_,4.92µm
_09234_,4.92µm
_09457_,4.92µm
_09681_,4.92µm
_10071_,4.92µm
_10479_,4.92µm
_10756_,4.92µm
_11276_,4.92µm
_11726_,4.92µm
_12712_,4.92µm
_13018_,4.92µm
_14185_,4.92µm
_14331_,4.92µm
_14806_,4.92µm
_15447_,4.92µm
_16026_,4.92µm
_16163_,4.92µm
_16822_,4.92µm
_16859_,4.92µm
_16950_,4.92µm
_17036_,4.92µm
_17106_,4.92µm
u_fft_core.u_twiddle_interface.mult3_im\[6\],4.92µm
_12357_,4.905µm
net4492,4.89µm
_00465_,4.87µm
_00487_,4.87µm
_00494_,4.87µm
_00576_,4.87µm
_00628_,4.87µm
_00734_,4.87µm
_00793_,4.87µm
_01428_,4.87µm
u_fft_core.u_fft8_mdc0.u_mdc8p_stage1.xfft_cell_route1.w_mult_i\[1\]\[17\],4.87µm
u_fft_core.u_fft8_mdc2.u_mdc8p_stage1.xfft_cell_route1.w_mult_i\[1\]\[6\],4.87µm
u_fft_core.u_fft8_mdc2.u_mdc8p_stage1.xfft_cell_route1.w_mult_r\[1\]\[5\],4.87µm
u_fft_core.u_fft8_mdc3.u_mdc8p_stage1.ds_switch_stage1.o_data_0r\[8\],4.87µm
u_fft_core.u_fft8_mdc3.u_mdc8p_stage1.xfft_cell_route1.w_mult_i\[0\]\[0\],4.87µm
u_fft_core.u_fft8_mdc3.u_mdc8p_stage1.xfft_cell_route1.w_mult_i\[0\]\[5\],4.87µm
_00161_,4.86µm
_00175_,4.86µm
_00186_,4.86µm
_00325_,4.86µm
_00339_,4.86µm
_00390_,4.86µm
_00517_,4.86µm
_00645_,4.86µm
_00934_,4.86µm
_01110_,4.86µm
_01249_,4.86µm
_01267_,4.86µm
_01283_,4.86µm
_01339_,4.86µm
_01408_,4.86µm
_01513_,4.86µm
_01549_,4.86µm
_01633_,4.86µm
_01666_,4.86µm
_01762_,4.86µm
_01777_,4.86µm
_01800_,4.86µm
_01862_,4.86µm
_01929_,4.86µm
_02673_,4.86µm
_02750_,4.86µm
_03928_,4.86µm
_05567_,4.86µm
_05914_,4.86µm
_06688_,4.86µm
_06916_,4.86µm
_07033_,4.86µm
_07395_,4.86µm
_07487_,4.86µm
_08687_,4.86µm
_08715_,4.86µm
_08736_,4.86µm
_09330_,4.86µm
_09841_,4.86µm
_11837_,4.86µm
_12886_,4.86µm
_13364_,4.86µm
_13959_,4.86µm
_14234_,4.86µm
_14304_,4.86µm
_14315_,4.86µm
_15165_,4.86µm
_15499_,4.86µm
_15835_,4.86µm
_16112_,4.86µm
_16277_,4.86µm
_16293_,4.86µm
_16295_,4.86µm
_16472_,4.86µm
_16768_,4.86µm
_16879_,4.86µm
_17991_,4.86µm
u_fft_core.u_fft8_mdc0.u_mdc8p_stage1.ds_switch_stage1.r_idata_r\[0\]\[4\],4.86µm
u_fft_core.u_fft8_mdc0.u_mdc8p_stage1.ds_switch_stage1.r_odata_i\[0\]\[4\],4.86µm
u_fft_core.u_fft8_mdc0.u_mdc8p_stage1.ds_switch_stage1.w_data_1r\[9\],4.86µm
u_fft_core.u_fft8_mdc0.u_mdc8p_stage1.xfft_cell_route1.r_pp1_valid,4.86µm
u_fft_core.u_fft8_mdc0.u_mdc8p_stage2.ds_switch_stage1.i_data_1r\[0\],4.86µm
u_fft_core.u_fft8_mdc1.u_mdc8p_stage1.ds_switch_stage1.o_data_0i\[2\],4.86µm
u_fft_core.u_fft8_mdc1.u_mdc8p_stage1.ds_switch_stage1.o_data_1i\[9\],4.86µm
u_fft_core.u_fft8_mdc2.u_mdc8p_stage1.ds_switch_stage1.o_data_0r\[5\],4.86µm
u_fft_core.u_fft8_mdc3.u_mdc8p_stage1.ds_switch_stage1.o_data_0r\[1\],4.86µm
u_fft_core.u_fft8_mdc3.u_mdc8p_stage1.ds_switch_stage1.valid_count\[1\],4.86µm
u_fft_core.u_fft8_mdc3.u_mdc8p_stage1.ds_switch_stage1.valid_count\[2\],4.86µm
u_fft_core.u_fft8_mdc3.u_mdc8p_stage2.ds_switch_stage1.o_data_0r\[3\],4.86µm
u_fft_core.u_twiddle_interface.data0_re_2q\[1\],4.86µm
u_fft_core.u_twiddle_interface.data3_re_q\[3\],4.86µm
u_fft_core.u_twiddle_interface.mult1_im\[1\],4.86µm
u_fft_core.u_twiddle_interface.mult1_im\[2\],4.86µm
_13183_,4.845µm
_13659_,4.845µm
_01447_,4.81µm
_02752_,4.81µm
_04145_,4.81µm
_04616_,4.81µm
_04861_,4.81µm
_05078_,4.81µm
_08695_,4.81µm
_09267_,4.81µm
_09594_,4.81µm
_09705_,4.81µm
_10367_,4.81µm
_10594_,4.81µm
_11517_,4.81µm
_12194_,4.81µm
_13229_,4.81µm
_14105_,4.81µm
_14119_,4.81µm
_14253_,4.81µm
_14690_,4.81µm
_14735_,4.81µm
_14957_,4.81µm
_14962_,4.81µm
_15700_,4.81µm
_15956_,4.81µm
_15981_,4.81µm
_16340_,4.81µm
_17009_,4.81µm
_17104_,4.81µm
_17975_,4.81µm
u_fft_core.u_fft8_mdc0.u_mdc8p_stage1.ds_switch_stage1.next_state,4.81µm
u_fft_core.u_fft8_mdc1.u_mdc8p_stage1.u_btfly2.o_data0_r\[0\],4.81µm
u_fft_core.u_fft8_mdc2.u_mdc8p_stage1.u_btfly2.o_data1_r\[8\],4.81µm
u_fft_core.u_fft8_mdc2.u_mdc8p_stage2.ds_switch_stage1.valid_count\[2\],4.81µm
_00919_,4.8µm
_02179_,4.8µm
_03047_,4.8µm
_03192_,4.8µm
_04081_,4.8µm
_04779_,4.8µm
_05003_,4.8µm
_05356_,4.8µm
_06977_,4.8µm
_07238_,4.8µm
_07294_,4.8µm
_07357_,4.8µm
_07432_,4.8µm
_08022_,4.8µm
_08107_,4.8µm
_09075_,4.8µm
_09448_,4.8µm
_09915_,4.8µm
_09935_,4.8µm
_10565_,4.8µm
_10838_,4.8µm
_11196_,4.8µm
_11200_,4.8µm
_12274_,4.8µm
_12412_,4.8µm
_14140_,4.8µm
_14916_,4.8µm
_16983_,4.8µm
_17449_,4.8µm
_17875_,4.8µm
net72,4.8µm
net110,4.8µm
net171,4.8µm
net212,4.8µm
net255,4.8µm
net279,4.8µm
net423,4.8µm
net433,4.8µm
net456,4.8µm
net464,4.8µm
net492,4.8µm
net574,4.8µm
net596,4.8µm
net643,4.8µm
net952,4.8µm
net954,4.8µm
net955,4.8µm
net987,4.8µm
net1001,4.8µm
net1010,4.8µm
net1076,4.8µm
net1104,4.8µm
net1116,4.8µm
net1131,4.8µm
net1181,4.8µm
net1238,4.8µm
net1244,4.8µm
net1382,4.8µm
net1471,4.8µm
net1502,4.8µm
net1551,4.8µm
net1570,4.8µm
net1583,4.8µm
net1647,4.8µm
net1712,4.8µm
net1766,4.8µm
net1818,4.8µm
net1833,4.8µm
net1836,4.8µm
net1944,4.8µm
net2092,4.8µm
net2392,4.8µm
net2421,4.8µm
net2432,4.8µm
net2446,4.8µm
net2563,4.8µm
net2634,4.8µm
net2707,4.8µm
net2747,4.8µm
net4136,4.8µm
net4244,4.8µm
net4353,4.8µm
net4445,4.8µm
net4545,4.8µm
net4634,4.8µm
u_fft_core.u_fft8_mdc1.u_mdc8p_stage1.xfft_cell_route1.r_pp2_mult_i\[0\]\[6\],4.8µm
u_fft_core.u_fft8_mdc1.u_mdc8p_stage2.ds_switch_stage1.o_data_0r\[3\],4.8µm
_15234_,4.785µm
_17116_,4.78µm
u_fft_core.u_fft8_mdc1.u_mdc8p_stage1.xfft_cell_route1.w_mult_r\[1\]\[12\],4.78µm
net1919,4.77µm
_12352_,4.76µm
_06660_,4.755µm
_00013_,4.75µm
_00228_,4.75µm
_00400_,4.75µm
_01030_,4.75µm
_01480_,4.75µm
_01516_,4.75µm
_01809_,4.75µm
_01847_,4.75µm
_01854_,4.75µm
_03136_,4.75µm
_03389_,4.75µm
_04107_,4.75µm
_08124_,4.75µm
_14562_,4.75µm
_16529_,4.75µm
_16810_,4.75µm
_17158_,4.75µm
net986,4.75µm
_00113_,4.74µm
_00117_,4.74µm
_00140_,4.74µm
_00142_,4.74µm
_00176_,4.74µm
_00212_,4.74µm
_00247_,4.74µm
_00253_,4.74µm
_00282_,4.74µm
_00293_,4.74µm
_00300_,4.74µm
_00317_,4.74µm
_00331_,4.74µm
_00340_,4.74µm
_00372_,4.74µm
_00399_,4.74µm
_00428_,4.74µm
_00444_,4.74µm
_00447_,4.74µm
_00479_,4.74µm
_00620_,4.74µm
_00696_,4.74µm
_00697_,4.74µm
_00884_,4.74µm
_00886_,4.74µm
_00905_,4.74µm
_00922_,4.74µm
_00931_,4.74µm
_00979_,4.74µm
_01025_,4.74µm
_01034_,4.74µm
_01049_,4.74µm
_01066_,4.74µm
_01073_,4.74µm
_01111_,4.74µm
_01211_,4.74µm
_01236_,4.74µm
_01451_,4.74µm
_01470_,4.74µm
_01479_,4.74µm
_01493_,4.74µm
_01517_,4.74µm
_01528_,4.74µm
_01558_,4.74µm
_01624_,4.74µm
_01662_,4.74µm
_01682_,4.74µm
_01685_,4.74µm
_01704_,4.74µm
_01708_,4.74µm
_01713_,4.74µm
_01787_,4.74µm
_01789_,4.74µm
_01795_,4.74µm
_01807_,4.74µm
_01855_,4.74µm
_01872_,4.74µm
_01880_,4.74µm
_01913_,4.74µm
_01948_,4.74µm
_01951_,4.74µm
_01958_,4.74µm
_01965_,4.74µm
_01966_,4.74µm
_01972_,4.74µm
_01994_,4.74µm
_03805_,4.74µm
_05120_,4.74µm
_05485_,4.74µm
_09129_,4.74µm
_09625_,4.74µm
_11393_,4.74µm
_13201_,4.74µm
_15388_,4.74µm
_17199_,4.74µm
_17903_,4.74µm
u_fft_core.u_fft8_mdc0.u_mdc8p_stage1.u_btfly2.o_data1_i\[6\],4.74µm
u_fft_core.u_fft8_mdc0.u_mdc8p_stage1.u_btfly2.o_data1_r\[6\],4.74µm
u_fft_core.u_fft8_mdc1.u_mdc8p_stage1.ds_switch_stage1.w_data_1r\[2\],4.74µm
u_fft_core.u_fft8_mdc3.u_mdc8p_stage1.ds_switch_stage1.w_data_1i\[2\],4.74µm
u_fft_core.u_fft8_mdc3.u_mdc8p_stage1.u_btfly2.o_data1_r\[4\],4.74µm
u_fft_core.u_fft8_mdc3.u_mdc8p_stage1.xfft_cell_route1.w_mult_i\[1\]\[3\],4.74µm
u_fft_core.u_twiddle_interface.data0_re_2q\[3\],4.74µm
net1337,4.72µm
_07736_,4.7µm
_10557_,4.7µm
_01830_,4.69µm
net419,4.69µm
net762,4.69µm
net813,4.69µm
net1975,4.69µm
net2738,4.69µm
net4312,4.69µm
net4465,4.69µm
net4572,4.69µm
_00107_,4.68µm
_00525_,4.68µm
_00555_,4.68µm
_00706_,4.68µm
_00824_,4.68µm
_02207_,4.68µm
_02658_,4.68µm
_02832_,4.68µm
_03392_,4.68µm
_04183_,4.68µm
_04411_,4.68µm
_05060_,4.68µm
_05096_,4.68µm
_06024_,4.68µm
_06226_,4.68µm
_07123_,4.68µm
_07439_,4.68µm
_07626_,4.68µm
_07674_,4.68µm
_07822_,4.68µm
_08595_,4.68µm
_10918_,4.68µm
_11882_,4.68µm
_13891_,4.68µm
_15242_,4.68µm
_15459_,4.68µm
_15910_,4.68µm
_16464_,4.68µm
_16832_,4.68µm
_17015_,4.68µm
_17401_,4.68µm
net68,4.68µm
net70,4.68µm
net73,4.68µm
net75,4.68µm
net76,4.68µm
net87,4.68µm
net97,4.68µm
net98,4.68µm
net100,4.68µm
net112,4.68µm
net115,4.68µm
net122,4.68µm
net130,4.68µm
net134,4.68µm
net135,4.68µm
net136,4.68µm
net137,4.68µm
net158,4.68µm
net159,4.68µm
net161,4.68µm
net168,4.68µm
net175,4.68µm
net180,4.68µm
net186,4.68µm
net187,4.68µm
net199,4.68µm
net201,4.68µm
net204,4.68µm
net214,4.68µm
net216,4.68µm
net223,4.68µm
net224,4.68µm
net227,4.68µm
net231,4.68µm
net236,4.68µm
net240,4.68µm
net252,4.68µm
net257,4.68µm
net260,4.68µm
net267,4.68µm
net268,4.68µm
net273,4.68µm
net281,4.68µm
net285,4.68µm
net294,4.68µm
net297,4.68µm
net298,4.68µm
net299,4.68µm
net300,4.68µm
net308,4.68µm
net310,4.68µm
net313,4.68µm
net320,4.68µm
net323,4.68µm
net327,4.68µm
net331,4.68µm
net334,4.68µm
net339,4.68µm
net341,4.68µm
net366,4.68µm
net369,4.68µm
net372,4.68µm
net381,4.68µm
net384,4.68µm
net399,4.68µm
net404,4.68µm
net406,4.68µm
net410,4.68µm
net411,4.68µm
net413,4.68µm
net425,4.68µm
net427,4.68µm
net428,4.68µm
net437,4.68µm
net447,4.68µm
net448,4.68µm
net468,4.68µm
net476,4.68µm
net483,4.68µm
net486,4.68µm
net490,4.68µm
net495,4.68µm
net506,4.68µm
net513,4.68µm
net514,4.68µm
net515,4.68µm
net517,4.68µm
net526,4.68µm
net538,4.68µm
net540,4.68µm
net566,4.68µm
net567,4.68µm
net568,4.68µm
net571,4.68µm
net572,4.68µm
net578,4.68µm
net585,4.68µm
net587,4.68µm
net593,4.68µm
net594,4.68µm
net595,4.68µm
net598,4.68µm
net599,4.68µm
net603,4.68µm
net608,4.68µm
net621,4.68µm
net624,4.68µm
net625,4.68µm
net632,4.68µm
net656,4.68µm
net668,4.68µm
net669,4.68µm
net673,4.68µm
net674,4.68µm
net679,4.68µm
net685,4.68µm
net689,4.68µm
net690,4.68µm
net691,4.68µm
net696,4.68µm
net699,4.68µm
net713,4.68µm
net719,4.68µm
net727,4.68µm
net736,4.68µm
net744,4.68µm
net746,4.68µm
net749,4.68µm
net753,4.68µm
net756,4.68µm
net759,4.68µm
net765,4.68µm
net769,4.68µm
net772,4.68µm
net774,4.68µm
net775,4.68µm
net780,4.68µm
net785,4.68µm
net790,4.68µm
net795,4.68µm
net796,4.68µm
net798,4.68µm
net803,4.68µm
net806,4.68µm
net816,4.68µm
net817,4.68µm
net820,4.68µm
net840,4.68µm
net841,4.68µm
net856,4.68µm
net857,4.68µm
net860,4.68µm
net861,4.68µm
net862,4.68µm
net864,4.68µm
net865,4.68µm
net873,4.68µm
net883,4.68µm
net886,4.68µm
net891,4.68µm
net896,4.68µm
net897,4.68µm
net918,4.68µm
net926,4.68µm
net927,4.68µm
net933,4.68µm
net936,4.68µm
net941,4.68µm
net943,4.68µm
net944,4.68µm
net948,4.68µm
net949,4.68µm
net950,4.68µm
net960,4.68µm
net971,4.68µm
net975,4.68µm
net989,4.68µm
net992,4.68µm
net993,4.68µm
net997,4.68µm
net999,4.68µm
net1002,4.68µm
net1004,4.68µm
net1006,4.68µm
net1009,4.68µm
net1013,4.68µm
net1022,4.68µm
net1026,4.68µm
net1027,4.68µm
net1033,4.68µm
net1035,4.68µm
net1063,4.68µm
net1065,4.68µm
net1067,4.68µm
net1071,4.68µm
net1080,4.68µm
net1084,4.68µm
net1092,4.68µm
net1111,4.68µm
net1114,4.68µm
net1130,4.68µm
net1139,4.68µm
net1140,4.68µm
net1141,4.68µm
net1144,4.68µm
net1159,4.68µm
net1160,4.68µm
net1165,4.68µm
net1167,4.68µm
net1174,4.68µm
net1182,4.68µm
net1187,4.68µm
net1200,4.68µm
net1221,4.68µm
net1227,4.68µm
net1229,4.68µm
net1231,4.68µm
net1232,4.68µm
net1241,4.68µm
net1242,4.68µm
net1247,4.68µm
net1255,4.68µm
net1256,4.68µm
net1270,4.68µm
net1280,4.68µm
net1284,4.68µm
net1285,4.68µm
net1290,4.68µm
net1294,4.68µm
net1304,4.68µm
net1305,4.68µm
net1308,4.68µm
net1313,4.68µm
net1316,4.68µm
net1320,4.68µm
net1324,4.68µm
net1328,4.68µm
net1335,4.68µm
net1344,4.68µm
net1352,4.68µm
net1358,4.68µm
net1371,4.68µm
net1377,4.68µm
net1383,4.68µm
net1395,4.68µm
net1397,4.68µm
net1398,4.68µm
net1399,4.68µm
net1407,4.68µm
net1409,4.68µm
net1424,4.68µm
net1431,4.68µm
net1434,4.68µm
net1446,4.68µm
net1452,4.68µm
net1462,4.68µm
net1466,4.68µm
net1472,4.68µm
net1487,4.68µm
net1505,4.68µm
net1506,4.68µm
net1516,4.68µm
net1539,4.68µm
net1543,4.68µm
net1552,4.68µm
net1553,4.68µm
net1559,4.68µm
net1563,4.68µm
net1564,4.68µm
net1569,4.68µm
net1572,4.68µm
net1587,4.68µm
net1590,4.68µm
net1591,4.68µm
net1597,4.68µm
net1602,4.68µm
net1605,4.68µm
net1609,4.68µm
net1610,4.68µm
net1612,4.68µm
net1613,4.68µm
net1620,4.68µm
net1621,4.68µm
net1629,4.68µm
net1638,4.68µm
net1668,4.68µm
net1671,4.68µm
net1673,4.68µm
net1676,4.68µm
net1679,4.68µm
net1682,4.68µm
net1685,4.68µm
net1687,4.68µm
net1701,4.68µm
net1709,4.68µm
net1714,4.68µm
net1717,4.68µm
net1723,4.68µm
net1724,4.68µm
net1734,4.68µm
net1739,4.68µm
net1745,4.68µm
net1754,4.68µm
net1764,4.68µm
net1769,4.68µm
net1776,4.68µm
net1779,4.68µm
net1784,4.68µm
net1787,4.68µm
net1789,4.68µm
net1791,4.68µm
net1792,4.68µm
net1794,4.68µm
net1798,4.68µm
net1801,4.68µm
net1809,4.68µm
net1810,4.68µm
net1817,4.68µm
net1822,4.68µm
net1827,4.68µm
net1834,4.68µm
net1844,4.68µm
net1845,4.68µm
net1846,4.68µm
net1856,4.68µm
net1868,4.68µm
net1869,4.68µm
net1883,4.68µm
net1888,4.68µm
net1899,4.68µm
net1905,4.68µm
net1912,4.68µm
net1930,4.68µm
net1933,4.68µm
net1948,4.68µm
net1949,4.68µm
net1959,4.68µm
net1968,4.68µm
net1971,4.68µm
net1980,4.68µm
net1987,4.68µm
net1992,4.68µm
net2001,4.68µm
net2002,4.68µm
net2014,4.68µm
net2015,4.68µm
net2020,4.68µm
net2022,4.68µm
net2061,4.68µm
net2064,4.68µm
net2067,4.68µm
net2077,4.68µm
net2078,4.68µm
net2082,4.68µm
net2089,4.68µm
net2090,4.68µm
net2095,4.68µm
net2105,4.68µm
net2111,4.68µm
net2118,4.68µm
net2120,4.68µm
net2126,4.68µm
net2131,4.68µm
net2134,4.68µm
net2156,4.68µm
net2165,4.68µm
net2166,4.68µm
net2180,4.68µm
net2182,4.68µm
net2185,4.68µm
net2191,4.68µm
net2199,4.68µm
net2202,4.68µm
net2208,4.68µm
net2216,4.68µm
net2219,4.68µm
net2220,4.68µm
net2235,4.68µm
net2236,4.68µm
net2253,4.68µm
net2256,4.68µm
net2260,4.68µm
net2266,4.68µm
net2269,4.68µm
net2275,4.68µm
net2279,4.68µm
net2280,4.68µm
net2282,4.68µm
net2285,4.68µm
net2287,4.68µm
net2288,4.68µm
net2295,4.68µm
net2296,4.68µm
net2299,4.68µm
net2309,4.68µm
net2317,4.68µm
net2319,4.68µm
net2322,4.68µm
net2335,4.68µm
net2345,4.68µm
net2351,4.68µm
net2356,4.68µm
net2358,4.68µm
net2359,4.68µm
net2362,4.68µm
net2364,4.68µm
net2366,4.68µm
net2372,4.68µm
net2374,4.68µm
net2389,4.68µm
net2391,4.68µm
net2395,4.68µm
net2404,4.68µm
net2414,4.68µm
net2418,4.68µm
net2422,4.68µm
net2425,4.68µm
net2436,4.68µm
net2447,4.68µm
net2450,4.68µm
net2451,4.68µm
net2454,4.68µm
net2476,4.68µm
net2482,4.68µm
net2483,4.68µm
net2490,4.68µm
net2491,4.68µm
net2492,4.68µm
net2494,4.68µm
net2500,4.68µm
net2505,4.68µm
net2508,4.68µm
net2512,4.68µm
net2514,4.68µm
net2519,4.68µm
net2541,4.68µm
net2543,4.68µm
net2544,4.68µm
net2547,4.68µm
net2555,4.68µm
net2558,4.68µm
net2559,4.68µm
net2561,4.68µm
net2565,4.68µm
net2571,4.68µm
net2578,4.68µm
net2585,4.68µm
net2591,4.68µm
net2600,4.68µm
net2604,4.68µm
net2614,4.68µm
net2615,4.68µm
net2639,4.68µm
net2643,4.68µm
net2645,4.68µm
net2671,4.68µm
net2683,4.68µm
net2684,4.68µm
net2687,4.68µm
net2693,4.68µm
net2696,4.68µm
net2701,4.68µm
net2708,4.68µm
net2712,4.68µm
net2714,4.68µm
net2722,4.68µm
net2723,4.68µm
net2724,4.68µm
net2730,4.68µm
net2742,4.68µm
net2743,4.68µm
net2746,4.68µm
net2751,4.68µm
net2752,4.68µm
net2754,4.68µm
net4133,4.68µm
net4144,4.68µm
net4159,4.68µm
net4162,4.68µm
net4165,4.68µm
net4184,4.68µm
net4186,4.68µm
net4191,4.68µm
net4197,4.68µm
net4199,4.68µm
net4230,4.68µm
net4233,4.68µm
net4237,4.68µm
net4240,4.68µm
net4246,4.68µm
net4251,4.68µm
net4254,4.68µm
net4255,4.68µm
net4256,4.68µm
net4258,4.68µm
net4264,4.68µm
net4270,4.68µm
net4271,4.68µm
net4278,4.68µm
net4281,4.68µm
net4286,4.68µm
net4288,4.68µm
net4289,4.68µm
net4304,4.68µm
net4309,4.68µm
net4319,4.68µm
net4321,4.68µm
net4322,4.68µm
net4323,4.68µm
net4334,4.68µm
net4344,4.68µm
net4355,4.68µm
net4364,4.68µm
net4370,4.68µm
net4375,4.68µm
net4376,4.68µm
net4377,4.68µm
net4385,4.68µm
net4400,4.68µm
net4404,4.68µm
net4408,4.68µm
net4409,4.68µm
net4414,4.68µm
net4419,4.68µm
net4425,4.68µm
net4429,4.68µm
net4438,4.68µm
net4441,4.68µm
net4443,4.68µm
net4463,4.68µm
net4473,4.68µm
net4474,4.68µm
net4475,4.68µm
net4476,4.68µm
net4486,4.68µm
net4495,4.68µm
net4496,4.68µm
net4506,4.68µm
net4509,4.68µm
net4518,4.68µm
net4525,4.68µm
net4530,4.68µm
net4533,4.68µm
net4534,4.68µm
net4541,4.68µm
net4548,4.68µm
net4557,4.68µm
net4558,4.68µm
net4562,4.68µm
net4570,4.68µm
net4573,4.68µm
net4583,4.68µm
net4585,4.68µm
net4588,4.68µm
net4590,4.68µm
net4591,4.68µm
net4598,4.68µm
net4599,4.68µm
net4603,4.68µm
net4629,4.68µm
net4631,4.68µm
net4636,4.68µm
net4640,4.68µm
net4641,4.68µm
net4649,4.68µm
net4656,4.68µm
net4659,4.68µm
net4662,4.68µm
net4664,4.68µm
net4667,4.68µm
net4668,4.68µm
net4669,4.68µm
u_fft_core.u_fft8_mdc2.u_mdc8p_stage1.ds_switch_stage1.i_data_1r\[3\],4.68µm
u_fft_core.u_fft8_mdc2.u_mdc8p_stage2.ds_switch_stage1.r_idata_r\[0\]\[0\],4.68µm
u_fft_core.u_fft8_mdc3.u_mdc8p_stage1.ds_switch_stage1.i_data_1r\[6\],4.68µm
u_fft_core.u_twiddle_interface.u_mult_1.u_clip.o_data_im\[2\],4.68µm
u_fft_core.u_twiddle_interface.u_mult_2.u_clip.o_data_re\[3\],4.68µm
_02677_,4.675µm
_06734_,4.675µm
_13875_,4.675µm
_15183_,4.675µm
_15974_,4.675µm
_16012_,4.675µm
_16495_,4.675µm
u_fft_core.u_fft8_mdc0.u_mdc8p_stage1.ds_switch_stage1.o_data_0i\[9\],4.675µm
u_fft_core.u_fft8_mdc2.u_mdc8p_stage1.ds_switch_stage1.r_odata_r\[0\]\[0\],4.675µm
u_fft_core.u_fft8_mdc2.u_mdc8p_stage1.u_btfly2.o_data0_r\[3\],4.675µm
u_fft_core.u_fft8_mdc3.u_mdc8p_stage1.xfft_cell_route1.w_mult_r\[1\]\[3\],4.675µm
_17902_,4.66µm
net2008,4.66µm
_05374_,4.65µm
_14730_,4.65µm
_03540_,4.62µm
_16596_,4.62µm
_17708_,4.62µm
_02489_,4.615µm
net272,4.615µm
net1903,4.615µm
u_fft_core.u_fft8_mdc3.u_mdc8p_stage2.ds_switch_stage1.r_idata_r\[0\]\[8\],4.615µm
net4194,4.605µm
_05169_,4.58µm
_06600_,4.58µm
_07179_,4.58µm
_09803_,4.58µm
_10548_,4.58µm
_13544_,4.58µm
_13644_,4.58µm
_13861_,4.58µm
_14250_,4.58µm
_14678_,4.58µm
_14967_,4.58µm
_15063_,4.58µm
_15066_,4.58µm
_15719_,4.58µm
_15880_,4.58µm
_16395_,4.58µm
_16404_,4.58µm
_16763_,4.58µm
_16791_,4.58µm
u_fft_core.u_fft8_mdc1.u_mdc8p_stage1.xfft_cell_route1.w_mult_i\[1\]\[2\],4.58µm
u_fft_core.u_fft8_mdc3.u_mdc8p_stage1.ds_switch_stage1.i_data_1r\[4\],4.58µm
u_fft_core.u_fft8_mdc3.u_mdc8p_stage1.ds_switch_stage1.i_data_1r\[9\],4.58µm
_00777_,4.57µm
_00781_,4.57µm
_01074_,4.57µm
_01390_,4.57µm
_01588_,4.57µm
_03006_,4.57µm
_03343_,4.57µm
_03648_,4.57µm
_05947_,4.57µm
_06964_,4.57µm
_07436_,4.57µm
_09762_,4.57µm
_10401_,4.57µm
_12259_,4.57µm
_13982_,4.57µm
_14406_,4.57µm
_14435_,4.57µm
_15725_,4.57µm
_16079_,4.57µm
_16393_,4.57µm
_16602_,4.57µm
u_fft_core.u_fft8_mdc1.u_mdc8p_stage1.ds_switch_stage1.r_idata_r\[0\]\[6\],4.57µm
u_fft_core.u_fft8_mdc3.u_mdc8p_stage1.ds_switch_stage1.o_data_1i\[7\],4.57µm
_02168_,4.565µm
u_fft_core.u_fft8_mdc3.u_mdc8p_stage1.xfft_cell_route1.r_pp2_mult_r\[1\]\[15\],4.565µm
_11945_,4.56µm
_16601_,4.56µm
net4552,4.56µm
_02183_,4.55µm
_14586_,4.53µm
_17997_,4.525µm
_09326_,4.52µm
u_fft_core.u_fft8_mdc1.u_mdc8p_stage1.ds_switch_stage1.r_odata_r\[0\]\[4\],4.52µm
u_fft_core.u_fft8_mdc2.u_mdc8p_stage1.ds_switch_stage1.o_data_0i\[4\],4.52µm
_15776_,4.515µm
net1062,4.515µm
_08442_,4.51µm
_16240_,4.51µm
_00053_,4.5µm
_02001_,4.5µm
_07474_,4.5µm
u_fft_core.u_fft8_mdc0.u_mdc8p_stage1.ds_switch_stage1.r_idata_i\[0\]\[8\],4.5µm
u_fft_core.u_fft8_mdc1.u_mdc8p_stage1.ds_switch_stage1.r_odata_i\[0\]\[6\],4.5µm
u_fft_core.u_fft8_mdc3.u_mdc8p_stage1.ds_switch_stage1.i_data_1i\[1\],4.5µm
u_fft_core.u_fft8_mdc3.u_mdc8p_stage1.ds_switch_stage1.o_data_0r\[2\],4.5µm
u_fft_core.u_fft8_mdc3.u_mdc8p_stage1.xfft_cell_route1.w_mult_r\[0\]\[4\],4.5µm
_14834_,4.485µm
_17018_,4.485µm
u_fft_core.u_fft8_mdc3.u_mdc8p_stage1.xfft_cell_route1.r_pp2_mult_i\[1\]\[12\],4.485µm
_08073_,4.47µm
_09668_,4.47µm
net1890,4.47µm
_10448_,4.46µm
_11993_,4.46µm
_15837_,4.46µm
_10640_,4.45µm
_11653_,4.45µm
_00835_,4.44µm
_01829_,4.44µm
_02410_,4.44µm
_02823_,4.44µm
_03545_,4.44µm
_03612_,4.44µm
_03848_,4.44µm
_03862_,4.44µm
_03878_,4.44µm
_03912_,4.44µm
_03916_,4.44µm
_04043_,4.44µm
_05124_,4.44µm
_05437_,4.44µm
_05480_,4.44µm
_05742_,4.44µm
_05822_,4.44µm
_05856_,4.44µm
_06002_,4.44µm
_06148_,4.44µm
_06457_,4.44µm
_06626_,4.44µm
_07035_,4.44µm
_07460_,4.44µm
_07591_,4.44µm
_07984_,4.44µm
_08391_,4.44µm
_09142_,4.44µm
_09193_,4.44µm
_09407_,4.44µm
_10357_,4.44µm
_11443_,4.44µm
_11627_,4.44µm
_12265_,4.44µm
_12473_,4.44µm
_12690_,4.44µm
_13039_,4.44µm
_14160_,4.44µm
_14236_,4.44µm
_14568_,4.44µm
_14843_,4.44µm
_14986_,4.44µm
_15738_,4.44µm
_16268_,4.44µm
_17070_,4.44µm
_17247_,4.44µm
_17524_,4.44µm
_17686_,4.44µm
_18033_,4.44µm
u_fft_core.u_fft8_mdc2.u_mdc8p_stage2.ds_switch_stage1.o_data_0i\[3\],4.44µm
u_fft_core.u_fft8_mdc2.u_mdc8p_stage2.ds_switch_stage1.w_data_1r\[8\],4.44µm
_04466_,4.425µm
_11522_,4.4µm
_01383_,4.39µm
_05071_,4.39µm
_16357_,4.39µm
u_fft_core.twiddle_valid,4.39µm
u_fft_core.u_fft8_mdc1.u_mdc8p_stage1.ds_switch_stage1.o_data_0r\[4\],4.39µm
u_fft_core.u_fft8_mdc2.u_mdc8p_stage1.ds_switch_stage1.i_data_1r\[7\],4.39µm
u_fft_core.u_fft8_mdc2.u_mdc8p_stage1.xfft_cell_route1.w_mult_i\[0\]\[6\],4.39µm
u_fft_core.u_fft8_mdc3.u_mdc8p_stage1.ds_switch_stage1.r_idata_r\[0\]\[0\],4.39µm
u_fft_core.u_fft8_mdc3.u_mdc8p_stage1.ds_switch_stage1.r_idata_r\[0\]\[1\],4.39µm
net1074,4.385µm
_00103_,4.38µm
_00114_,4.38µm
_00126_,4.38µm
_00137_,4.38µm
_00143_,4.38µm
_00169_,4.38µm
_00195_,4.38µm
_00234_,4.38µm
_00266_,4.38µm
_00272_,4.38µm
_00285_,4.38µm
_00297_,4.38µm
_00332_,4.38µm
_00361_,4.38µm
_00362_,4.38µm
_00381_,4.38µm
_00631_,4.38µm
_00647_,4.38µm
_00699_,4.38µm
_00843_,4.38µm
_00844_,4.38µm
_00904_,4.38µm
_00924_,4.38µm
_00943_,4.38µm
_00961_,4.38µm
_00972_,4.38µm
_00992_,4.38µm
_01005_,4.38µm
_01013_,4.38µm
_01122_,4.38µm
_01139_,4.38µm
_01145_,4.38µm
_01161_,4.38µm
_01162_,4.38µm
_01195_,4.38µm
_01204_,4.38µm
_01259_,4.38µm
_01402_,4.38µm
_01529_,4.38µm
_01533_,4.38µm
_01555_,4.38µm
_01596_,4.38µm
_01604_,4.38µm
_01640_,4.38µm
_01647_,4.38µm
_01680_,4.38µm
_01699_,4.38µm
_01742_,4.38µm
_01758_,4.38µm
_01875_,4.38µm
_02305_,4.38µm
_02742_,4.38µm
_03188_,4.38µm
_03218_,4.38µm
_03337_,4.38µm
_03449_,4.38µm
_03551_,4.38µm
_03753_,4.38µm
_04256_,4.38µm
_05188_,4.38µm
_05393_,4.38µm
_05487_,4.38µm
_06073_,4.38µm
_06715_,4.38µm
_06818_,4.38µm
_07197_,4.38µm
_07217_,4.38µm
_07710_,4.38µm
_07727_,4.38µm
_08568_,4.38µm
_08644_,4.38µm
_08708_,4.38µm
_08732_,4.38µm
_10072_,4.38µm
_10420_,4.38µm
_10509_,4.38µm
_10831_,4.38µm
_11067_,4.38µm
_11235_,4.38µm
_11854_,4.38µm
_11863_,4.38µm
_13079_,4.38µm
_13137_,4.38µm
_13211_,4.38µm
_13468_,4.38µm
_13941_,4.38µm
_14223_,4.38µm
_14956_,4.38µm
_15182_,4.38µm
_15278_,4.38µm
_15413_,4.38µm
_15421_,4.38µm
_15750_,4.38µm
_15973_,4.38µm
_16027_,4.38µm
_16290_,4.38µm
_16457_,4.38µm
_16710_,4.38µm
_16913_,4.38µm
_17198_,4.38µm
_17358_,4.38µm
_17392_,4.38µm
_18034_,4.38µm
u_fft_core.u_fft8_mdc0.u_mdc8p_stage1.ds_switch_stage1.r_idata_i\[0\]\[1\],4.38µm
u_fft_core.u_fft8_mdc0.u_mdc8p_stage1.ds_switch_stage1.r_odata_r\[0\]\[1\],4.38µm
u_fft_core.u_fft8_mdc0.u_mdc8p_stage1.r_bt0_i\[0\]\[8\],4.38µm
u_fft_core.u_fft8_mdc0.u_mdc8p_stage2.ds_switch_stage1.r_idata_i\[0\]\[8\],4.38µm
u_fft_core.u_fft8_mdc0.u_mdc8p_stage3.next_data0_r\[4\],4.38µm
u_fft_core.u_fft8_mdc1.u_mdc8p_stage1.ds_switch_stage1.next_state,4.38µm
u_fft_core.u_fft8_mdc1.u_mdc8p_stage1.ds_switch_stage1.o_data_0r\[3\],4.38µm
u_fft_core.u_fft8_mdc1.u_mdc8p_stage1.ds_switch_stage1.o_data_0r\[8\],4.38µm
u_fft_core.u_fft8_mdc1.u_mdc8p_stage1.ds_switch_stage1.o_data_1r\[8\],4.38µm
u_fft_core.u_fft8_mdc1.u_mdc8p_stage1.ds_switch_stage1.r_idata_i\[0\]\[4\],4.38µm
u_fft_core.u_fft8_mdc1.u_mdc8p_stage1.xfft_cell_route1.r_pp2_mult_r\[1\]\[10\],4.38µm
u_fft_core.u_fft8_mdc1.u_mdc8p_stage1.xfft_cell_route1.r_pp2_mult_r\[1\]\[16\],4.38µm
u_fft_core.u_fft8_mdc2.u_mdc8p_stage1.u_btfly2.o_data1_i\[7\],4.38µm
u_fft_core.u_fft8_mdc3.u_mdc8p_stage1.ds_switch_stage1.w_data_1i\[6\],4.38µm
u_fft_core.u_fft8_mdc3.u_mdc8p_stage1.r_bt0_r\[0\]\[4\],4.38µm
u_fft_core.u_fft8_mdc3.u_mdc8p_stage1.xfft_cell_route1.r_pp2_mult_r\[1\]\[13\],4.38µm
u_fft_core.u_fft8_mdc3.u_mdc8p_stage2.ds_switch_stage1.valid_count\[2\],4.38µm
u_fft_core.u_fft8_mdc3.u_mdc8p_stage3.next_data0_i\[0\],4.38µm
_15980_,4.365µm
_06773_,4.36µm
net228,4.36µm
_04320_,4.335µm
_16935_,4.335µm
_03652_,4.33µm
_03763_,4.33µm
_04020_,4.33µm
_04542_,4.33µm
_09805_,4.33µm
_10487_,4.33µm
_13317_,4.33µm
_16882_,4.33µm
_17337_,4.33µm
u_fft_core.u_fft8_mdc3.u_mdc8p_stage1.xfft_cell_route1.r_pp2_mult_i\[1\]\[0\],4.33µm
u_fft_core.u_fft8_mdc3.u_mdc8p_stage1.xfft_cell_route1.r_pp2_mult_r\[0\]\[0\],4.33µm
net61,4.32µm
_01027_,4.32µm
_01201_,4.32µm
_02953_,4.32µm
_05962_,4.32µm
_06335_,4.32µm
_08337_,4.32µm
_09013_,4.32µm
_09128_,4.32µm
_10919_,4.32µm
_12437_,4.32µm
_12551_,4.32µm
_14453_,4.32µm
_14893_,4.32µm
_15291_,4.32µm
_15364_,4.32µm
_15722_,4.32µm
_15736_,4.32µm
_16610_,4.32µm
_16650_,4.32µm
net62,4.32µm
net140,4.32µm
net194,4.32µm
net221,4.32µm
net246,4.32µm
net253,4.32µm
net271,4.32µm
net282,4.32µm
net301,4.32µm
net342,4.32µm
net387,4.32µm
net479,4.32µm
net489,4.32µm
net501,4.32µm
net532,4.32µm
net570,4.32µm
net600,4.32µm
net602,4.32µm
net629,4.32µm
net695,4.32µm
net703,4.32µm
net729,4.32µm
net793,4.32µm
net836,4.32µm
net848,4.32µm
net884,4.32µm
net890,4.32µm
net907,4.32µm
net925,4.32µm
net961,4.32µm
net978,4.32µm
net1012,4.32µm
net1030,4.32µm
net1038,4.32µm
net1045,4.32µm
net1066,4.32µm
net1095,4.32µm
net1105,4.32µm
net1126,4.32µm
net1128,4.32µm
net1166,4.32µm
net1173,4.32µm
net1192,4.32µm
net1210,4.32µm
net1240,4.32µm
net1287,4.32µm
net1293,4.32µm
net1303,4.32µm
net1345,4.32µm
net1376,4.32µm
net1396,4.32µm
net1402,4.32µm
net1405,4.32µm
net1435,4.32µm
net1439,4.32µm
net1451,4.32µm
net1558,4.32µm
net1567,4.32µm
net1573,4.32µm
net1578,4.32µm
net1584,4.32µm
net1595,4.32µm
net1651,4.32µm
net1657,4.32µm
net1667,4.32µm
net1686,4.32µm
net1733,4.32µm
net1743,4.32µm
net1749,4.32µm
net1751,4.32µm
net1762,4.32µm
net1768,4.32µm
net1804,4.32µm
net1920,4.32µm
net1952,4.32µm
net1965,4.32µm
net2057,4.32µm
net2059,4.32µm
net2099,4.32µm
net2129,4.32µm
net2153,4.32µm
net2178,4.32µm
net2215,4.32µm
net2223,4.32µm
net2224,4.32µm
net2228,4.32µm
net2265,4.32µm
net2272,4.32µm
net2292,4.32µm
net2320,4.32µm
net2326,4.32µm
net2327,4.32µm
net2339,4.32µm
net2416,4.32µm
net2426,4.32µm
net2430,4.32µm
net2437,4.32µm
net2458,4.32µm
net2469,4.32µm
net2499,4.32µm
net2513,4.32µm
net2518,4.32µm
net2523,4.32µm
net2548,4.32µm
net2564,4.32µm
net2583,4.32µm
net2608,4.32µm
net2660,4.32µm
net2692,4.32µm
net2759,4.32µm
net4142,4.32µm
net4148,4.32µm
net4152,4.32µm
net4153,4.32µm
net4181,4.32µm
net4190,4.32µm
net4236,4.32µm
net4269,4.32µm
net4290,4.32µm
net4306,4.32µm
net4317,4.32µm
net4341,4.32µm
net4349,4.32µm
net4371,4.32µm
net4403,4.32µm
net4502,4.32µm
net4529,4.32µm
net4560,4.32µm
net4577,4.32µm
net4596,4.32µm
net4606,4.32µm
net4610,4.32µm
net4637,4.32µm
_00426_,4.3µm
_00363_,4.27µm
_00526_,4.27µm
_00837_,4.27µm
_01519_,4.27µm
_01768_,4.27µm
_01804_,4.27µm
_01834_,4.27µm
_04177_,4.27µm
_04333_,4.27µm
_12068_,4.27µm
_14235_,4.27µm
_14650_,4.27µm
_14965_,4.27µm
_16479_,4.27µm
u_fft_core.u_fft8_mdc3.u_mdc8p_stage1.ds_switch_stage1.w_data_1r\[1\],4.27µm
_02106_,4.265µm
_00106_,4.26µm
_00115_,4.26µm
_00130_,4.26µm
_00147_,4.26µm
_00164_,4.26µm
_00281_,4.26µm
_00287_,4.26µm
_00299_,4.26µm
_00334_,4.26µm
_00343_,4.26µm
_00373_,4.26µm
_00434_,4.26µm
_00445_,4.26µm
_00907_,4.26µm
_00911_,4.26µm
_00944_,4.26µm
_00946_,4.26µm
_00947_,4.26µm
_00962_,4.26µm
_00974_,4.26µm
_00998_,4.26µm
_01008_,4.26µm
_01014_,4.26µm
_01029_,4.26µm
_01053_,4.26µm
_01088_,4.26µm
_01121_,4.26µm
_01197_,4.26µm
_01202_,4.26µm
_01205_,4.26µm
_01224_,4.26µm
_01296_,4.26µm
_01297_,4.26µm
_01303_,4.26µm
_01308_,4.26µm
_01332_,4.26µm
_01448_,4.26µm
_01459_,4.26µm
_01460_,4.26µm
_01514_,4.26µm
_01524_,4.26µm
_01545_,4.26µm
_01611_,4.26µm
_01618_,4.26µm
_01643_,4.26µm
_01656_,4.26µm
_01676_,4.26µm
_01683_,4.26µm
_01716_,4.26µm
_01746_,4.26µm
_01812_,4.26µm
_01822_,4.26µm
_01851_,4.26µm
_01890_,4.26µm
_01908_,4.26µm
_01923_,4.26µm
_01949_,4.26µm
_02501_,4.26µm
_02857_,4.26µm
_03604_,4.26µm
_04651_,4.26µm
_04834_,4.26µm
_04919_,4.26µm
_05350_,4.26µm
_06233_,4.26µm
_06701_,4.26µm
_08393_,4.26µm
_08408_,4.26µm
_08734_,4.26µm
_09270_,4.26µm
_10284_,4.26µm
_11429_,4.26µm
_12223_,4.26µm
_13780_,4.26µm
_15587_,4.26µm
_15660_,4.26µm
_16632_,4.26µm
_16789_,4.26µm
u_fft_core.u_fft8_mdc1.u_mdc8p_stage1.ds_switch_stage1.w_data_1i\[7\],4.26µm
u_fft_core.u_fft8_mdc1.u_mdc8p_stage1.u_btfly2.o_data0_i\[6\],4.26µm
u_fft_core.u_fft8_mdc2.u_mdc8p_stage1.ds_switch_stage1.r_idata_i\[0\]\[7\],4.26µm
u_fft_core.u_fft8_mdc2.u_mdc8p_stage1.ds_switch_stage1.r_odata_i\[0\]\[8\],4.26µm
u_fft_core.u_fft8_mdc2.u_mdc8p_stage1.ds_switch_stage1.w_data_1i\[4\],4.26µm
u_fft_core.u_fft8_mdc3.u_mdc8p_stage1.ds_switch_stage1.w_data_1i\[4\],4.26µm
_17855_,4.235µm
_02107_,4.23µm
_00590_,4.2µm
_00778_,4.2µm
_00807_,4.2µm
_00826_,4.2µm
_01286_,4.2µm
_01394_,4.2µm
_03086_,4.2µm
_05531_,4.2µm
_07140_,4.2µm
_07511_,4.2µm
_08375_,4.2µm
_08436_,4.2µm
_08776_,4.2µm
_10084_,4.2µm
_11233_,4.2µm
_12240_,4.2µm
_12810_,4.2µm
_13882_,4.2µm
_13890_,4.2µm
_14179_,4.2µm
_14606_,4.2µm
_15671_,4.2µm
net64,4.2µm
net77,4.2µm
net99,4.2µm
net172,4.2µm
net230,4.2µm
net264,4.2µm
net312,4.2µm
net315,4.2µm
net363,4.2µm
net368,4.2µm
net451,4.2µm
net480,4.2µm
net512,4.2µm
net555,4.2µm
net591,4.2µm
net605,4.2µm
net607,4.2µm
net671,4.2µm
net711,4.2µm
net742,4.2µm
net778,4.2µm
net845,4.2µm
net869,4.2µm
net892,4.2µm
net979,4.2µm
net1064,4.2µm
net1112,4.2µm
net1190,4.2µm
net1209,4.2µm
net1254,4.2µm
net1258,4.2µm
net1322,4.2µm
net1338,4.2µm
net1388,4.2µm
net1474,4.2µm
net1523,4.2µm
net1550,4.2µm
net1615,4.2µm
net1757,4.2µm
net1814,4.2µm
net1870,4.2µm
net1879,4.2µm
net1945,4.2µm
net1972,4.2µm
net2010,4.2µm
net2027,4.2µm
net2045,4.2µm
net2048,4.2µm
net2051,4.2µm
net2110,4.2µm
net2139,4.2µm
net2304,4.2µm
net2306,4.2µm
net2311,4.2µm
net2330,4.2µm
net2423,4.2µm
net2531,4.2µm
net2570,4.2µm
net2611,4.2µm
net2740,4.2µm
net2744,4.2µm
net2745,4.2µm
net2760,4.2µm
net4123,4.2µm
net4163,4.2µm
net4210,4.2µm
net4235,4.2µm
net4263,4.2µm
net4313,4.2µm
net4330,4.2µm
net4352,4.2µm
net4378,4.2µm
net4505,4.2µm
net4520,4.2µm
net4531,4.2µm
net4633,4.2µm
u_fft_core.u_fft8_mdc0.u_mdc8p_stage1.u_btfly2.o_data1_i\[8\],4.2µm
u_fft_core.u_fft8_mdc1.u_mdc8p_stage2.ds_switch_stage1.i_data_1i\[4\],4.2µm
u_fft_core.u_fft8_mdc3.u_mdc8p_stage1.ds_switch_stage1.i_data_1i\[0\],4.2µm
u_fft_core.u_fft8_mdc3.u_mdc8p_stage1.ds_switch_stage1.i_data_1i\[5\],4.2µm
u_fft_core.u_fft8_mdc3.u_mdc8p_stage1.ds_switch_stage1.i_data_1i\[6\],4.2µm
u_fft_core.u_fft8_mdc3.u_mdc8p_stage2.ds_switch_stage1.i_data_1r\[9\],4.2µm
u_fft_core.u_twiddle_interface.u_mult_3.u_clip.o_data_im\[4\],4.2µm
_02025_,4.195µm
_05701_,4.195µm
_05915_,4.195µm
_06343_,4.195µm
_06391_,4.195µm
_07376_,4.195µm
_09524_,4.195µm
_09851_,4.195µm
_11647_,4.195µm
_13437_,4.195µm
_13559_,4.195µm
_13637_,4.195µm
_14512_,4.195µm
_14696_,4.195µm
_15805_,4.195µm
_15987_,4.195µm
_16077_,4.195µm
_16206_,4.195µm
_16212_,4.195µm
_17399_,4.195µm
u_debug_sys.u_spi_slave.rx_shift\[13\],4.195µm
u_debug_sys.u_spi_slave.rx_shift\[8\],4.195µm
u_fft_core.u_fft8_mdc0.u_mdc8p_stage1.xfft_cell_route1.r_pp2_mult_r\[1\]\[3\],4.195µm
u_fft_core.u_fft8_mdc1.u_mdc8p_stage1.u_btfly2.o_data0_i\[7\],4.195µm
u_fft_core.u_fft8_mdc2.u_mdc8p_stage1.ds_switch_stage1.o_data_0r\[3\],4.195µm
u_fft_core.u_fft8_mdc2.u_mdc8p_stage1.ds_switch_stage1.r_odata_i\[0\]\[2\],4.195µm
u_fft_core.u_twiddle_interface.mult2_im\[1\],4.195µm
_10066_,4.19µm
u_fft_core.u_fft8_mdc1.u_mdc8p_stage2.ds_switch_stage1.r_idata_r\[0\]\[4\],4.18µm
_04261_,4.17µm
_02136_,4.16µm
_11974_,4.15µm
_16312_,4.15µm
_02477_,4.145µm
_11246_,4.14µm
_02243_,4.135µm
_11879_,4.125µm
net178,4.11µm
_02455_,4.1µm
_02710_,4.1µm
_03030_,4.1µm
_03320_,4.1µm
_04746_,4.1µm
_06041_,4.1µm
_06178_,4.1µm
_10466_,4.1µm
_13440_,4.1µm
_14052_,4.1µm
_14065_,4.1µm
_14672_,4.1µm
_15419_,4.1µm
_15754_,4.1µm
_15772_,4.1µm
_15977_,4.1µm
_16692_,4.1µm
_16767_,4.1µm
_16936_,4.1µm
_16947_,4.1µm
u_fft_core.u_fft8_mdc0.u_mdc8p_stage2.ds_switch_stage1.w_data_1r\[9\],4.1µm
u_fft_core.u_fft8_mdc1.u_mdc8p_stage2.ds_switch_stage1.i_data_1r\[10\],4.1µm
u_fft_core.u_fft8_mdc1.u_mdc8p_stage2.ds_switch_stage1.i_data_1r\[6\],4.1µm
u_fft_core.u_fft8_mdc2.u_mdc8p_stage2.ds_switch_stage1.i_data_1i\[0\],4.1µm
u_fft_core.u_fft8_mdc2.u_mdc8p_stage2.ds_switch_stage1.w_data_1r\[2\],4.1µm
u_fft_core.u_fft8_mdc3.u_mdc8p_stage2.ds_switch_stage1.w_data_1r\[10\],4.1µm
_00593_,4.09µm
_02445_,4.09µm
_03088_,4.09µm
_03193_,4.09µm
_04005_,4.09µm
_04142_,4.09µm
_05247_,4.09µm
_05429_,4.09µm
_05918_,4.09µm
_10422_,4.09µm
_11086_,4.09µm
_11505_,4.09µm
_12664_,4.09µm
_13531_,4.09µm
_14102_,4.09µm
_14231_,4.09µm
_14425_,4.09µm
_14572_,4.09µm
_14611_,4.09µm
_15481_,4.09µm
_16587_,4.09µm
_16908_,4.09µm
_17101_,4.09µm
net82,4.09µm
net95,4.09µm
net103,4.09µm
net198,4.09µm
net234,4.09µm
net237,4.09µm
net256,4.09µm
net296,4.09µm
net316,4.09µm
net328,4.09µm
net359,4.09µm
net398,4.09µm
net462,4.09µm
net463,4.09µm
net504,4.09µm
net505,4.09µm
net577,4.09µm
net590,4.09µm
net597,4.09µm
net611,4.09µm
net619,4.09µm
net622,4.09µm
net626,4.09µm
net675,4.09µm
net686,4.09µm
net714,4.09µm
net718,4.09µm
net771,4.09µm
net822,4.09µm
net838,4.09µm
net847,4.09µm
net850,4.09µm
net863,4.09µm
net882,4.09µm
net923,4.09µm
net968,4.09µm
net995,4.09µm
net1034,4.09µm
net1041,4.09µm
net1119,4.09µm
net1120,4.09µm
net1186,4.09µm
net1191,4.09µm
net1201,4.09µm
net1219,4.09µm
net1235,4.09µm
net1278,4.09µm
net1279,4.09µm
net1299,4.09µm
net1307,4.09µm
net1340,4.09µm
net1436,4.09µm
net1464,4.09µm
net1544,4.09µm
net1554,4.09µm
net1561,4.09µm
net1632,4.09µm
net1635,4.09µm
net1649,4.09µm
net1669,4.09µm
net1681,4.09µm
net1732,4.09µm
net1746,4.09µm
net1838,4.09µm
net1880,4.09µm
net1887,4.09µm
net1914,4.09µm
net1969,4.09µm
net1970,4.09µm
net2021,4.09µm
net2042,4.09µm
net2087,4.09µm
net2136,4.09µm
net2147,4.09µm
net2169,4.09µm
net2190,4.09µm
net2201,4.09µm
net2230,4.09µm
net2248,4.09µm
net2252,4.09µm
net2268,4.09µm
net2283,4.09µm
net2365,4.09µm
net2375,4.09µm
net2383,4.09µm
net2406,4.09µm
net2427,4.09µm
net2455,4.09µm
net2487,4.09µm
net2530,4.09µm
net2552,4.09µm
net2567,4.09µm
net2607,4.09µm
net2648,4.09µm
net2665,4.09µm
net2670,4.09µm
net2728,4.09µm
net2732,4.09µm
net4135,4.09µm
net4158,4.09µm
net4169,4.09µm
net4174,4.09µm
net4193,4.09µm
net4208,4.09µm
net4241,4.09µm
net4266,4.09µm
net4295,4.09µm
net4298,4.09µm
net4315,4.09µm
net4357,4.09µm
net4410,4.09µm
net4423,4.09µm
net4487,4.09µm
net4497,4.09µm
net4503,4.09µm
net4540,4.09µm
net4655,4.09µm
u_fft_core.u_fft8_mdc1.u_mdc8p_stage2.ds_switch_stage1.i_data_1r\[8\],4.09µm
u_fft_core.u_fft8_mdc2.u_mdc8p_stage2.ds_switch_stage1.i_data_1i\[6\],4.09µm
_03408_,4.08µm
_06495_,4.08µm
_00625_,4.065µm
net1042,4.05µm
_06362_,4.04µm
_12297_,4.04µm
_04412_,4.03µm
_04418_,4.03µm
u_fft_core.u_fft8_mdc0.u_mdc8p_stage1.ds_switch_stage1.r_idata_i\[0\]\[0\],4.02µm
u_fft_core.u_fft8_mdc1.u_mdc8p_stage1.u_btfly2.o_data1_r\[1\],4.02µm
u_fft_core.u_fft8_mdc2.u_mdc8p_stage1.ds_switch_stage1.r_idata_i\[0\]\[5\],4.02µm
u_fft_core.u_fft8_mdc3.u_mdc8p_stage1.ds_switch_stage1.i_data_1r\[7\],4.02µm
u_fft_core.u_fft8_mdc3.u_mdc8p_stage1.ds_switch_stage1.r_odata_r\[0\]\[1\],4.02µm
_09113_,4.005µm
_06695_,3.97µm
_00643_,3.96µm
_02569_,3.96µm
_03241_,3.96µm
_03271_,3.96µm
_03450_,3.96µm
_03468_,3.96µm
_03480_,3.96µm
_04547_,3.96µm
_05075_,3.96µm
_05446_,3.96µm
_05790_,3.96µm
_06140_,3.96µm
_06193_,3.96µm
_06202_,3.96µm
_06266_,3.96µm
_06374_,3.96µm
_07061_,3.96µm
_07684_,3.96µm
_07741_,3.96µm
_07985_,3.96µm
_08216_,3.96µm
_08287_,3.96µm
_08755_,3.96µm
_08925_,3.96µm
_09116_,3.96µm
_09154_,3.96µm
_09181_,3.96µm
_09653_,3.96µm
_10235_,3.96µm
_10474_,3.96µm
_10622_,3.96µm
_10667_,3.96µm
_10747_,3.96µm
_11193_,3.96µm
_11330_,3.96µm
_12185_,3.96µm
_13550_,3.96µm
_13566_,3.96µm
_13914_,3.96µm
_14364_,3.96µm
_14603_,3.96µm
_14675_,3.96µm
_14733_,3.96µm
_14775_,3.96µm
_14829_,3.96µm
_14879_,3.96µm
_14928_,3.96µm
_14931_,3.96µm
_15606_,3.96µm
_16241_,3.96µm
_16264_,3.96µm
_16591_,3.96µm
_16825_,3.96µm
_17024_,3.96µm
_17026_,3.96µm
u_fft_core.fft4_data2_im\[7\],3.96µm
u_fft_core.u_fft8_mdc0.u_mdc8p_stage1.u_btfly2.o_data1_r\[3\],3.96µm
u_fft_core.u_fft8_mdc0.u_mdc8p_stage1.xfft_cell_route1.r_pp1_data_i\[5\],3.96µm
u_fft_core.u_fft8_mdc0.u_mdc8p_stage1.xfft_cell_route1.r_pp1_data_r\[1\],3.96µm
u_fft_core.u_fft8_mdc1.u_mdc8p_stage1.u_btfly2.o_data1_i\[3\],3.96µm
u_fft_core.u_fft8_mdc2.u_mdc8p_stage1.xfft_cell_route1.r_pp1_data_i\[2\],3.96µm
u_fft_core.u_fft8_mdc2.u_mdc8p_stage1.xfft_cell_route1.r_pp1_data_r\[5\],3.96µm
u_fft_core.u_twiddle_interface.data1_re_q\[7\],3.96µm
u_fft_core.u_twiddle_interface.data3_re_q\[4\],3.96µm
_02463_,3.955µm
_06467_,3.92µm
_16069_,3.915µm
_00711_,3.91µm
_01369_,3.91µm
_00081_,3.9µm
_00111_,3.9µm
_00118_,3.9µm
_00139_,3.9µm
_00160_,3.9µm
_00163_,3.9µm
_00226_,3.9µm
_00259_,3.9µm
_00313_,3.9µm
_00336_,3.9µm
_00386_,3.9µm
_00403_,3.9µm
_00408_,3.9µm
_00409_,3.9µm
_00422_,3.9µm
_00432_,3.9µm
_00448_,3.9µm
_00449_,3.9µm
_00460_,3.9µm
_00504_,3.9µm
_00529_,3.9µm
_00549_,3.9µm
_00550_,3.9µm
_00606_,3.9µm
_00756_,3.9µm
_00770_,3.9µm
_00779_,3.9µm
_00812_,3.9µm
_00816_,3.9µm
_00827_,3.9µm
_00834_,3.9µm
_00842_,3.9µm
_00871_,3.9µm
_00872_,3.9µm
_00874_,3.9µm
_00897_,3.9µm
_00906_,3.9µm
_00940_,3.9µm
_00954_,3.9µm
_00980_,3.9µm
_00982_,3.9µm
_01021_,3.9µm
_01097_,3.9µm
_01101_,3.9µm
_01106_,3.9µm
_01137_,3.9µm
_01143_,3.9µm
_01203_,3.9µm
_01251_,3.9µm
_01260_,3.9µm
_01270_,3.9µm
_01302_,3.9µm
_01316_,3.9µm
_01454_,3.9µm
_01458_,3.9µm
_01508_,3.9µm
_01510_,3.9µm
_01570_,3.9µm
_01579_,3.9µm
_01600_,3.9µm
_01617_,3.9µm
_01690_,3.9µm
_01797_,3.9µm
_01803_,3.9µm
_01839_,3.9µm
_01840_,3.9µm
_01846_,3.9µm
_01869_,3.9µm
_01919_,3.9µm
_01955_,3.9µm
_01964_,3.9µm
_01986_,3.9µm
_02029_,3.9µm
_02238_,3.9µm
_02490_,3.9µm
_02515_,3.9µm
_02519_,3.9µm
_02613_,3.9µm
_04118_,3.9µm
_04192_,3.9µm
_04484_,3.9µm
_04706_,3.9µm
_04889_,3.9µm
_05684_,3.9µm
_06406_,3.9µm
_06850_,3.9µm
_07312_,3.9µm
_07346_,3.9µm
_07520_,3.9µm
_07671_,3.9µm
_07775_,3.9µm
_08017_,3.9µm
_08183_,3.9µm
_08421_,3.9µm
_08843_,3.9µm
_09157_,3.9µm
_09259_,3.9µm
_09321_,3.9µm
_10266_,3.9µm
_10513_,3.9µm
_11794_,3.9µm
_11969_,3.9µm
_12293_,3.9µm
_12409_,3.9µm
_12654_,3.9µm
_12791_,3.9µm
_13946_,3.9µm
_14641_,3.9µm
_14646_,3.9µm
_14653_,3.9µm
_14706_,3.9µm
_14797_,3.9µm
_15292_,3.9µm
_15486_,3.9µm
_15520_,3.9µm
_15666_,3.9µm
_16306_,3.9µm
_16444_,3.9µm
_16663_,3.9µm
_16752_,3.9µm
_16815_,3.9µm
_17166_,3.9µm
_17347_,3.9µm
_17551_,3.9µm
_17573_,3.9µm
_18115_,3.9µm
_18186_,3.9µm
u_fft_core.u_buffer_parallel2serial.mem_re\[31\]\[6\],3.9µm
u_fft_core.u_fft8_mdc1.u_mdc8p_stage1.ds_switch_stage1.o_data_0i\[6\],3.9µm
u_fft_core.u_fft8_mdc1.u_mdc8p_stage1.ds_switch_stage1.w_data_1r\[1\],3.9µm
u_fft_core.u_fft8_mdc1.u_mdc8p_stage3.next_data0_i\[6\],3.9µm
u_fft_core.u_fft8_mdc2.u_mdc8p_stage1.ds_switch_stage1.w_data_1i\[1\],3.9µm
u_fft_core.u_fft8_mdc2.u_mdc8p_stage1.xfft_cell_route1.r_pp1_data_r\[1\],3.9µm
u_fft_core.u_twiddle_interface.data0_re_2q\[6\],3.9µm
u_fft_core.u_twiddle_interface.data2_im_q\[4\],3.9µm
u_fft_core.u_twiddle_interface.data2_im_q\[6\],3.9µm
u_fft_core.u_twiddle_interface.data2_re_q\[3\],3.9µm
u_fft_core.u_twiddle_interface.data3_re_q\[6\],3.9µm
u_fft_core.u_twiddle_interface.mult1_re\[0\],3.9µm
_04458_,3.895µm
net450,3.88µm
_02625_,3.85µm
_08440_,3.85µm
_09248_,3.85µm
_13202_,3.85µm
_14887_,3.85µm
_15808_,3.85µm
_01457_,3.84µm
_03374_,3.84µm
_05132_,3.84µm
_06870_,3.84µm
_15285_,3.84µm
_16018_,3.84µm
_16033_,3.84µm
_16081_,3.84µm
_16652_,3.84µm
net66,3.84µm
net67,3.84µm
net81,3.84µm
net84,3.84µm
net88,3.84µm
net90,3.84µm
net91,3.84µm
net94,3.84µm
net111,3.84µm
net113,3.84µm
net123,3.84µm
net126,3.84µm
net155,3.84µm
net157,3.84µm
net182,3.84µm
net190,3.84µm
net192,3.84µm
net195,3.84µm
net196,3.84µm
net210,3.84µm
net211,3.84µm
net217,3.84µm
net220,3.84µm
net232,3.84µm
net233,3.84µm
net239,3.84µm
net241,3.84µm
net243,3.84µm
net247,3.84µm
net251,3.84µm
net259,3.84µm
net261,3.84µm
net262,3.84µm
net277,3.84µm
net290,3.84µm
net293,3.84µm
net295,3.84µm
net303,3.84µm
net304,3.84µm
net307,3.84µm
net321,3.84µm
net322,3.84µm
net329,3.84µm
net336,3.84µm
net337,3.84µm
net345,3.84µm
net347,3.84µm
net353,3.84µm
net355,3.84µm
net357,3.84µm
net367,3.84µm
net370,3.84µm
net374,3.84µm
net375,3.84µm
net379,3.84µm
net393,3.84µm
net395,3.84µm
net400,3.84µm
net403,3.84µm
net408,3.84µm
net415,3.84µm
net418,3.84µm
net420,3.84µm
net421,3.84µm
net431,3.84µm
net440,3.84µm
net443,3.84µm
net444,3.84µm
net452,3.84µm
net455,3.84µm
net457,3.84µm
net458,3.84µm
net461,3.84µm
net472,3.84µm
net478,3.84µm
net481,3.84µm
net482,3.84µm
net485,3.84µm
net497,3.84µm
net508,3.84µm
net510,3.84µm
net524,3.84µm
net531,3.84µm
net536,3.84µm
net539,3.84µm
net544,3.84µm
net546,3.84µm
net547,3.84µm
net553,3.84µm
net559,3.84µm
net573,3.84µm
net576,3.84µm
net579,3.84µm
net580,3.84µm
net581,3.84µm
net584,3.84µm
net589,3.84µm
net601,3.84µm
net606,3.84µm
net610,3.84µm
net616,3.84µm
net623,3.84µm
net627,3.84µm
net630,3.84µm
net637,3.84µm
net638,3.84µm
net639,3.84µm
net645,3.84µm
net647,3.84µm
net654,3.84µm
net655,3.84µm
net659,3.84µm
net660,3.84µm
net661,3.84µm
net664,3.84µm
net666,3.84µm
net676,3.84µm
net693,3.84µm
net697,3.84µm
net698,3.84µm
net701,3.84µm
net704,3.84µm
net706,3.84µm
net709,3.84µm
net722,3.84µm
net724,3.84µm
net725,3.84µm
net730,3.84µm
net732,3.84µm
net734,3.84µm
net740,3.84µm
net741,3.84µm
net745,3.84µm
net748,3.84µm
net754,3.84µm
net757,3.84µm
net758,3.84µm
net760,3.84µm
net764,3.84µm
net766,3.84µm
net768,3.84µm
net770,3.84µm
net784,3.84µm
net800,3.84µm
net802,3.84µm
net814,3.84µm
net829,3.84µm
net831,3.84µm
net833,3.84µm
net844,3.84µm
net849,3.84µm
net854,3.84µm
net855,3.84µm
net866,3.84µm
net871,3.84µm
net872,3.84µm
net874,3.84µm
net877,3.84µm
net879,3.84µm
net881,3.84µm
net885,3.84µm
net887,3.84µm
net898,3.84µm
net906,3.84µm
net928,3.84µm
net947,3.84µm
net953,3.84µm
net959,3.84µm
net963,3.84µm
net964,3.84µm
net965,3.84µm
net966,3.84µm
net967,3.84µm
net980,3.84µm
net982,3.84µm
net983,3.84µm
net984,3.84µm
net991,3.84µm
net994,3.84µm
net998,3.84µm
net1003,3.84µm
net1005,3.84µm
net1008,3.84µm
net1011,3.84µm
net1019,3.84µm
net1024,3.84µm
net1025,3.84µm
net1046,3.84µm
net1047,3.84µm
net1048,3.84µm
net1050,3.84µm
net1051,3.84µm
net1055,3.84µm
net1056,3.84µm
net1060,3.84µm
net1061,3.84µm
net1068,3.84µm
net1069,3.84µm
net1070,3.84µm
net1078,3.84µm
net1082,3.84µm
net1083,3.84µm
net1090,3.84µm
net1100,3.84µm
net1103,3.84µm
net1107,3.84µm
net1124,3.84µm
net1127,3.84µm
net1132,3.84µm
net1133,3.84µm
net1145,3.84µm
net1146,3.84µm
net1147,3.84µm
net1150,3.84µm
net1151,3.84µm
net1161,3.84µm
net1169,3.84µm
net1171,3.84µm
net1197,3.84µm
net1198,3.84µm
net1203,3.84µm
net1204,3.84µm
net1215,3.84µm
net1230,3.84µm
net1233,3.84µm
net1236,3.84µm
net1237,3.84µm
net1250,3.84µm
net1252,3.84µm
net1261,3.84µm
net1274,3.84µm
net1301,3.84µm
net1306,3.84µm
net1311,3.84µm
net1317,3.84µm
net1319,3.84µm
net1325,3.84µm
net1331,3.84µm
net1339,3.84µm
net1363,3.84µm
net1370,3.84µm
net1378,3.84µm
net1381,3.84µm
net1384,3.84µm
net1390,3.84µm
net1392,3.84µm
net1400,3.84µm
net1401,3.84µm
net1404,3.84µm
net1410,3.84µm
net1418,3.84µm
net1426,3.84µm
net1430,3.84µm
net1442,3.84µm
net1443,3.84µm
net1445,3.84µm
net1447,3.84µm
net1453,3.84µm
net1460,3.84µm
net1463,3.84µm
net1479,3.84µm
net1481,3.84µm
net1482,3.84µm
net1483,3.84µm
net1488,3.84µm
net1493,3.84µm
net1501,3.84µm
net1514,3.84µm
net1515,3.84µm
net1525,3.84µm
net1526,3.84µm
net1534,3.84µm
net1535,3.84µm
net1556,3.84µm
net1560,3.84µm
net1562,3.84µm
net1577,3.84µm
net1579,3.84µm
net1581,3.84µm
net1600,3.84µm
net1616,3.84µm
net1617,3.84µm
net1623,3.84µm
net1624,3.84µm
net1627,3.84µm
net1628,3.84µm
net1630,3.84µm
net1637,3.84µm
net1639,3.84µm
net1645,3.84µm
net1646,3.84µm
net1652,3.84µm
net1654,3.84µm
net1656,3.84µm
net1678,3.84µm
net1683,3.84µm
net1703,3.84µm
net1708,3.84µm
net1719,3.84µm
net1725,3.84µm
net1726,3.84µm
net1727,3.84µm
net1729,3.84µm
net1730,3.84µm
net1735,3.84µm
net1761,3.84µm
net1772,3.84µm
net1774,3.84µm
net1782,3.84µm
net1783,3.84µm
net1793,3.84µm
net1797,3.84µm
net1805,3.84µm
net1807,3.84µm
net1816,3.84µm
net1820,3.84µm
net1824,3.84µm
net1825,3.84µm
net1828,3.84µm
net1832,3.84µm
net1835,3.84µm
net1861,3.84µm
net1862,3.84µm
net1867,3.84µm
net1872,3.84µm
net1874,3.84µm
net1875,3.84µm
net1876,3.84µm
net1891,3.84µm
net1895,3.84µm
net1897,3.84µm
net1911,3.84µm
net1916,3.84µm
net1929,3.84µm
net1931,3.84µm
net1955,3.84µm
net1961,3.84µm
net1979,3.84µm
net1984,3.84µm
net1990,3.84µm
net1993,3.84µm
net1994,3.84µm
net2012,3.84µm
net2013,3.84µm
net2017,3.84µm
net2025,3.84µm
net2029,3.84µm
net2037,3.84µm
net2049,3.84µm
net2055,3.84µm
net2074,3.84µm
net2075,3.84µm
net2079,3.84µm
net2081,3.84µm
net2083,3.84µm
net2084,3.84µm
net2093,3.84µm
net2094,3.84µm
net2097,3.84µm
net2100,3.84µm
net2101,3.84µm
net2102,3.84µm
net2114,3.84µm
net2116,3.84µm
net2117,3.84µm
net2127,3.84µm
net2132,3.84µm
net2133,3.84µm
net2138,3.84µm
net2141,3.84µm
net2142,3.84µm
net2144,3.84µm
net2151,3.84µm
net2157,3.84µm
net2158,3.84µm
net2160,3.84µm
net2161,3.84µm
net2163,3.84µm
net2177,3.84µm
net2183,3.84µm
net2184,3.84µm
net2187,3.84µm
net2188,3.84µm
net2193,3.84µm
net2197,3.84µm
net2200,3.84µm
net2218,3.84µm
net2226,3.84µm
net2239,3.84µm
net2250,3.84µm
net2257,3.84µm
net2278,3.84µm
net2281,3.84µm
net2286,3.84µm
net2289,3.84µm
net2290,3.84µm
net2297,3.84µm
net2302,3.84µm
net2307,3.84µm
net2308,3.84µm
net2313,3.84µm
net2318,3.84µm
net2321,3.84µm
net2324,3.84µm
net2332,3.84µm
net2347,3.84µm
net2348,3.84µm
net2350,3.84µm
net2363,3.84µm
net2384,3.84µm
net2388,3.84µm
net2390,3.84µm
net2394,3.84µm
net2396,3.84µm
net2400,3.84µm
net2402,3.84µm
net2408,3.84µm
net2424,3.84µm
net2431,3.84µm
net2435,3.84µm
net2444,3.84µm
net2452,3.84µm
net2456,3.84µm
net2457,3.84µm
net2459,3.84µm
net2468,3.84µm
net2472,3.84µm
net2474,3.84µm
net2488,3.84µm
net2493,3.84µm
net2501,3.84µm
net2502,3.84µm
net2504,3.84µm
net2520,3.84µm
net2522,3.84µm
net2533,3.84µm
net2536,3.84µm
net2540,3.84µm
net2545,3.84µm
net2557,3.84µm
net2568,3.84µm
net2569,3.84µm
net2574,3.84µm
net2576,3.84µm
net2586,3.84µm
net2588,3.84µm
net2599,3.84µm
net2610,3.84µm
net2612,3.84µm
net2621,3.84µm
net2622,3.84µm
net2625,3.84µm
net2662,3.84µm
net2664,3.84µm
net2674,3.84µm
net2676,3.84µm
net2691,3.84µm
net2700,3.84µm
net2704,3.84µm
net2715,3.84µm
net2716,3.84µm
net2737,3.84µm
net2739,3.84µm
net2741,3.84µm
net2749,3.84µm
net2750,3.84µm
net2753,3.84µm
net2755,3.84µm
net2756,3.84µm
net2757,3.84µm
net4125,3.84µm
net4126,3.84µm
net4127,3.84µm
net4137,3.84µm
net4141,3.84µm
net4156,3.84µm
net4157,3.84µm
net4170,3.84µm
net4177,3.84µm
net4178,3.84µm
net4183,3.84µm
net4188,3.84µm
net4192,3.84µm
net4203,3.84µm
net4207,3.84µm
net4209,3.84µm
net4211,3.84µm
net4213,3.84µm
net4216,3.84µm
net4220,3.84µm
net4221,3.84µm
net4223,3.84µm
net4234,3.84µm
net4238,3.84µm
net4245,3.84µm
net4249,3.84µm
net4272,3.84µm
net4274,3.84µm
net4275,3.84µm
net4277,3.84µm
net4279,3.84µm
net4284,3.84µm
net4297,3.84µm
net4299,3.84µm
net4301,3.84µm
net4310,3.84µm
net4311,3.84µm
net4318,3.84µm
net4320,3.84µm
net4328,3.84µm
net4338,3.84µm
net4340,3.84µm
net4343,3.84µm
net4348,3.84µm
net4363,3.84µm
net4369,3.84µm
net4381,3.84µm
net4405,3.84µm
net4412,3.84µm
net4413,3.84µm
net4428,3.84µm
net4430,3.84µm
net4431,3.84µm
net4433,3.84µm
net4442,3.84µm
net4444,3.84µm
net4446,3.84µm
net4450,3.84µm
net4456,3.84µm
net4460,3.84µm
net4461,3.84µm
net4462,3.84µm
net4469,3.84µm
net4471,3.84µm
net4472,3.84µm
net4480,3.84µm
net4484,3.84µm
net4488,3.84µm
net4490,3.84µm
net4493,3.84µm
net4494,3.84µm
net4499,3.84µm
net4507,3.84µm
net4513,3.84µm
net4515,3.84µm
net4516,3.84µm
net4517,3.84µm
net4532,3.84µm
net4535,3.84µm
net4536,3.84µm
net4547,3.84µm
net4564,3.84µm
net4565,3.84µm
net4566,3.84µm
net4569,3.84µm
net4578,3.84µm
net4579,3.84µm
net4587,3.84µm
net4592,3.84µm
net4595,3.84µm
net4609,3.84µm
net4614,3.84µm
net4618,3.84µm
net4620,3.84µm
net4621,3.84µm
net4622,3.84µm
net4635,3.84µm
net4647,3.84µm
net4654,3.84µm
net4657,3.84µm
net4663,3.84µm
net4666,3.84µm
net4671,3.84µm
u_fft_core.u_fft8_mdc2.u_mdc8p_stage1.xfft_cell_route1.w_mult_r\[1\]\[16\],3.84µm
_00008_,3.78µm
_00009_,3.78µm
_00177_,3.78µm
_00190_,3.78µm
_00255_,3.78µm
_00274_,3.78µm
_00302_,3.78µm
_00875_,3.78µm
_00902_,3.78µm
_01255_,3.78µm
_01284_,3.78µm
_01440_,3.78µm
_01482_,3.78µm
_01535_,3.78µm
_01567_,3.78µm
_01609_,3.78µm
_01634_,3.78µm
_01691_,3.78µm
_01755_,3.78µm
_01756_,3.78µm
_01767_,3.78µm
_01842_,3.78µm
_01874_,3.78µm
_01896_,3.78µm
_01902_,3.78µm
_01936_,3.78µm
_01947_,3.78µm
_02935_,3.78µm
_03394_,3.78µm
_06761_,3.78µm
_07590_,3.78µm
_08010_,3.78µm
_09333_,3.78µm
_11241_,3.78µm
_11260_,3.78µm
_11835_,3.78µm
_13509_,3.78µm
_14127_,3.78µm
_14190_,3.78µm
_15389_,3.78µm
_15600_,3.78µm
_15691_,3.78µm
_16008_,3.78µm
_18145_,3.78µm
u_fft_core.u_fft8_mdc1.u_mdc8p_stage1.ds_switch_stage1.w_data_1i\[5\],3.78µm
u_fft_core.u_fft8_mdc1.u_mdc8p_stage1.xfft_cell_route1.w_mult_i\[1\]\[13\],3.78µm
u_fft_core.u_fft8_mdc3.u_mdc8p_stage1.ds_switch_stage1.w_data_1r\[9\],3.78µm
u_fft_core.u_fft8_mdc3.u_mdc8p_stage1.xfft_cell_route1.w_mult_i\[1\]\[1\],3.78µm
u_fft_core.u_fft8_mdc3.u_mdc8p_stage1.xfft_cell_route1.w_mult_i\[1\]\[4\],3.78µm
u_fft_core.u_twiddle_interface.data0_im_2q\[5\],3.78µm
u_fft_core.u_twiddle_interface.u_mult_2.u_clip.o_data_re\[5\],3.78µm
_14662_,3.73µm
_02169_,3.72µm
_04455_,3.72µm
_06927_,3.72µm
_07003_,3.72µm
_09691_,3.72µm
_10681_,3.72µm
_15661_,3.72µm
_15775_,3.72µm
_17023_,3.72µm
_17446_,3.72µm
net85,3.72µm
net89,3.72µm
net242,3.72µm
net286,3.72µm
net338,3.72µm
net380,3.72µm
net588,3.72µm
net652,3.72µm
net951,3.72µm
net1079,3.72µm
net1088,3.72µm
net1102,3.72µm
net1123,3.72µm
net1155,3.72µm
net1172,3.72µm
net1239,3.72µm
net1458,3.72µm
net1546,3.72µm
net1722,3.72µm
net1777,3.72µm
net1866,3.72µm
net1894,3.72µm
net1902,3.72µm
net1977,3.72µm
net1982,3.72µm
net2121,3.72µm
net2254,3.72µm
net2336,3.72µm
net2357,3.72µm
net2380,3.72µm
net2420,3.72µm
net2579,3.72µm
net2605,3.72µm
net2619,3.72µm
net2677,3.72µm
net4248,3.72µm
net4406,3.72µm
net4436,3.72µm
net4504,3.72µm
u_fft_core.u_fft8_mdc2.u_mdc8p_stage1.ds_switch_stage1.w_data_1r\[1\],3.72µm
net47,3.715µm
_02768_,3.715µm
_02961_,3.715µm
_07568_,3.715µm
_08055_,3.715µm
_08433_,3.715µm
_08608_,3.715µm
_09208_,3.715µm
_11957_,3.715µm
_13091_,3.715µm
_13986_,3.715µm
_14652_,3.715µm
_16409_,3.715µm
u_fft_core.u_fft8_mdc0.u_mdc8p_stage1.ds_switch_stage1.o_data_0i\[3\],3.715µm
u_fft_core.u_fft8_mdc0.u_mdc8p_stage1.ds_switch_stage1.o_data_0i\[6\],3.715µm
u_fft_core.u_fft8_mdc0.u_mdc8p_stage1.r_bt0_i\[0\]\[6\],3.715µm
u_fft_core.u_fft8_mdc1.u_mdc8p_stage1.ds_switch_stage1.r_odata_r\[0\]\[9\],3.715µm
u_fft_core.u_fft8_mdc1.u_mdc8p_stage2.ds_switch_stage1.o_data_0r\[2\],3.715µm
u_fft_core.u_fft8_mdc1.u_mdc8p_stage2.ds_switch_stage1.valid_count\[3\],3.715µm
u_fft_core.u_fft8_mdc2.u_mdc8p_stage1.ds_switch_stage1.o_data_0i\[1\],3.715µm
u_fft_core.u_fft8_mdc2.u_mdc8p_stage1.ds_switch_stage1.r_odata_r\[0\]\[4\],3.715µm
_16190_,3.705µm
_05023_,3.68µm
_10905_,3.66µm
_12041_,3.66µm
_14992_,3.66µm
net177,3.66µm
net2539,3.66µm
_02535_,3.655µm
_02803_,3.655µm
_14777_,3.645µm
_17808_,3.645µm
_02406_,3.63µm
net1900,3.63µm
_00003_,3.62µm
_00681_,3.62µm
_02144_,3.62µm
_03269_,3.62µm
_05338_,3.62µm
_06674_,3.62µm
_07415_,3.62µm
_09682_,3.62µm
_10096_,3.62µm
_10189_,3.62µm
_13583_,3.62µm
_14089_,3.62µm
_14486_,3.62µm
_14660_,3.62µm
_14943_,3.62µm
_14946_,3.62µm
_14973_,3.62µm
_16302_,3.62µm
_16669_,3.62µm
_17178_,3.62µm
_17221_,3.62µm
_17365_,3.62µm
u_fft_core.u_fft8_mdc2.u_mdc8p_stage1.xfft_cell_route1.w_mult_r\[1\]\[1\],3.62µm
u_fft_core.u_fft8_mdc2.u_mdc8p_stage2.ds_switch_stage1.i_data_1i\[1\],3.62µm
_01319_,3.61µm
_02531_,3.61µm
_02577_,3.61µm
_03147_,3.61µm
_04186_,3.61µm
_04393_,3.61µm
_04883_,3.61µm
_05252_,3.61µm
_06799_,3.61µm
_07875_,3.61µm
_09057_,3.61µm
_09680_,3.61µm
_10197_,3.61µm
_10455_,3.61µm
_10708_,3.61µm
_11338_,3.61µm
_12376_,3.61µm
_12812_,3.61µm
_13777_,3.61µm
_14460_,3.61µm
_14796_,3.61µm
_15276_,3.61µm
_15319_,3.61µm
_15395_,3.61µm
_15707_,3.61µm
_16034_,3.61µm
_16874_,3.61µm
_16907_,3.61µm
_17699_,3.61µm
u_fft_core.u_twiddle_interface.mult3_im\[7\],3.61µm
_03090_,3.6µm
_06349_,3.6µm
_06996_,3.6µm
_10493_,3.6µm
_11492_,3.6µm
_14803_,3.6µm
_15417_,3.6µm
_15712_,3.6µm
_16331_,3.6µm
_04204_,3.56µm
_13949_,3.56µm
_16642_,3.56µm
u_fft_core.u_fft8_mdc0.u_mdc8p_stage1.ds_switch_stage1.o_data_0i\[7\],3.56µm
_02371_,3.55µm
_05183_,3.55µm
_06239_,3.55µm
_16225_,3.55µm
_18045_,3.55µm
_00551_,3.54µm
_03799_,3.54µm
_10641_,3.54µm
u_fft_core.u_fft8_mdc0.u_mdc8p_stage1.ds_switch_stage1.i_data_1r\[6\],3.54µm
u_fft_core.u_fft8_mdc1.u_mdc8p_stage2.ds_switch_stage1.w_data_1i\[0\],3.54µm
u_fft_core.u_fft8_mdc2.u_mdc8p_stage1.ds_switch_stage1.r_idata_i\[0\]\[8\],3.54µm
u_fft_core.u_fft8_mdc3.u_mdc8p_stage1.ds_switch_stage1.o_data_0r\[7\],3.54µm
u_fft_core.u_fft8_mdc3.u_mdc8p_stage1.xfft_cell_route1.w_mult_i\[1\]\[13\],3.54µm
u_fft_core.u_fft8_mdc3.u_mdc8p_stage1.xfft_cell_route1.w_mult_r\[1\]\[7\],3.54µm
_07987_,3.525µm
_17268_,3.525µm
_02286_,3.52µm
_12828_,3.52µm
_07397_,3.5µm
_04720_,3.49µm
_00000_,3.48µm
_00769_,3.48µm
_00783_,3.48µm
_00806_,3.48µm
_01378_,3.48µm
_02108_,3.48µm
_02284_,3.48µm
_02506_,3.48µm
_02543_,3.48µm
_02698_,3.48µm
_02826_,3.48µm
_02930_,3.48µm
_03352_,3.48µm
_03497_,3.48µm
_03622_,3.48µm
_03817_,3.48µm
_03857_,3.48µm
_04113_,3.48µm
_04173_,3.48µm
_04191_,3.48µm
_04229_,3.48µm
_04843_,3.48µm
_05272_,3.48µm
_05478_,3.48µm
_05497_,3.48µm
_05950_,3.48µm
_06000_,3.48µm
_06264_,3.48µm
_06326_,3.48µm
_06383_,3.48µm
_06580_,3.48µm
_07320_,3.48µm
_07685_,3.48µm
_08051_,3.48µm
_08138_,3.48µm
_08227_,3.48µm
_08362_,3.48µm
_08444_,3.48µm
_08609_,3.48µm
_08867_,3.48µm
_08975_,3.48µm
_09266_,3.48µm
_09515_,3.48µm
_09683_,3.48µm
_09908_,3.48µm
_10043_,3.48µm
_10140_,3.48µm
_10154_,3.48µm
_10188_,3.48µm
_10851_,3.48µm
_11284_,3.48µm
_11301_,3.48µm
_11771_,3.48µm
_12295_,3.48µm
_12335_,3.48µm
_12521_,3.48µm
_12974_,3.48µm
_13088_,3.48µm
_13109_,3.48µm
_13171_,3.48µm
_13328_,3.48µm
_13405_,3.48µm
_13742_,3.48µm
_13790_,3.48µm
_13977_,3.48µm
_14029_,3.48µm
_14591_,3.48µm
_14665_,3.48µm
_15038_,3.48µm
_15122_,3.48µm
_15206_,3.48µm
_15323_,3.48µm
_15444_,3.48µm
_15626_,3.48µm
_16265_,3.48µm
_16365_,3.48µm
_16402_,3.48µm
_16494_,3.48µm
_16535_,3.48µm
_16738_,3.48µm
_17149_,3.48µm
_17191_,3.48µm
_17581_,3.48µm
_17908_,3.48µm
_18141_,3.48µm
u_fft_core.u_fft8_mdc0.u_mdc8p_stage1.u_btfly2.o_data1_r\[8\],3.48µm
u_fft_core.u_fft8_mdc0.u_mdc8p_stage1.xfft_cell_route1.r_pp1_tw_r\[1\],3.48µm
u_fft_core.u_fft8_mdc1.u_mdc8p_stage1.ds_switch_stage1.r_idata_i\[0\]\[9\],3.48µm
u_fft_core.u_fft8_mdc3.u_mdc8p_stage1.u_btfly2.o_data1_r\[6\],3.48µm
u_fft_core.u_fft8_mdc3.u_mdc8p_stage3.next_data1_i\[5\],3.48µm
u_fft_core.u_twiddle_interface.data2_im_q\[7\],3.48µm
u_fft_core.u_twiddle_interface.data2_re_q\[6\],3.48µm
u_fft_core.u_twiddle_interface.mult2_re\[1\],3.48µm
_13683_,3.46µm
u_fft_core.u_fft8_mdc0.u_mdc8p_stage1.ds_switch_stage1.o_data_0r\[3\],3.46µm
u_fft_core.u_fft8_mdc0.u_mdc8p_stage1.xfft_cell_route1.w_mult_i\[0\]\[5\],3.43µm
_00002_,3.42µm
_00061_,3.42µm
_00083_,3.42µm
_00121_,3.42µm
_00180_,3.42µm
_00223_,3.42µm
_00244_,3.42µm
_00268_,3.42µm
_00269_,3.42µm
_00275_,3.42µm
_00277_,3.42µm
_00288_,3.42µm
_00295_,3.42µm
_00303_,3.42µm
_00322_,3.42µm
_00330_,3.42µm
_00374_,3.42µm
_00401_,3.42µm
_00424_,3.42µm
_00429_,3.42µm
_00440_,3.42µm
_00459_,3.42µm
_00469_,3.42µm
_00471_,3.42µm
_00474_,3.42µm
_00475_,3.42µm
_00481_,3.42µm
_00601_,3.42µm
_00683_,3.42µm
_00740_,3.42µm
_00782_,3.42µm
_00898_,3.42µm
_00899_,3.42µm
_00913_,3.42µm
_00938_,3.42µm
_00939_,3.42µm
_00941_,3.42µm
_00948_,3.42µm
_00950_,3.42µm
_00952_,3.42µm
_00970_,3.42µm
_00987_,3.42µm
_01010_,3.42µm
_01081_,3.42µm
_01119_,3.42µm
_01160_,3.42µm
_01227_,3.42µm
_01441_,3.42µm
_01462_,3.42µm
_01497_,3.42µm
_01520_,3.42µm
_01532_,3.42µm
_01565_,3.42µm
_01587_,3.42µm
_01629_,3.42µm
_01636_,3.42µm
_01639_,3.42µm
_01644_,3.42µm
_01645_,3.42µm
_01705_,3.42µm
_01719_,3.42µm
_01727_,3.42µm
_01740_,3.42µm
_01763_,3.42µm
_01774_,3.42µm
_01780_,3.42µm
_01844_,3.42µm
_01870_,3.42µm
_01879_,3.42µm
_01884_,3.42µm
_01885_,3.42µm
_01897_,3.42µm
_01899_,3.42µm
_01901_,3.42µm
_01942_,3.42µm
_01967_,3.42µm
_01976_,3.42µm
_02500_,3.42µm
_02533_,3.42µm
_03073_,3.42µm
_03186_,3.42µm
_03358_,3.42µm
_03362_,3.42µm
_03434_,3.42µm
_03784_,3.42µm
_04180_,3.42µm
_04184_,3.42µm
_04190_,3.42µm
_04306_,3.42µm
_04628_,3.42µm
_04700_,3.42µm
_04924_,3.42µm
_04940_,3.42µm
_04949_,3.42µm
_05036_,3.42µm
_05050_,3.42µm
_05131_,3.42µm
_05192_,3.42µm
_05219_,3.42µm
_05287_,3.42µm
_05628_,3.42µm
_05718_,3.42µm
_05793_,3.42µm
_05810_,3.42µm
_05826_,3.42µm
_06019_,3.42µm
_06139_,3.42µm
_06161_,3.42µm
_06397_,3.42µm
_06486_,3.42µm
_06631_,3.42µm
_07938_,3.42µm
_08046_,3.42µm
_08333_,3.42µm
_08565_,3.42µm
_08590_,3.42µm
_09140_,3.42µm
_09387_,3.42µm
_09427_,3.42µm
_09550_,3.42µm
_09582_,3.42µm
_09895_,3.42µm
_09975_,3.42µm
_10344_,3.42µm
_10864_,3.42µm
_11032_,3.42µm
_11460_,3.42µm
_12210_,3.42µm
_12325_,3.42µm
_12966_,3.42µm
_13148_,3.42µm
_13172_,3.42µm
_13948_,3.42µm
_14128_,3.42µm
_14400_,3.42µm
_14410_,3.42µm
_14509_,3.42µm
_14553_,3.42µm
_14894_,3.42µm
_14933_,3.42µm
_14958_,3.42µm
_15678_,3.42µm
_15684_,3.42µm
_15704_,3.42µm
_15758_,3.42µm
_15863_,3.42µm
_15891_,3.42µm
_16014_,3.42µm
_16038_,3.42µm
_16132_,3.42µm
_16430_,3.42µm
_16442_,3.42µm
_16637_,3.42µm
_16978_,3.42µm
_17011_,3.42µm
_17012_,3.42µm
_17089_,3.42µm
_17095_,3.42µm
_17161_,3.42µm
_17280_,3.42µm
_17356_,3.42µm
_17574_,3.42µm
_17602_,3.42µm
_17747_,3.42µm
_18114_,3.42µm
u_debug_sys.u_spi_slave.rx_shift\[11\],3.42µm
u_fft_core.u_buffer_parallel2serial.read_ptr\[3\],3.42µm
u_fft_core.u_fft8_mdc0.u_mdc8p_stage1.ds_switch_stage1.r_idata_i\[0\]\[9\],3.42µm
u_fft_core.u_fft8_mdc0.u_mdc8p_stage1.ds_switch_stage1.r_idata_r\[0\]\[5\],3.42µm
u_fft_core.u_fft8_mdc1.u_mdc8p_stage1.ds_switch_stage1.r_idata_i\[0\]\[2\],3.42µm
u_fft_core.u_fft8_mdc1.u_mdc8p_stage1.ds_switch_stage1.r_idata_i\[0\]\[6\],3.42µm
u_fft_core.u_fft8_mdc1.u_mdc8p_stage1.ds_switch_stage1.r_idata_r\[0\]\[0\],3.42µm
u_fft_core.u_fft8_mdc1.u_mdc8p_stage1.ds_switch_stage1.r_odata_i\[0\]\[0\],3.42µm
u_fft_core.u_fft8_mdc1.u_mdc8p_stage1.r_bt0_r\[0\]\[6\],3.42µm
u_fft_core.u_fft8_mdc1.u_mdc8p_stage1.xfft_cell_route1.r_pp1_tw_i\[9\],3.42µm
u_fft_core.u_fft8_mdc1.u_mdc8p_stage2.ds_switch_stage1.current_state,3.42µm
u_fft_core.u_fft8_mdc1.u_mdc8p_stage2.ds_switch_stage1.valid_count\[2\],3.42µm
u_fft_core.u_fft8_mdc2.u_mdc8p_stage1.ds_switch_stage1.w_data_1i\[9\],3.42µm
u_fft_core.u_fft8_mdc3.u_mdc8p_stage1.ds_switch_stage1.r_odata_r\[0\]\[8\],3.42µm
u_fft_core.u_fft8_mdc3.u_mdc8p_stage1.r_bt0_i\[0\]\[7\],3.42µm
u_fft_core.u_twiddle_interface.mult3_im\[5\],3.42µm
u_tx.current_shift\[0\],3.42µm
_16305_,3.415µm
_15023_,3.405µm
_17057_,3.36µm
net78,3.36µm
net191,3.36µm
net270,3.36µm
net275,3.36µm
net354,3.36µm
net475,3.36µm
net491,3.36µm
net496,3.36µm
net498,3.36µm
net507,3.36µm
net612,3.36µm
net761,3.36µm
net789,3.36µm
net859,3.36µm
net957,3.36µm
net974,3.36µm
net996,3.36µm
net1039,3.36µm
net1043,3.36µm
net1081,3.36µm
net1108,3.36µm
net1300,3.36µm
net1341,3.36µm
net1357,3.36µm
net1359,3.36µm
net1421,3.36µm
net1437,3.36µm
net1548,3.36µm
net1648,3.36µm
net1690,3.36µm
net1736,3.36µm
net1758,3.36µm
net1811,3.36µm
net1823,3.36µm
net1864,3.36µm
net1885,3.36µm
net1904,3.36µm
net1924,3.36µm
net1925,3.36µm
net1996,3.36µm
net1997,3.36µm
net2007,3.36µm
net2056,3.36µm
net2172,3.36µm
net2186,3.36µm
net2222,3.36µm
net2227,3.36µm
net2232,3.36µm
net2234,3.36µm
net2244,3.36µm
net2381,3.36µm
net2385,3.36µm
net2448,3.36µm
net2460,3.36µm
net2510,3.36µm
net4146,3.36µm
net4228,3.36µm
net4239,3.36µm
net4268,3.36µm
net4354,3.36µm
net4390,3.36µm
net4417,3.36µm
net4546,3.36µm
u_fft_core.u_fft8_mdc0.u_mdc8p_stage1.xfft_cell_route1.w_mult_i\[1\]\[5\],3.36µm
u_fft_core.u_fft8_mdc2.u_mdc8p_stage2.ds_switch_stage1.w_data_1i\[10\],3.36µm
_03150_,3.355µm
_16687_,3.335µm
u_fft_core.u_fft8_mdc0.u_mdc8p_stage1.xfft_cell_route1.w_mult_r\[0\]\[15\],3.335µm
u_fft_core.u_fft8_mdc1.u_mdc8p_stage1.ds_switch_stage1.r_odata_r\[0\]\[8\],3.3µm
u_fft_core.u_fft8_mdc2.u_mdc8p_stage1.ds_switch_stage1.o_data_0r\[2\],3.3µm
u_fft_core.u_fft8_mdc2.u_mdc8p_stage1.ds_switch_stage1.r_odata_i\[0\]\[6\],3.3µm
u_fft_core.u_fft8_mdc2.u_mdc8p_stage1.ds_switch_stage1.r_odata_i\[0\]\[9\],3.3µm
u_fft_core.u_fft8_mdc3.u_mdc8p_stage1.xfft_cell_route1.w_mult_i\[0\]\[17\],3.3µm
u_fft_core.u_fft8_mdc3.u_mdc8p_stage1.xfft_cell_route1.w_mult_i\[1\]\[18\],3.3µm
u_fft_core.u_twiddle_interface.mult1_re\[2\],3.3µm
_16603_,3.285µm
_00662_,3.24µm
_02652_,3.24µm
_02734_,3.24µm
_03266_,3.24µm
_03810_,3.24µm
_04727_,3.24µm
_05613_,3.24µm
_06356_,3.24µm
_07611_,3.24µm
_09676_,3.24µm
_10365_,3.24µm
_10902_,3.24µm
_11134_,3.24µm
_11252_,3.24µm
_11326_,3.24µm
_11470_,3.24µm
_12086_,3.24µm
_12652_,3.24µm
_13002_,3.24µm
_13569_,3.24µm
_13957_,3.24µm
_14592_,3.24µm
_14651_,3.24µm
_14892_,3.24µm
_15192_,3.24µm
_15344_,3.24µm
_15586_,3.24µm
_16199_,3.24µm
_16414_,3.24µm
_16544_,3.24µm
_17453_,3.24µm
_18043_,3.24µm
u_fft_core.u_fft8_mdc0.u_mdc8p_stage1.ds_switch_stage1.o_data_1i\[2\],3.24µm
u_fft_core.u_fft8_mdc1.u_mdc8p_stage1.xfft_cell_route1.w_mult_r\[1\]\[10\],3.24µm
u_fft_core.u_fft8_mdc3.u_mdc8p_stage1.r_bt0_r\[0\]\[5\],3.24µm
_02441_,3.235µm
_03333_,3.235µm
_03351_,3.235µm
_03504_,3.235µm
_04676_,3.235µm
_05133_,3.235µm
_05696_,3.235µm
_05997_,3.235µm
_06004_,3.235µm
_07289_,3.235µm
_08056_,3.235µm
_10174_,3.235µm
_10199_,3.235µm
_10221_,3.235µm
_10229_,3.235µm
_10233_,3.235µm
_12054_,3.235µm
_12243_,3.235µm
_12612_,3.235µm
_12873_,3.235µm
_13496_,3.235µm
_13564_,3.235µm
_13863_,3.235µm
_14469_,3.235µm
_14624_,3.235µm
_14699_,3.235µm
_15330_,3.235µm
_15535_,3.235µm
_15654_,3.235µm
_16068_,3.235µm
_16219_,3.235µm
_16311_,3.235µm
_16698_,3.235µm
u_debug_sys.u_spi_slave.rx_shift\[0\],3.235µm
u_fft_core.u_fft8_mdc0.u_mdc8p_stage1.ds_switch_stage1.r_idata_i\[0\]\[5\],3.235µm
u_fft_core.u_fft8_mdc1.u_mdc8p_stage1.ds_switch_stage1.r_odata_i\[0\]\[7\],3.235µm
u_fft_core.u_fft8_mdc1.u_mdc8p_stage1.xfft_cell_route1.w_mult_r\[1\]\[15\],3.235µm
u_fft_core.u_fft8_mdc2.u_mdc8p_stage1.ds_switch_stage1.o_data_0r\[4\],3.235µm
u_fft_core.u_fft8_mdc2.u_mdc8p_stage1.ds_switch_stage1.r_odata_i\[0\]\[7\],3.235µm
u_fft_core.u_fft8_mdc1.u_mdc8p_stage2.ds_switch_stage1.i_data_1i\[0\],3.225µm
_14322_,3.21µm
_02177_,3.19µm
_15451_,3.19µm
_00004_,3.18µm
_03417_,3.18µm
_04640_,3.18µm
_04666_,3.18µm
_06388_,3.18µm
_10107_,3.18µm
_12624_,3.18µm
_13653_,3.18µm
_15596_,3.18µm
_15947_,3.18µm
_13585_,3.165µm
_13255_,3.145µm
_14150_,3.145µm
_00537_,3.14µm
_00583_,3.14µm
_02160_,3.14µm
_02438_,3.14µm
_02664_,3.14µm
_03371_,3.14µm
_04793_,3.14µm
_06081_,3.14µm
_06154_,3.14µm
_06533_,3.14µm
_08242_,3.14µm
_10690_,3.14µm
_11148_,3.14µm
_11340_,3.14µm
_11497_,3.14µm
_12147_,3.14µm
_12565_,3.14µm
_13374_,3.14µm
_13763_,3.14µm
_14012_,3.14µm
_14046_,3.14µm
_14170_,3.14µm
_14457_,3.14µm
_14860_,3.14µm
_14987_,3.14µm
_15267_,3.14µm
_15528_,3.14µm
_15656_,3.14µm
_15864_,3.14µm
_16300_,3.14µm
_16315_,3.14µm
_16418_,3.14µm
_16422_,3.14µm
_16716_,3.14µm
_16953_,3.14µm
_17289_,3.14µm
_17707_,3.14µm
_18107_,3.14µm
u_fft_core.u_fft8_mdc0.u_mdc8p_stage1.xfft_cell_route1.w_mult_r\[0\]\[13\],3.14µm
u_fft_core.u_fft8_mdc3.u_mdc8p_stage1.xfft_cell_route1.w_mult_i\[1\]\[11\],3.14µm
_07336_,3.135µm
_01317_,3.13µm
_01372_,3.13µm
_01597_,3.13µm
_01621_,3.13µm
_01658_,3.13µm
_01825_,3.13µm
_01891_,3.13µm
_02175_,3.13µm
_02434_,3.13µm
_02504_,3.13µm
_02726_,3.13µm
_03348_,3.13µm
_04268_,3.13µm
_04362_,3.13µm
_04602_,3.13µm
_05647_,3.13µm
_05809_,3.13µm
_05812_,3.13µm
_05966_,3.13µm
_06159_,3.13µm
_06553_,3.13µm
_07262_,3.13µm
_07305_,3.13µm
_07534_,3.13µm
_07892_,3.13µm
_08168_,3.13µm
_08185_,3.13µm
_08264_,3.13µm
_08663_,3.13µm
_09080_,3.13µm
_09093_,3.13µm
_09843_,3.13µm
_09871_,3.13µm
_10856_,3.13µm
_11068_,3.13µm
_12174_,3.13µm
_12436_,3.13µm
_12741_,3.13µm
_13322_,3.13µm
_13674_,3.13µm
_13768_,3.13µm
_14209_,3.13µm
_14590_,3.13µm
_14667_,3.13µm
_14685_,3.13µm
_15341_,3.13µm
_15470_,3.13µm
_15583_,3.13µm
_15878_,3.13µm
_16030_,3.13µm
_16517_,3.13µm
_16659_,3.13µm
_17301_,3.13µm
_17406_,3.13µm
_17475_,3.13µm
_17995_,3.13µm
_18041_,3.13µm
u_fft_core.u_fft8_mdc2.u_mdc8p_stage1.ds_switch_stage1.o_data_1r\[2\],3.13µm
u_fft_core.u_fft8_mdc3.u_mdc8p_stage1.ds_switch_stage1.o_data_1i\[9\],3.13µm
_06836_,3.12µm
_13584_,3.12µm
_05216_,3.08µm
_16009_,3.08µm
_05209_,3.07µm
_13727_,3.07µm
_14663_,3.07µm
_00050_,3.06µm
_00464_,3.06µm
_00519_,3.06µm
_00610_,3.06µm
_00674_,3.06µm
_01591_,3.06µm
u_fft_core.u_fft8_mdc0.u_mdc8p_stage1.ds_switch_stage1.r_odata_i\[0\]\[9\],3.06µm
u_fft_core.u_fft8_mdc0.u_mdc8p_stage1.xfft_cell_route1.w_mult_r\[0\]\[17\],3.06µm
u_fft_core.u_fft8_mdc0.u_mdc8p_stage2.ds_switch_stage1.w_data_1r\[3\],3.06µm
u_fft_core.u_fft8_mdc1.u_mdc8p_stage1.ds_switch_stage1.r_odata_i\[0\]\[1\],3.06µm
u_fft_core.u_fft8_mdc1.u_mdc8p_stage1.xfft_cell_route1.w_mult_r\[1\]\[2\],3.06µm
u_fft_core.u_fft8_mdc1.u_mdc8p_stage2.ds_switch_stage1.next_state,3.06µm
u_fft_core.u_fft8_mdc3.u_mdc8p_stage1.ds_switch_stage1.r_odata_i\[0\]\[2\],3.06µm
u_fft_core.u_fft8_mdc3.u_mdc8p_stage1.u_btfly2.o_data1_r\[1\],3.06µm
u_fft_core.u_fft8_mdc3.u_mdc8p_stage1.xfft_cell_route1.w_mult_i\[1\]\[12\],3.06µm
_04788_,3.03µm
_00077_,3µm
_00079_,3µm
_00641_,3µm
_02301_,3µm
_02949_,3µm
_03041_,3µm
_03357_,3µm
_03649_,3µm
_03744_,3µm
_03779_,3µm
_03854_,3µm
_03930_,3µm
_04140_,3µm
_04181_,3µm
_04419_,3µm
_04621_,3µm
_04822_,3µm
_05517_,3µm
_05874_,3µm
_05919_,3µm
_05949_,3µm
_06174_,3µm
_06208_,3µm
_06245_,3µm
_06416_,3µm
_06449_,3µm
_06691_,3µm
_06790_,3µm
_07501_,3µm
_07800_,3µm
_07960_,3µm
_08175_,3µm
_08207_,3µm
_08354_,3µm
_08381_,3µm
_08511_,3µm
_08811_,3µm
_09205_,3µm
_09354_,3µm
_09443_,3µm
_09493_,3µm
_10103_,3µm
_10152_,3µm
_10953_,3µm
_11732_,3µm
_11787_,3µm
_12364_,3µm
_12708_,3µm
_13335_,3µm
_13400_,3µm
_13576_,3µm
_13582_,3µm
_13621_,3µm
_13728_,3µm
_14275_,3µm
_14358_,3µm
_14362_,3µm
_14434_,3µm
_14472_,3µm
_14595_,3µm
_14704_,3µm
_15134_,3µm
_15168_,3µm
_15281_,3µm
_15396_,3µm
_15569_,3µm
_15620_,3µm
_15629_,3µm
_15679_,3µm
_15709_,3µm
_15732_,3µm
_15828_,3µm
_15859_,3µm
_15869_,3µm
_15886_,3µm
_15979_,3µm
_15982_,3µm
_16031_,3µm
_16232_,3µm
_16245_,3µm
_16261_,3µm
_16499_,3µm
_16509_,3µm
_16557_,3µm
_16590_,3µm
_16755_,3µm
_16891_,3µm
_16912_,3µm
_16920_,3µm
_17242_,3µm
_17593_,3µm
_17654_,3µm
_17868_,3µm
_17963_,3µm
u_fft_core.u_fft8_mdc0.u_mdc8p_stage1.xfft_cell_route1.r_pp2_mult_r\[1\]\[5\],3µm
u_fft_core.u_fft8_mdc1.u_mdc8p_stage1.ds_switch_stage1.valid_count\[2\],3µm
u_fft_core.u_fft8_mdc3.u_mdc8p_stage1.ds_switch_stage1.o_data_0i\[0\],3µm
u_fft_core.u_twiddle_interface.data1_im_q\[5\],3µm
u_fft_core.u_twiddle_interface.data1_im_q\[6\],3µm
u_fft_core.u_twiddle_interface.data2_re_q\[7\],3µm
u_fft_core.u_twiddle_interface.inv_q,3µm
u_fft_core.u_twiddle_interface.mult1_im\[0\],3µm
u_fft_core.u_twiddle_interface.mult1_re\[1\],3µm
u_fft_core.u_twiddle_interface.u_mult_3.u_clip.o_data_re\[1\],3µm
net4,3µm
_15349_,2.97µm
_08186_,2.96µm
_00039_,2.94µm
_00087_,2.94µm
_00088_,2.94µm
_00123_,2.94µm
_00211_,2.94µm
_00217_,2.94µm
_00264_,2.94µm
_00283_,2.94µm
_00292_,2.94µm
_00298_,2.94µm
_00304_,2.94µm
_00420_,2.94µm
_00435_,2.94µm
_00442_,2.94µm
_00463_,2.94µm
_00757_,2.94µm
_00759_,2.94µm
_00845_,2.94µm
_00855_,2.94µm
_00889_,2.94µm
_01002_,2.94µm
_01036_,2.94µm
_01064_,2.94µm
_01085_,2.94µm
_01090_,2.94µm
_01206_,2.94µm
_01245_,2.94µm
_01268_,2.94µm
_01348_,2.94µm
_01362_,2.94µm
_01522_,2.94µm
_01602_,2.94µm
_01620_,2.94µm
_01626_,2.94µm
_01684_,2.94µm
_01739_,2.94µm
_01957_,2.94µm
_01983_,2.94µm
_02341_,2.94µm
_02562_,2.94µm
_02784_,2.94µm
_03131_,2.94µm
_03164_,2.94µm
_03189_,2.94µm
_03681_,2.94µm
_04314_,2.94µm
_04825_,2.94µm
_04831_,2.94µm
_05037_,2.94µm
_05845_,2.94µm
_06135_,2.94µm
_06312_,2.94µm
_06825_,2.94µm
_07930_,2.94µm
_07958_,2.94µm
_08989_,2.94µm
_09164_,2.94µm
_09409_,2.94µm
_09999_,2.94µm
_10086_,2.94µm
_10490_,2.94µm
_11720_,2.94µm
_11751_,2.94µm
_11829_,2.94µm
_11934_,2.94µm
_12203_,2.94µm
_12378_,2.94µm
_12547_,2.94µm
_12843_,2.94µm
_13475_,2.94µm
_13716_,2.94µm
_13896_,2.94µm
_14244_,2.94µm
_14439_,2.94µm
_15560_,2.94µm
_15925_,2.94µm
_16325_,2.94µm
_17196_,2.94µm
_17253_,2.94µm
_17832_,2.94µm
_18014_,2.94µm
_18167_,2.94µm
_18199_,2.94µm
u_debug_sys.u_spi_slave.rx_shift\[5\],2.94µm
u_fft_core.u_fft8_mdc0.u_mdc8p_stage1.ds_switch_stage1.r_odata_r\[0\]\[3\],2.94µm
u_fft_core.u_fft8_mdc0.u_mdc8p_stage1.ds_switch_stage1.w_data_1i\[1\],2.94µm
u_fft_core.u_fft8_mdc0.u_mdc8p_stage1.r_bt0_r\[0\]\[4\],2.94µm
u_fft_core.u_fft8_mdc1.u_mdc8p_stage1.ds_switch_stage1.o_data_0i\[4\],2.94µm
u_fft_core.u_fft8_mdc1.u_mdc8p_stage1.ds_switch_stage1.o_data_0r\[1\],2.94µm
u_fft_core.u_fft8_mdc1.u_mdc8p_stage1.ds_switch_stage1.r_idata_i\[0\]\[7\],2.94µm
u_fft_core.u_fft8_mdc1.u_mdc8p_stage1.ds_switch_stage1.r_idata_r\[0\]\[2\],2.94µm
u_fft_core.u_fft8_mdc1.u_mdc8p_stage1.ds_switch_stage1.w_data_1r\[0\],2.94µm
u_fft_core.u_fft8_mdc1.u_mdc8p_stage1.xfft_cell_route1.w_mult_i\[1\]\[7\],2.94µm
u_fft_core.u_fft8_mdc2.u_mdc8p_stage1.ds_switch_stage1.current_state,2.94µm
u_fft_core.u_fft8_mdc2.u_mdc8p_stage1.ds_switch_stage1.next_state,2.94µm
u_fft_core.u_fft8_mdc2.u_mdc8p_stage1.xfft_cell_route1.r_pp1_tw_r\[1\],2.94µm
u_fft_core.u_fft8_mdc3.u_mdc8p_stage1.ds_switch_stage1.w_data_1r\[4\],2.94µm
u_fft_core.u_fft8_mdc3.u_mdc8p_stage1.xfft_cell_route1.r_pp2_mult_r\[0\]\[4\],2.94µm
u_fft_core.u_twiddle_interface.data1_re_q\[6\],2.94µm
_14978_,2.88µm
u_fft_core.u_fft8_mdc1.u_mdc8p_stage1.xfft_cell_route1.w_mult_r\[1\]\[4\],2.88µm
u_fft_core.u_fft8_mdc2.u_mdc8p_stage1.xfft_cell_route1.w_mult_r\[1\]\[4\],2.88µm
u_fft_core.u_fft8_mdc3.u_mdc8p_stage1.xfft_cell_route1.w_mult_r\[0\]\[9\],2.88µm
_07525_,2.875µm
_02053_,2.865µm
_07819_,2.865µm
_02058_,2.82µm
_02128_,2.82µm
_02312_,2.82µm
_07711_,2.82µm
_11005_,2.82µm
_12656_,2.82µm
_16072_,2.82µm
_16690_,2.82µm
_16694_,2.82µm
u_fft_core.u_fft8_mdc0.u_mdc8p_stage1.u_btfly2.o_data0_i\[0\],2.82µm
u_fft_core.u_fft8_mdc1.u_mdc8p_stage1.ds_switch_stage1.r_odata_i\[0\]\[2\],2.82µm
u_fft_core.u_fft8_mdc3.u_mdc8p_stage1.ds_switch_stage1.r_idata_i\[0\]\[0\],2.82µm
u_fft_core.u_fft8_mdc3.u_mdc8p_stage1.ds_switch_stage1.r_idata_i\[0\]\[1\],2.82µm
u_fft_core.u_fft8_mdc3.u_mdc8p_stage1.ds_switch_stage1.r_odata_r\[0\]\[5\],2.82µm
_15685_,2.805µm
_04741_,2.795µm
_02137_,2.79µm
_02532_,2.77µm
_02070_,2.76µm
_02155_,2.76µm
_02197_,2.76µm
_02245_,2.76µm
_02484_,2.76µm
_02647_,2.76µm
_02820_,2.76µm
_03144_,2.76µm
_03287_,2.76µm
_04095_,2.76µm
_04243_,2.76µm
_04585_,2.76µm
_04604_,2.76µm
_04959_,2.76µm
_05871_,2.76µm
_06234_,2.76µm
_06683_,2.76µm
_06863_,2.76µm
_07253_,2.76µm
_07301_,2.76µm
_07406_,2.76µm
_07547_,2.76µm
_07835_,2.76µm
_08071_,2.76µm
_08257_,2.76µm
_08278_,2.76µm
_08350_,2.76µm
_08456_,2.76µm
_08638_,2.76µm
_10021_,2.76µm
_10743_,2.76µm
_11400_,2.76µm
_11657_,2.76µm
_11812_,2.76µm
_12006_,2.76µm
_12061_,2.76µm
_12444_,2.76µm
_12883_,2.76µm
_13394_,2.76µm
_13730_,2.76µm
_13829_,2.76µm
_13844_,2.76µm
_13874_,2.76µm
_13978_,2.76µm
_14212_,2.76µm
_14334_,2.76µm
_14462_,2.76µm
_14479_,2.76µm
_14577_,2.76µm
_14669_,2.76µm
_14732_,2.76µm
_15121_,2.76µm
_15836_,2.76µm
_15846_,2.76µm
_15853_,2.76µm
_16042_,2.76µm
_16267_,2.76µm
_16353_,2.76µm
_16520_,2.76µm
_16746_,2.76µm
_16844_,2.76µm
_17300_,2.76µm
_18172_,2.76µm
_18190_,2.76µm
u_fft_core.u_fft8_mdc1.u_mdc8p_stage1.ds_switch_stage1.valid_count\[3\],2.76µm
u_fft_core.u_fft8_mdc1.u_mdc8p_stage1.ds_switch_stage1.w_data_1i\[0\],2.76µm
u_fft_core.u_fft8_mdc1.u_mdc8p_stage2.ds_switch_stage1.i_data_1r\[9\],2.76µm
u_fft_core.u_fft8_mdc2.u_mdc8p_stage1.ds_switch_stage1.valid_count\[3\],2.76µm
_00568_,2.755µm
_02220_,2.755µm
_02466_,2.755µm
_03318_,2.755µm
_03789_,2.755µm
_04194_,2.755µm
_04510_,2.755µm
_04609_,2.755µm
_04737_,2.755µm
_05079_,2.755µm
_05853_,2.755µm
_06009_,2.755µm
_06484_,2.755µm
_07119_,2.755µm
_08513_,2.755µm
_09053_,2.755µm
_09684_,2.755µm
_09734_,2.755µm
_10922_,2.755µm
_11342_,2.755µm
_12657_,2.755µm
_12904_,2.755µm
_13072_,2.755µm
_13513_,2.755µm
_13517_,2.755µm
_13709_,2.755µm
_13973_,2.755µm
_14533_,2.755µm
_14695_,2.755µm
_14787_,2.755µm
_16005_,2.755µm
_16202_,2.755µm
_16226_,2.755µm
_16626_,2.755µm
_17465_,2.755µm
_17649_,2.755µm
u_fft_core.u_fft8_mdc0.u_mdc8p_stage1.xfft_cell_route1.r_pp1_data_i\[2\],2.755µm
u_fft_core.u_fft8_mdc1.u_mdc8p_stage1.ds_switch_stage1.r_odata_r\[0\]\[0\],2.755µm
u_fft_core.u_fft8_mdc1.u_mdc8p_stage1.xfft_cell_route1.w_mult_r\[0\]\[15\],2.755µm
u_fft_core.u_fft8_mdc1.u_mdc8p_stage2.ds_switch_stage1.valid_nstate,2.755µm
u_fft_core.u_twiddle_interface.data0_im_2q\[3\],2.755µm
_08052_,2.71µm
_00616_,2.7µm
_06569_,2.7µm
_11740_,2.7µm
_13962_,2.7µm
_14517_,2.7µm
_14698_,2.7µm
_15142_,2.7µm
_16808_,2.7µm
_17520_,2.695µm
_13847_,2.685µm
_16523_,2.665µm
_00022_,2.66µm
_00614_,2.66µm
_02636_,2.66µm
_02715_,2.66µm
_03861_,2.66µm
_04096_,2.66µm
_05910_,2.66µm
_06031_,2.66µm
_06260_,2.66µm
_08582_,2.66µm
_08847_,2.66µm
_09309_,2.66µm
_09962_,2.66µm
_10115_,2.66µm
_10123_,2.66µm
_12106_,2.66µm
_13036_,2.66µm
_13536_,2.66µm
_13855_,2.66µm
_13886_,2.66µm
_14095_,2.66µm
_14369_,2.66µm
_14414_,2.66µm
_14430_,2.66µm
_14873_,2.66µm
_15290_,2.66µm
_15377_,2.66µm
_15552_,2.66µm
_15855_,2.66µm
_16262_,2.66µm
_16466_,2.66µm
_16740_,2.66µm
_16943_,2.66µm
u_fft_core.u_fft8_mdc1.u_mdc8p_stage1.xfft_cell_route1.w_mult_r\[1\]\[11\],2.66µm
u_fft_core.u_fft8_mdc2.u_mdc8p_stage1.xfft_cell_route1.w_mult_i\[0\]\[5\],2.66µm
u_fft_core.u_fft8_mdc3.u_mdc8p_stage1.xfft_cell_route1.w_mult_i\[1\]\[9\],2.66µm
u_fft_core.u_fft8_mdc3.u_mdc8p_stage1.xfft_cell_route1.w_mult_r\[0\]\[7\],2.66µm
u_fft_core.u_fft8_mdc3.u_mdc8p_stage2.ds_switch_stage1.w_data_1i\[6\],2.66µm
u_fft_core.u_twiddle_interface.u_mult_1.u_clip.o_data_re\[2\],2.66µm
_00703_,2.65µm
_02475_,2.65µm
_03415_,2.65µm
_04284_,2.65µm
_04725_,2.65µm
_05948_,2.65µm
_06425_,2.65µm
_07562_,2.65µm
_08512_,2.65µm
_09332_,2.65µm
_12493_,2.65µm
_13685_,2.65µm
_13769_,2.65µm
_14261_,2.65µm
_14309_,2.65µm
_14677_,2.65µm
_16075_,2.65µm
_16483_,2.65µm
_16609_,2.65µm
_17987_,2.65µm
_18061_,2.65µm
_18068_,2.65µm
u_fft_core.u_fft8_mdc1.u_mdc8p_stage1.ds_switch_stage1.w_data_1i\[1\],2.65µm
u_fft_core.u_fft8_mdc3.u_mdc8p_stage1.ds_switch_stage1.w_data_1r\[5\],2.65µm
_00675_,2.64µm
_11423_,2.64µm
_13643_,2.64µm
_07979_,2.6µm
_14291_,2.6µm
_17235_,2.6µm
_02275_,2.59µm
_00480_,2.58µm
_00498_,2.58µm
_00500_,2.58µm
_00528_,2.58µm
_00544_,2.58µm
_00605_,2.58µm
_00672_,2.58µm
_01382_,2.58µm
_01406_,2.58µm
_01422_,2.58µm
_13166_,2.58µm
u_fft_core.u_fft8_mdc0.u_mdc8p_stage1.ds_switch_stage1.i_data_1i\[4\],2.58µm
u_fft_core.u_fft8_mdc0.u_mdc8p_stage1.xfft_cell_route1.w_mult_i\[0\]\[18\],2.58µm
u_fft_core.u_fft8_mdc0.u_mdc8p_stage1.xfft_cell_route1.w_mult_r\[0\]\[4\],2.58µm
u_fft_core.u_fft8_mdc1.u_mdc8p_stage1.ds_switch_stage1.i_data_1r\[2\],2.58µm
u_fft_core.u_fft8_mdc1.u_mdc8p_stage1.ds_switch_stage1.r_idata_i\[0\]\[5\],2.58µm
u_fft_core.u_fft8_mdc2.u_mdc8p_stage1.ds_switch_stage1.i_data_1r\[4\],2.58µm
u_fft_core.u_fft8_mdc2.u_mdc8p_stage1.xfft_cell_route1.w_mult_r\[1\]\[7\],2.58µm
u_fft_core.u_fft8_mdc3.u_mdc8p_stage1.ds_switch_stage1.r_odata_i\[0\]\[6\],2.58µm
u_fft_core.u_fft8_mdc3.u_mdc8p_stage1.xfft_cell_route1.w_mult_i\[1\]\[5\],2.58µm
u_fft_core.u_fft8_mdc3.u_mdc8p_stage1.xfft_cell_route1.w_mult_r\[0\]\[10\],2.58µm
u_fft_core.u_fft8_mdc3.u_mdc8p_stage2.ds_switch_stage1.valid_nstate,2.58µm
u_fft_core.u_twiddle_interface.u_mult_1.u_clip.o_data_re\[5\],2.58µm
u_fft_core.u_twiddle_interface.u_mult_2.u_clip.o_data_im\[3\],2.58µm
u_fft_core.u_twiddle_interface.u_mult_3.u_clip.o_data_im\[5\],2.58µm
_00076_,2.52µm
_00086_,2.52µm
_00743_,2.52µm
_00750_,2.52µm
_00751_,2.52µm
_00763_,2.52µm
_00776_,2.52µm
_01359_,2.52µm
_03338_,2.52µm
_03470_,2.52µm
_03667_,2.52µm
_03954_,2.52µm
_04042_,2.52µm
_04559_,2.52µm
_05232_,2.52µm
_05498_,2.52µm
_05535_,2.52µm
_05541_,2.52µm
_05753_,2.52µm
_05768_,2.52µm
_06231_,2.52µm
_06270_,2.52µm
_06381_,2.52µm
_06476_,2.52µm
_06480_,2.52µm
_06953_,2.52µm
_07157_,2.52µm
_07971_,2.52µm
_08268_,2.52µm
_08628_,2.52µm
_09447_,2.52µm
_09509_,2.52µm
_09852_,2.52µm
_09905_,2.52µm
_10215_,2.52µm
_10302_,2.52µm
_11689_,2.52µm
_12216_,2.52µm
_12931_,2.52µm
_12971_,2.52µm
_12979_,2.52µm
_13168_,2.52µm
_13289_,2.52µm
_13452_,2.52µm
_13572_,2.52µm
_13715_,2.52µm
_13985_,2.52µm
_14055_,2.52µm
_14057_,2.52µm
_14207_,2.52µm
_14499_,2.52µm
_14556_,2.52µm
_14645_,2.52µm
_14736_,2.52µm
_15386_,2.52µm
_15705_,2.52µm
_15966_,2.52µm
_17001_,2.52µm
_17022_,2.52µm
_17162_,2.52µm
_17213_,2.52µm
_17881_,2.52µm
u_fft_core.fft4_data2_re\[7\],2.52µm
u_fft_core.u_fft8_mdc0.u_mdc8p_stage1.ds_switch_stage1.r_idata_r\[0\]\[1\],2.52µm
u_fft_core.u_fft8_mdc1.u_mdc8p_stage1.xfft_cell_route1.r_pp1_tw_i\[1\],2.52µm
u_fft_core.u_fft8_mdc2.u_mdc8p_stage1.ds_switch_stage1.valid_count\[2\],2.52µm
u_fft_core.u_fft8_mdc3.u_mdc8p_stage1.r_bt0_r\[0\]\[0\],2.52µm
u_fft_core.u_twiddle_interface.cnt_q\[0\],2.52µm
u_fft_core.u_twiddle_interface.mult1_re\[3\],2.52µm
_06719_,2.43µm
_15492_,2.43µm
_13667_,2.425µm
_04155_,2.4µm
_06573_,2.4µm
_07631_,2.4µm
u_fft_core.u_fft8_mdc3.u_mdc8p_stage1.ds_switch_stage1.i_data_1i\[9\],2.4µm
u_fft_core.u_fft8_mdc3.u_mdc8p_stage2.ds_switch_stage1.w_data_1r\[4\],2.4µm
_12294_,2.35µm
_00612_,2.34µm
_00617_,2.34µm
_00622_,2.34µm
_00627_,2.34µm
_00852_,2.34µm
_02503_,2.34µm
_03947_,2.34µm
_09271_,2.34µm
_11754_,2.34µm
_12220_,2.34µm
_13089_,2.34µm
_15392_,2.34µm
_16635_,2.34µm
_17950_,2.34µm
u_fft_core.u_fft8_mdc0.u_mdc8p_stage1.u_btfly2.o_data0_r\[5\],2.34µm
u_fft_core.u_fft8_mdc1.u_mdc8p_stage1.ds_switch_stage1.r_odata_i\[0\]\[5\],2.34µm
u_fft_core.u_fft8_mdc1.u_mdc8p_stage1.r_bt0_i\[0\]\[2\],2.34µm
u_fft_core.u_fft8_mdc1.u_mdc8p_stage1.r_bt0_i\[0\]\[4\],2.34µm
u_fft_core.u_fft8_mdc2.u_mdc8p_stage1.ds_switch_stage1.o_data_0i\[0\],2.34µm
u_fft_core.u_fft8_mdc2.u_mdc8p_stage1.ds_switch_stage1.o_data_0r\[0\],2.34µm
u_fft_core.u_fft8_mdc2.u_mdc8p_stage1.ds_switch_stage1.r_idata_r\[0\]\[7\],2.34µm
u_fft_core.u_fft8_mdc3.u_mdc8p_stage1.ds_switch_stage1.r_idata_r\[0\]\[3\],2.34µm
u_fft_core.u_fft8_mdc3.u_mdc8p_stage1.ds_switch_stage1.r_idata_r\[0\]\[5\],2.34µm
u_fft_core.u_twiddle_interface.u_mult_1.u_clip.o_data_im\[6\],2.31µm
_12129_,2.29µm
_00222_,2.28µm
_00227_,2.28µm
_00572_,2.28µm
_00598_,2.28µm
_00639_,2.28µm
_00773_,2.28µm
_01039_,2.28µm
_01310_,2.28µm
_01353_,2.28µm
_01466_,2.28µm
_01700_,2.28µm
_01917_,2.28µm
_02009_,2.28µm
_02052_,2.28µm
_02309_,2.28µm
_02559_,2.28µm
_02573_,2.28µm
_02670_,2.28µm
_02957_,2.28µm
_02970_,2.28µm
_02994_,2.28µm
_03439_,2.28µm
_03625_,2.28µm
_03803_,2.28µm
_03835_,2.28µm
_03883_,2.28µm
_03927_,2.28µm
_04776_,2.28µm
_05171_,2.28µm
_05311_,2.28µm
_05811_,2.28µm
_05953_,2.28µm
_05963_,2.28µm
_05971_,2.28µm
_06005_,2.28µm
_06321_,2.28µm
_06378_,2.28µm
_06509_,2.28µm
_06588_,2.28µm
_06895_,2.28µm
_07112_,2.28µm
_07241_,2.28µm
_07588_,2.28µm
_08324_,2.28µm
_08632_,2.28µm
_08649_,2.28µm
_08766_,2.28µm
_08834_,2.28µm
_08898_,2.28µm
_09005_,2.28µm
_09177_,2.28µm
_09552_,2.28µm
_09602_,2.28µm
_09604_,2.28µm
_09672_,2.28µm
_10173_,2.28µm
_10517_,2.28µm
_11289_,2.28µm
_11640_,2.28µm
_11681_,2.28µm
_11730_,2.28µm
_11774_,2.28µm
_12094_,2.28µm
_12158_,2.28µm
_12248_,2.28µm
_12349_,2.28µm
_12528_,2.28µm
_12567_,2.28µm
_13761_,2.28µm
_14238_,2.28µm
_14240_,2.28µm
_14596_,2.28µm
_14608_,2.28µm
_14671_,2.28µm
_14854_,2.28µm
_14900_,2.28µm
_15017_,2.28µm
_15036_,2.28µm
_15287_,2.28µm
_15322_,2.28µm
_15391_,2.28µm
_15394_,2.28µm
_15425_,2.28µm
_15508_,2.28µm
_15822_,2.28µm
_15930_,2.28µm
_15935_,2.28µm
_15937_,2.28µm
_15952_,2.28µm
_15972_,2.28µm
_16221_,2.28µm
_16362_,2.28µm
_16489_,2.28µm
_16836_,2.28µm
_16922_,2.28µm
_17052_,2.28µm
_17111_,2.28µm
_17120_,2.28µm
_17973_,2.28µm
u_fft_core.u_fft8_mdc2.u_mdc8p_stage1.xfft_cell_route1.w_mult_r\[1\]\[13\],2.28µm
_00054_,2.275µm
_08049_,2.275µm
_10035_,2.275µm
_10290_,2.275µm
_13910_,2.275µm
_14750_,2.275µm
_16678_,2.275µm
_17988_,2.275µm
_17992_,2.275µm
internal_rst_n,2.275µm
u_fft_core.u_fft8_mdc1.u_mdc8p_stage1.xfft_cell_route1.r_pp1_data_i\[4\],2.275µm
u_fft_core.u_fft8_mdc3.u_mdc8p_stage1.ds_switch_stage1.r_idata_r\[0\]\[2\],2.275µm
u_fft_core.u_fft8_mdc3.u_mdc8p_stage1.xfft_cell_route1.w_mult_i\[1\]\[14\],2.275µm
_05791_,2.23µm
_11158_,2.23µm
_00031_,2.22µm
_01338_,2.22µm
_04346_,2.22µm
_14619_,2.22µm
_14737_,2.22µm
_15354_,2.22µm
_16320_,2.22µm
_00671_,2.18µm
_03740_,2.18µm
_06006_,2.18µm
_11747_,2.18µm
_13673_,2.18µm
_13872_,2.18µm
_14772_,2.18µm
_15018_,2.18µm
_15032_,2.18µm
_15453_,2.18µm
_16605_,2.18µm
_16696_,2.18µm
_17978_,2.18µm
u_fft_core.u_fft8_mdc0.u_mdc8p_stage1.xfft_cell_route1.w_mult_i\[0\]\[12\],2.18µm
u_fft_core.u_fft8_mdc3.u_mdc8p_stage2.ds_switch_stage1.w_data_1r\[1\],2.18µm
u_fft_core.u_twiddle_interface.u_mult_1.u_clip.o_data_im\[1\],2.18µm
_00141_,2.17µm
_00260_,2.17µm
_00351_,2.17µm
_00378_,2.17µm
_00518_,2.17µm
_00785_,2.17µm
_00858_,2.17µm
_00890_,2.17µm
_01007_,2.17µm
_01349_,2.17µm
_01370_,2.17µm
_01407_,2.17µm
_01411_,2.17µm
_01456_,2.17µm
_01503_,2.17µm
_01511_,2.17µm
_01544_,2.17µm
_01557_,2.17µm
_01606_,2.17µm
_01674_,2.17µm
_01723_,2.17µm
_01776_,2.17µm
_01778_,2.17µm
_01806_,2.17µm
_01811_,2.17µm
_01882_,2.17µm
_01900_,2.17µm
_01914_,2.17µm
_01933_,2.17µm
_02813_,2.17µm
_04659_,2.17µm
_05825_,2.17µm
_07464_,2.17µm
_12597_,2.17µm
_14042_,2.17µm
_15582_,2.17µm
_16412_,2.17µm
_16485_,2.17µm
_05244_,2.16µm
_06585_,2.16µm
_00005_,2.1µm
_00502_,2.1µm
_00511_,2.1µm
_00607_,2.1µm
_00613_,2.1µm
_00667_,2.1µm
_00862_,2.1µm
_01380_,2.1µm
_11820_,2.1µm
u_fft_core.u_fft8_mdc0.u_mdc8p_stage1.r_bt0_r\[0\]\[8\],2.1µm
u_fft_core.u_fft8_mdc0.u_mdc8p_stage2.ds_switch_stage1.next_state,2.1µm
u_fft_core.u_fft8_mdc1.u_mdc8p_stage1.ds_switch_stage1.r_idata_r\[0\]\[3\],2.1µm
u_fft_core.u_fft8_mdc2.u_mdc8p_stage1.u_btfly2.o_data1_r\[1\],2.1µm
u_fft_core.u_fft8_mdc2.u_mdc8p_stage1.xfft_cell_route1.w_mult_i\[1\]\[9\],2.1µm
u_fft_core.u_fft8_mdc3.u_mdc8p_stage1.ds_switch_stage1.i_data_1i\[7\],2.1µm
u_fft_core.u_fft8_mdc3.u_mdc8p_stage1.ds_switch_stage1.o_data_0i\[2\],2.1µm
u_fft_core.u_fft8_mdc3.u_mdc8p_stage2.ds_switch_stage1.i_data_1r\[2\],2.1µm
u_fft_core.u_fft8_mdc3.u_mdc8p_stage2.ds_switch_stage1.w_data_1i\[1\],2.1µm
u_fft_core.u_fft8_mdc3.u_mdc8p_stage2.ds_switch_stage1.w_data_1r\[3\],2.1µm
u_fft_core.u_twiddle_interface.u_mult_2.u_clip.o_data_re\[6\],2.1µm
_00586_,1.92µm
_00716_,1.92µm
_05886_,1.92µm
_13541_,1.92µm
_13577_,1.92µm
u_fft_core.u_fft8_mdc1.u_mdc8p_stage1.u_btfly2.o_data0_i\[8\],1.92µm
u_fft_core.u_fft8_mdc1.u_mdc8p_stage1.xfft_cell_route1.w_mult_i\[0\]\[6\],1.92µm
u_fft_core.u_fft8_mdc1.u_mdc8p_stage1.xfft_cell_route1.w_mult_i\[1\]\[6\],1.92µm
u_fft_core.u_fft8_mdc1.u_mdc8p_stage1.xfft_cell_route1.w_mult_r\[1\]\[9\],1.92µm
u_fft_core.u_fft8_mdc2.u_mdc8p_stage2.ds_switch_stage1.w_data_1i\[2\],1.92µm
_14799_,1.9µm
_17031_,1.87µm
_09612_,1.865µm
_01430_,1.86µm
_01432_,1.86µm
_04467_,1.86µm
_06324_,1.86µm
_07248_,1.86µm
_10450_,1.86µm
_14403_,1.86µm
_15127_,1.86µm
_16246_,1.86µm
_16326_,1.86µm
_17369_,1.86µm
_18170_,1.86µm
u_fft_core.mdc_ff1_valid,1.86µm
u_fft_core.u_fft8_mdc0.u_mdc8p_stage1.r_bt0_i\[0\]\[7\],1.86µm
u_fft_core.u_fft8_mdc0.u_mdc8p_stage1.xfft_cell_route1.r_pp1_data_r\[2\],1.86µm
u_fft_core.u_fft8_mdc0.u_mdc8p_stage2.r_count,1.86µm
u_fft_core.u_fft8_mdc1.u_mdc8p_stage1.ds_switch_stage1.o_data_0i\[8\],1.86µm
u_fft_core.u_fft8_mdc1.u_mdc8p_stage1.r_bt0_i\[0\]\[1\],1.86µm
u_fft_core.u_fft8_mdc1.u_mdc8p_stage1.xfft_cell_route1.r_pp1_data_i\[6\],1.86µm
u_fft_core.u_fft8_mdc1.u_mdc8p_stage1.xfft_cell_route1.r_pp1_data_i\[7\],1.86µm
u_fft_core.u_fft8_mdc1.u_mdc8p_stage1.xfft_cell_route1.r_pp1_data_r\[2\],1.86µm
u_fft_core.u_fft8_mdc1.u_mdc8p_stage1.xfft_cell_route1.r_pp1_data_r\[5\],1.86µm
u_fft_core.u_fft8_mdc2.u_mdc8p_stage1.ds_switch_stage1.o_data_0i\[3\],1.86µm
u_fft_core.u_fft8_mdc2.u_mdc8p_stage1.ds_switch_stage1.r_idata_r\[0\]\[0\],1.86µm
u_fft_core.u_fft8_mdc2.u_mdc8p_stage1.ds_switch_stage1.r_odata_r\[0\]\[2\],1.86µm
u_fft_core.u_fft8_mdc2.u_mdc8p_stage1.ds_switch_stage1.r_odata_r\[0\]\[7\],1.86µm
u_fft_core.u_fft8_mdc2.u_mdc8p_stage1.xfft_cell_route1.r_pp1_tw_i\[1\],1.86µm
u_fft_core.u_fft8_mdc2.u_mdc8p_stage1.xfft_cell_route1.w_mult_i\[0\]\[9\],1.86µm
u_fft_core.u_fft8_mdc3.u_mdc8p_stage1.ds_switch_stage1.o_data_0r\[5\],1.86µm
u_fft_core.u_fft8_mdc3.u_mdc8p_stage1.ds_switch_stage1.o_data_0r\[6\],1.86µm
u_fft_core.u_fft8_mdc3.u_mdc8p_stage1.ds_switch_stage1.r_idata_i\[0\]\[2\],1.86µm
u_fft_core.u_fft8_mdc3.u_mdc8p_stage1.ds_switch_stage1.r_idata_i\[0\]\[3\],1.86µm
u_fft_core.u_fft8_mdc3.u_mdc8p_stage1.ds_switch_stage1.r_idata_r\[0\]\[7\],1.86µm
u_fft_core.u_fft8_mdc3.u_mdc8p_stage1.r_bt0_i\[0\]\[3\],1.86µm
u_fft_core.u_fft8_mdc3.u_mdc8p_stage1.r_bt0_r\[0\]\[8\],1.86µm
u_fft_core.u_fft8_mdc3.u_mdc8p_stage1.u_btfly2.o_data0_i\[2\],1.86µm
u_fft_core.u_fft8_mdc3.u_mdc8p_stage1.u_btfly2.o_data1_i\[1\],1.86µm
u_fft_core.u_fft8_mdc3.u_mdc8p_stage1.xfft_cell_route1.r_pp1_data_r\[1\],1.86µm
u_fft_core.u_fft8_mdc3.u_mdc8p_stage1.xfft_cell_route1.r_pp1_tw_i\[9\],1.86µm
u_fft_core.u_fft8_mdc3.u_mdc8p_stage1.xfft_cell_route1.r_pp1_tw_r\[9\],1.86µm
u_fft_core.u_fft8_mdc3.u_mdc8p_stage1.xfft_cell_route1.w_mult_r\[0\]\[8\],1.86µm
u_fft_core.u_twiddle_interface.data0_im_2q\[2\],1.86µm
u_fft_core.u_twiddle_interface.data2_im_q\[1\],1.86µm
u_fft_core.u_twiddle_interface.data3_im_q\[7\],1.86µm
u_fft_core.u_twiddle_interface.data3_re_q\[5\],1.86µm
u_fft_core.u_twiddle_interface.data3_re_q\[7\],1.86µm
u_fft_core.u_twiddle_interface.mult1_im\[3\],1.86µm
_00017_,1.8µm
_00042_,1.8µm
_00092_,1.8µm
_00097_,1.8µm
_00104_,1.8µm
_00112_,1.8µm
_00119_,1.8µm
_00122_,1.8µm
_00127_,1.8µm
_00131_,1.8µm
_00134_,1.8µm
_00136_,1.8µm
_00144_,1.8µm
_00148_,1.8µm
_00150_,1.8µm
_00155_,1.8µm
_00159_,1.8µm
_00166_,1.8µm
_00167_,1.8µm
_00171_,1.8µm
_00179_,1.8µm
_00182_,1.8µm
_00183_,1.8µm
_00184_,1.8µm
_00187_,1.8µm
_00201_,1.8µm
_00205_,1.8µm
_00216_,1.8µm
_00218_,1.8µm
_00219_,1.8µm
_00221_,1.8µm
_00242_,1.8µm
_00248_,1.8µm
_00249_,1.8µm
_00250_,1.8µm
_00256_,1.8µm
_00257_,1.8µm
_00258_,1.8µm
_00263_,1.8µm
_00301_,1.8µm
_00310_,1.8µm
_00318_,1.8µm
_00319_,1.8µm
_00321_,1.8µm
_00345_,1.8µm
_00347_,1.8µm
_00349_,1.8µm
_00369_,1.8µm
_00371_,1.8µm
_00380_,1.8µm
_00383_,1.8µm
_00385_,1.8µm
_00387_,1.8µm
_00388_,1.8µm
_00389_,1.8µm
_00407_,1.8µm
_00418_,1.8µm
_00419_,1.8µm
_00421_,1.8µm
_00430_,1.8µm
_00431_,1.8µm
_00437_,1.8µm
_00441_,1.8µm
_00450_,1.8µm
_00456_,1.8µm
_00467_,1.8µm
_00468_,1.8µm
_00482_,1.8µm
_00484_,1.8µm
_00485_,1.8µm
_00491_,1.8µm
_00499_,1.8µm
_00503_,1.8µm
_00505_,1.8µm
_00507_,1.8µm
_00510_,1.8µm
_00521_,1.8µm
_00523_,1.8µm
_00524_,1.8µm
_00527_,1.8µm
_00530_,1.8µm
_00533_,1.8µm
_00545_,1.8µm
_00557_,1.8µm
_00573_,1.8µm
_00600_,1.8µm
_00602_,1.8µm
_00623_,1.8µm
_00633_,1.8µm
_00677_,1.8µm
_00678_,1.8µm
_00680_,1.8µm
_00695_,1.8µm
_00700_,1.8µm
_00714_,1.8µm
_00718_,1.8µm
_00742_,1.8µm
_00745_,1.8µm
_00752_,1.8µm
_00787_,1.8µm
_00815_,1.8µm
_00820_,1.8µm
_00821_,1.8µm
_00828_,1.8µm
_00839_,1.8µm
_00847_,1.8µm
_00848_,1.8µm
_00849_,1.8µm
_00851_,1.8µm
_00853_,1.8µm
_00854_,1.8µm
_00861_,1.8µm
_00873_,1.8µm
_00880_,1.8µm
_00881_,1.8µm
_00882_,1.8µm
_00883_,1.8µm
_00888_,1.8µm
_00903_,1.8µm
_00909_,1.8µm
_00921_,1.8µm
_00932_,1.8µm
_00957_,1.8µm
_00963_,1.8µm
_00969_,1.8µm
_00978_,1.8µm
_00990_,1.8µm
_00994_,1.8µm
_01022_,1.8µm
_01031_,1.8µm
_01045_,1.8µm
_01055_,1.8µm
_01067_,1.8µm
_01072_,1.8µm
_01082_,1.8µm
_01084_,1.8µm
_01092_,1.8µm
_01098_,1.8µm
_01105_,1.8µm
_01123_,1.8µm
_01127_,1.8µm
_01128_,1.8µm
_01140_,1.8µm
_01141_,1.8µm
_01144_,1.8µm
_01169_,1.8µm
_01170_,1.8µm
_01186_,1.8µm
_01208_,1.8µm
_01210_,1.8µm
_01217_,1.8µm
_01232_,1.8µm
_01242_,1.8µm
_01254_,1.8µm
_01271_,1.8µm
_01272_,1.8µm
_01275_,1.8µm
_01291_,1.8µm
_01299_,1.8µm
_01306_,1.8µm
_01309_,1.8µm
_01312_,1.8µm
_01314_,1.8µm
_01315_,1.8µm
_01324_,1.8µm
_01327_,1.8µm
_01330_,1.8µm
_01331_,1.8µm
_01333_,1.8µm
_01335_,1.8µm
_01337_,1.8µm
_01343_,1.8µm
_01344_,1.8µm
_01345_,1.8µm
_01371_,1.8µm
_01401_,1.8µm
_01413_,1.8µm
_01416_,1.8µm
_01423_,1.8µm
_01424_,1.8µm
_01442_,1.8µm
_01449_,1.8µm
_01453_,1.8µm
_01461_,1.8µm
_01463_,1.8µm
_01495_,1.8µm
_01506_,1.8µm
_01512_,1.8µm
_01518_,1.8µm
_01525_,1.8µm
_01527_,1.8µm
_01550_,1.8µm
_01552_,1.8µm
_01559_,1.8µm
_01560_,1.8µm
_01561_,1.8µm
_01566_,1.8µm
_01571_,1.8µm
_01572_,1.8µm
_01576_,1.8µm
_01581_,1.8µm
_01589_,1.8µm
_01598_,1.8µm
_01599_,1.8µm
_01605_,1.8µm
_01628_,1.8µm
_01642_,1.8µm
_01650_,1.8µm
_01652_,1.8µm
_01654_,1.8µm
_01667_,1.8µm
_01669_,1.8µm
_01672_,1.8µm
_01688_,1.8µm
_01709_,1.8µm
_01710_,1.8µm
_01720_,1.8µm
_01721_,1.8µm
_01722_,1.8µm
_01724_,1.8µm
_01743_,1.8µm
_01747_,1.8µm
_01750_,1.8µm
_01752_,1.8µm
_01754_,1.8µm
_01757_,1.8µm
_01769_,1.8µm
_01772_,1.8µm
_01775_,1.8µm
_01796_,1.8µm
_01799_,1.8µm
_01801_,1.8µm
_01815_,1.8µm
_01821_,1.8µm
_01836_,1.8µm
_01837_,1.8µm
_01838_,1.8µm
_01871_,1.8µm
_01881_,1.8µm
_01887_,1.8µm
_01895_,1.8µm
_01905_,1.8µm
_01924_,1.8µm
_01934_,1.8µm
_01941_,1.8µm
_01943_,1.8µm
_01950_,1.8µm
_01961_,1.8µm
_01962_,1.8µm
_01978_,1.8µm
_01981_,1.8µm
_01982_,1.8µm
_01984_,1.8µm
_01987_,1.8µm
_01991_,1.8µm
_02035_,1.8µm
_02211_,1.8µm
_02537_,1.8µm
_02713_,1.8µm
_03230_,1.8µm
_03478_,1.8µm
_03533_,1.8µm
_03546_,1.8µm
_03575_,1.8µm
_03676_,1.8µm
_03697_,1.8µm
_03845_,1.8µm
_03937_,1.8µm
_03955_,1.8µm
_03958_,1.8µm
_04253_,1.8µm
_04321_,1.8µm
_04807_,1.8µm
_04921_,1.8µm
_05451_,1.8µm
_05589_,1.8µm
_05622_,1.8µm
_05661_,1.8µm
_05732_,1.8µm
_06034_,1.8µm
_06133_,1.8µm
_06323_,1.8µm
_06427_,1.8µm
_06452_,1.8µm
_06529_,1.8µm
_06572_,1.8µm
_06640_,1.8µm
_06652_,1.8µm
_06752_,1.8µm
_06796_,1.8µm
_06809_,1.8µm
_07014_,1.8µm
_07221_,1.8µm
_07338_,1.8µm
_07901_,1.8µm
_08202_,1.8µm
_08250_,1.8µm
_08286_,1.8µm
_08373_,1.8µm
_08714_,1.8µm
_08747_,1.8µm
_08807_,1.8µm
_08844_,1.8µm
_09200_,1.8µm
_09237_,1.8µm
_09358_,1.8µm
_09523_,1.8µm
_09661_,1.8µm
_09707_,1.8µm
_10225_,1.8µm
_10261_,1.8µm
_10296_,1.8µm
_10300_,1.8µm
_10337_,1.8µm
_10416_,1.8µm
_10593_,1.8µm
_10920_,1.8µm
_11004_,1.8µm
_11191_,1.8µm
_11220_,1.8µm
_11225_,1.8µm
_11248_,1.8µm
_11291_,1.8µm
_11308_,1.8µm
_11397_,1.8µm
_11985_,1.8µm
_12155_,1.8µm
_12213_,1.8µm
_12640_,1.8µm
_12976_,1.8µm
_13030_,1.8µm
_13065_,1.8µm
_13085_,1.8µm
_13262_,1.8µm
_13291_,1.8µm
_13325_,1.8µm
_13356_,1.8µm
_13520_,1.8µm
_13610_,1.8µm
_13615_,1.8µm
_13631_,1.8µm
_13662_,1.8µm
_14124_,1.8µm
_14181_,1.8µm
_14278_,1.8µm
_14295_,1.8µm
_14373_,1.8µm
_14532_,1.8µm
_14617_,1.8µm
_14655_,1.8µm
_14692_,1.8µm
_14720_,1.8µm
_14728_,1.8µm
_14731_,1.8µm
_14784_,1.8µm
_14842_,1.8µm
_14897_,1.8µm
_14899_,1.8µm
_15331_,1.8µm
_15612_,1.8µm
_15695_,1.8µm
_15706_,1.8µm
_15802_,1.8µm
_15825_,1.8µm
_15849_,1.8µm
_15896_,1.8µm
_15967_,1.8µm
_16123_,1.8µm
_16201_,1.8µm
_16298_,1.8µm
_16309_,1.8µm
_16322_,1.8µm
_16359_,1.8µm
_16392_,1.8µm
_16434_,1.8µm
_16553_,1.8µm
_16572_,1.8µm
_16573_,1.8µm
_16574_,1.8µm
_16594_,1.8µm
_16707_,1.8µm
_16786_,1.8µm
_16896_,1.8µm
_16939_,1.8µm
_17075_,1.8µm
_17094_,1.8µm
_17136_,1.8µm
_17165_,1.8µm
_17440_,1.8µm
_17739_,1.8µm
_18019_,1.8µm
_18196_,1.8µm
u_fft_core.u_fft8_mdc0.u_mdc8p_stage1.ds_switch_stage1.w_data_1i\[0\],1.8µm
u_fft_core.u_fft8_mdc0.u_mdc8p_stage1.ds_switch_stage1.w_data_1i\[8\],1.8µm
u_fft_core.u_fft8_mdc0.u_mdc8p_stage1.ds_switch_stage1.w_data_1r\[3\],1.8µm
u_fft_core.u_fft8_mdc1.u_mdc8p_stage1.ds_switch_stage1.w_data_1i\[6\],1.8µm
u_fft_core.u_fft8_mdc1.u_mdc8p_stage1.ds_switch_stage1.w_data_1r\[6\],1.8µm
u_fft_core.u_fft8_mdc2.u_mdc8p_stage1.ds_switch_stage1.w_data_1i\[3\],1.8µm
u_fft_core.u_fft8_mdc2.u_mdc8p_stage2.ds_switch_stage1.next_state,1.8µm
u_fft_core.u_fft8_mdc3.u_mdc8p_stage1.ds_switch_stage1.o_data_0i\[8\],1.8µm
u_fft_core.u_fft8_mdc3.u_mdc8p_stage1.ds_switch_stage1.w_data_1i\[0\],1.8µm
u_fft_core.u_fft8_mdc3.u_mdc8p_stage1.ds_switch_stage1.w_data_1i\[3\],1.8µm
u_fft_core.u_fft8_mdc3.u_mdc8p_stage1.ds_switch_stage1.w_data_1r\[2\],1.8µm
u_fft_core.u_fft8_mdc3.u_mdc8p_stage1.ds_switch_stage1.w_data_1r\[7\],1.8µm
u_fft_core.u_fft8_mdc3.u_mdc8p_stage2.ds_switch_stage1.next_state,1.8µm
u_fft_core.u_twiddle_interface.u_mult_1.u_clip.o_data_im\[5\],1.8µm
u_fft_core.u_fft8_mdc0.u_mdc8p_stage1.xfft_cell_route1.w_mult_i\[0\]\[10\],1.795µm
u_fft_core.u_twiddle_interface.mult2_im\[2\],1.795µm
_06110_,1.745µm
_00457_,1.73µm
_02789_,1.73µm
_05360_,1.7µm
_09664_,1.7µm
_13587_,1.7µm
_14075_,1.7µm
_14463_,1.7µm
_14954_,1.7µm
_15054_,1.7µm
_18138_,1.7µm
_04600_,1.62µm
_01980_,1.59µm
_14836_,1.565µm
_13972_,1.46µm
_14508_,1.45µm
_00554_,1.44µm
_00755_,1.44µm
_01374_,1.44µm
_04234_,1.44µm
_08918_,1.44µm
_09390_,1.44µm
_09451_,1.44µm
_10900_,1.44µm
_11665_,1.44µm
_13535_,1.44µm
_13547_,1.44µm
_13826_,1.44µm
_14676_,1.44µm
_14902_,1.44µm
_14906_,1.44µm
_14982_,1.44µm
u_fft_core.u_fft8_mdc0.u_mdc8p_stage1.ds_switch_stage1.i_data_1i\[0\],1.44µm
u_fft_core.u_fft8_mdc0.u_mdc8p_stage1.xfft_cell_route1.w_mult_r\[0\]\[11\],1.44µm
u_fft_core.u_fft8_mdc0.u_mdc8p_stage1.xfft_cell_route1.w_mult_r\[0\]\[12\],1.44µm
u_fft_core.u_fft8_mdc1.u_mdc8p_stage1.xfft_cell_route1.w_mult_i\[1\]\[3\],1.44µm
u_fft_core.u_fft8_mdc1.u_mdc8p_stage1.xfft_cell_route1.w_mult_r\[1\]\[14\],1.44µm
u_fft_core.u_fft8_mdc2.u_mdc8p_stage1.xfft_cell_route1.w_mult_i\[0\]\[4\],1.44µm
u_fft_core.u_fft8_mdc2.u_mdc8p_stage1.xfft_cell_route1.w_mult_r\[1\]\[11\],1.44µm
u_fft_core.u_fft8_mdc2.u_mdc8p_stage1.xfft_cell_route1.w_mult_r\[1\]\[9\],1.44µm
u_fft_core.u_fft8_mdc3.u_mdc8p_stage1.xfft_cell_route1.w_mult_r\[0\]\[6\],1.44µm
u_fft_core.u_fft8_mdc3.u_mdc8p_stage2.ds_switch_stage1.w_data_1r\[5\],1.44µm
u_fft_core.u_twiddle_interface.u_mult_1.u_clip.o_data_re\[3\],1.44µm
u_fft_core.u_twiddle_interface.u_mult_3.u_clip.o_data_re\[7\],1.44µm
net51,1.38µm
net48,1.38µm
net54,1.38µm
net53,1.38µm
net59,1.38µm
net58,1.38µm
net57,1.38µm
net43,1.38µm
_01355_,1.38µm
_01434_,1.38µm
_02112_,1.38µm
_03019_,1.38µm
_03035_,1.38µm
_03586_,1.38µm
_04216_,1.38µm
_04765_,1.38µm
_05500_,1.38µm
_05675_,1.38µm
_07943_,1.38µm
_08197_,1.38µm
_08326_,1.38µm
_08457_,1.38µm
_08865_,1.38µm
_09027_,1.38µm
_09367_,1.38µm
_10805_,1.38µm
_10815_,1.38µm
_10916_,1.38µm
_11350_,1.38µm
_11508_,1.38µm
_11749_,1.38µm
_12665_,1.38µm
_13935_,1.38µm
_14067_,1.38µm
_14087_,1.38µm
_14378_,1.38µm
_14833_,1.38µm
_15603_,1.38µm
_15636_,1.38µm
_15877_,1.38µm
_16330_,1.38µm
_16343_,1.38µm
_16346_,1.38µm
_16460_,1.38µm
_16480_,1.38µm
_16845_,1.38µm
fft_out_im\[7\],1.38µm
u_fft_core.fft4_data0_im\[7\],1.38µm
u_fft_core.fft4_data0_re\[7\],1.38µm
u_fft_core.fft4_data3_re\[7\],1.38µm
u_fft_core.u_fft8_mdc0.u_mdc8p_stage1.ds_switch_stage1.o_data_0i\[8\],1.38µm
u_fft_core.u_fft8_mdc0.u_mdc8p_stage1.ds_switch_stage1.o_data_0r\[6\],1.38µm
u_fft_core.u_fft8_mdc0.u_mdc8p_stage1.ds_switch_stage1.r_idata_i\[0\]\[2\],1.38µm
u_fft_core.u_fft8_mdc0.u_mdc8p_stage1.ds_switch_stage1.r_idata_i\[0\]\[4\],1.38µm
u_fft_core.u_fft8_mdc0.u_mdc8p_stage1.ds_switch_stage1.r_idata_r\[0\]\[9\],1.38µm
u_fft_core.u_fft8_mdc0.u_mdc8p_stage1.ds_switch_stage1.r_odata_i\[0\]\[8\],1.38µm
u_fft_core.u_fft8_mdc0.u_mdc8p_stage1.ds_switch_stage1.r_odata_r\[0\]\[5\],1.38µm
u_fft_core.u_fft8_mdc0.u_mdc8p_stage1.xfft_cell_route1.w_mult_i\[1\]\[7\],1.38µm
u_fft_core.u_fft8_mdc0.u_mdc8p_stage1.xfft_cell_route1.w_mult_r\[0\]\[10\],1.38µm
u_fft_core.u_fft8_mdc0.u_mdc8p_stage2.ds_switch_stage1.valid_count\[3\],1.38µm
u_fft_core.u_fft8_mdc1.u_mdc8p_stage1.ds_switch_stage1.o_data_0i\[0\],1.38µm
u_fft_core.u_fft8_mdc1.u_mdc8p_stage1.ds_switch_stage1.o_data_0r\[2\],1.38µm
u_fft_core.u_fft8_mdc1.u_mdc8p_stage1.ds_switch_stage1.r_odata_i\[0\]\[3\],1.38µm
u_fft_core.u_fft8_mdc1.u_mdc8p_stage1.ds_switch_stage1.r_odata_i\[0\]\[9\],1.38µm
u_fft_core.u_fft8_mdc1.u_mdc8p_stage1.ds_switch_stage1.r_odata_r\[0\]\[1\],1.38µm
u_fft_core.u_fft8_mdc1.u_mdc8p_stage1.ds_switch_stage1.r_odata_r\[0\]\[3\],1.38µm
u_fft_core.u_fft8_mdc1.u_mdc8p_stage1.r_bt0_r\[0\]\[3\],1.38µm
u_fft_core.u_fft8_mdc1.u_mdc8p_stage1.r_bt0_r\[0\]\[5\],1.38µm
u_fft_core.u_fft8_mdc1.u_mdc8p_stage1.u_btfly2.o_data1_r\[3\],1.38µm
u_fft_core.u_fft8_mdc1.u_mdc8p_stage1.u_btfly2.o_data1_r\[5\],1.38µm
u_fft_core.u_fft8_mdc1.u_mdc8p_stage1.xfft_cell_route1.r_pp1_data_i\[5\],1.38µm
u_fft_core.u_fft8_mdc1.u_mdc8p_stage1.xfft_cell_route1.w_mult_i\[0\]\[5\],1.38µm
u_fft_core.u_fft8_mdc2.u_mdc8p_stage1.ds_switch_stage1.o_data_0i\[7\],1.38µm
u_fft_core.u_fft8_mdc2.u_mdc8p_stage1.ds_switch_stage1.r_idata_i\[0\]\[3\],1.38µm
u_fft_core.u_fft8_mdc2.u_mdc8p_stage1.ds_switch_stage1.r_idata_r\[0\]\[3\],1.38µm
u_fft_core.u_fft8_mdc2.u_mdc8p_stage1.ds_switch_stage1.r_idata_r\[0\]\[4\],1.38µm
u_fft_core.u_fft8_mdc2.u_mdc8p_stage1.ds_switch_stage1.r_odata_i\[0\]\[3\],1.38µm
u_fft_core.u_fft8_mdc2.u_mdc8p_stage1.ds_switch_stage1.r_odata_r\[0\]\[5\],1.38µm
u_fft_core.u_fft8_mdc2.u_mdc8p_stage1.xfft_cell_route1.w_mult_i\[0\]\[1\],1.38µm
u_fft_core.u_fft8_mdc2.u_mdc8p_stage1.xfft_cell_route1.w_mult_i\[1\]\[10\],1.38µm
u_fft_core.u_fft8_mdc2.u_mdc8p_stage1.xfft_cell_route1.w_mult_i\[1\]\[12\],1.38µm
u_fft_core.u_fft8_mdc3.u_mdc8p_stage1.ds_switch_stage1.o_data_0i\[1\],1.38µm
u_fft_core.u_fft8_mdc3.u_mdc8p_stage1.ds_switch_stage1.o_data_0r\[3\],1.38µm
u_fft_core.u_fft8_mdc3.u_mdc8p_stage1.ds_switch_stage1.o_data_0r\[9\],1.38µm
u_fft_core.u_fft8_mdc3.u_mdc8p_stage1.ds_switch_stage1.r_idata_i\[0\]\[4\],1.38µm
u_fft_core.u_fft8_mdc3.u_mdc8p_stage1.ds_switch_stage1.r_idata_i\[0\]\[5\],1.38µm
u_fft_core.u_fft8_mdc3.u_mdc8p_stage1.ds_switch_stage1.r_idata_i\[0\]\[8\],1.38µm
u_fft_core.u_fft8_mdc3.u_mdc8p_stage1.ds_switch_stage1.r_idata_i\[0\]\[9\],1.38µm
u_fft_core.u_fft8_mdc3.u_mdc8p_stage1.ds_switch_stage1.r_idata_r\[0\]\[6\],1.38µm
u_fft_core.u_fft8_mdc3.u_mdc8p_stage1.ds_switch_stage1.r_odata_i\[0\]\[0\],1.38µm
u_fft_core.u_fft8_mdc3.u_mdc8p_stage1.ds_switch_stage1.r_odata_i\[0\]\[4\],1.38µm
u_fft_core.u_fft8_mdc3.u_mdc8p_stage1.ds_switch_stage1.r_odata_i\[0\]\[7\],1.38µm
u_fft_core.u_fft8_mdc3.u_mdc8p_stage1.ds_switch_stage1.r_odata_i\[0\]\[8\],1.38µm
u_fft_core.u_fft8_mdc3.u_mdc8p_stage1.ds_switch_stage1.r_odata_i\[0\]\[9\],1.38µm
u_fft_core.u_fft8_mdc3.u_mdc8p_stage1.ds_switch_stage1.r_odata_r\[0\]\[7\],1.38µm
u_fft_core.u_fft8_mdc3.u_mdc8p_stage1.r_bt0_i\[0\]\[8\],1.38µm
u_fft_core.u_fft8_mdc3.u_mdc8p_stage1.xfft_cell_route1.r_pp2_mult_r\[1\]\[1\],1.38µm
u_fft_core.u_fft8_mdc3.u_mdc8p_stage1.xfft_cell_route1.w_mult_r\[1\]\[5\],1.38µm
u_fft_core.u_fft8_mdc3.u_mdc8p_stage2.ds_switch_stage1.valid_count\[3\],1.38µm
_05260_,1.305µm
_15039_,1.145µm
_00663_,0.96µm
_00666_,0.96µm
_00673_,0.96µm
_00735_,0.96µm
_00765_,0.96µm
_00780_,0.96µm
_00784_,0.96µm
_01290_,0.96µm
_01590_,0.96µm
_01969_,0.96µm
_01974_,0.96µm
_02067_,0.96µm
_02847_,0.96µm
_04046_,0.96µm
_05813_,0.96µm
_05847_,0.96µm
_06277_,0.96µm
_06354_,0.96µm
_07125_,0.96µm
_07247_,0.96µm
_07541_,0.96µm
_08146_,0.96µm
_08813_,0.96µm
_09584_,0.96µm
_09630_,0.96µm
_11041_,0.96µm
_11728_,0.96µm
_11785_,0.96µm
_11922_,0.96µm
_12380_,0.96µm
_13530_,0.96µm
_13534_,0.96µm
_13543_,0.96µm
_13552_,0.96µm
_13567_,0.96µm
_13573_,0.96µm
_13575_,0.96µm
_13580_,0.96µm
_13588_,0.96µm
_13870_,0.96µm
_13892_,0.96µm
_14122_,0.96µm
_14674_,0.96µm
_14955_,0.96µm
_14961_,0.96µm
_14972_,0.96µm
_15108_,0.96µm
_15112_,0.96µm
_15117_,0.96µm
_15136_,0.96µm
_15137_,0.96µm
_15153_,0.96µm
_15169_,0.96µm
_15179_,0.96µm
_16379_,0.96µm
u_fft_core.u_fft8_mdc0.u_mdc8p_stage1.ds_switch_stage1.i_data_1i\[1\],0.96µm
u_fft_core.u_fft8_mdc1.u_mdc8p_stage1.ds_switch_stage1.i_data_1i\[5\],0.96µm
u_fft_core.u_fft8_mdc1.u_mdc8p_stage2.ds_switch_stage1.w_data_1i\[4\],0.96µm
u_fft_core.u_fft8_mdc1.u_mdc8p_stage2.ds_switch_stage1.w_data_1r\[4\],0.96µm
u_fft_core.u_fft8_mdc2.u_mdc8p_stage1.ds_switch_stage1.i_data_1r\[1\],0.96µm
u_fft_core.u_fft8_mdc2.u_mdc8p_stage1.ds_switch_stage1.i_data_1r\[5\],0.96µm
u_fft_core.u_fft8_mdc3.u_mdc8p_stage1.ds_switch_stage1.i_data_1i\[2\],0.96µm
u_fft_core.u_fft8_mdc3.u_mdc8p_stage2.ds_switch_stage1.w_data_1i\[10\],0.96µm
u_fft_core.u_fft8_mdc3.u_mdc8p_stage2.ds_switch_stage1.w_data_1i\[3\],0.96µm
u_fft_core.u_fft8_mdc3.u_mdc8p_stage2.ds_switch_stage1.w_data_1i\[4\],0.96µm
u_fft_core.u_twiddle_interface.u_mult_1.u_clip.o_data_im\[3\],0.96µm
u_fft_core.u_twiddle_interface.u_mult_1.u_clip.o_data_re\[1\],0.96µm
u_fft_core.u_twiddle_interface.u_mult_1.u_clip.o_data_re\[4\],0.96µm
u_fft_core.u_twiddle_interface.u_mult_2.u_clip.o_data_im\[0\],0.96µm
u_fft_core.u_twiddle_interface.u_mult_2.u_clip.o_data_im\[1\],0.96µm
u_fft_core.u_twiddle_interface.u_mult_2.u_clip.o_data_re\[2\],0.96µm
u_fft_core.u_twiddle_interface.u_mult_2.u_clip.o_data_re\[4\],0.96µm
u_fft_core.u_twiddle_interface.u_mult_3.u_clip.o_data_im\[6\],0.96µm
u_fft_core.u_twiddle_interface.u_mult_3.u_clip.o_data_re\[2\],0.96µm
u_fft_core.u_twiddle_interface.u_mult_3.u_clip.o_data_re\[3\],0.96µm
u_fft_core.u_twiddle_interface.u_mult_3.u_clip.o_data_re\[4\],0.96µm
u_fft_core.u_twiddle_interface.val_q,0.96µm
